1979,Smashing Pumpkins,126.879,0.788,-9.896,0.765,0.964,0.0166,50.0,12.0,27.999999999999996,10.0,0
1-800-273-8255,Logic,100.021,0.574,-7.788,0.62,0.352,0.57,31.666666666666664,17.5,25.0,25.833333333333336,0
24K Magic,Bruno Mars,106.97,0.803,-4.282,0.818,0.632,0.034,20.0,32.0,43.0,5.0,2
7 rings,Ariana Grande,70.142,0.321,-10.744,0.725,0.319,0.578,43.33333333333333,26.666666666666668,10.0,20.0,0
A Million Dreams,Ziv Zaifman,54.747,0.312,-11.689,0.265,0.0998,0.243,8.333333333333332,0.0,81.66666666666667,10.0,2
A Thousand Years,Christina Perri,139.028,0.407,-7.445,0.421,0.161,0.309,0.0,0.0,75.0,25.0,2
Acamar,Frankey,119.992,0.739,-9.089,0.777,0.202,0.00212,50.0,12.0,27.999999999999996,10.0,0
Accelerate,Jungle,101.029,0.781,-7.433,0.653,0.5,0.106,5.0,32.0,23.0,40.0,3
Accidentally In Love,Counting Crows,138.017,0.926,-3.613,0.555,0.771,0.0484,5.0,47.0,38.0,10.0,1
Affection,Crystal Castles,124.654,0.835,-7.165,0.658,0.532,0.0602,5.0,22.000000000000004,43.0,30.0,2
Ahora Dice,Chris Jeday,144.045,0.69,-5.451,0.704,0.402,0.249,0.0,39.5,38.0,22.5,1
"""Aint No Love In The Heart Of The City - Single Version""","Bobby ""Blue"" Bland",79.638,0.656,-8.699,0.559,0.679,0.257,10.0,29.500000000000004,11.333333333333332,49.16666666666667,3
All Day,Kanye West,122.967,0.638,-4.968,0.855,0.412,0.0648,10.0,32.0,48.0,10.0,2
All Day And All Of The Night,The Kinks,136.921,0.86,-7.839,0.551,0.723,0.262,15.0,12.0,21.333333333333332,51.66666666666667,3
All I Need,Tim Halperin,115.978,0.473,-8.9,0.611,0.133,0.589,32.5,25.5,30.0,12.0,0
All Night,The Vamps,144.997,0.803,-5.194,0.54,0.501,0.00403,0.0,42.00000000000001,38.0,20.0,1
All of Me,John Legend,119.93,0.264,-7.064,0.422,0.331,0.922,31.666666666666664,10.0,25.0,33.33333333333333,3
All of the Stars,Ed Sheeran,150.066,0.562,-6.106,0.436,0.24,0.0102,10.0,6.666666666666667,43.33333333333333,40.0,2
"""All These Things That Ive Done""",The Killers,118.276,0.71,-6.925,0.552,0.206,0.00164,0.0,29.500000000000004,48.0,22.5,2
Alone,Alan Walker,97.021,0.914,-3.962,0.673,0.183,0.229,5.0,27.0,48.0,20.0,2
Alright,Kendrick Lamar,110.034,0.766,-5.974,0.796,0.558,0.0742,12.5,12.0,43.0,32.5,2
Always Be My Baby,Tim Halperin,139.906,0.255,-10.247,0.574,0.282,0.778,36.0,30.0,0.0,34.0,0
Always Remember Us This Way,Lady Gaga,129.976,0.502,-5.972,0.553,0.296,0.299,2.5,46.166666666666664,41.333333333333336,10.0,1
Amazing,Westlife,97.023,0.705,-4.407,0.617,0.669,0.109,10.0,49.5,38.0,2.5,1
Amsterdam,Coldplay,73.076,0.176,-10.463,0.262,0.105,0.836,8.333333333333332,20.0,41.66666666666667,30.0,2
Annie,Neon Indian,95.98,0.848,-6.246,0.739,0.875,0.0227,30.0,22.000000000000004,32.99999999999999,15.0,2
Anything New,Bibio,88.237,0.642,-4.276,0.651,0.696,0.0101,10.0,49.5,38.0,2.5,1
Attention,Charlie Puth,100.066,0.613,-4.586,0.775,0.797,0.109,20.0,32.0,43.0,5.0,2
Awake,Tycho,176.057,0.878,-5.767,0.552,0.598,0.0585,5.0,27.0,57.99999999999999,10.0,2
Bad and Boujee (feat. Lil Uzi Vert),Migos,127.076,0.665,-5.313,0.927,0.175,0.061,10.0,52.0,18.0,20.0,1
bad idea,Ariana Grande,137.998,0.579,-5.314,0.847,0.569,0.0268,0.0,62.0,18.0,20.0,1
Bad Liar,Imagine Dragons,177.913,0.637,-6.993,0.383,0.0827,0.0722,10.0,0.0,30.0,60.0,3
Bad Things,Machine Gun Kelly,137.853,0.691,-4.757,0.697,0.305,0.214,0.0,29.500000000000004,57.99999999999999,12.5,2
Bam Bam,Sister Nancy,165.998,0.605,-6.07,0.722,0.709,0.825,35.0,50.0,12.5,2.5,1
Bang That,Disclosure,125.008,0.852,-6.08,0.731,0.611,0.00041,10.0,22.000000000000004,43.0,25.0,2
Bang! Bang!,Joe Cuba,126.536,0.776,-5.293,0.583,0.782,0.827,38.33333333333333,30.0,31.666666666666664,0.0,0
Bank Account,21 Savage,75.016,0.346,-8.228,0.884,0.376,0.0151,30.0,42.00000000000001,27.999999999999996,0.0,1
Be A Body,Grimes,140.04,0.58,-9.643,0.736,0.137,0.263,20.0,22.000000000000004,38.0,20.0,2
Be Alright,Dean Lewis,126.684,0.586,-6.319,0.553,0.443,0.697,10.0,36.666666666666664,13.333333333333334,40.0,3
Be My Baby,The Ronettes,129.657,0.769,-7.032,0.511,0.818,0.181,0.0,20.0,20.0,60.0,3
Beach House,The Chainsmokers,179.945,0.838,-4.491,0.4,0.533,0.174,6.0,13.999999999999998,50.0,30.0,2
Believer,Imagine Dragons,124.949,0.78,-4.374,0.776,0.666,0.0622,20.0,32.0,43.0,5.0,2
Best Friend,Young Thug,127.029,0.598,-5.534,0.959,0.408,0.0358,37.5,24.500000000000004,18.0,20.0,0
Better,Khalid,97.565,0.585,-10.332,0.442,0.116,0.0984,10.0,0.0,20.0,70.0,3
Better Man,Little Big Town,143.888,0.836,-3.663,0.514,0.501,0.112,0.0,50.0,20.0,30.0,1
Better Now,Post Malone,145.028,0.563,-5.843,0.68,0.374,0.354,5.0,39.5,43.0,12.5,2
Better Than Today,Rhys Lewis,78.65,0.234,-8.861,0.387,0.408,0.736,26.666666666666668,10.0,25.0,38.33333333333333,3
Big Plans,"""Why Dont We""",75.014,0.604,-5.279,0.693,0.651,0.0668,0.0,59.5,38.0,2.5,1
Big Rings,Drake,131.984,0.675,-6.224,0.776,0.271,0.00196,22.5,22.000000000000004,32.99999999999999,22.5,2
Billie Holiday,Warpaint,100.878,0.385,-11.125,0.518,0.262,0.64,40.0,20.0,20.0,20.0,0
Binge,Papa Roach,93.58,0.93,-4.154,0.464,0.334,3.97e-06,0.0,20.0,40.0,40.0,2
Black Mags,The Cool Kids,172.035,0.577,-6.446,0.749,0.459,0.0984,20.0,32.0,23.0,25.0,1
Black Out Days,Phantogram,92.215,0.799,-3.641,0.542,0.421,0.00471,0.0,52.0,27.999999999999996,20.0,1
Bless My Soul,Nightmares On Wax,99.989,0.532,-13.443,0.853,0.503,0.000156,43.33333333333333,32.0,18.0,6.666666666666667,0
Blood On The Leaves,Kanye West,171.893,0.681,-4.104,0.415,0.364,0.385,27.666666666666668,25.666666666666664,26.666666666666668,20.0,0
Blood On the Money,Future,146.003,0.431,-7.893,0.704,0.346,0.185,12.5,17.0,27.999999999999996,42.5,3
Body Like A Back Road,Sam Hunt,98.963,0.469,-7.226,0.731,0.631,0.463,12.5,10.0,30.0,47.5,3
Bounce Back,Big Sean,81.477,0.567,-5.698,0.77,0.26,0.105,0.0,52.0,23.0,25.0,1
Bouncin,Chief Keef,140.061,0.611,-6.702,0.713,0.793,0.314,15.0,39.5,32.99999999999999,12.5,1
Bruises,Lewis Capaldi,110.922,0.319,-6.206,0.572,0.359,0.963,26.0,20.0,20.0,34.0,3
Burn,Nine Inch Nails,89.919,0.912,-6.81,0.592,0.647,0.00146,5.0,17.0,38.0,40.0,3
bury a friend,Billie Eilish,120.046,0.389,-14.505,0.905,0.196,0.74,23.333333333333332,60.0,0.0,16.666666666666664,1
California Nights,Best Coast,81.108,0.786,-3.626,0.294,0.118,0.000392,10.0,30.0,30.0,30.0,1
Candy Cane Lane,Sia,130.017,0.91,-4.206,0.589,0.394,0.00366,5.0,37.0,48.0,10.0,2
Capitol,TR/ST,105.018,0.918,-5.295,0.457,0.286,0.000313,0.0,20.0,40.0,40.0,2
Careless,Dusky,120.986,0.895,-8.102,0.77,0.68,0.000195,40.0,22.000000000000004,18.0,20.0,0
Castle on the Hill,Ed Sheeran,135.007,0.834,-4.868,0.461,0.471,0.0232,0.0,20.0,40.0,40.0,2
Cemalim,Erkin Koray,128.042,0.434,-13.479,0.615,0.618,0.445,40.0,22.000000000000004,27.999999999999996,10.0,0
Chained To The Rhythm,Katy Perry,189.89,0.8,-5.404,0.446,0.474,0.0814,0.0,20.0,40.0,40.0,2
Chances,Backstreet Boys,109.835,0.755,-6.255,0.551,0.296,0.0178,10.0,29.500000000000004,27.999999999999996,32.5,3
Chandelier,Sia,117.089,0.787,-2.88,0.399,0.572,0.0197,0.0,30.0,40.0,30.0,2
Changes,Chris Lake ,126.996,0.672,-7.508,0.844,0.228,0.000815,32.5,22.000000000000004,8.0,37.5,3
Chantaje,Shakira,102.034,0.773,-2.921,0.852,0.907,0.187,0.0,42.00000000000001,48.0,10.0,2
Char,Crystal Castles,100.04,0.837,-6.615,0.646,0.326,0.018,5.0,22.000000000000004,43.0,30.0,2
Chasing Heaven,Bassnectar,128.044,0.645,-6.24,0.443,0.139,0.0127,0.0,0.0,40.0,60.0,3
Check,Young Thug,110.953,0.581,-5.164,0.667,0.368,0.0428,10.0,59.5,27.999999999999996,2.5,1
Childs Play,Drake,80.03,0.472,-11.204,0.739,0.289,0.0145,25.83333333333333,12.0,18.0,44.16666666666666,3
Chlorine,Twenty One Pilots,90.009,0.674,-7.388,0.609,0.315,0.0735,5.0,29.500000000000004,32.99999999999999,32.5,2
Closer,The Chainsmokers,95.01,0.524,-5.599,0.748,0.661,0.414,5.0,12.0,57.99999999999999,25.0,2
Cocaine Model,ZHU,120.011,0.706,-6.212,0.786,0.313,0.251,12.5,22.000000000000004,32.99999999999999,32.5,2
Cold,Maroon 5,99.836,0.717,-6.346,0.693,0.412,0.14,10.0,39.5,27.999999999999996,22.5,1
Cold In LA,"""Why Dont We""",109.986,0.624,-5.731,0.676,0.726,0.133,0.0,49.5,38.0,12.5,1
Cold Water,Major Lazer,92.943,0.798,-5.092,0.608,0.501,0.0736,0.0,42.00000000000001,48.0,10.0,2
Colors And The Kids,Cat Power,116.892,0.0849,-14.838,0.425,0.157,0.935,16.666666666666664,0.0,45.0,38.33333333333333,2
Come Save Me,Jagwar Ma,123.973,0.836,-7.682,0.466,0.0517,7.7e-05,0.0,10.0,20.0,70.0,3
comethru,Jeremy Zucker,93.967,0.188,-11.957,0.794,0.64,0.601,23.333333333333332,40.0,17.5,19.166666666666664,1
Coming Home,Leon Bridges,112.137,0.465,-6.595,0.427,0.458,0.461,23.333333333333332,1.6666666666666667,51.66666666666666,23.333333333333332,2
Confess To Me,Disclosure,123.918,0.79,-7.938,0.558,0.427,0.0357,10.0,32.0,18.0,40.0,3
Congratulations,Post Malone,123.146,0.804,-4.183,0.63,0.492,0.215,0.0,32.0,48.0,20.0,2
Counting,Autre Ne Veut,79.925,0.538,-5.828,0.618,0.308,0.0249,0.0,49.5,48.0,2.5,1
Crosstown Traffic,Jimi Hendrix,113.133,0.963,-5.586,0.486,0.533,0.248,5.0,15.0,40.0,40.0,2
Cry Like A Ghost,Passion Pit,100.036,0.612,-7.841,0.555,0.316,0.00525,10.0,29.500000000000004,8.0,52.5,3
Danger and Dread,Brown Bird,209.686,0.449,-9.271,0.462,0.773,0.674,26.666666666666668,20.0,40.0,13.333333333333334,2
Dark Matter,Feathers,108.99,0.758,-7.859,0.644,0.758,0.000259,21.666666666666664,39.5,16.333333333333332,22.5,1
Delicate,Taylor Swift,95.045,0.404,-10.178,0.75,0.0499,0.216,22.5,19.5,18.0,40.0,3
Demon,Shamir,168.039,0.635,-8.412,0.772,0.6,0.937,13.333333333333334,16.666666666666664,13.333333333333334,56.666666666666664,3
Digital Animal,Honey Claws,99.994,0.603,-7.792,0.836,0.388,0.00208,42.5,22.000000000000004,8.0,27.500000000000004,0
DNA.,Kendrick Lamar,139.913,0.523,-6.664,0.638,0.422,0.00454,5.0,39.5,32.99999999999999,22.5,1
"""Dont Call Me Up""",Mabel,98.994,0.881,-2.853,0.674,0.234,0.296,10.0,37.0,32.99999999999999,20.0,1
"""Dont Let Me Down""",The Chainsmokers,159.803,0.869,-5.094,0.532,0.422,0.157,5.0,30.0,30.0,35.0,3
"""Dont Miss""",The Alexanders,119.999,0.927,-6.268,0.89,0.64,0.0339,42.5,22.000000000000004,18.0,17.5,0
"""Dont Move""",Phantogram,99.977,0.642,-5.206,0.558,0.482,7.19e-05,10.0,49.5,38.0,2.5,1
"""Dont Wanna Know""",Maroon 5,100.047,0.61,-6.124,0.783,0.418,0.343,17.5,22.000000000000004,27.999999999999996,32.5,3
"""Dont You Evah""",Spoon,120.894,0.614,-7.176,0.772,0.96,0.0429,32.5,22.000000000000004,23.0,22.5,0
Dopeman,Vince Staples,148.04,0.442,-8.873,0.754,0.608,0.0174,30.0,22.000000000000004,18.0,30.0,0
Double Bubble Trouble,M.I.A.,144.084,0.912,-1.157,0.767,0.498,0.0411,0.0,52.0,43.0,5.0,1
Dry,PJ Harvey,99.815,0.471,-15.469,0.448,0.471,0.00134,15.0,0.0,45.0,40.0,2
Dusk Till Dawn,ZAYN,180.043,0.437,-6.593,0.258,0.0967,0.101,20.0,0.0,30.0,50.0,3
El Amante,Nicky Jam,179.91,0.691,-5.535,0.683,0.732,0.243,0.0,39.5,38.0,22.5,1
Electioneering,Radiohead,78.84,0.951,-4.345,0.204,0.44,0.00248,10.0,20.0,40.0,30.0,2
Elizabeth on the Bathroom Floor,Eels,133.659,0.0895,-21.668,0.398,0.0942,0.951,26.666666666666668,0.0,35.0,38.33333333333333,3
Endless Rhythm,Baio,122.032,0.862,-7.016,0.763,0.875,0.232,22.5,22.000000000000004,23.0,32.5,3
Estrelar,Marcos Valle,102.652,0.495,-10.584,0.879,0.802,0.538,18.333333333333332,25.0,10.0,46.666666666666664,3
"""Every 1s A Winner""",Hot Chocolate,107.845,0.539,-7.36,0.721,0.929,0.0584,30.0,32.0,8.0,30.0,1
Everybody Likes Something Good,Ify Jerry Crusade,99.407,0.745,-8.109,0.589,0.765,0.17,20.0,29.500000000000004,11.333333333333332,39.166666666666664,3
Evil Friends (feat. Danny Brown),Portugal. The Man,140.058,0.7,-6.641,0.793,0.892,0.273,22.5,22.000000000000004,23.0,32.5,3
Faded,Alan Walker,179.642,0.627,-5.085,0.468,0.159,0.0281,10.0,20.0,30.0,40.0,3
Fail to Cry,Yacht Club,92.995,0.945,-6.64,0.54,0.878,0.000145,5.0,17.0,27.999999999999996,50.0,3
Fake Love,Drake,133.987,0.488,-9.433,0.927,0.605,0.108,30.0,32.0,18.0,20.0,1
Fake Tales Of San Francisco,Arctic Monkeys,127.158,0.778,-4.225,0.454,0.704,0.00998,0.0,20.0,40.0,40.0,2
Fall In Love,Phantogram,188.046,0.856,-3.216,0.348,0.269,0.0416,0.0,30.0,40.0,30.0,2
Falling Slowly,Glen Hansard,137.042,0.209,-11.869,0.34,0.151,0.679,36.666666666666664,0.0,35.0,28.333333333333332,0
Fantastic Man,William Onyeabor,114.28,0.756,-10.714,0.7,0.944,0.00182,25.0,34.5,18.0,22.5,1
Feels,Calvin Harris,101.018,0.745,-3.105,0.893,0.872,0.0642,0.0,52.0,48.0,0.0,1
Felices los 4,Maluma,94.027,0.756,-5.861,0.766,0.716,0.213,10.0,22.000000000000004,43.0,25.0,2
Fire,Sara Bareilles,107.032,0.726,-7.921,0.666,0.462,0.485,15.0,17.5,45.0,22.5,2
Fire And Rain,James Taylor,76.064,0.35,-14.48,0.611,0.36,0.499,76.0,10.0,10.0,4.0,0
Flashlight,Parliament,106.077,0.802,-6.159,0.749,0.826,0.0332,10.0,22.000000000000004,43.0,25.0,2
FOOLISH,Meghan Trainor,107.885,0.563,-5.155,0.645,0.555,0.0285,0.0,69.5,27.999999999999996,2.5,1
Forever,Majid Jordan,115.004,0.708,-7.217,0.753,0.434,0.0496,32.5,22.000000000000004,13.0,32.5,0
Free Stress Test,Professor Murder,141.262,0.825,-9.343,0.652,0.695,0.0164,15.0,32.0,23.0,30.0,1
Friends,Justin Bieber,104.977,0.733,-5.337,0.743,0.622,0.00402,10.0,42.00000000000001,32.99999999999999,15.0,1
From Now On,Hugh Jackman,108.027,0.518,-10.383,0.516,0.0834,0.00483,10.0,27.500000000000004,10.0,52.5,3
Galway Girl,Ed Sheeran,99.943,0.876,-3.374,0.624,0.781,0.0735,5.0,42.00000000000001,38.0,15.0,1
Get Away,CHVRCHES,120.03,0.57,-6.645,0.62,0.429,0.00525,5.0,29.500000000000004,32.99999999999999,32.5,2
Girlfriend,Ty Segall,138.022,0.925,-1.71,0.224,0.378,0.000596,10.0,30.0,30.0,30.0,1
Give in To Me,Lika Morgan,124.071,0.871,-4.069,0.769,0.672,0.0873,10.0,42.00000000000001,43.0,5.0,2
Glad I Met You,D. Gookin,100.215,0.722,-7.33,0.747,0.545,0.0957,30.0,22.000000000000004,13.0,35.0,3
Glorious,Macklemore,139.994,0.794,-5.126,0.731,0.356,0.0323,10.0,32.0,43.0,15.0,2
Go,Grimes,140.012,0.796,-6.179,0.621,0.279,0.0107,5.0,22.000000000000004,53.0,20.0,2
God is a woman,Ariana Grande,145.031,0.658,-5.934,0.602,0.268,0.0233,0.0,29.500000000000004,48.0,22.5,2
GodLovesUgly,Atmosphere,182.126,0.878,-0.307,0.698,0.821,0.613,38.33333333333333,25.0,26.666666666666668,10.0,0
Gold and a Pager,The Cool Kids,162.046,0.776,-6.299,0.769,0.464,0.00109,32.5,22.000000000000004,23.0,22.5,0
Good Mistake,Mr Little Jeans,110.65,0.606,-7.258,0.677,0.922,0.00798,10.0,39.5,8.0,42.5,3
Good Years,ZAYN,96.969,0.411,-5.979,0.638,0.158,0.55,10.0,33.5,34.0,22.5,2
Goody Two Shoes,Duck Sauce,128.024,0.901,-5.398,0.774,0.77,0.0414,10.0,42.00000000000001,32.99999999999999,15.0,1
goosebumps,Travis Scott,130.049,0.728,-3.37,0.841,0.43,0.0847,0.0,52.0,48.0,0.0,1
Hannah Montana,Migos,135.95,0.744,-3.484,0.901,0.593,0.105,0.0,52.0,48.0,0.0,1
Havana,Camila Cabello,104.988,0.523,-4.333,0.765,0.394,0.184,20.0,22.000000000000004,43.0,15.0,2
Have Love Will Travel,The Sonics,130.195,0.948,-5.626,0.506,0.934,0.727,59.333333333333336,15.0,11.666666666666666,13.999999999999998,0
Hazelton Trump,OB OBrien,149.902,0.68,-6.438,0.736,0.585,0.00403,30.0,22.000000000000004,23.0,25.0,0
Head Above Water,Avril Lavigne,129.921,0.694,-5.351,0.578,0.268,0.0112,10.0,49.5,38.0,2.5,1
Heal Me,Lady Gaga,86.013,0.544,-8.36,0.606,0.456,0.0481,10.0,29.500000000000004,27.999999999999996,32.5,3
Hear Me Now,Alok,121.999,0.463,-7.603,0.778,0.496,0.546,5.833333333333333,10.0,20.0,64.16666666666666,3
Heaven And Hell Is On Earth,20th Century Steel Band,109.455,0.618,-11.31,0.617,0.448,0.0176,23.333333333333332,22.000000000000004,8.0,46.666666666666664,3
Hello My Love,Westlife,121.96,0.717,-4.548,0.679,0.255,0.0971,0.0,59.5,38.0,2.5,1
Hello My Love,Westlife,121.96,0.717,-4.548,0.679,0.255,0.0971,0.0,59.5,38.0,2.5,1
Her Fantasy,Matthew Dear,110.325,0.806,-9.542,0.586,0.202,0.0246,10.0,32.0,18.0,40.0,3
Hercules,Young Thug,146.923,0.559,-5.876,0.742,0.431,0.0324,0.0,22.000000000000004,32.99999999999999,45.0,3
Hercules Theme,Hercules & Love Affair,105.988,0.644,-6.182,0.735,0.862,0.0215,10.0,22.000000000000004,32.99999999999999,35.0,3
Hero,Mariah Carey,119.987,0.378,-9.37,0.501,0.178,0.735,20.0,20.0,20.0,40.0,3
High School Lover,Cayucas,123.039,0.988,-4.398,0.702,0.617,0.38,20.0,17.0,43.0,20.0,2
Hit the Road Jack,Ray Charles,172.741,0.618,-11.831,0.613,0.94,0.568,20.0,40.0,0.0,40.0,1
Ho Ho Ho,Sia,129.014,0.742,-5.103,0.716,0.879,0.0338,0.0,49.5,48.0,2.5,1
Hold My Girl,George Ezra,121.941,0.527,-6.374,0.614,0.354,0.597,20.0,34.166666666666664,23.333333333333332,22.5,1
"""Hold On Were Going Home""",ASTR,131.337,0.54,-7.121,0.496,0.164,0.0172,0.0,10.0,30.0,60.0,3
Hot Blur,How Sad,154.008,0.824,-8.569,0.683,0.918,0.0249,20.0,32.0,27.999999999999996,20.0,1
Hot Dreams,Timber Timbre,121.941,0.373,-8.772,0.55,0.33,0.391,10.0,19.5,27.999999999999996,42.5,3
Hotline Bling,Drake,134.969,0.621,-8.132,0.903,0.553,0.00302,40.0,32.0,8.0,20.0,0
House of Jealous Lovers,The Rapture,130.014,0.747,-4.249,0.733,0.764,0.000502,20.0,42.00000000000001,32.99999999999999,5.0,1
How Did I Get Here,ODESZA,96.064,0.578,-6.205,0.71,0.348,0.371,5.0,39.5,43.0,12.5,2
How Do I Live,Trisha Yearwood,125.916,0.443,-7.245,0.574,0.163,0.615,40.0,17.5,30.0,12.5,0
"""How Far Ill Go""",Alessia Cara,179.484,0.563,-9.671,0.315,0.147,0.173,20.0,10.0,50.0,20.0,2
How Long Will I Love You,Ellie Goulding,126.078,0.304,-9.19,0.512,0.172,0.295,10.0,17.5,40.0,32.5,2
"""I Aint Trippin off Nothin""",Ezale,106.059,0.831,-4.664,0.857,0.259,0.00158,20.0,32.0,48.0,0.0,2
"""I Dont Know What Love Is""",Lady Gaga,62.671,0.535,-6.556,0.421,0.221,0.348,11.666666666666666,0.0,60.0,28.333333333333332,2
"""I Dont Sell Molly No More""",ILoveMakonnen,147.026,0.497,-5.309,0.74,0.067,0.00555,2.5,42.00000000000001,13.0,42.5,3
I Feel It Coming,The Weeknd,92.99,0.819,-5.946,0.773,0.585,0.426,17.5,2.0,57.99999999999999,22.5,2
I Guess I Just Feel Like,John Mayer,159.821,0.528,-8.033,0.556,0.163,0.615,46.666666666666664,27.500000000000004,10.0,15.833333333333332,0
I Had A Dream,Kelly Clarkson,169.989,0.727,-5.45,0.47,0.244,0.00135,10.0,20.0,30.0,40.0,3
"""I Know Theres Gonna Be""",Jamie xx,89.455,0.597,-9.919,0.458,0.484,0.12,10.0,5.0,5.0,80.0,3
I Like Me Better,Lauv,91.97,0.505,-7.621,0.752,0.419,0.535,5.833333333333333,30.0,10.0,54.166666666666664,3
I Like The Way,Against The Current,120.014,0.804,-4.323,0.671,0.618,0.0333,0.0,42.00000000000001,48.0,10.0,2
I Miss You,Clean Bandit,105.002,0.624,-7.482,0.693,0.369,0.299,15.0,39.5,26.333333333333332,19.166666666666664,1
I Need To Wake Up,Melissa Etheridge,148.06,0.557,-8.134,0.544,0.354,0.0407,10.0,29.500000000000004,27.999999999999996,32.5,3
I Shall Be Released,Nina Simone,169.867,0.345,-10.654,0.374,0.552,0.376,18.333333333333332,1.6666666666666667,71.66666666666667,8.333333333333332,2
I Will Always Love You,Whitney Houston,66.98,0.214,-12.518,0.306,0.108,0.844,23.333333333333332,0.0,61.66666666666667,15.0,2
I Wish,Stevie Wonder,105.786,0.711,-9.235,0.846,0.946,0.135,40.0,22.000000000000004,27.999999999999996,10.0,0
I Would Die 4 U,Prince,135.406,0.75,-10.457,0.731,0.639,0.0862,40.0,12.0,27.999999999999996,20.0,0
If I Gave You My Love,Myron & E,94.498,0.564,-5.892,0.512,0.395,0.279,0.0,34.166666666666664,33.333333333333336,32.5,1
If The World Ends,Guillemots,143.522,0.278,-14.946,0.167,0.0911,0.716,33.333333333333336,0.0,46.666666666666664,20.0,2
Ikimiz Bir Fidaniz,Umit Aksu Orkestrasi,82.118,0.715,-11.164,0.549,0.777,0.374,3.3333333333333335,22.000000000000004,38.0,36.666666666666664,2
"""ILl Do Anything""",Courtney Love,132.977,0.987,-3.007,0.498,0.327,7.83e-06,5.0,35.0,20.0,40.0,3
"""Im a Mess""",Bebe Rexha,97.005,0.694,-6.257,0.63,0.216,0.00281,5.0,39.5,43.0,12.5,2
"""Im Already There""",Westlife,130.852,0.476,-6.461,0.315,0.236,0.746,35.0,27.999999999999996,25.0,12.0,0
"""Im In Love""","""Fools Gold""",106.005,0.849,-7.886,0.745,0.725,0.0647,40.0,22.000000000000004,23.0,15.0,0
"""Im the One""",DJ Khaled,80.924,0.668,-4.284,0.609,0.811,0.0552,10.0,49.5,38.0,2.5,1
"""Im Ya Dogg""",Snoop Dogg,107.699,0.609,-8.678,0.479,0.513,0.127,0.0,5.0,15.0,80.0,3
imagine,Ariana Grande,62.52,0.475,-4.985,0.729,0.371,0.378,12.5,2.0,53.0,32.5,2
Imma Ride,Young Thug,139.922,0.401,-8.553,0.854,0.42,0.118,22.5,19.5,27.999999999999996,30.0,3
Immortals,Fall Out Boy,108.038,0.874,-3.594,0.613,0.543,0.00139,5.0,42.00000000000001,38.0,15.0,1
In My Blood,Shawn Mendes,140.025,0.712,-7.321,0.622,0.487,0.0573,5.0,39.5,32.99999999999999,22.5,1
In My Feelings,Drake,91.03,0.626,-5.833,0.835,0.35,0.0589,10.0,42.00000000000001,38.0,10.0,1
In the End,Family of the Year,121.061,0.775,-4.145,0.528,0.517,0.00145,0.0,40.0,30.0,30.0,1
In the Name of Love,Martin Garrix,133.99,0.519,-5.88,0.501,0.168,0.109,10.0,26.666666666666668,33.333333333333336,30.0,2
Inspector Norse,Todd Terje,119.978,0.781,-7.018,0.912,0.89,0.074,42.5,22.000000000000004,18.0,17.5,0
Interlude,Alan Walker,130.253,0.0262,-14.617,0.467,0.218,0.917,16.666666666666664,0.0,40.0,43.33333333333333,3
International Players Anthem,Swishahouse,128.289,0.548,-9.682,0.734,0.724,0.0213,30.0,32.0,18.0,20.0,1
Intro,Alan Walker,128.231,0.222,-11.073,0.399,0.0387,0.864,26.666666666666668,20.0,35.0,18.333333333333332,2
Is That Alright?,Lady Gaga,102.727,0.279,-7.757,0.557,0.263,0.868,30.0,20.0,10.0,40.0,3
Issues,Julia Michaels,114.205,0.415,-6.855,0.686,0.446,0.39,0.0,39.5,38.0,22.5,1
Issues,Julia Michaels,114.205,0.415,-6.855,0.686,0.446,0.39,0.0,39.5,38.0,22.5,1
It All Feels Right,Washed Out,78.127,0.752,-8.18,0.268,0.282,0.000318,10.0,20.0,30.0,40.0,3
It Looks Like Love,Goody Goody,121.099,0.333,-17.848,0.883,0.964,0.00799,40.0,32.0,27.999999999999996,0.0,0
"""Its My Party""",Lesley Gore,128.487,0.494,-11.662,0.692,0.961,0.346,20.833333333333332,27.0,18.0,34.166666666666664,3
"""Ive Seen Footage""",Death Grips,130.035,0.944,-3.626,0.603,0.418,0.0481,5.0,47.0,38.0,10.0,1
Jumpman,Drake,142.072,0.553,-7.286,0.852,0.656,0.0563,20.0,42.00000000000001,8.0,30.0,1
Junk of the Heart,The Kooks,145.014,0.894,-5.0,0.604,0.901,0.0212,5.0,37.0,48.0,10.0,2
Just Hold On,Steve Aoki,114.991,0.932,-3.515,0.647,0.374,0.00383,5.0,47.0,38.0,10.0,1
Killer Queen,5 Seconds of Summer,171.009,0.789,-4.548,0.262,0.487,0.00422,10.0,20.0,40.0,30.0,2
Kiss From A Rose,Seal,131.741,0.532,-7.11,0.583,0.223,0.684,40.0,10.0,10.0,40.0,0
Kiss Me,Sixpence None The Richer,99.982,0.749,-6.964,0.526,0.421,0.023,10.0,27.500000000000004,10.0,52.5,3
Know Yourself,Drake,114.812,0.41,-8.735,0.735,0.164,0.19,22.5,9.5,18.0,50.0,3
Last Chance to Dance,Ekkah,107.434,0.484,-6.232,0.857,0.748,0.29,0.0,32.0,18.0,50.0,3
Last Hurrah,Bebe Rexha,84.259,0.618,-4.585,0.514,0.401,0.175,10.0,37.5,20.0,32.5,1
Leave A Trace,CHVRCHES,99.738,0.728,-5.835,0.419,0.208,0.0142,10.0,10.0,60.0,20.0,2
Leave House,Caribou,137.605,0.64,-8.348,0.801,0.771,0.0449,40.0,22.000000000000004,18.0,20.0,0
Let It Happen,Tame Impala,125.012,0.881,-5.875,0.602,0.577,0.00462,5.0,17.0,57.99999999999999,20.0,2
Let Me Down Slowly,Alec Benjamin,150.073,0.557,-5.714,0.652,0.483,0.74,28.333333333333332,36.666666666666664,25.0,10.0,1
Let Me Love You,DJ Snake,100.023,0.713,-5.311,0.652,0.152,0.0771,10.0,49.5,38.0,2.5,1
Let Me Show You Love,Cut Copy,100.005,0.942,-4.336,0.574,0.395,0.0815,5.0,37.0,48.0,10.0,2
Let You Love Me,Rita Ora,191.618,0.861,-3.138,0.521,0.473,0.261,5.0,30.0,20.0,45.0,3
Lie for Love,Sabrina Carpenter,126.096,0.818,-6.958,0.695,0.485,0.114,10.0,32.0,38.0,20.0,2
Light House,Future Islands,149.988,0.821,-7.442,0.512,0.402,0.0696,0.0,30.0,10.0,60.0,3
Light Up,Tim Halperin,120.944,0.861,-7.146,0.575,0.379,0.00175,5.0,12.0,38.0,45.0,3
Little People (Black City),Matthew Dear,112.006,0.84,-6.28,0.648,0.568,0.00414,5.0,22.000000000000004,43.0,30.0,2
Location,Khalid,80.126,0.449,-11.462,0.736,0.326,0.33,22.5,12.0,27.999999999999996,37.5,3
Look Alive,Rae Sremmurd,120.024,0.583,-7.415,0.786,0.229,0.0552,20.0,42.00000000000001,13.0,25.0,1
Look At Wrist,Father,127.975,0.606,-5.471,0.876,0.259,0.00672,10.0,52.0,27.999999999999996,10.0,1
Look at You,George McCrae,106.739,0.913,-9.091,0.717,0.962,0.32,15.0,27.0,31.333333333333336,26.666666666666668,2
Look Back At It,A Boogie Wit da Hoodie,96.057,0.587,-5.075,0.791,0.536,0.407,5.0,12.0,68.0,15.0,2
Look What I Found,Lady Gaga,97.012,0.493,-4.1,0.849,0.447,0.456,10.0,32.0,48.0,10.0,2
Look What You Made Me Do,Taylor Swift,128.07,0.709,-6.471,0.766,0.506,0.204,22.5,22.000000000000004,23.0,32.5,3
Lose My Mind,A-Trak,110.007,0.684,-6.89,0.649,0.605,0.336,5.0,29.500000000000004,53.0,12.5,2
Losing You,Solange,113.997,0.798,-6.175,0.735,0.464,0.0579,10.0,22.000000000000004,43.0,25.0,2
Lost In Japan,Shawn Mendes,107.178,0.852,-5.34,0.694,0.377,0.0882,5.0,32.0,48.0,15.0,2
Lost In The Fire,Four of Diamonds,128.625,0.431,-6.633,0.478,0.343,0.638,35.0,10.0,50.0,5.0,2
Lost Stars,Adam Levine,82.025,0.582,-4.769,0.494,0.416,0.102,10.0,30.0,20.0,40.0,3
Lost You,Zeds Dead,125.995,0.885,-6.706,0.761,0.756,0.0151,32.5,22.000000000000004,23.0,22.5,0
Loud Places,Jamie xx,109.02,0.631,-10.748,0.646,0.167,0.00462,21.666666666666664,29.500000000000004,16.333333333333332,32.5,3
Love Me Again,John Newman,126.03,0.894,-4.814,0.495,0.213,0.00453,5.0,25.0,30.0,40.0,3
Love Sosa,Chief Keef,131.957,0.42,-8.224,0.778,0.2,0.0407,22.5,19.5,27.999999999999996,30.0,3
Lovefool,The Cardigans,111.87,0.602,-7.902,0.64,0.951,0.0646,15.0,39.5,13.0,32.5,1
Magnets,Disclosure,92.005,0.628,-7.882,0.704,0.654,0.0626,20.0,39.5,8.0,32.5,1
Magnolia,Young & Sick,139.96,0.446,-8.49,0.59,0.323,0.489,12.5,17.5,50.0,20.0,2
Malibu,Miley Cyrus,139.934,0.781,-6.406,0.573,0.343,0.0767,0.0,22.000000000000004,38.0,40.0,3
Mama,Jonas Blue,104.014,0.794,-4.118,0.738,0.566,0.101,20.0,32.0,43.0,5.0,2
Mandy,Westlife,105.591,0.597,-6.036,0.43,0.334,0.248,16.0,4.0,50.0,30.0,2
Maneuvering,ILoveMakonnen,130.025,0.773,-4.722,0.763,0.343,0.00705,20.0,32.0,43.0,5.0,2
Marijuana,Chrome Sparks,86.969,0.655,-9.781,0.697,0.415,0.0626,25.0,24.500000000000004,18.0,32.5,3
Mask Off,Future,150.062,0.434,-8.795,0.833,0.281,0.0102,30.0,22.000000000000004,18.0,30.0,0
Master Of None,Beach House,86.485,0.344,-15.259,0.492,0.247,0.674,40.0,20.0,40.0,0.0,0
"""Maybe Its Time""",Bradley Cooper,79.776,0.282,-7.65,0.699,0.359,0.798,33.5,10.0,26.0,30.5,0
medicine,Bring Me The Horizon,97.038,0.858,-3.3,0.615,0.323,0.00393,5.0,42.00000000000001,38.0,15.0,1
Mercy,Kanye West,140.086,0.545,-8.536,0.737,0.443,0.0855,30.0,32.0,18.0,20.0,1
Mi Gente,J Balvin,104.666,0.704,-4.838,0.548,0.288,0.0168,10.0,49.5,38.0,2.5,1
Midnight City,M83,105.004,0.741,-5.345,0.525,0.294,0.0153,10.0,47.5,20.0,22.5,1
Milly Rock,2milly,135.45,0.449,-12.037,0.45,0.139,0.00791,25.0,0.0,55.00000000000001,20.0,2
Missed,PJ Harvey,103.885,0.332,-18.852,0.635,0.839,0.0351,65.99999999999999,22.000000000000004,8.0,4.0,0
Monster,Kanye West,124.791,0.692,-5.64,0.628,0.0964,0.00244,0.0,59.5,38.0,2.5,1
More Than That,Lauren Jauregui,48.702,0.442,-12.899,0.595,0.297,0.0709,35.0,22.000000000000004,23.0,20.0,0
More Than You Know,Axwell /\\ Ingrosso,123.07,0.741,-4.959,0.644,0.547,0.0261,10.0,49.5,38.0,2.5,1
Moving to the Left,Woods,150.067,0.936,-6.365,0.568,0.791,0.064,5.0,17.0,38.0,40.0,3
Music To My Eyes,Lady Gaga,114.805,0.356,-9.044,0.625,0.325,0.392,16.0,19.5,41.333333333333336,23.166666666666664,2
My Brain Tells My Body,The Vandals,175.822,0.981,-2.451,0.304,0.782,0.000371,10.0,30.0,30.0,30.0,1
My Sundown,Jimmy Eat World,95.989,0.489,-10.29,0.545,0.188,0.0758,12.5,49.5,18.0,20.0,1
Natural,Imagine Dragons,100.0,0.611,-6.112,0.704,0.22,0.217,0.0,39.5,38.0,22.5,1
Need to Know,Calum Scott,125.064,0.739,-6.95,0.728,0.311,0.0968,40.0,22.000000000000004,18.0,20.0,0
Nervous,Shawn Mendes,121.983,0.623,-6.76,0.841,0.744,0.0404,32.5,22.000000000000004,18.0,27.500000000000004,0
Never Enough,Loren Allred,86.777,0.394,-8.903,0.277,0.227,0.423,18.333333333333332,0.0,61.66666666666667,20.0,2
Never Had A Dream Come True,S Club 7,122.919,0.536,-5.593,0.643,0.471,0.485,25.0,27.500000000000004,45.0,2.5,2
Never Say Never,The Fray,160.139,0.492,-5.767,0.23,0.262,0.568,38.333333333333336,8.0,36.666666666666664,17.0,0
New,Daya,106.971,0.742,-4.331,0.715,0.322,0.052,0.0,49.5,48.0,2.5,1
New Rules,Dua Lipa,116.073,0.7,-6.021,0.762,0.608,0.00261,12.5,12.0,43.0,32.5,2
New Slaves,Kanye West,68.456,0.593,-4.34,0.5,0.329,0.141,20.0,30.0,20.0,30.0,1
New York City,Christopher Owens,159.089,0.818,-7.933,0.476,0.74,0.00275,0.0,10.0,20.0,70.0,3
Next to You,Poolside,93.987,0.764,-5.279,0.785,0.96,0.149,10.0,42.00000000000001,32.99999999999999,15.0,1
No Place,Backstreet Boys,91.995,0.533,-5.439,0.716,0.502,0.147,0.0,59.5,27.999999999999996,12.5,1
No Promises,Cheat Codes,112.956,0.667,-5.445,0.741,0.595,0.0575,10.0,32.0,32.99999999999999,25.0,2
No Rest For The Wicked,Lykke Li,97.967,0.445,-7.202,0.312,0.272,0.365,28.333333333333332,0.0,51.66666666666666,20.0,2
no tears left to cry,Ariana Grande,121.993,0.713,-5.507,0.699,0.354,0.04,0.0,49.5,38.0,12.5,1
No Type,Rae Sremmurd,125.008,0.483,-7.797,0.888,0.226,0.013,20.0,42.00000000000001,18.0,20.0,1
Not About Angels,Birdy,116.86,0.111,-11.879,0.405,0.219,0.964,26.666666666666668,0.0,35.0,38.33333333333333,3
Nothing Ever Happened,Deerhunter,150.102,0.841,-6.31,0.264,0.716,1.94e-05,10.0,10.0,30.0,50.0,3
Now Or Never,Halsey,110.03,0.585,-4.861,0.67,0.447,0.107,0.0,59.5,38.0,2.5,1
"""Oh My Darling Dont Meow (Just Blaze Remix)""",Run The Jewels,149.97,0.77,-6.954,0.633,0.329,0.284,5.0,22.000000000000004,43.0,30.0,2
Okay,Holy Ghost!,110.997,0.637,-5.364,0.8,0.877,0.0131,10.0,42.00000000000001,32.99999999999999,15.0,1
One Dance,Drake,103.99,0.61,-5.857,0.796,0.391,0.00842,10.0,32.0,43.0,15.0,2
One Fine Day,The Chiffons,177.13,0.868,-2.685,0.251,0.599,0.488,30.0,30.0,30.0,10.0,0
One More Chance,James Collins,132.371,0.139,-10.721,0.39,0.108,0.917,16.666666666666664,10.0,45.0,28.333333333333332,2
One Nation Under a Groove,Funkadelic,122.431,0.777,-8.434,0.782,0.872,0.304,25.0,22.000000000000004,23.0,30.0,3
One Night,Lil Yachty,130.007,0.476,-12.686,0.762,0.375,0.366,19.166666666666664,12.0,18.0,50.83333333333333,3
Operate,ASTR,126.005,0.927,-7.446,0.592,0.326,1.42e-05,5.0,27.0,18.0,50.0,3
Our Love,Caribou,125.002,0.495,-10.747,0.729,0.483,0.131,22.5,22.000000000000004,18.0,37.5,3
Paperthin Hymn,Anberlin,180.434,0.597,-12.107,0.298,0.536,0.00111,20.0,0.0,20.0,60.0,3
Papi Pacify,FKA twigs,109.508,0.602,-7.655,0.487,0.2,0.0685,0.0,10.0,0.0,90.0,3
Paris,The Chainsmokers,99.999,0.644,-6.763,0.646,0.251,0.0243,11.666666666666666,29.500000000000004,36.333333333333336,22.5,2
Pass The Dutchie,Musical Youth,149.724,0.418,-14.374,0.805,0.966,0.459,30.0,22.000000000000004,18.0,30.0,0
Passionfruit,Drake,111.963,0.459,-11.556,0.804,0.372,0.304,25.83333333333333,12.0,18.0,44.16666666666666,3
Passionfruit,Drake,111.963,0.459,-11.556,0.804,0.372,0.304,25.83333333333333,12.0,18.0,44.16666666666666,3
Perfect,Ed Sheeran,95.05,0.448,-6.312,0.599,0.168,0.163,7.5,29.500000000000004,32.99999999999999,30.0,2
Pick Up The Pieces,Average White Band,109.883,0.858,-7.086,0.77,0.76,0.0106,32.5,22.000000000000004,23.0,22.5,0
Platoon,Jungle,100.038,0.834,-7.52,0.638,0.777,0.0447,5.0,32.0,23.0,40.0,3
Please Mr. Postman,The Marvelettes,121.451,0.783,-5.191,0.786,0.968,0.723,28.333333333333332,55.00000000000001,5.0,11.666666666666666,1
Please Stop Making Fake Versace,Father,128.983,0.397,-12.776,0.736,0.297,0.272,32.5,19.5,27.999999999999996,20.0,0
"""Poppin My Collar""",Three 6 Mafia,146.747,0.795,-4.579,0.729,0.856,0.354,25.0,22.000000000000004,38.0,15.0,2
Preach,John Legend,91.906,0.729,-5.712,0.508,0.412,0.0681,20.0,37.5,20.0,22.5,1
Preach,John Legend,91.906,0.729,-5.712,0.508,0.412,0.0681,20.0,37.5,20.0,22.5,1
Pretty Girl,Maggie Lindemann,121.03,0.868,-4.661,0.703,0.733,0.15,5.0,32.0,48.0,15.0,2
Pussy,Brazilian Girls,138.035,0.462,-7.776,0.928,0.886,0.0795,20.0,42.00000000000001,18.0,20.0,1
Pyramids,Frank Ocean,107.998,0.661,-6.111,0.401,0.166,0.0129,10.0,0.0,40.0,50.0,3
"""Queens Speech 4""",Lady Leshurr,93.287,0.531,-10.113,0.661,0.672,0.141,25.0,29.500000000000004,13.0,32.5,3
Rainy Streets,Blue In Green,91.349,0.435,-8.97,0.679,0.365,0.167,20.0,29.500000000000004,8.0,42.5,3
Raise A Man,Alicia Keys,169.658,0.482,-5.574,0.244,0.41,0.831,31.666666666666664,27.999999999999996,23.333333333333332,17.0,0
Redbone,Childish Gambino,160.143,0.347,-11.174,0.743,0.572,0.167,30.0,12.0,27.999999999999996,30.0,0
Redbone,Childish Gambino,160.143,0.347,-11.174,0.743,0.572,0.167,30.0,12.0,27.999999999999996,30.0,0
Reminiscing,Little River Band,94.731,0.465,-11.259,0.54,0.341,0.652,52.5,20.0,10.0,17.5,0
Return Of The Mack - C & J Street Mix,Mark Morrison,95.487,0.833,-5.379,0.715,0.612,0.00631,0.0,42.00000000000001,48.0,10.0,2
Rewind,Kelela,131.958,0.419,-6.602,0.746,0.225,0.0426,22.5,19.5,23.0,35.0,3
Rewrite The Stars,Zac Efron,125.046,0.619,-7.005,0.684,0.284,0.0716,10.0,39.5,27.999999999999996,22.5,1
Right Place Wrong Time,Dr. John,104.593,0.494,-13.702,0.789,0.826,0.0923,35.83333333333333,12.0,18.0,34.166666666666664,0
Rill Rill,Sleigh Bells,73.048,0.804,-3.452,0.483,0.811,0.0356,0.0,40.0,20.0,40.0,1
River,Ibeyi,153.547,0.292,-12.977,0.654,0.103,0.0962,52.666666666666664,17.0,21.333333333333332,9.0,0
River,Leon Bridges,128.128,0.179,-10.866,0.658,0.191,0.689,46.0,20.0,0.0,34.0,0
rockstar,Post Malone,159.847,0.535,-6.09,0.587,0.14,0.117,0.0,39.5,38.0,22.5,1
Ruin My Life,Zara Larsson,124.896,0.699,-5.265,0.665,0.585,0.423,25.0,29.500000000000004,32.99999999999999,12.5,2
Sabali,Amadou & Mariam,124.012,0.639,-6.546,0.596,0.233,0.783,10.0,30.0,24.0,36.0,3
San Francisco,Foxygen,116.74,0.65,-7.953,0.623,0.879,0.245,15.0,29.500000000000004,16.333333333333332,39.166666666666664,3
Sanctified,Rick Ross,126.041,0.52,-6.301,0.739,0.247,0.0754,10.0,22.000000000000004,23.0,45.0,3
Saturday Love,Toro y Moi,117.99,0.915,-6.264,0.586,0.749,0.00706,5.0,17.0,38.0,40.0,3
Saturday Nights,Khalid,167.908,0.439,-8.591,0.54,0.371,0.635,40.0,17.5,30.0,12.5,0
"""Say You Wont Let Go""",James Arthur,85.043,0.557,-7.398,0.358,0.494,0.695,61.66666666666666,10.0,10.0,18.333333333333332,0
Scared to Be Lonely,Martin Garrix,137.972,0.54,-7.786,0.584,0.195,0.0895,10.0,29.500000000000004,27.999999999999996,32.5,3
Seasons in the Sun,Westlife,87.973,0.56,-6.221,0.598,0.535,0.195,0.0,39.5,48.0,12.5,2
See Blind Through,Canyons,108.029,0.747,-5.747,0.686,0.696,0.111,0.0,49.5,38.0,12.5,1
Sentimental Trash,Sweet Valley,73.061,0.607,-10.088,0.557,0.235,0.00266,20.0,29.500000000000004,8.0,42.5,3
Sexy Socialite,Chromeo,142.007,0.686,-5.817,0.785,0.965,0.101,10.0,32.0,43.0,15.0,2
Shallow,Lady Gaga,95.799,0.385,-6.362,0.572,0.323,0.371,6.0,19.5,38.0,36.5,2
Shape of You,Ed Sheeran,95.977,0.652,-3.183,0.825,0.931,0.581,13.333333333333334,30.0,20.0,36.666666666666664,3
She,Elvis Costello,130.215,0.284,-12.866,0.332,0.311,0.459,16.666666666666664,10.0,65.0,8.333333333333332,2
Shotgun,George Ezra,115.741,0.735,-4.733,0.672,0.754,0.286,5.0,39.5,43.0,12.5,2
Side To Side,Ariana Grande,159.174,0.736,-5.84,0.65,0.612,0.0513,6.666666666666667,39.5,51.33333333333333,2.5,2
Sign of the Times,Harry Styles,119.972,0.595,-4.63,0.516,0.222,0.0275,10.0,47.5,20.0,22.5,1
Silence,Marshmello,141.971,0.761,-3.093,0.52,0.286,0.256,0.0,40.0,20.0,40.0,1
Skyfall,Adele,75.881,0.552,-6.864,0.346,0.0789,0.417,23.333333333333332,1.6666666666666667,36.666666666666664,38.33333333333333,3
Slide,Calvin Harris,104.066,0.795,-3.299,0.736,0.511,0.498,20.0,35.0,25.0,20.0,1
Slow Hands,Niall Horan,85.889,0.431,-6.666,0.726,0.86,0.0139,32.5,19.5,18.0,30.0,0
Slumlord,Neon Indian,108.003,0.98,-4.914,0.629,0.808,0.228,5.0,27.0,48.0,20.0,2
Smell Yo D*ck,Riskay,116.635,0.383,-13.661,0.863,0.331,0.0561,32.5,39.5,18.0,10.0,1
SOLO,JENNIE,95.045,0.642,-5.165,0.751,0.388,0.0861,10.0,42.00000000000001,32.99999999999999,15.0,1
Solo Dance,Martin Jensen,114.981,0.843,-2.409,0.753,0.405,0.0446,0.0,52.0,43.0,5.0,1
"""Somebodys Watching Me""",Rockwell,124.091,0.712,-4.128,0.767,0.804,0.0409,20.0,32.0,43.0,5.0,2
Someone You Loved,Lewis Capaldi,109.891,0.405,-5.679,0.501,0.446,0.751,13.333333333333334,20.0,46.666666666666664,20.0,2
Something Just Like This,The Chainsmokers,103.019,0.635,-6.769,0.617,0.446,0.0498,5.0,29.500000000000004,32.99999999999999,32.5,2
Something Left To Give,The Starting Line,103.982,0.709,-5.518,0.444,0.351,0.0474,0.0,24.0,46.0,30.0,2
Sometimes,Heems,96.318,0.752,-6.088,0.446,0.596,0.0174,10.0,0.0,40.0,50.0,3
Somewhere Only We Know,Keane,172.004,0.665,-4.203,0.448,0.304,0.06,10.0,20.0,40.0,30.0,2
Sorry Not Sorry,Demi Lovato,144.004,0.635,-6.917,0.702,0.873,0.0223,10.0,39.5,27.999999999999996,22.5,1
Speakerbox,Bassnectar,87.969,0.88,-2.01,0.576,0.514,0.0208,5.0,47.0,38.0,10.0,1
Spill The Wine,Eric Burdon,120.368,0.528,-10.666,0.818,0.896,0.377,13.333333333333334,32.0,27.999999999999996,26.666666666666668,1
Spooky,Dusty Springfield,106.283,0.445,-12.725,0.752,0.964,0.5,26.666666666666668,20.0,10.0,43.33333333333333,3
Starboy,The Weeknd,186.005,0.588,-7.015,0.678,0.486,0.141,10.0,39.5,27.999999999999996,22.5,1
Started From the Bottom,Drake,86.311,0.523,-7.856,0.792,0.545,0.0365,20.0,32.0,13.0,35.0,3
Starving,Hailee Steinfeld,99.989,0.615,-4.238,0.729,0.508,0.378,25.0,22.000000000000004,38.0,15.0,2
Stay,Post Malone,85.913,0.468,-5.396,0.479,0.35,0.414,25.0,16.666666666666664,53.333333333333336,5.0,2
Stay With Me,CHANYEOL,78.643,0.526,-4.686,0.314,0.195,0.428,25.0,30.0,30.0,15.0,1
Stray,Grace VanderWaal,96.933,0.542,-7.204,0.627,0.217,0.648,15.0,24.166666666666664,48.33333333333333,12.5,2
Strip Me,Natasha Bedingfield,159.902,0.783,-5.41,0.566,0.53,0.241,0.0,32.0,48.0,20.0,2
Strip That Down,Liam Payne,106.023,0.497,-5.484,0.874,0.542,0.22,0.0,62.0,8.0,30.0,1
Strychnine,The Sonics,143.299,0.957,-6.101,0.331,0.548,0.419,26.666666666666668,10.0,30.0,33.33333333333333,3
SUBEME LA RADIO,Enrique Iglesias,91.048,0.823,-3.297,0.684,0.647,0.0744,0.0,52.0,38.0,10.0,1
Subways,The Avalanches,111.74,0.874,-6.821,0.485,0.528,0.181,5.0,0.0,30.0,65.0,3
Suddenly I See,KT Tunstall,100.38,0.767,-5.713,0.587,0.664,0.225,0.0,32.0,48.0,20.0,2
Sugar,Maroon 5,120.076,0.788,-7.055,0.748,0.884,0.0591,30.0,22.000000000000004,32.99999999999999,15.0,2
Sugar for the Queen,Bells Atlas,170.678,0.688,-8.407,0.388,0.806,0.196,0.0,4.0,49.33333333333333,46.666666666666664,2
Summer Madness,Kool & The Gang,175.85,0.332,-16.471,0.303,0.41,0.00859,0.0,20.0,45.0,35.0,2
Sun In The Night,Lighthouse Family,120.367,0.295,-13.242,0.562,0.158,0.396,55.99999999999999,17.0,18.0,9.0,0
Sunflower,Stanaj,83.002,0.278,-10.471,0.58,0.349,0.486,36.0,17.5,10.0,36.5,3
Sunshine Of Your Love,Cream,115.078,0.481,-12.59,0.684,0.784,0.475,22.5,48.0,10.0,19.5,1
Sweater Weather,The Neighbourhood,124.053,0.807,-2.81,0.612,0.398,0.0495,0.0,52.0,38.0,10.0,1
Swerve,ILoveMakonnen,114.047,0.676,-4.502,0.812,0.38,0.0454,20.0,32.0,43.0,5.0,2
Symphony,Clean Bandit,122.863,0.629,-4.581,0.707,0.457,0.259,0.0,29.500000000000004,57.99999999999999,12.5,2
Take You On,Peaches,127.054,0.428,-8.207,0.872,0.471,0.00226,30.0,14.499999999999998,18.0,37.5,3
Talk About,Les Sins,124.998,0.83,-5.766,0.814,0.285,0.0152,10.0,32.0,43.0,15.0,2
"""Thats What I Like""",Bruno Mars,134.066,0.56,-4.961,0.853,0.86,0.013,0.0,32.0,48.0,20.0,2
The Buzz (feat. Mataya & Young Tapz),Hermitude,140.943,0.583,-6.434,0.726,0.491,0.334,25.0,32.0,23.0,20.0,1
The Chase,Future Islands,132.475,0.84,-6.227,0.7,0.758,0.0638,10.0,32.0,38.0,20.0,2
The Cure,Lady Gaga,100.002,0.506,-4.863,0.697,0.516,0.0792,2.5,59.5,27.999999999999996,10.0,1
The Diary Of Jane,Breaking Benjamin,167.032,0.961,-4.421,0.374,0.357,5.53e-05,0.0,20.0,50.0,30.0,2
The Gaudy Side of Town,Gayngs,138.0,0.421,-9.015,0.688,0.623,0.723,32.5,25.0,10.0,32.5,0
The Greatest Show,Hugh Jackman,157.92,0.824,-7.36,0.417,0.4,0.000239,0.0,10.0,40.0,50.0,3
The Hills,The Weeknd,112.986,0.565,-7.065,0.58,0.138,0.0671,0.0,29.500000000000004,48.0,22.5,2
The Incidentals,"""Alishas Attic""",82.625,0.555,-7.358,0.521,0.653,0.217,0.0,27.500000000000004,33.333333333333336,39.166666666666664,3
The Magnificent Seven - Remastered,The Clash,116.081,0.789,-8.208,0.799,0.832,0.0604,40.0,22.000000000000004,18.0,20.0,0
The Other Side,Hugh Jackman,153.99,0.795,-8.45,0.638,0.31,0.00433,15.0,32.0,23.0,30.0,1
The Payback,James Brown,92.074,0.917,-4.753,0.563,0.573,0.128,5.0,37.0,48.0,10.0,2
The Righteous One,The Orwells,128.604,0.884,-4.602,0.389,0.422,0.00412,0.0,20.0,50.0,30.0,2
The River,Son Little,109.029,0.753,-6.039,0.694,0.532,0.0441,0.0,29.500000000000004,48.0,22.5,2
The Rose,Westlife,109.581,0.203,-9.706,0.272,0.172,0.784,8.333333333333332,10.0,41.66666666666667,40.0,2
The Show,Lenka,123.028,0.59,-4.144,0.753,0.593,0.259,20.0,22.000000000000004,43.0,15.0,2
The Wire,HAIM,113.682,0.632,-5.569,0.548,0.535,0.0126,0.0,49.5,38.0,12.5,1
Then He Kissed Me,The Crystals,135.917,0.682,-7.416,0.44,0.626,0.681,26.666666666666668,20.0,20.0,33.33333333333333,3
There for You,Martin Garrix,105.969,0.644,-7.607,0.611,0.13,0.124,15.0,34.5,18.0,32.5,1
There You Are,ZAYN,76.986,0.685,-4.828,0.452,0.305,0.0257,10.0,20.0,40.0,30.0,2
"""Theres Nothing Holdin Me Back""",Shawn Mendes,121.998,0.813,-4.063,0.866,0.969,0.38,15.0,22.000000000000004,53.0,10.0,2
They Come in Gold,Shabazz Palaces,108.066,0.843,-7.416,0.583,0.411,0.119,0.0,27.0,23.0,50.0,3
"""They Dont Know - Original Mix""",Disciples,120.001,0.778,-5.485,0.807,0.788,0.0132,10.0,42.00000000000001,32.99999999999999,15.0,1
This Is America,Childish Gambino,120.024,0.463,-6.159,0.854,0.549,0.117,0.0,22.000000000000004,18.0,60.0,3
This Is Me,Keala Settle,191.702,0.704,-7.276,0.284,0.1,0.00583,0.0,24.0,36.0,40.0,3
This Ready Flesh,TR/ST,109.977,0.795,-6.758,0.781,0.8,0.00219,32.5,22.000000000000004,23.0,22.5,0
This Time Around,Softwar,117.996,0.764,-7.416,0.759,0.319,0.00069,32.5,22.000000000000004,13.0,32.5,0
Thunder,Imagine Dragons,167.997,0.822,-4.833,0.605,0.288,0.00671,0.0,42.00000000000001,48.0,10.0,2
Tides of Neptune,Virgo,129.952,0.586,-9.414,0.6,0.205,0.0112,10.0,29.500000000000004,8.0,52.5,3
Tightrope,Michelle Williams,161.564,0.331,-10.316,0.351,0.191,0.3,10.0,0.0,75.0,15.0,2
Tiny Dancer,Elton John,145.075,0.428,-11.097,0.414,0.282,0.382,28.333333333333332,1.6666666666666667,61.66666666666667,8.333333333333332,2
Tired,Alan Walker,123.994,0.876,-4.159,0.69,0.493,0.0428,5.0,32.0,48.0,15.0,2
To The Top,Twin Shadow,82.925,0.725,-6.156,0.429,0.159,0.00502,10.0,0.0,50.0,40.0,2
Too Far Gone,Bradley Cooper,67.479,0.482,-6.621,0.565,0.342,0.0385,2.5,49.5,27.999999999999996,20.0,1
Too Good At Goodbyes,Sam Smith,91.92,0.375,-8.279,0.698,0.534,0.652,31.0,12.5,30.0,26.5,0
Town Called Malice,The Jam,101.798,0.917,-8.806,0.553,0.781,0.00265,15.0,27.0,18.0,40.0,3
Traffic,Lil Reese,130.047,0.513,-5.318,0.908,0.257,0.00271,0.0,52.0,18.0,30.0,1
Trap Queen,Fetty Wap,148.075,0.873,-3.803,0.746,0.817,0.0244,0.0,52.0,43.0,5.0,1
Trill Hoe,Western Tink,127.136,0.481,-10.488,0.798,0.62,0.0302,32.5,12.0,18.0,37.5,3
Trust Me Danny,ILoveMakonnen,142.053,0.833,-4.982,0.502,0.596,0.000472,10.0,30.0,30.0,30.0,1
Trust My Lonely,Alessia Cara,150.305,0.662,-6.025,0.583,0.636,0.00541,0.0,29.500000000000004,48.0,22.5,2
Tuesday,ILoveMakonnen,140.163,0.664,-5.604,0.77,0.472,0.215,10.0,32.0,32.99999999999999,25.0,2
U Mad,Vic Mensa,134.009,0.581,-6.492,0.706,0.435,0.0151,10.0,39.5,27.999999999999996,22.5,1
Unbound,Cathedrals,173.954,0.782,-6.769,0.45,0.222,0.00919,0.0,0.0,40.0,60.0,3
Uncast Shadow Of A Southern Myth,Parquet Courts,76.27,0.58,-8.131,0.468,0.325,0.34,16.666666666666664,0.0,20.0,63.33333333333333,3
Uncle ACE,Blood Orange,112.977,0.945,-6.445,0.742,0.742,0.0639,30.0,22.000000000000004,32.99999999999999,15.0,2
Undecided,Chris Brown,96.37,0.527,-5.318,0.441,0.589,0.172,0.0,26.666666666666668,63.33333333333333,10.0,2
Unforgettable,French Montana,97.985,0.769,-5.043,0.726,0.733,0.0293,20.0,32.0,38.0,10.0,2
Upper Echelon,Travis Scott,122.065,0.617,-4.516,0.788,0.128,0.0448,20.0,32.0,43.0,5.0,2
Versace Python,Riff Raff,139.94,0.792,-5.33,0.624,0.325,0.00156,0.0,42.00000000000001,48.0,10.0,2
Voices,Against The Current,105.02,0.851,-4.782,0.715,0.789,0.0036,5.0,32.0,48.0,15.0,2
Wait for the Man,FIDLAR,190.559,0.939,-4.756,0.133,0.219,8.2e-06,10.0,20.0,40.0,30.0,2
Walk,Kwabs,145.265,0.648,-7.018,0.657,0.841,0.552,25.0,17.5,25.0,32.5,3
Walk Me Home,P!nk,88.038,0.453,-6.119,0.652,0.432,0.0519,9.166666666666666,49.5,21.333333333333332,20.0,1
Walking Into Sunshine,Central Line,112.235,0.56,-7.614,0.888,0.817,0.0165,40.0,42.00000000000001,8.0,10.0,1
Watching You,Melissa Etheridge,130.611,0.283,-15.173,0.343,0.166,0.645,36.666666666666664,7.5,37.5,18.333333333333332,2
Water No Get Enemy,Fela Kuti,90.983,0.925,-7.713,0.644,0.884,0.107,20.0,27.0,23.0,30.0,3
We All Need Saving,The Eight Tracks,138.993,0.38,-8.854,0.25,0.157,0.502,18.333333333333332,0.0,51.66666666666667,30.0,2
We Exist,Arcade Fire,116.392,0.506,-8.742,0.567,0.358,0.00731,12.5,29.500000000000004,27.999999999999996,30.0,3
We Sleep In The Ocean,The Cloud Room,123.765,0.655,-7.685,0.629,0.176,0.511,21.666666666666664,17.5,35.0,25.833333333333336,2
Weak,AJR,123.98,0.637,-4.518,0.673,0.678,0.137,0.0,59.5,38.0,2.5,1
Weight,Mikal Cronin,153.027,0.784,-5.004,0.246,0.176,0.0107,10.0,20.0,40.0,30.0,2
What About Now,Westlife,162.109,0.772,-4.284,0.338,0.334,0.0134,10.0,20.0,40.0,30.0,2
What About Us,P!nk,113.617,0.588,-6.177,0.489,0.187,0.0285,0.0,10.0,20.0,70.0,3
What I Miss Most,Calum Scott,133.001,0.758,-6.314,0.639,0.474,0.0376,5.0,39.5,32.99999999999999,22.5,1
"""What Ive Done""",Linkin Park,120.119,0.93,-5.285,0.623,0.287,0.0141,5.0,37.0,48.0,10.0,2
When I Fall In Love,Celine Dion,68.353,0.241,-13.251,0.19,0.107,0.577,28.333333333333332,0.0,56.666666666666664,15.0,2
When The Night Falls,Chromeo,121.912,0.92,-4.05,0.713,0.912,0.0471,5.0,37.0,48.0,10.0,2
When They Fight   They Fight,Generationals,119.756,0.898,-2.051,0.755,0.966,0.242,0.0,42.00000000000001,43.0,15.0,2
When You Say Nothing At All,Boyzone,86.962,0.416,-11.207,0.578,0.374,0.152,45.0,18.0,27.0,10.0,0
White Girl,Shy Glizzy,129.948,0.793,-5.332,0.698,0.454,0.123,0.0,42.00000000000001,48.0,10.0,2
White Iverson,Post Malone,130.098,0.562,-7.678,0.675,0.309,0.233,10.0,39.5,31.333333333333336,19.166666666666664,1
Who Be Lovin Me,Santigold,119.999,0.687,-7.771,0.805,0.679,0.118,42.5,22.000000000000004,13.0,22.5,0
"""Why Dont They Let Us Fall in Love""",The Ronettes,108.212,0.813,-5.78,0.506,0.844,0.378,20.0,10.0,30.0,40.0,3
Wild Thoughts,DJ Khaled,97.98,0.672,-3.094,0.671,0.632,0.0329,0.0,69.5,27.999999999999996,2.5,1
Will You Love Me Tomorrow,The Shirelles,137.047,0.384,-11.315,0.49,0.47,0.438,20.0,20.0,40.0,20.0,2
Willing & Able,Disclosure,199.987,0.632,-6.884,0.571,0.943,0.252,0.0,29.500000000000004,27.999999999999996,42.5,3
Wishes,Beach House,74.822,0.772,-7.31,0.368,0.213,0.163,0.0,10.0,33.333333333333336,56.666666666666664,3
With That,Young Thug,123.997,0.597,-6.59,0.751,0.159,0.0659,32.5,22.000000000000004,23.0,22.5,0
With You,Mariah Carey,74.677,0.391,-7.594,0.593,0.141,0.253,6.0,15.5,42.00000000000001,36.5,2
Without Me,Halsey,136.041,0.488,-7.05,0.752,0.533,0.297,2.5,42.00000000000001,23.0,32.5,1
Wolves,Selena Gomez,124.946,0.807,-4.59,0.72,0.305,0.129,20.0,32.0,48.0,0.0,2
"""Words I Dont Remember""",How To Dress Well,80.004,0.213,-13.437,0.533,0.207,0.849,30.0,20.0,40.0,10.0,2
World In Motion,New Order,123.922,0.955,-4.111,0.603,0.787,0.0239,5.0,37.0,48.0,10.0,2
Xanny Family,Future,75.044,0.412,-7.148,0.838,0.166,0.0344,22.5,29.500000000000004,18.0,30.0,3
"""You Dont Know Me""",Jax Jones,123.999,0.658,-6.055,0.877,0.693,0.163,15.0,12.0,38.0,35.0,2
You Raise Me Up,Westlife,75.048,0.358,-6.596,0.129,0.172,0.631,13.333333333333334,0.0,26.666666666666668,60.0,3
Young Dumb & Broke,Khalid,136.949,0.539,-6.351,0.798,0.394,0.199,10.0,42.00000000000001,32.99999999999999,15.0,1
Youngblood,5 Seconds of Summer,120.274,0.854,-5.114,0.596,0.152,0.0169,5.0,32.0,48.0,15.0,2
Your Song,Rita Ora,117.984,0.621,-4.105,0.869,0.962,0.159,10.0,42.00000000000001,48.0,0.0,2
"""Youre Not Good Enough""",Blood Orange,119.964,0.798,-6.55,0.74,0.571,0.189,20.0,22.000000000000004,32.99999999999999,25.0,2
"""Youre the Best""",Wet,100.114,0.331,-11.184,0.435,0.19,0.138,10.0,0.0,75.0,15.0,2
Flying Without Wings,Westlife,72.742,0.493,-7.956,0.443,0.283,0.323,20.0,10.0,45.0,25.0,2
Us Against the World,Westlife,119.918,0.703,-4.57,0.513,0.337,0.18,10.0,37.5,20.0,32.5,1
More than Words,Westlife,94.014,0.295,-9.7,0.67,0.507,0.518,36.0,37.5,10.0,16.499999999999996,1
Worth It,YK Osiris,123.936,0.528,-4.082,0.764,0.422,0.468,18.333333333333332,30.0,35.0,16.666666666666664,2
Payphone,Maroon 5,110.015,0.752,-4.813,0.743,0.545,0.0188,20.0,42.00000000000001,32.99999999999999,5.0,1
This Love,Maroon 5,95.034,0.859,-4.634,0.714,0.755,0.0556,5.0,32.0,48.0,15.0,2
Animals,Maroon 5,189.868,0.742,-6.46,0.279,0.328,0.000185,10.0,10.0,40.0,40.0,2
Maps,Maroon 5,120.032,0.713,-5.522,0.742,0.879,0.0205,10.0,32.0,32.99999999999999,25.0,2
Makes Me Wonder,Maroon 5,113.996,0.851,-2.429,0.803,0.881,0.00485,0.0,52.0,43.0,5.0,1
Feelings,Maroon 5,121.937,0.727,-5.364,0.693,0.746,0.00365,0.0,59.5,38.0,2.5,1
It Was Always You,Maroon 5,103.951,0.765,-6.582,0.613,0.299,0.082,5.0,22.000000000000004,43.0,30.0,2
Closure,Maroon 5,116.962,0.813,-6.687,0.748,0.445,0.183,20.0,22.000000000000004,32.99999999999999,25.0,2
Just A Feeling,Maroon 5,149.917,0.621,-5.094,0.602,0.306,0.143,10.0,49.5,38.0,2.5,1
One More Night,Maroon 5,92.997,0.821,-3.435,0.716,0.618,0.0558,0.0,42.00000000000001,48.0,10.0,2
Happy Together,The Turtles,120.175,0.367,-9.638,0.584,0.588,0.55,46.0,17.5,3.3333333333333335,33.166666666666664,0
Happy As The Sun,Tyrone Wells,124.97,0.246,-13.204,0.763,0.654,0.833,45.0,38.333333333333336,6.0,10.666666666666666,0
Murder On My Mind,YNW Melly,115.007,0.73,-7.985,0.759,0.74,0.145,40.0,12.0,18.0,30.0,0
Photograph,Ed Sheeran,107.989,0.379,-10.48,0.614,0.201,0.607,46.0,17.5,13.333333333333334,23.166666666666664,0
Supermarket Flowers,Ed Sheeran,89.749,0.242,-10.517,0.589,0.257,0.914,46.0,20.0,0.0,34.0,0
Small Bump,Ed Sheeran,119.973,0.436,-12.683,0.81,0.446,0.689,58.33333333333333,25.0,0.0,16.666666666666664,0
Bloodstream,Ed Sheeran,91.207,0.316,-11.567,0.66,0.543,0.529,55.99999999999999,10.0,17.5,16.499999999999996,0
Autumn Leaves,Ed Sheeran,89.013,0.257,-12.637,0.555,0.431,0.892,40.0,20.0,20.0,20.0,0
New York,Ed Sheeran,86.014,0.461,-8.726,0.728,0.474,0.707,57.49999999999999,15.0,0.0,27.500000000000004,0
Friends,Ed Sheeran,93.255,0.158,-14.433,0.516,0.455,0.783,30.0,20.0,30.0,20.0,0
Wake Me Up,Ed Sheeran,86.891,0.209,-13.43,0.616,0.336,0.902,36.0,20.0,26.0,18.0,0
Let It Out,Ed Sheeran,96.973,0.603,-7.656,0.731,0.619,0.645,45.0,0.0,35.0,20.0,0
Grade 8,Ed Sheeran,101.042,0.807,-9.976,0.74,0.781,0.0446,40.0,12.0,38.0,10.0,0
Firefly,Ed Sheeran,159.917,0.31,-11.469,0.602,0.36,0.886,36.0,30.0,0.0,34.0,0
Homeless,Ed Sheeran,90.001,0.636,-7.129,0.754,0.875,0.519,40.833333333333336,0.0,23.333333333333332,35.83333333333333,0
Where We Land,Ed Sheeran,119.944,0.248,-11.592,0.68,0.275,0.838,53.49999999999999,30.0,6.0,10.500000000000002,0
Kiss Me,Ed Sheeran,74.993,0.227,-16.67,0.589,0.182,0.64,55.99999999999999,0.0,17.5,26.5,0
She,Ed Sheeran,157.783,0.344,-10.91,0.573,0.377,0.811,46.0,30.0,0.0,24.0,0
Fall,Ed Sheeran,82.552,0.283,-9.827,0.559,0.188,0.632,55.99999999999999,17.5,0.0,26.5,0
So,Ed Sheeran,140.077,0.133,-10.599,0.521,0.391,0.853,30.0,30.0,20.0,20.0,0
This,Ed Sheeran,152.139,0.0929,-14.301,0.588,0.502,0.95,55.99999999999999,10.0,0.0,34.0,0
This Love,Taylor Swift,143.928,0.442,-8.865,0.474,0.105,0.631,46.666666666666664,10.0,40.0,3.3333333333333335,0
Next To Me,Imagine Dragons,169.497,0.672,-4.497,0.301,0.384,0.28,43.33333333333334,10.0,36.666666666666664,10.0,0
Roots,Imagine Dragons,157.861,0.889,-5.411,0.63,0.639,0.691,63.33333333333333,5.0,31.666666666666664,0.0,0
Shots,Imagine Dragons,120.012,0.784,-7.128,0.735,0.582,0.449,35.0,12.0,32.99999999999999,20.0,0
Dancing In The Dark,Imagine Dragons,134.005,0.31,-10.026,0.688,0.624,0.786,43.49999999999999,20.0,6.0,30.5,0
Dream,Imagine Dragons,142.067,0.513,-7.724,0.379,0.108,0.643,41.666666666666664,0.0,35.0,23.333333333333332,0
The Scientist,Coldplay,146.448,0.442,-7.224,0.56,0.212,0.727,30.0,10.0,30.0,30.0,0
Midnight,Coldplay,126.976,0.475,-12.42,0.548,0.0349,0.615,42.5,27.999999999999996,10.0,19.5,0
Us Against the World,Coldplay,112.379,0.304,-11.096,0.511,0.195,0.845,30.0,30.0,20.0,20.0,0
Parachutes,Coldplay,136.978,0.0845,-18.348,0.555,0.375,0.871,45.0,25.0,20.0,10.0,0
Til Kingdom Come,Coldplay,115.071,0.395,-9.593,0.607,0.274,0.612,36.0,17.5,20.0,26.5,0
Up in Flames,Coldplay,76.007,0.244,-11.051,0.638,0.336,0.233,36.0,27.0,21.333333333333332,15.666666666666664,0
Bottom Of the Barrel,Amos Lee,178.13,0.346,-12.689,0.611,0.539,0.784,36.0,20.0,16.0,27.999999999999996,0
Bowl Of Oranges,Bright Eyes,105.797,0.584,-11.369,0.332,0.0963,0.329,46.666666666666664,10.0,20.0,23.333333333333332,0
I Guess I Just Feel Like,John Mayer,159.821,0.528,-8.033,0.556,0.163,0.615,46.666666666666664,27.500000000000004,10.0,15.833333333333332,0
Slow Dancing in a Burning Room,John Mayer,134.15,0.361,-8.69,0.668,0.288,0.573,36.0,27.500000000000004,20.0,16.499999999999996,0
Daughters,John Mayer,124.895,0.413,-7.816,0.674,0.503,0.837,37.5,10.0,26.0,26.5,0
The Heart of Life,John Mayer,175.96,0.238,-11.026,0.496,0.349,0.958,30.0,20.0,20.0,30.0,0
Something Like Olivia,John Mayer,98.795,0.424,-12.156,0.771,0.638,0.595,33.33333333333333,30.0,10.0,26.666666666666668,0
Who You Love,John Mayer,145.907,0.351,-10.92,0.694,0.691,0.813,58.5,25.0,6.0,10.500000000000002,0
93 Million Miles,Jason Mraz,140.187,0.454,-10.286,0.573,0.515,0.479,32.5,17.5,20.0,30.0,0
Love Someone,Jason Mraz,97.955,0.363,-14.185,0.579,0.0754,0.306,65.99999999999999,12.0,18.0,4.0,0
Making It Up,Jason Mraz,80.001,0.746,-5.598,0.655,0.711,0.581,30.0,27.500000000000004,30.0,12.5,0
Quiet,Jason Mraz,76.97,0.408,-11.103,0.596,0.359,0.641,60.0,20.0,20.0,0.0,0
Mr. Curiosity,Jason Mraz,95.907,0.216,-12.373,0.558,0.211,0.968,46.0,20.0,0.0,34.0,0
Bella Luna,Jason Mraz,120.06,0.454,-9.609,0.755,0.331,0.757,40.833333333333336,25.0,6.0,28.16666666666666,0
Love Someone,Jason Mraz,97.955,0.363,-14.185,0.579,0.0754,0.306,65.99999999999999,12.0,18.0,4.0,0
Unfold,Jason Mraz,112.13,0.37,-9.832,0.682,0.477,0.812,53.49999999999999,20.0,6.0,20.5,0
In Your Hands,Jason Mraz,136.179,0.341,-14.562,0.677,0.402,0.77,63.5,10.0,16.0,10.500000000000002,0
