,02rd0anEWfMtF7iMku9uor_The Christmas Song (Chestnuts Roasting On An Open Fire)
02rd0anEWfMtF7iMku9uor_The Christmas Song (Chestnuts Roasting On An Open Fire),0.0
2CuzDPkRD6BJBvdWqCrt2I_Blind Boy,0.32030037499584396
3PhoLpVuITZKcymswpck5b_Country Love Song,0.36064278458676663
24DinDXSaOyHPz3JhdL9Qb_Dance School,0.3858010628187839
7G1GBhoKtEPnP86X2PvEYO_Forget,0.3917349526966392
2CuzDPkRD6BJBvdWqCrt2I_Young Generation,0.4017657841613149
4KCnuZQWRl9FEwAcduZhP9_James Hold The Ladder Steady,0.4426610820263512
3VNITwohbvU5Wuy5PC6dsI_Jones Vs. Jones,0.44892507305736645
3PhoLpVuITZKcymswpck5b_Shine On Through,0.4896586450772634
2CuzDPkRD6BJBvdWqCrt2I_Schoolgirl,0.4915149814870367
5zaXYwewAXedKNCff45U5l_Haunted,0.49611318904478013
3VNITwohbvU5Wuy5PC6dsI_Love Affair,0.49646519305988784
2CuzDPkRD6BJBvdWqCrt2I_No Strings,0.4978406637928932
4r7JUeiYy24L7BuzCq9EjR_Deck The Halls,0.510810231632803
4S9EykWXhStSc15wEx8QFK_Skies Of L.A.,0.5123154786938642
3VNITwohbvU5Wuy5PC6dsI_Just Friends,0.5149586960713683
6t2Rja6dihuxH6Mrgyynp6_Thats My Man,0.5240100845975206
3XlIhgydjvC4EniPFZT20j_Ill Be Home For Christmas,0.542159896096387
4nDoRrQiYLoBzwC5BhVJzF_Havana,0.5450589730604609
5K4W6rqBFWDnAN6FQUkS6x_Lil Jimmy Skit,0.545266428995388
