,043Z4DlT3pZXHXRLbUyNOj_You Make Me Feel Cheap
043Z4DlT3pZXHXRLbUyNOj_You Make Me Feel Cheap,0.0
47uTYdrQFq7UW8oDwVjJ9S_Dear Francis,0.32215071198749
51Blml2LZPmy7TTiAg47vQ_Heartland,0.3341214355756839
6puTX8pjDKxUMFKM3BoeB6_One in the Same,0.3462331786336027
3zD5liDjbqljSRorrrcEjs_Sometimes I Remember Wrong,0.3566513917547183
5Sj1C0yicWZVw7ZqbuzNwg_A Day Another Day,0.37823235438098635
2BTZIqw0ntH9MvilQ3ewNY_Suffragette City - Live From Spotify NYC,0.39784202295181664
6clbbhnIqpHnqxwtOWcilg_Listen To Your Heart,0.4005563323448124
2VIoWte1HPDbZ2WqHd2La7_She'd Rather Be with Me - Remastered,0.4285668211961614
0yNLKJebCb8Aueb54LYya3_Hellbent,0.431204808209936
2VIoWte1HPDbZ2WqHd2La7_A Walk In The Sun (Stereo),0.4426280318751887
51Blml2LZPmy7TTiAg47vQ_God Part II,0.4445076229234176
776Uo845nYHJpNaStv1Ds4_Look Over Yonder,0.45254866320448434
3Dw62Njie057KazDzHNIwi_Why Did You Let My Kitten Die?,0.4908963280501953
450o9jw6AtiQlQkHCdH6Ru_Maggot Brain,0.4922269727815767
5Z1CCuBsyhEHngq3U5IraY_Hit You With the Real Thing,0.4958766968102366
0pqGj6vO9YHsXuZmaJaP2Y_California Girls,0.4992004602789225
0CLs04yi5LYa7nQyxG9y7O_Tic Tocs,0.5001983366660487
7G1GBhoKtEPnP86X2PvEYO_My Way - Remastered,0.5012850437059646
2VIoWte1HPDbZ2WqHd2La7_Me About You,0.506599053947721
