,04gDigrS5kc9YWfZHwBETP_Love Somebody
04gDigrS5kc9YWfZHwBETP_Love Somebody,0.0
135mViPxje2MED7hOnn2j9_Down - Mixed,0.3357928413802886
6vXTefBL93Dj5IqAWq6OTv_Me & U,0.33698574792894553
3zunDAtRDg7kflREzWAhxl_Wrong About Bobby,0.3510609442225364
5v61OSg53KaQxGMpErkBNp_Paperthin Hymn,0.3579044286878647
6clbbhnIqpHnqxwtOWcilg_Time & Eternity,0.39029462030141315
1hSE2YbPSTsju9k70IxA4R_Thermodub,0.3989969188319648
2sBPVEeMBXKNsZtYaJixnJ_Gods Children,0.4063676450122545
2BTZIqw0ntH9MvilQ3ewNY_Suffragette City - Live From Spotify NYC,0.4169042084013033
4aEnNH9PuU1HF3TsZTru54_Marino,0.4241025481619576
1tqZaCwM57UFKjWoYwMLrw_Drip Drop Teardrop,0.4375859431476369
74ASZWbe4lXaubB36ztrGX_Sally Sue Brown,0.44692733643866583
7G1GBhoKtEPnP86X2PvEYO_My Way - Remastered,0.4528524851966597
3Dw62Njie057KazDzHNIwi_Why Did You Let My Kitten Die?,0.4545681025439583
2VIoWte1HPDbZ2WqHd2La7_Chicken Little Was Right,0.457266625971408
2P560DaOMNDUACoH8ZhOCR_Carnation,0.45738115600494333
7CajNmpbOovFoOoasH2HaY_I Need Your Love,0.4658367124965284
1KCSPY1glIKqW2TotWuXOR_Lonely Girl,0.4665655858831074
3RGLhK1IP9jnYFH4BRFJBS_Stop the World,0.47058609792924955
0KydPQPUUoTNhmiHKOg5Er_Cest La Vie (Say the Casualties),0.47133952395835904
