,06HL4z0CvFAxyc27GXpf02_Look What You Made Me Do - Commentary
06HL4z0CvFAxyc27GXpf02_Look What You Made Me Do - Commentary,0.0
4phGZZrJZRo4ElhRtViYdl_Running,0.6688070518916737
1Ffb6ejR6Fe5IamqA5oRUF_Throne - Commentary,0.8039579262198138
1iTZU6L9ZZe0YvbSIjbcbZ_Malört - Dialogue,0.8086227973265876
1iTZU6L9ZZe0YvbSIjbcbZ_Malört (dialogue),0.8308333470282131
5K4W6rqBFWDnAN6FQUkS6x_Wake Up Mr. West,0.9135665248920436
2dQM5QmLKLLjJHzjxP00SY_Vox Inmenrentis,0.9249373859845618
6dhfy4ByARPJdPtMyrUYJK_Dear my blue,0.9439586713838967
5whx2Q5vFoqYTCyM2ma81C_Future Regrets - Mixed,0.9724919293333069
2qg65aLixfdExljOpqKJm3_alongtheway.,1.1302298896720118
6XpaIBNiVzIetEPCWDvAFP_Jesus Loves Me - A Capella Version,1.1370658098655733
5enwJ9yOnKlCP91ov4Dqhv_faded (skit) (Prod. by 0channel),1.1452983094476135
5K4W6rqBFWDnAN6FQUkS6x_School Spirit Skit 2,1.1762868596783018
5K4W6rqBFWDnAN6FQUkS6x_Skit #2,1.1813128619282232
"2pvCf5g7XBReiPIvcq7W18_TIME, ENERGY & LOVE - Interlude",1.1886677390929734
0YC192cP3KPCRWx8zr8MfZ_Im Electro,1.2750829013216165
6vXTefBL93Dj5IqAWq6OTv_Skit,1.3325202797120272
6vXTefBL93Dj5IqAWq6OTv_Frank White Interlude,1.353847579763487
3rHl3rSgCnHhOlVB87ZxyF_Getting Older,1.3596375493825439
2pvCf5g7XBReiPIvcq7W18_ZONE FOR 2 - Interlude,1.360275044967862
