,06srizQMbl22xyjsI9hLD4_'Mouthbreather'
06srizQMbl22xyjsI9hLD4_'Mouthbreather',0.0
7uMh23xWiuR7zsNkuNcm2G_Gibberish - Interlude,0.8288089817231029
2jku7tDXc6XoB6MO2hFuqg_Guns And Roses - Skit,1.0708110840895273
3VNITwohbvU5Wuy5PC6dsI_I.B.M.C.,1.0775470022902176
3NMJOCOKBTjwoLSTpEkmCf_Planet of the Apes,1.0791009401523335
3rHl3rSgCnHhOlVB87ZxyF_End Credits,1.296050074013707
1iTZU6L9ZZe0YvbSIjbcbZ_Take a Knee (dialogue),1.3286122672571214
"6V3F8MZrOKdT9fU686ybE9_Lisa at Lunchtime - feat. Lisa IAnson, Coutesy of 98.8 FM.",1.3300310071449064
7CxNaFD0jy7MlUEFcrgBDF_Freedom For My People - Excerpt,1.354606657065342
45q3ufd1IxTWhVS6JbLX9f_I Need You,1.3637985063658198
3tVc31isarO5guX1jYDYt0_Food Lines (Jfl 2002),1.371005367132662
0NIIxcxNHmOoyBx03SfTCD_Nightfall (Interlude),1.3790727493277906
15iVAtD3s3FsQR4w1v6M0P_Anything Gets You Paid,1.4868416429005593
6s22t5Y3prQHyaHWUN1R1C_The Green And The Town - Track Commentary,1.5306250746203798
5GtMEZEeFFsuHY8ad4kOxv_About Get It Together - Reprise; Interview Track,1.5405696553224302
4MnV8kVWDZWmztVxfemxOC_Mean Family,1.5764924885394436
1sBkRIssrMs1AbVkOJbc7a_Dope B*tch Skit,1.5876021062686745
0NIIxcxNHmOoyBx03SfTCD_The Calm (Interlude),1.5941097486427245
0LyfQWJT6nXafLPZqxe9Of_Missing You Girl,1.6373884300849169
5MlfccEEOw6kihsT8eQtbh_Aunque Tú,1.6807953820071142
