,0aqrM7Fo3Ml66Kc5JAzmjt_Strawberry Wine
0aqrM7Fo3Ml66Kc5JAzmjt_Strawberry Wine,0.0
0p4nmQO2msCgU4IF37Wi3j_Goddess,0.24827852078745194
0LyOADBjj28cbvJWTXUEGA_Never Enough,0.30550618559915843
0cQbJU1aAzvbEmTuljWLlF_Greener Pastures,0.3124446165119431
2g3PKH7Z1Ofn5oGR6oDjLy_Hes Waitin,0.31753047378630933
0PFtn5NtBbbUNbU9EAmIWF_Hold the Line,0.3281074198699261
4phGZZrJZRo4ElhRtViYdl_Might As Well Dance,0.34895077142050634
31TPClRtHm23RisEBtV3X7_(And She Said) Take Me Now,0.3494062905639799
1uNFoZAHBGtllmzznpCI3s_Runaway Love,0.3583115283520915
3miNucraVWk4hdVsIxn7id_Black And White World,0.3610744163241806
3RGLhK1IP9jnYFH4BRFJBS_Londons Burning,0.3664266527704457
4iHNK0tOyZPYnBU7nGAgpQ_Ive Been Thinking About You,0.3682409875488979
3RGLhK1IP9jnYFH4BRFJBS_Hate & War,0.36990616874151144
0grdhNhiRLFBaFVyybqsj6_Almost Everything,0.3716729655206718
2siHvYaxjaW5rKVRiIrMYH_One More Chance,0.37350789741782137
6sFIWsNpZYqfjUpaCgueju_Picture,0.37982980972595676
3XlIhgydjvC4EniPFZT20j_Witchcraft,0.3847299953966412
0grdhNhiRLFBaFVyybqsj6_Surrender To Me,0.389036210280143
1uNFoZAHBGtllmzznpCI3s_All I Want Is You,0.38958508870734604
5zaXYwewAXedKNCff45U5l_Something Special - Mono Version,0.38976735443557203
