,0AsThoR4KZSVktALiNcQwW_Wolf at Your Door
0AsThoR4KZSVktALiNcQwW_Wolf at Your Door,0.0
2EO3E3yodzVOLxWdiOwQGl_Purgatory (feat. Autre Ne Veut),0.3423566695274611
0NGAZxHanS9e0iNHpR8f2W_Never Let Me Go,0.3661962111330634
0c173mlxpT3dSFRgMO8XPh_Celebrity,0.38817089782040615
5UT1mOF7JAjcc7e3wen8vw_Bunker,0.41666780690063016
53XhwfbYqKCa1cC15pYq2q_I’ll Make It Up To You,0.4201369815558119
7c0XG5cIJTrrAgEC3ULPiq_Darkside (with Ty Dolla $ign & Future feat. Kiiara),0.4245880373033806
56ZTgzPBDge0OvCGgMO3OY_Woo,0.4289140894891848
6VuMaDnrHyPL1p4EHjYLi7_Some Type Of Love,0.43482014504476035
3DiDSECUqqY1AuBP8qtaIa_Doesnt Mean Anything,0.43483737759597213
1HBjj22wzbscIZ9sEb5dyf_Fast Car,0.43503146639091816
56ZTgzPBDge0OvCGgMO3OY_Troublemaker,0.4363906826612736
0c173mlxpT3dSFRgMO8XPh_First Chain,0.44600142105165996
13saZpZnCDWOI9D4IJhp1f_Family Man,0.44832897271583294
5P5FTygHyx2G57oszR3Wot_As You Are,0.4484498310076812
2WX2uTcsvV5OnS0inACecP_Shadow,0.4496578354661849
0NIPkIjTV8mB795yEIiPYL_Are You Bored Yet? (feat. Clairo),0.45779995475242635
1Xyo4u8uXC1ZmMpatF05PJ_Adaptation,0.45863921847030786
5y2Xq6xcjJb2jVM54GHK3t_Wrap Me Up in Your Love,0.4666149736883661
3Caot8EtHX6wLpNF2wRzS0_Why Woman,0.4688736565914779
