,0B3N0ZINFWvizfa8bKiz4v_Sanctuary
0B3N0ZINFWvizfa8bKiz4v_Sanctuary,0.0
3qNVuliS40BLgXGxhdBdqu_Four Seasons,0.24972419826124642
6vXTefBL93Dj5IqAWq6OTv_White Dress,0.25680475975088896
1GAS0rb4L8VTPvizAx2O9J_Just For Show,0.2685401760900456
5K4W6rqBFWDnAN6FQUkS6x_Touch The Sky,0.27320641425470743
7uMh23xWiuR7zsNkuNcm2G_Tongue,0.28383476299792165
0NIPkIjTV8mB795yEIiPYL_Scrawny,0.2863419657291931
"1r4hJ1h58CWwUQe3MxPuau_Intro, Magia",0.28959670482725963
5a2EaR3hamoenG9rDuVn8j_Valentina,0.3111454889967029
7o95ZoZt5ZYn31e9z1Hc0a_I Wanna Have Your Babies,0.3266579205346434
4V8Sr092TqfHkfAA5fXXqG_Despacito,0.3304958913171763
5snNHNlYT2UrtZo5HCJkiw_Hardship,0.3325273760988075
53XhwfbYqKCa1cC15pYq2q_Yesterday,0.3341982277658307
5bOD7SS2RP7gzcNstJeCuF_사랑은 병이지,0.33933421383755535
5y2Xq6xcjJb2jVM54GHK3t_Merry Christmas Baby   Give Love on Christmas Day,0.34624099809755826
7Ln80lUS6He07XvHI8qqHH_Reckless Serenade,0.35105733843160775
0UWZUmn7sybxMCqrw9tGa7_La Camisa Negra,0.35386359043176396
6XpaIBNiVzIetEPCWDvAFP_Whatchulookinat - Main (A.K.A. Backing Vox Up),0.3561361472483891
1l7ZsJRRS8wlW3WfJfPfNS_Underappreciated,0.36158562402210837
1KCSPY1glIKqW2TotWuXOR_Who Knew,0.36455217173385673
