,0c173mlxpT3dSFRgMO8XPh_Deep
0c173mlxpT3dSFRgMO8XPh_Deep,0.0
0qzzGu8qpbXYpzgV52wOFT_Cest La Vie,0.3551940346242746
2YZyLoL8N0Wb9xBt1NhZWg_Opposites Attract (Tomorrow W O Her),0.362435105381593
0ukAv4dLteeOA5IcKDpR2X_Meaning of Love,0.3670564394697986
6fTEkjuuZ3hH6fdeBxxbA2_Graze,0.3705842197701213
7HeVXdOdMhLslVputGTZFQ_Velvet Gloves & Spit,0.3748831560245604
3VNITwohbvU5Wuy5PC6dsI_The Christmas Song (Chestnuts Roasting on an Open Fire),0.37686655460438645
1eYhYunlNJlDoQhtYBvPsi_You Dont Know Me (with Diana Krall),0.3942567070441159
4kI8Ie27vjvonwaB2ePh8T_Created,0.39874550507288414
1uNFoZAHBGtllmzznpCI3s_The Christmas Song (Chestnuts Roasting On An Open Fire),0.4002179934090622
1Xyo4u8uXC1ZmMpatF05PJ_The Morning,0.40534525250775766
3HqSLMAZ3g3d5poNaI7GOU_ugly duckling,0.4068245232604229
3gIRvgZssIb9aiirIg0nI3_all the kids are depressed,0.411757533016454
2sBPVEeMBXKNsZtYaJixnJ_It Aint Easy,0.4142549036292903
2jku7tDXc6XoB6MO2hFuqg_Hate To Say,0.41620144328279013
3HqSLMAZ3g3d5poNaI7GOU_Voice-mail,0.420303019042205
2sBPVEeMBXKNsZtYaJixnJ_Rain On,0.4248078022373862
2gsggkzM5R49q6jpPvazou_White Christmas,0.43177955422801473
2YZyLoL8N0Wb9xBt1NhZWg_Chapter Six,0.43269764529760146
7o95ZoZt5ZYn31e9z1Hc0a_Wild Horses,0.43475865298288
