,0c173mlxpT3dSFRgMO8XPh_Wait For Me
0c173mlxpT3dSFRgMO8XPh_Wait For Me,0.0
1Zp054Jc86WVKCxKEqZGOA_Water,0.25452798206747
6vXTefBL93Dj5IqAWq6OTv_Backseat Action,0.3033797561291413
053q0ukIDRgzwTr4vNSwab_Realiti,0.3129202224803359
4kI8Ie27vjvonwaB2ePh8T_Marching With 6,0.31438273808296996
0c173mlxpT3dSFRgMO8XPh_Dont Tell Me You Love Me,0.3274536565230837
7zsin6IgVsR1rqSRCNYDwq_Hero - Acoustic,0.35454974651834187
7x3Y6pFeDGLJjv1V5uToHv_SAMARITAN,0.355085208422805
77SW9BnxLY8rJ0RciFqkHh_Ferrari,0.3616540086679773
6U1dBXJhC8gXFjamvFTmHg_Rewrite The Stars,0.36579436686143424
5zeCSgiRyezbfLiGOpKAsR_This Love,0.3659775698317917
06HL4z0CvFAxyc27GXpf02_I Did Something Bad,0.36758593117316424
6wKxOKEA3K6R2UZ3COLXEY_Sensations,0.3686502847187881
4yvcSjfu4PC0CYQyLy4wSq_Pork Soda,0.36883601165208424
6clbbhnIqpHnqxwtOWcilg_Marys Christmas,0.3809656423388133
4kI8Ie27vjvonwaB2ePh8T_60 Years,0.38198683265031985
3CjlHNtplJyTf9npxaPl5w_Heaven Hell,0.38289978158996046
1NaQOKgddaJipUtmptb7GI_In The Mist - Mixed,0.38421528093243285
7qG3b048QCHVRO5Pv1T5lw_Stay Here Tonight,0.384339318876241
2RQXRUsr4IW1f3mKyKsy4B_Young Blood,0.38800932935786947
