,0c173mlxpT3dSFRgMO8XPh_Blessings
0c173mlxpT3dSFRgMO8XPh_Blessings,0.0
5a2EaR3hamoenG9rDuVn8j_Black Sweat,0.5616123527176909
12Chz98pHFMPJEknJQMWvI_Undisclosed Desires,0.6201500978212714
28j8lBWDdDSHSSt5oPlsX2_Ghost In My Bed,0.6407720479910582
0B3N0ZINFWvizfa8bKiz4v_Say Love - Acoustic,0.6612915604725043
6wKxOKEA3K6R2UZ3COLXEY_Half Love,0.6719664882045749
5a2EaR3hamoenG9rDuVn8j_Sticky Like Glue,0.6870335720974655
3hv9jJF3adDNsBSIQDqcjp_Nothing Breaks Like a Heart - Martin Solveig Remix,0.68752670968808
0qzzGu8qpbXYpzgV52wOFT_Raxeira,0.7102652250506564
5K4W6rqBFWDnAN6FQUkS6x_Ultralight Beam,0.7344892265778648
1gkSl4XpHIHI4I1WQbfXOE_Stick It To The Pimp,0.7427042306358225
3gIRvgZssIb9aiirIg0nI3_talk is overrated,0.7616673357720725
6tbjWDEIzxoDsBA1FuhfPW_Live to Tell,0.7623632502755214
4Rxn7Im3LGfyRkY2FlHhWi_Find You - Acoustic,0.764607814029414
3HqSLMAZ3g3d5poNaI7GOU_Glasses,0.7726045925787249
586uxXMyD5ObPuzjtrzO1Q_Mi Rumba,0.7731048150499866
4bpY9pKx3mCQXZFO4RqsDb_She said that.,0.7738201791795718
5K4W6rqBFWDnAN6FQUkS6x_Wouldnt Leave,0.7751684748252594
188VINPQh5dyNfLUkevKqf_Generous,0.7906117654327779
3ImqpXKKgkH5VydfgX1hd4_Walk Through Hell,0.7911621040920392
