,0dH7U9VsdBan1K2G183OeH_8
0dH7U9VsdBan1K2G183OeH_8,0.0
25tMQOrIU4LlUo6Sv8v5SE_Glow,0.35004536564652494
6nB0iY1cjSY1KyhYyuIIKH_In Time,0.4261481715621762
4xPR9p75zzDlisJvvhEYl2_Cursed,0.5349772474439967
1UfzhwcOR4yfX7yHTPfC9m_It's A Trip!,0.5773888641000293
5v61OSg53KaQxGMpErkBNp_Depraved,0.5836278522293833
0KydPQPUUoTNhmiHKOg5Er_(AM),0.6407160631648587
5a2EaR3hamoenG9rDuVn8j_Life O the Party,0.6915204431760705
7CajNmpbOovFoOoasH2HaY_Dollar Signs,0.7328841932447989
6T5tfhQCknKG4UnH90qGnz_Cake By The Ocean,0.7339109339318011
5acfZKELBZRBvyhrC0kzG1_Tangled Up,0.7700272150358568
0ukgSx1gUt5rUihbNh46qy_Inside Out,0.788823174100064
7gjAu1qr5C2grXeQFFOGeh_On My Way,0.8036828238882125
7MC5zmK3iZHzPqGZEVSROe_Cold Winds,0.8071916480114096
1GAS0rb4L8VTPvizAx2O9J_The World Might Not Live Through The Night,0.8280794856287467
1xVcjJ5YsYOClO2Unt3Rm8_Infinity Guitars,0.8388082503081715
7LLcRttKjV6PeJOlCNCYon_Girl,0.8393872959931674
4AK6F7OLvEQ5QYCBNiQWHq_Heart Attack,0.8511215556001851
1HY2Jd0NmPuamShAr6KMms_Til It Happens To You,0.8521538409844753
7CajNmpbOovFoOoasH2HaY_Under Control,0.8800438645292107
