,0du5cEVh5yTK9QJze8zA0C_Grenade
0du5cEVh5yTK9QJze8zA0C_Grenade,0.0
4c4aEmXU6Hx95REbIZ3S82_Crazy Ass B*tch,0.29649121902941195
4phGZZrJZRo4ElhRtViYdl_Cant Hold Out on Love,0.34467402554032406
738wLrAtLtCtFOLvQBXOXp_Blow That Smoke (feat. Tove Lo),0.36302810351914666
5K4W6rqBFWDnAN6FQUkS6x_Hey Mama,0.3694331397462573
360IAlyVv4PCEVjgyMZrxK_...goingtohell,0.37636262424390166
50lhyY7UVI9NyVHl79rVgk_Be Mine,0.38040330189532534
0UWZUmn7sybxMCqrw9tGa7_Fuego,0.39882708203971423
5zeCSgiRyezbfLiGOpKAsR_The One I Love,0.4041898749892616
63cvWayCvPbWYNDi537w0z_Tear drops,0.40689459061191835
6fLrPFLWLSCrp7gcTZXcKb_Watch Me Go,0.40944374064345584
360IAlyVv4PCEVjgyMZrxK_Wheres the Fun in Forever,0.4098416640672327
5y2Xq6xcjJb2jVM54GHK3t_Used to Love U,0.4116915424433129
1U0sIzpRtDkvu1hXXzxh60_Bank Head (Extended) (Prod. Kingdom),0.4137542041065548
15iVAtD3s3FsQR4w1v6M0P_Get This Money,0.41602287626629253
6oMuImdp5ZcFhWP0ESe6mG_YRH (feat. Rich Homie Quan),0.4175860394269036
1sBkRIssrMs1AbVkOJbc7a_War Ready,0.41821422190215285
0QrowybipCKUDnq5y10PD2_Little Light (Mighty Maya Mix),0.4189456027648155
0X2BH1fck6amBIoJhDVmmJ_Starry Eyed,0.4199910444977457
2ht3wxeT69CzyKFChNnNAB_Follow Deez (feat. Curren$y & Killer Mike),0.42059638539671823
