,0EmeFodog0BfCgMzAIvKQp_Donde Estas Corazon
0EmeFodog0BfCgMzAIvKQp_Donde Estas Corazon,0.0
3PhoLpVuITZKcymswpck5b_Dont Go Breaking My Heart,0.3275222613614038
2SUvSee1ooyCzwAnsUdu2K_Baptized,0.35057743902191546
0GShYlUdyLahdsvgKdselx_Lip Up Fatty,0.38705995354659717
74ASZWbe4lXaubB36ztrGX_Wiggle Wiggle,0.5125475937803317
166Dz1GX3xonSQ3Z6CQW26_Get Myself Into It - Serge Santiago UK Edit,0.5202280800821195
1J85H7up7KHulSSDMd3Tnp_Talk Later,0.539810117385722
3PhoLpVuITZKcymswpck5b_True Love,0.5658291234842742
0ZrpamOxcZybMHGg1AYtHP_Give It 2 U,0.5772511820551091
0yCFOUK2sXwZhpWQ20rNV4_Set Adrift on Memory Bliss (Re-Recorded),0.5789626722846809
5Z1CCuBsyhEHngq3U5IraY_Shes Back,0.5859735134816072
77AiFEVeAVj2ORpC85QVJs_Back to Earth (feat. Fall Out Boy),0.6038068647899126
1SupJlEpv7RS2tPNRaHViT_Yo No Sé Que Esperas Tú,0.6154615486501197
2P560DaOMNDUACoH8ZhOCR_Life From A Window,0.624915523218279
7qG3b048QCHVRO5Pv1T5lw_Muñeca Cruel,0.6320885497534681
2BTZIqw0ntH9MvilQ3ewNY_Same Ol Story - Ralphi Rosario Dub,0.6323998663526661
0jnrgkvyi8Mv2hryBgC35d_EQ,0.6362778046869447
5Z1CCuBsyhEHngq3U5IraY_Home - Soul Seekerz Main Mix,0.6364549095259575
50co4Is1HCEo8bhOyUWKpn_Scared of You,0.6366934297848739
2VIoWte1HPDbZ2WqHd2La7_Come Over,0.6396409718916732
