,0EmeFodog0BfCgMzAIvKQp_Ojos Así - Live Version
0EmeFodog0BfCgMzAIvKQp_Ojos Así - Live Version,0.0
4c4aEmXU6Hx95REbIZ3S82_Painkiller,0.2132377161351835
7gAppWoH7pcYmphCVTXkzs_Be With You,0.2683532835107323
7gAppWoH7pcYmphCVTXkzs_Wake Up,0.28537363870509597
4kI8Ie27vjvonwaB2ePh8T_Keep On,0.2895419504004739
58XGUNsRNu3cVOIOYk5chx_Californian Hills,0.2961568052523394
6edGSAX5dVpeJVwu1Q0NwJ_Wish,0.30076645527107493
4RddZ3iHvSpGV4dvATac9X_Time And Time Again,0.3019485109313575
4UXqAaa6dQYAk18Lv7PEgX_Calm Before the Storm,0.30363976259507763
4O5EDKGt6YC5IXkOArVqk3_Like I Mean It,0.30738717081704775
1sxRcl7G7tpQvuQkMyAWau_Candy,0.31297052767560807
6cjO9Zz91AVQWz5Fj2VkWP_Teenage Kicks - From “Teen Spirit” Soundtrack,0.3191428152263737
3PhoLpVuITZKcymswpck5b_The Wasteland,0.3235535262481977
58XGUNsRNu3cVOIOYk5chx_Squealer,0.3235558213945303
58XGUNsRNu3cVOIOYk5chx_Archangel Thunderbird,0.32428261846992273
7Ln80lUS6He07XvHI8qqHH_I Bet You Look Good On The Dancefloor,0.3280647307625413
12Chz98pHFMPJEknJQMWvI_Unnatural Selection,0.32844523625466154
6TIYQ3jFPwQSRmorSezPxX_Invincible,0.32964412945916965
66CXWjxzNUsdJxJ2JdwvnR_Into You,0.3336600352064967
7qG3b048QCHVRO5Pv1T5lw_Sweet Isabel,0.33697688736266884
