,0EmeFodog0BfCgMzAIvKQp_Te Espero Sentada
0EmeFodog0BfCgMzAIvKQp_Te Espero Sentada,0.0
2BTZIqw0ntH9MvilQ3ewNY_Detour (feat. Emmylou Harris),0.4568577474819124
1eYhYunlNJlDoQhtYBvPsi_Aint That Love,0.5110821365854209
7G1GBhoKtEPnP86X2PvEYO_Do I Move You? - Outtake,0.5153578895160548
0MponVSpW81oLvJZ53vYZH_Hey Baby,0.5212782427955179
6G7OerKc3eBO9sVkRNopFC_The Coat Is Always On,0.5229083353063667
1WrqUPWlHN5FXCRcQgrkas_Ghosting,0.5263178958560171
3MdG05syQeRYPPcClLaUGl_Im Coming Out,0.5272121406115668
6G7OerKc3eBO9sVkRNopFC_Good Clean Fun,0.5323631628741027
0p4nmQO2msCgU4IF37Wi3j_Knockin' on Heaven's Door - Studio Version,0.5400264131922253
2BTZIqw0ntH9MvilQ3ewNY_Grab A Hold,0.5430991939884897
7GaxyUddsPok8BuhxN6OUW_Papa Dont Take No Mess - Pt. 1,0.5514334695319373
0x83OBqixqdCHnStP5VMcn_Zip-A-Dee-Doo-Dah,0.5558369733099298
2YZyLoL8N0Wb9xBt1NhZWg_untitled 08 | 09.06.2014.,0.565772338236295
5CG9X521RDFWCuAhlo6QoR_Egbe Mi O (Carry Me),0.5671724482279942
5zaXYwewAXedKNCff45U5l_Mockingbird,0.5689766496788766
1eYhYunlNJlDoQhtYBvPsi_I Wonder Who,0.570232850288639
1tqZaCwM57UFKjWoYwMLrw_03.45 : No Sleep,0.5733436129279187
0sFBS7yPhNcn3RNmWHzLQ0_Taken Away,0.5775980640148419
1l7ZsJRRS8wlW3WfJfPfNS_Move It,0.5783964706449707
