,0EmeFodog0BfCgMzAIvKQp_Ready for the Good Times
0EmeFodog0BfCgMzAIvKQp_Ready for the Good Times,0.0
33crDRqANd3NQHJagZkQ7O_Hide and seek,0.3497341258000797
2gsggkzM5R49q6jpPvazou_Rudolph The Red-Nosed Reindeer   Jingle Bells,0.3631559094734884
0c173mlxpT3dSFRgMO8XPh_Sellin Dreams,0.3822661369181984
6vXTefBL93Dj5IqAWq6OTv_Black Out,0.4014719740863913
3qNVuliS40BLgXGxhdBdqu_Circus,0.40198623144090023
2gsggkzM5R49q6jpPvazou_Glory,0.4023844070438306
6MDME20pz9RveH9rEXvrOM_We Were Just Kids (feat. Craig David & Kirsten Joy),0.40546937056842863
1Cs0zKBU1kc0i8ypK3B9ai_Its Alright (Preaching Paris),0.4123529343965931
5snNHNlYT2UrtZo5HCJkiw_Swan Song (feat. TBNY),0.4208099578042946
0B3N0ZINFWvizfa8bKiz4v_Torn - Bonus Track,0.42122336476696537
5snNHNlYT2UrtZo5HCJkiw_Swan Song,0.424480955637651
0B3N0ZINFWvizfa8bKiz4v_Torn,0.4262441079481766
6Dd3NScHWwnW6obMFbl1BH_Dare,0.4262648215903979
7n2wHs1TKAczGzO7Dd2rGr_Air,0.4298351708376863
2mV8aJphiSHYJf43DxL7Gt_Hard To Say No,0.4338689781230356
3z5dNUhKpvMAXqSz6WhoKc_Rasta Rebel Renegade,0.4356791085606444
2GLf7iaOOujAem5R87xwto_But for You,0.43812373626056245
1kS52jCnMYq4n46ZX9zqw7_Echoes,0.4390545593994653
13saZpZnCDWOI9D4IJhp1f_Pushing Up Daisies,0.4399885700983702
