,0EmeFodog0BfCgMzAIvKQp_Trap (feat. Maluma)
0EmeFodog0BfCgMzAIvKQp_Trap (feat. Maluma),0.0
5snNHNlYT2UrtZo5HCJkiw_Fallin` (feat. 조예진),0.27291997132087215
1DvtabXAjfrMihPP6JQdHs_Get Away,0.2981030721943429
2mV8aJphiSHYJf43DxL7Gt_Over Your Shoulder,0.3175196130674831
1r4hJ1h58CWwUQe3MxPuau_Condena,0.32116479884525917
5rSXSAkZ67PYJSvpUpkOr7_Is It Just Me,0.3212937057037674
0grdhNhiRLFBaFVyybqsj6_Touch Of Heaven,0.3392480140549933
2wY79sveU1sp5g7SokKOiI_Dancing With A Stranger (with Normani),0.3415071774544884
1DvtabXAjfrMihPP6JQdHs_Oh Lord (feat. 3 Glizzy),0.3476506697126618
31IZdHrCZ5pRhLz4zBxN3o_Teal Tone Lobster,0.36220256663706435
1DvtabXAjfrMihPP6JQdHs_How Im Coming,0.36921558909418456
7o95ZoZt5ZYn31e9z1Hc0a_These Words - Dwele Remix,0.3747426780407448
7rRz5zPounzREHN0cIrYhS_Goodbye Horses,0.3771391149417377
5enwJ9yOnKlCP91ov4Dqhv_Blue Hawaii (Prod. by 0channel),0.37787893921199445
1r4hJ1h58CWwUQe3MxPuau_Borro Cassette,0.3783425964916177
5v61OSg53KaQxGMpErkBNp_The Promise,0.3787508289230571
6V3F8MZrOKdT9fU686ybE9_My Life,0.384203175176422
1DvtabXAjfrMihPP6JQdHs_Let It Rain,0.3862623811140874
0NIIxcxNHmOoyBx03SfTCD_Faded Love (feat. Future),0.38643027533999746
0NIIxcxNHmOoyBx03SfTCD_Faded Love,0.3879367059551536
