,0gkXXozgBe3DQ5VCLCHdt8_Bad Feeling
0gkXXozgBe3DQ5VCLCHdt8_Bad Feeling,0.0
0Je74SitssvJg1w4Ra2EK7_No Place Like Home,0.3445050463358247
4AqIRTZF6DDmKmdorgFug6_Canine Euthanasia,0.36549603789611407
2BTZIqw0ntH9MvilQ3ewNY_Baby Workout,0.36639189320138876
4AqIRTZF6DDmKmdorgFug6_Urban Struggle,0.38719553895261116
4Z8W4fKeB5YxbusRsdQVPb_Blow Out,0.38915470762657195
4AqIRTZF6DDmKmdorgFug6_Kick Me,0.39952194466229635
4RddZ3iHvSpGV4dvATac9X_Be Free,0.4016107415252449
4RddZ3iHvSpGV4dvATac9X_Tyranny Of Normality,0.4122449836652323
5P5FTygHyx2G57oszR3Wot_There And Back Again,0.4244270887696894
4Z8W4fKeB5YxbusRsdQVPb_Ripcord,0.42471558296731615
2VIoWte1HPDbZ2WqHd2La7_A Walk In The Sun (Mono),0.42904063058303504
2VIoWte1HPDbZ2WqHd2La7_Let The Cold Winds Blow (Mono),0.4416960612103774
2P560DaOMNDUACoH8ZhOCR_The Gift,0.4429939076815054
4AqIRTZF6DDmKmdorgFug6_Power Mustache,0.44408053858475793
3eqjTLE0HfPfh78zjh6TqT_Born to Run,0.4473048147777229
4RddZ3iHvSpGV4dvATac9X_Sometimes,0.454943634062379
"58XGUNsRNu3cVOIOYk5chx_And, Goodnight",0.455180263030917
4Z8W4fKeB5YxbusRsdQVPb_How Do You?,0.4564105836179313
0yzFSxsLtxHlnG1fYLhK3A_Pass The Hat Around,0.4571969586631622
