,0grdhNhiRLFBaFVyybqsj6_Too Late To Say Goodbye - Acoustic
0grdhNhiRLFBaFVyybqsj6_Too Late To Say Goodbye - Acoustic,0.0
2cNV8vNe2fPFf6OfGOBbSS_It Sure Is Monday,0.34094091950436006
6mQfAAqZGBzIfrmlZCeaYT_So Naughty,0.34903465455276267
74ASZWbe4lXaubB36ztrGX_God Knows - Outtake from Oh Mercy sessions,0.35307062655628524
3miNucraVWk4hdVsIxn7id_I Will Be with You Again,0.35335444432426183
6TqQLejnHXMGr7KcegxUND_Going to a Go-Go - Rerecorded,0.35366895082537453
5Z1CCuBsyhEHngq3U5IraY_Obvious,0.353708124085366
1eClJfHLoDI4rZe5HxzBFv_Disappear,0.3573652201460563
0cQbJU1aAzvbEmTuljWLlF_Blue In The Face,0.36504194740641405
2EcNV0nlF6f6ZDtJJG2vKN_Everybodys Lovin My Baby,0.3721662622465887
5a2EaR3hamoenG9rDuVn8j_When Eye Lay My Hands On U,0.38218237148845974
0grdhNhiRLFBaFVyybqsj6_Almost Everything,0.3839624237700873
4xPR9p75zzDlisJvvhEYl2_Oceans (Philosophical Sessions),0.3855846006542924
57MtJQ6Sc4tIxrXIhrqVJL_Avery,0.38749888937101873
5zaXYwewAXedKNCff45U5l_Little By Little,0.38836959136239635
5zaXYwewAXedKNCff45U5l_Silver Threads & Golden Needles,0.3886045645744874
0Je74SitssvJg1w4Ra2EK7_Whats Up?,0.3889003702217359
2g3PKH7Z1Ofn5oGR6oDjLy_Dont Be Afraid of the Dark,0.3921321481279247
6vXTefBL93Dj5IqAWq6OTv_You,0.39242463817600964
5Z1CCuBsyhEHngq3U5IraY_No Place That Far,0.39442469176768624
