,0grdhNhiRLFBaFVyybqsj6_Christmas Spirit
0grdhNhiRLFBaFVyybqsj6_Christmas Spirit,0.0
0grdhNhiRLFBaFVyybqsj6_Nothing Left To Say,0.2525716468042366
0grdhNhiRLFBaFVyybqsj6_Like Heaven,0.2807843485471454
51Blml2LZPmy7TTiAg47vQ_When I Look At The World,0.29606023381462254
0yNLKJebCb8Aueb54LYya3_I'll Stay with You,0.3009337530851973
0yNLKJebCb8Aueb54LYya3_Ill Stay with You,0.3009337530851973
1tqZaCwM57UFKjWoYwMLrw_For The Boys,0.302360249241846
0B1fOLrRTsxPUzYhCi64su_On Our Way To Tomorrow,0.30798572312042816
57MtJQ6Sc4tIxrXIhrqVJL_Turning The Screw,0.3237266782851404
0p4nmQO2msCgU4IF37Wi3j_Tomorrow,0.32781109609626613
0yNLKJebCb8Aueb54LYya3_Guilt Is a Useless Emotion - 2015 Remaster,0.3423592626496112
5o206eFLx38glA2bb4zqIU_Light Pollution,0.346453416822501
0yNLKJebCb8Aueb54LYya3_Ive Got a Feeling,0.3471101831932529
1HY2Jd0NmPuamShAr6KMms_Alejandro,0.3473939924482426
5o206eFLx38glA2bb4zqIU_Jejune Stars,0.3486611093870305
5oOhM2DFWab8XhSdQiITry_Division,0.35038135126867054
7K3zpFXBvPcvzhj7zlGJdO_Vietnam,0.3545493376995607
58XGUNsRNu3cVOIOYk5chx_Baby Big Man (I Want a Mommy),0.35455198421598944
4RddZ3iHvSpGV4dvATac9X_Life Is A Bullet,0.3567691921129545
5Z1CCuBsyhEHngq3U5IraY_What Makes a Man,0.3626810113248987
