,0grdhNhiRLFBaFVyybqsj6_Dont Mean Nothing
0grdhNhiRLFBaFVyybqsj6_Dont Mean Nothing,0.0
6clbbhnIqpHnqxwtOWcilg_Shadow In The Rain,0.2959541662445625
2BTZIqw0ntH9MvilQ3ewNY_Someone Like Me,0.33646874825222384
7qG3b048QCHVRO5Pv1T5lw_Invéntame,0.35062175602028034
6clbbhnIqpHnqxwtOWcilg_Second Wind,0.3609777033960034
2P560DaOMNDUACoH8ZhOCR_Dont Tell Them Youre Sane,0.3764443942632016
74ASZWbe4lXaubB36ztrGX_Silvio,0.38237073981506026
2P560DaOMNDUACoH8ZhOCR_Its Too Bad,0.3879812136488993
3Z02hBLubJxuFJfhacLSDc_Flower Grown Wild,0.4016809345809563
3zD5liDjbqljSRorrrcEjs_Dont Look Down,0.4023033727165432
7qG3b048QCHVRO5Pv1T5lw_One Day At A Time,0.4096188755836373
450o9jw6AtiQlQkHCdH6Ru_Youll Like it Too,0.41577351684975516
4j07I8NDDAMIy4BWc6aqOj_Feel So Good,0.41910519716575984
7qG3b048QCHVRO5Pv1T5lw_Si Juras Regresar,0.42084025029504407
58XGUNsRNu3cVOIOYk5chx_W.u.o.t.w.s.,0.42307944175926343
2VIoWte1HPDbZ2WqHd2La7_Come Over,0.42654900990862143
3VNITwohbvU5Wuy5PC6dsI_Strong,0.4285951258124002
2P560DaOMNDUACoH8ZhOCR_To Be Someone (Didnt We Have A Nice Time),0.43126633657555485
0x83OBqixqdCHnStP5VMcn_20th Century Rock & Roll,0.4322936057044669
2VIoWte1HPDbZ2WqHd2La7_She Always Leaves Me Laughing - Remastered,0.43876887200636344
