,0hEurMDQu99nJRq8pTxO14_Paper Doll
0hEurMDQu99nJRq8pTxO14_Paper Doll,0.0
0nJUwPwC9Ti4vvuJ0q3MfT_Love Is on a Roll (feat. Roger Cook),0.2627694923565206
5I0EPnV9gwrZYTbScjnaOk_The Face I Love (Seu Encanto) - Ao Vivo,0.304319261807085
1Xyo4u8uXC1ZmMpatF05PJ_Stargirl Interlude,0.32891194456622064
5Z1CCuBsyhEHngq3U5IraY_When I Fall in Love,0.3343137917912594
4Z8W4fKeB5YxbusRsdQVPb_We Suck Young Blood,0.3344127772016676
5o206eFLx38glA2bb4zqIU_Blue Christmas,0.352123195143566
74ASZWbe4lXaubB36ztrGX_Duquesne Whistle,0.3634966990414466
4phGZZrJZRo4ElhRtViYdl_In Your Hands,0.3665598396966963
5I0EPnV9gwrZYTbScjnaOk_Saveiros,0.37094766047704686
0QrowybipCKUDnq5y10PD2_Ease Back,0.37541299385457916
74ASZWbe4lXaubB36ztrGX_Po Boy,0.3769194776034162
6eUKZXaKkcviH0Ku9w2n3V_The City,0.3801508065960493
7A0awCXkE1FtSU8B0qwOJQ_Far Nearer,0.3816169861612167
12VaqyEhgwDRuFfEqbnrpz_Angelene,0.38360743966162
3ZcbVcd3fsf9qKK02UVzGB_Forever Love - Remastered,0.38961607949485755
6G7OerKc3eBO9sVkRNopFC_Rockets,0.3914047778740587
0qzzGu8qpbXYpzgV52wOFT_The Art Of Living,0.3914119605045509
5I0EPnV9gwrZYTbScjnaOk_No Balanço do meu Samba,0.39178644070062535
3Caot8EtHX6wLpNF2wRzS0_This Low,0.3924423378417165
