,0hEurMDQu99nJRq8pTxO14_In Repair
0hEurMDQu99nJRq8pTxO14_In Repair,0.0
3XlIhgydjvC4EniPFZT20j_River Of You,0.3394290167552262
7qG3b048QCHVRO5Pv1T5lw_Youre My #1,0.35495294417778284
0vEsuISMWAKNctLlUAhSZC_Palisades Park,0.35503990499085847
7LLcRttKjV6PeJOlCNCYon_Swimsuit,0.3567189759835761
3Ayl7mCk0nScecqOzvNp6s_Sure and Certain,0.35828326711517244
0c173mlxpT3dSFRgMO8XPh_You Dont Know,0.3632314377570145
7gAppWoH7pcYmphCVTXkzs_Shivers,0.36802862866600344
5WUlDfRSoLAfcVSX1WnrxN_Sunshine,0.3732459590055611
2Sqr0DXoaYABbjBo9HaMkM_King of Anything,0.3773917738745149
2Sqr0DXoaYABbjBo9HaMkM_Not Alone,0.3812947542243906
6fLrPFLWLSCrp7gcTZXcKb_I Cant Wait,0.402820573369016
2HcwFjNelS49kFbfvMxQYw_Sexed Up,0.40656317307202744
1l9d7B8W0IHy3LqWsxP2SH_Nothing But Trouble,0.41175859841851375
4Ui2kfOqGujY81UcPrb5KE_Dont Save Me,0.41213022075797284
0pz4FXVMZ2ncXAjgHGOcMw_To My Son,0.41276962046972154
06HL4z0CvFAxyc27GXpf02_Cold As You,0.4165021975590395
3KH7WsR2JZQ94Ik8SyabU6_Africa (feat. KNAAN),0.4165416123691795
4S9EykWXhStSc15wEx8QFK_Celle qui ma tout appris,0.4192675662130533
7ia4FaCVsbXvhVwagCJk7l_M.A.D.,0.42063005890088023
