,0hEurMDQu99nJRq8pTxO14_The Heart of Life
0hEurMDQu99nJRq8pTxO14_The Heart of Life,0.0
16oZKvXb6WkQlVAjwo2Wbg_Nightshade,0.4339030777005249
4WLoEXu4C2C2YZshOvGL0O_Revel,0.45854279379213764
0K2uwmxSdZBPHmtBz54ELR_Veinte Años,0.466126840403207
02rd0anEWfMtF7iMku9uor_O Holy Night,0.47252772327370224
2wpr4ILskkRzPBGodmbMs1_Bailar Contigo,0.4882484142923723
4NgNsOXSwIzXlUIJcpnNUp_Beautiful Girl,0.4938690351232848
3QSQFmccmX81fWCUSPTS7y_Lose My Mind - Acoustic,0.5063923483603343
5zaXYwewAXedKNCff45U5l_Morning (Bom Dia),0.5292811876149713
0z7Yuv7DuDQ5SaVn4VSlLt_Little Bird,0.5424877131825719
0qzzGu8qpbXYpzgV52wOFT_Pretty Ribbons And Lovely Flowers,0.545294909092468
4kI8Ie27vjvonwaB2ePh8T_Let You Down,0.5583865936176271
5o206eFLx38glA2bb4zqIU_Have Yourself a Merry Little Christmas,0.5732097341130435
6vWDO969PvNqNYHIOW5v0m_Sorry - Original Demo,0.5756335086744006
6G7OerKc3eBO9sVkRNopFC_No Sense,0.5787192238016515
7LLcRttKjV6PeJOlCNCYon_Naked Shower Scene,0.6006375181041467
1r4hJ1h58CWwUQe3MxPuau_Intro - F.A.M.E.,0.6025281256386147
7zsin6IgVsR1rqSRCNYDwq_Im the One,0.6075878674791245
0kEfub5RzlZOB2zGomqVSU_Home,0.6150765101922377
74ASZWbe4lXaubB36ztrGX_Roll on John,0.6187602057252208
