,0HjoyITAvSVktTCjXUa40Q_Like A Prayer
0HjoyITAvSVktTCjXUa40Q_Like A Prayer,0.0
6ewMqjrF31lC8ywRsvm073_Everywhere But Here,0.3737446201620184
6ewMqjrF31lC8ywRsvm073_Alone,0.3768308445582003
3LjhVl7GzYsza1biQjTpaN_Palace - Justin Caruso Remix,0.380653062402851
3E3xrZtBU5ORqcmX78v5YZ_21,0.3807797880916233
6ewMqjrF31lC8ywRsvm073_Outside Looking In,0.40417043353876947
5rSXSAkZ67PYJSvpUpkOr7_In Pieces,0.40894320792779076
7CajNmpbOovFoOoasH2HaY_Drinking from the Bottle (feat. Tinie Tempah),0.4137315562950163
5P5FTygHyx2G57oszR3Wot_Used To,0.4137404588715994
5v61OSg53KaQxGMpErkBNp_Adelaide,0.42435851042629164
7Ln80lUS6He07XvHI8qqHH_Dancing Shoes,0.4563820419810455
5Rl15oVamLq7FbSb0NNBNy_Heartbreak Girl,0.46642144546805875
5BtHciL0e0zOP7prIHn3pP_Phase,0.4667498613740798
4AK6F7OLvEQ5QYCBNiQWHq_Rock Me,0.4683880026883837
4RddZ3iHvSpGV4dvATac9X_Lifeline,0.4746618749521623
5P5FTygHyx2G57oszR3Wot_Call Your Name,0.47646005091696314
5zaXYwewAXedKNCff45U5l_Island Of Dreams,0.47788184880728213
5YGY8feqx7naU7z4HrwZM6_Full Circle,0.47916164639214986
1Hsdzj7Dlq2I7tHP7501T4_Finally Free - From Smallfoot,0.47963433099619135
5P5FTygHyx2G57oszR3Wot_What I Meant To Say,0.48004914689976913
