,0kEfub5RzlZOB2zGomqVSU_Certain Things (Interlude)
0kEfub5RzlZOB2zGomqVSU_Certain Things (Interlude),0.0
5I0EPnV9gwrZYTbScjnaOk_La Petite Valse - Ao Vivo,0.46648612226170066
2auiVi8sUZo17dLy1HwrTU_Can I Hold the Mic (interlude),0.6215878474914804
2g3PKH7Z1Ofn5oGR6oDjLy_Break Song,0.7370197120091945
21mKp7DqtSNHhCAU2ugvUw_Intro,0.7482547067009886
5zeCSgiRyezbfLiGOpKAsR_Shade Of Blue,0.7506772758663577
04gDigrS5kc9YWfZHwBETP_If I Fell - Acoustic,0.7555115770802426
4phGZZrJZRo4ElhRtViYdl_Halfway Home,0.8098062362753186
1Cs0zKBU1kc0i8ypK3B9ai_Listen - Bonus Commentary,0.8155724882866567
2wY79sveU1sp5g7SokKOiI_How Will I Know,0.827716170628519
7MC5zmK3iZHzPqGZEVSROe_Over Now - Avatar Sessions,0.82818940904451
3oXddLOOjkoUuC2sX1RMdr_Game To Lose,0.8324766624039931
7c0XG5cIJTrrAgEC3ULPiq_Famous Last Words,0.8455801211105206
0YC192cP3KPCRWx8zr8MfZ_My Enemy,0.8681254986439916
74ASZWbe4lXaubB36ztrGX_Seven Curses - Studio Outtake - 1963,0.8906757820904285
6eUKZXaKkcviH0Ku9w2n3V_Wake Me Up,0.9054804121437315
2Vf7CVwpNRCCv9AHs8oety_Something I Gotta Do,0.9058644852738322
7G1GBhoKtEPnP86X2PvEYO_Thandewye,0.911041503937669
7G1GBhoKtEPnP86X2PvEYO_Lilac Wine,0.9220320961800422
0QrowybipCKUDnq5y10PD2_Dreamin,0.9894353118827126
