,0lm1sBmkf4KjNJorgwZ4P8_Cool And Deadly
0lm1sBmkf4KjNJorgwZ4P8_Cool And Deadly,0.0
7c1HgFDe8ogy5NOZ1ANCJQ_Beyond,0.26485811133027665
5I0EPnV9gwrZYTbScjnaOk_Vim Dizer que Sim,0.2673846805610946
31TPClRtHm23RisEBtV3X7_Filthy,0.3157006122701946
3JhNCzhSMTxs9WLGJJxWOY_Excavate (feat. Saint Claire),0.34349056721305404
2LRoIwlKmHjgvigdNGBHNo_Que Raro,0.3455803910593263
31TPClRtHm23RisEBtV3X7_Never Again,0.36270844784993705
2YZyLoL8N0Wb9xBt1NhZWg_YAH.,0.3673463042719135
3HqSLMAZ3g3d5poNaI7GOU_비밀의 화원 [Bimilui Hwawon] : Secret Garden,0.36946172374960423
5snNHNlYT2UrtZo5HCJkiw_그녀는 몰라,0.37416290953794373
5snNHNlYT2UrtZo5HCJkiw_그녀는 몰라 (feat. MYK),0.3743566914501346
4phGZZrJZRo4ElhRtViYdl_Lucky,0.3765778897257196
755pQSGUy6rtPrUCbnJTvi_Shame,0.4021262939807859
5CG9X521RDFWCuAhlo6QoR_Coffin For Head Of State,0.40244711892479873
3PhoLpVuITZKcymswpck5b_Weight Of The World,0.40472801653988844
5y2Xq6xcjJb2jVM54GHK3t_Each Day Gets Better,0.4059743551662762
5WUlDfRSoLAfcVSX1WnrxN_Natales Song,0.40802448787379936
6a3Mfrn2XBR1DfPg1QGa1d_Summer Night You and I,0.40987909928772914
3PhoLpVuITZKcymswpck5b_The Letter,0.4131876524814903
6VuMaDnrHyPL1p4EHjYLi7_Suffer,0.41485181209317606
