,0MponVSpW81oLvJZ53vYZH_Barefootin
0MponVSpW81oLvJZ53vYZH_Barefootin,0.0
3Z02hBLubJxuFJfhacLSDc_Depend On Me,0.36886484167134526
2P560DaOMNDUACoH8ZhOCR_When Youre Young,0.43683364142294284
6vXTefBL93Dj5IqAWq6OTv_Have It All,0.43875038869254945
0MponVSpW81oLvJZ53vYZH_I Need Someone,0.44162645468001555
3Z02hBLubJxuFJfhacLSDc_Hey Honey - Im Packin You In,0.47391186062231055
1qekCz7F0WsQICLJSVlmpy_Ahora Dime Si Me Quieres,0.4842830008488046
0EWNGg48ud76JxJGrSMigx_I Like What She Doing,0.49070570349105286
5Mhu08c0ez3D8usQzZeW03_Parental Advisory,0.491325919475319
6vXTefBL93Dj5IqAWq6OTv_Penthouse Music,0.4988853137797681
4ly0VtIYiDYVA4q6ry0NUk_Repetition,0.5093097057268605
6clbbhnIqpHnqxwtOWcilg_Im Waiting,0.5241807251395882
3Z02hBLubJxuFJfhacLSDc_Thought Id Died And Gone To Heaven,0.5302696888309528
3VNITwohbvU5Wuy5PC6dsI_You Are The One,0.5316877806747835
"6f4XkbvYlXMH0QgVRzW0sM_War (feat. DJ Whoo Kid, Neon Dreams & Stokes)",0.5371039194430818
31IZdHrCZ5pRhLz4zBxN3o_Summer of Surf,0.5396345839672362
2P560DaOMNDUACoH8ZhOCR_The Dreams Of Children,0.5402715535939083
3Z02hBLubJxuFJfhacLSDc_Is Your Mama Gonna Miss Ya?,0.5503359805447043
0MponVSpW81oLvJZ53vYZH_Now Is The Time For Love,0.5626612649683187
3Z02hBLubJxuFJfhacLSDc_Native Son,0.5763171650699642
