,0NWbwDZY1VkRqFafuQm6wk_Fate (with Young Thug & Swae Lee)
0NWbwDZY1VkRqFafuQm6wk_Fate (with Young Thug & Swae Lee),0.0
5ZsFI1h6hIdQRw2ti0hz81_No Candle No Light (feat. Nicki Minaj),0.27553443399464433
2pvCf5g7XBReiPIvcq7W18_OVERZONE - EXTENDED,0.31112896138978013
"6Dd3NScHWwnW6obMFbl1BH_Album Preview: Sit Still, Look Pretty",0.32434149697758297
1f5GqyOPo0CkotzzRwviBu_Hunter The Hungry Is Gon’ Eat,0.3268696328273573
7hssUdpvtY5oiARaUDgFZ3_Favela,0.3320705449699958
6TIYQ3jFPwQSRmorSezPxX_A Little More,0.332215362220768
1HY2Jd0NmPuamShAr6KMms_Diggin My Grave,0.33299801523721684
7gAppWoH7pcYmphCVTXkzs_If I Was Your Man,0.33352958672814315
5CCwRZC6euC8Odo6y9X8jr_Falling to Pieces,0.3349899804356663
4phGZZrJZRo4ElhRtViYdl_Have It All,0.34330981068800187
26dSoYclwsYLMAKD3tpOr4_Ooh Ooh Baby,0.35491310393516035
5snNHNlYT2UrtZo5HCJkiw_Go,0.3558719524194668
2gsggkzM5R49q6jpPvazou_Rockin Around The Christmas Tree,0.35750191025073047
2gsggkzM5R49q6jpPvazou_Rockin' Around The Christmas Tree,0.35750191025073047
7tzJgRZNKA2u3ntZ43DHP0_Bout Dis Money,0.35841033087512514
4phGZZrJZRo4ElhRtViYdl_Love Is Still The Answer,0.3625750302689918
0C8ZW7ezQVs4URX5aX7Kqx_Back To You - From 13 Reasons Why – Season 2 Soundtrack,0.3698025930604466
0p4nmQO2msCgU4IF37Wi3j_Head Above Water,0.37022548763312096
4AK6F7OLvEQ5QYCBNiQWHq_Over Again,0.3704628161617603
