,"0NWbwDZY1VkRqFafuQm6wk_F.I.G.H.T. (with Eearz, Gucci Mane, YG, Trouble, Quavo & Juicy J)"
"0NWbwDZY1VkRqFafuQm6wk_F.I.G.H.T. (with Eearz, Gucci Mane, YG, Trouble, Quavo & Juicy J)",0.0
1DvtabXAjfrMihPP6JQdHs_Dope Boy Magic (feat. Trey Songz and A Boogie wit da Hoodie),0.44489825196807775
0NIIxcxNHmOoyBx03SfTCD_He Dont Want It,0.5080418322390551
1RyvyyTE3xzB2ZywiAwp0i_Oooooh,0.5379880687553869
7CajNmpbOovFoOoasH2HaY_Faith,0.5439995713777629
1DvtabXAjfrMihPP6JQdHs_Paper Soldiers (feat. Goo Glizzy & DF Gizzle),0.5548018653931189
1RyvyyTE3xzB2ZywiAwp0i_Ooooh (feat. Young Scooter),0.5619830339409095
5y2Xq6xcjJb2jVM54GHK3t_Penthouse Floor,0.5650728890733596
360IAlyVv4PCEVjgyMZrxK_...All,0.569102668595595
6KImCVD70vtIoJWnq6nGn3_Carolina,0.5819843386415008
31IZdHrCZ5pRhLz4zBxN3o_De Chicas,0.6003049903891048
31IZdHrCZ5pRhLz4zBxN3o_Ice Behind My Lip,0.6299055951750687
23NIwARd4vPbxt3wwNnJ6k_NYC Observation,0.636225961152248
4MCBfE4596Uoi2O4DtmEMz_Hide (feat. Seezyn),0.6533643618100042
25tMQOrIU4LlUo6Sv8v5SE_The Middle,0.6577991570617183
4bpY9pKx3mCQXZFO4RqsDb_Propose,0.6579972975156679
5K4W6rqBFWDnAN6FQUkS6x_No More Parties In LA,0.6587316291607784
2ZRQcIgzPCVaT9XKhXZIzh_Winnebago (feat. Quinn XCII & Daniel Wilson),0.6614456247973906
6EyCwIp7Sb3oTXXaCxoYbz_Chandelier,0.6630971640769154
5K4W6rqBFWDnAN6FQUkS6x_Runaway,0.6669060481052789
