,0p4nmQO2msCgU4IF37Wi3j_Complicated
0p4nmQO2msCgU4IF37Wi3j_Complicated,0.0
0cc6vw3VN8YlIcvr1v7tBL_Shout At The Devil,0.38750974660752374
53RkHTcl0SJZjpzqogkBf4_One Thing Leads to Another (Re-Recorded),0.39951600687818395
7o95ZoZt5ZYn31e9z1Hc0a_Shake up Christmas 2011 (Official Coca-Cola Christmas Song),0.41084605618939535
2siHvYaxjaW5rKVRiIrMYH_Love Is a Crime - Cotto's Doin' The Crime Special Edition Edit,0.4223266564737773
0MponVSpW81oLvJZ53vYZH_Everybody Knows (But You),0.4285714370581401
7gAppWoH7pcYmphCVTXkzs_Last Night,0.4371514554259733
5Igpc9iLZ3YGtKeYfSrrOE_Operator (Ring Ring) [feat. Dances With White Girls],0.44686687868102304
6yhD1KjhLxIETFF7vIRf8B_P.A.T.T.,0.4485941139605061
5WUlDfRSoLAfcVSX1WnrxN_Youve Changed,0.4556937334666509
0EmeFodog0BfCgMzAIvKQp_Si Te Vas - En Vivo,0.4568390352855677
5snNHNlYT2UrtZo5HCJkiw_Fly (Inst.),0.4583849850874718
2HcwFjNelS49kFbfvMxQYw_Life Thru A Lens,0.46256959661889296
2g3PKH7Z1Ofn5oGR6oDjLy_Night Time Is the Right Time,0.467427486505326
2siHvYaxjaW5rKVRiIrMYH_One Day In Your Life - Hex Hector Special Edition Edit,0.4678389355444051
4aUvbQAAA2SLQUH8ib96yn_Goodbye To The Job,0.4700244393519669
3YQKmKGau1PzlVlkL1iodx_Polarize,0.4715284503924946
1ECKbPx4YhCU4SgKq8pfAc_Takin Ovah (feat. I-Octane),0.47278226976031096
0p4nmQO2msCgU4IF37Wi3j_Complicated - The Matrix Mix,0.47663079349996396
6XpaIBNiVzIetEPCWDvAFP_Heartbreak Hotel (feat. Faith Evans & Kelly Price) - Hex Hector Radio Mix,0.4773848036788432
