,0p4nmQO2msCgU4IF37Wi3j_Im with You
0p4nmQO2msCgU4IF37Wi3j_Im with You,0.0
26dSoYclwsYLMAKD3tpOr4_Toxic,0.342272964250294
0du5cEVh5yTK9QJze8zA0C_Perm,0.38176770654539627
5WUlDfRSoLAfcVSX1WnrxN_The Girl You Lost,0.4061116308657593
5WUlDfRSoLAfcVSX1WnrxN_Big Girl Little Girl,0.40880870106033546
5lBUWrTWtJewTgS394y0m9_Dont Kill My Vibe - From “Teen Spirit” Soundtrack,0.41519480480167664
7IVgVM49Z4ztdmOqOIxhvP_High,0.4153778877086468
6nfN5B7Jmi853SHa9106Hz_Do You Want To Build A Snowman?,0.41578126370237234
1l8Fu6IkuTP0U5QetQJ5Xt_Sauced Up,0.43824213476202706
3YQKmKGau1PzlVlkL1iodx_Jumpsuit,0.44552777958168965
5YGY8feqx7naU7z4HrwZM6_Week Without You,0.4497340650036311
2mV8aJphiSHYJf43DxL7Gt_Dont Turn The Lights On,0.45373951020867764
13saZpZnCDWOI9D4IJhp1f_L8 CMMR,0.4583212780620616
7qG3b048QCHVRO5Pv1T5lw_Hero,0.4587138448890638
6sFIWsNpZYqfjUpaCgueju_Call Me Maybe,0.46108434725206937
5a2EaR3hamoenG9rDuVn8j_Stare,0.4694829745265999
5CG9X521RDFWCuAhlo6QoR_Ye Ye De Smell,0.47236840413531506
3miNucraVWk4hdVsIxn7id_Como Se Llama Mama,0.4773506076496908
5szdY7KaSi7epwyffrbV8c_Feel Alright,0.487066147202304
6sFIWsNpZYqfjUpaCgueju_Tonight I’m Getting Over You,0.4893032720323474
