,0p4nmQO2msCgU4IF37Wi3j_Too Much to Ask
0p4nmQO2msCgU4IF37Wi3j_Too Much to Ask,0.0
0B1fOLrRTsxPUzYhCi64su_On Our Way To Tomorrow,0.23509999467581688
2sBPVEeMBXKNsZtYaJixnJ_Be All Be Easy,0.24992282212172826
2HcwFjNelS49kFbfvMxQYw_By All Means Necessary,0.2790624278189915
2sBPVEeMBXKNsZtYaJixnJ_Moving to the Left,0.28886148550172014
3LjhVl7GzYsza1biQjTpaN_Wild & Wicked World,0.2926854792431451
7gAppWoH7pcYmphCVTXkzs_She Was The One,0.2974131799536549
5o206eFLx38glA2bb4zqIU_Light Pollution,0.3002182743047017
5Z1CCuBsyhEHngq3U5IraY_Tell Me Its Love,0.30328160919629604
3kjuyTCjPG1WMFCiyc5IuB_Intervention,0.3104309144541285
1tqZaCwM57UFKjWoYwMLrw_For The Boys,0.3127120148003441
1tqZaCwM57UFKjWoYwMLrw_Live And Learn,0.3149458607401482
3kjuyTCjPG1WMFCiyc5IuB_Flashbulb Eyes,0.3307475139025684
5GtMEZEeFFsuHY8ad4kOxv_Just Like Before,0.3312840029351823
0yNLKJebCb8Aueb54LYya3_Ill Stay with You,0.33316993636841513
0yNLKJebCb8Aueb54LYya3_I'll Stay with You,0.33316993636841513
5GxyeQagayzZOg4UwffQlD_Bruised Water - Original Mix,0.33526615777279667
2u0gw0uCWBMiqV7h0N8kai_Love Is All Around - From Four Weddings And A Funeral,0.34043529363375225
0qzzGu8qpbXYpzgV52wOFT_Wake Up!,0.3405377295674437
5NLeBktPpw4QO31tMiSO2I_Wild Love,0.3446162945502732
