,0p4nmQO2msCgU4IF37Wi3j_Hot - MSN Control Room
0p4nmQO2msCgU4IF37Wi3j_Hot - MSN Control Room,0.0
0QrowybipCKUDnq5y10PD2_Running Out Of Time,0.2552198420417364
04gDigrS5kc9YWfZHwBETP_Must Get Out,0.2990627040599663
0p4nmQO2msCgU4IF37Wi3j_Girlfriend - MSN Control Room,0.30847102960707323
2Sqr0DXoaYABbjBo9HaMkM_Let The Rain,0.3129255837620983
2HcwFjNelS49kFbfvMxQYw_You Know Me,0.3298060554003545
3qNVuliS40BLgXGxhdBdqu_Only one,0.3345807286354631
73Au3G1YzSqMiEg9ru49UQ_Revolution (feat. First Aid Kit),0.33612826199853246
4kI8Ie27vjvonwaB2ePh8T_Sugar Cinnamon,0.33620159590814963
0p4nmQO2msCgU4IF37Wi3j_Sk8er Boi - MSN Control Room,0.3363514075578296
6yhD1KjhLxIETFF7vIRf8B_Comeback Kid,0.3380522155029479
7MC5zmK3iZHzPqGZEVSROe_OMG,0.3422188515984945
2Sqr0DXoaYABbjBo9HaMkM_Door Number Three,0.3433718446712142
6yhD1KjhLxIETFF7vIRf8B_Come Alive,0.3448217221740178
2Sqr0DXoaYABbjBo9HaMkM_City,0.3453288090628913
"02rd0anEWfMtF7iMku9uor_Hallelujah, Amen",0.3456505303124177
2iEvnFsWxR0Syqu2JNopAd_Walkin On The Sun,0.346384384521275
3Z02hBLubJxuFJfhacLSDc_Not Romeo Not Juliet,0.3469339547713843
3QSQFmccmX81fWCUSPTS7y_Straight Back Down,0.34706217111594356
7qG3b048QCHVRO5Pv1T5lw_Mas Es Amar (Sad Eyes),0.35226347552894854
