,0p4nmQO2msCgU4IF37Wi3j_I Always Get What I Want
0p4nmQO2msCgU4IF37Wi3j_I Always Get What I Want,0.0
"4UXqAaa6dQYAk18Lv7PEgX_The Take Over, The Breaks Over",0.33163604209454445
31IZdHrCZ5pRhLz4zBxN3o_Kokayne,0.34966734942883676
"4UXqAaa6dQYAk18Lv7PEgX_Youre Crashing, But Youre No Wave",0.36017477240430745
5rSXSAkZ67PYJSvpUpkOr7_My Beautiful Woman,0.36708682626043415
1Ffb6ejR6Fe5IamqA5oRUF_Visions,0.3909223959596726
6ewMqjrF31lC8ywRsvm073_I Do It For You,0.39593958831740644
4RddZ3iHvSpGV4dvATac9X_Crash,0.3987379057596976
71h7GTahhKcSkQ1ayhTvOD_I Woke Up In A Car,0.4037474416556598
4UXqAaa6dQYAk18Lv7PEgX_Our Lawyer Made Us Change The Name Of This Song So We Wouldnt Get Sued,0.40448120374034063
4RddZ3iHvSpGV4dvATac9X_Into The Light,0.4080275888728239
5a2EaR3hamoenG9rDuVn8j_ANOTHERLOVE,0.41132418145331745
3CjlHNtplJyTf9npxaPl5w_Graffiti,0.4115381296854133
4RddZ3iHvSpGV4dvATac9X_Change Or Die,0.419526806785553
7zsin6IgVsR1rqSRCNYDwq_We Need Love,0.4196561971072938
26VFTg2z8YR0cCuwLzESi2_Roman Holiday,0.4199807967769904
5BtHciL0e0zOP7prIHn3pP_Save Yourself,0.42373829007734215
5YGY8feqx7naU7z4HrwZM6_The Driveway,0.427328775812614
2JKNM98rMRZwzf5EIjDH2i_In Bloom,0.43197880145836937
5rSXSAkZ67PYJSvpUpkOr7_Just Want You to Know,0.4479963373811909
