,0p4nmQO2msCgU4IF37Wi3j_Birdie
0p4nmQO2msCgU4IF37Wi3j_Birdie,0.0
7gjAu1qr5C2grXeQFFOGeh_All I Want,0.2734166125060906
3qNVuliS40BLgXGxhdBdqu_I Found You,0.28403196950350185
4bYPcJP5jwMhSivRcqie2n_No One Else Like You,0.29451630440426846
7DMveApC7UnC2NPfPvlHSU_Feels Great (feat. Fetty Wap & CVBZ),0.31746711510194076
3LjhVl7GzYsza1biQjTpaN_Ease My Mind,0.3183830249192519
4AK6F7OLvEQ5QYCBNiQWHq_Something Great,0.32098838433243415
0J7U24vlOOIeMpuaO6Q85A_Pride (In The Name Of Love),0.328074136329592
6bIsFWNkjQvSm5P4rqlxKn_Nakwon Stores,0.3375060674573164
5zeCSgiRyezbfLiGOpKAsR_In Our Blood,0.34132973410341344
3qNVuliS40BLgXGxhdBdqu_별처럼,0.34753247167597456
6s22t5Y3prQHyaHWUN1R1C_Turning Out,0.3515788675359541
53XhwfbYqKCa1cC15pYq2q_Radioactive,0.3545393299075851
0hEurMDQu99nJRq8pTxO14_Love Song for No One,0.3548824923600463
"1Wdk4P8hHYFNAUEfiSCK7y_Ghetto Supastar, Adios, Circus Medley",0.3563434204855505
7MC5zmK3iZHzPqGZEVSROe_Promises,0.3582555826547306
0SwO7SWeDHJijQ3XNS7xEE_Kids - Radio Mix,0.3609379220134402
4Ui2kfOqGujY81UcPrb5KE_Nothings Wrong,0.36250054273028287
4O5EDKGt6YC5IXkOArVqk3_I Believe,0.36428559937455146
3HqSLMAZ3g3d5poNaI7GOU_dlwlrma,0.3650859817728968
