,0PGB0xsAyDqHHlvNQcgq5S_Closer
0PGB0xsAyDqHHlvNQcgq5S_Closer,0.0
1r4hJ1h58CWwUQe3MxPuau_Ya No Es Niña,0.25926541397921243
77SW9BnxLY8rJ0RciFqkHh_No Grey,0.2763085030231995
6O4EGCCb6DoIiR6B1QCQgp_Who I Am,0.2915021695164003
1DvtabXAjfrMihPP6JQdHs_Going Thru Shit (feat. Boosie),0.29634266472868886
2vm8GdHyrJh2O2MfbQFYG0_Rockin Around The Christmas Tree,0.3046527549185226
"4xRYI6VqpkE3UwrDrAZL8L_The Adventures Of Stoney Bob (ft. Kajo, Slaydro, Big Lenbo)",0.30684706432489595
69GGBxA162lTqCwzJG5jLp_Hope,0.30748863995637277
5YkBrE0wF8cAlq3GCOw5Eu_Do You Still Love Me Like You Used To,0.3085109385658718
4O5EDKGt6YC5IXkOArVqk3_I Look To You,0.3152424123682865
1r4hJ1h58CWwUQe3MxPuau_Ojos Que No Ven,0.318032721207718
6HdYUuBeK3g2MA2wGVCDcn_Last Call,0.3228921844772391
1Xyo4u8uXC1ZmMpatF05PJ_A Lonely Night,0.32321136218007307
0grdhNhiRLFBaFVyybqsj6_Touch Of Heaven,0.32331170181020924
74ASZWbe4lXaubB36ztrGX_The Christmas Blues,0.3235808131546091
5zeCSgiRyezbfLiGOpKAsR_Days I Will Remember,0.323995384250403
5a2EaR3hamoenG9rDuVn8j_Incense and Candles,0.32453080310100496
0EmeFodog0BfCgMzAIvKQp_Long Time,0.33112869614203366
5rSXSAkZ67PYJSvpUpkOr7_Is It Just Me,0.33314347938544264
6PXS4YHDkKvl1wkIl4V8DL_Lotto (feat. Duke),0.3337450658340927
