,0QHgL1lAIqAw0HtD7YldmP_All I Do Is Win
0QHgL1lAIqAw0HtD7YldmP_All I Do Is Win,0.0
5snNHNlYT2UrtZo5HCJkiw_One (feat. 지선),0.46202846597744335
2Sqr0DXoaYABbjBo9HaMkM_Brave,0.5066841833379918
4AK6F7OLvEQ5QYCBNiQWHq_Nobody Compares,0.5326631803868944
6s22t5Y3prQHyaHWUN1R1C_Drama,0.6550772431636592
0XATRDCYuuGhk0oE7C0o5G_AGE GAG,0.7373126436494578
5zeCSgiRyezbfLiGOpKAsR_Enough,0.7429095918070096
4Ui2kfOqGujY81UcPrb5KE_Ready For You,0.7618346444020794
6UbmqUEgjLA6jAcXwbM1Z9_Three Ws and One H,0.7638156937278018
1KCSPY1glIKqW2TotWuXOR_For Now,0.7702482352904063
7K3zpFXBvPcvzhj7zlGJdO_Suffocation,0.7945838525391311
2HcwFjNelS49kFbfvMxQYw_All Climb On,0.8117047139546872
69GGBxA162lTqCwzJG5jLp_You Owe Me - Subfer Remix,0.827570612879228
7gAppWoH7pcYmphCVTXkzs_Shades On,0.836374745021498
4wucqyuotyHg3kBk1aMTTN_Blue Jean,0.8377556712178688
7DMveApC7UnC2NPfPvlHSU_Ferrari (feat. Afrojack),0.8419339461348414
6jJ0s89eD6GaHleKKya26X_Wide Awake,0.8705448919991805
5zeCSgiRyezbfLiGOpKAsR_Pull Me Through (Bonus Track),0.8816819762088797
3BmGtnKgCSGYIUhmivXKWX_Yeah,0.9005266557642722
6Jrxnp0JgqmeUX1veU591p_L.E.S. Artistes - Herve Edit,0.9016676416385024
