,0QHgL1lAIqAw0HtD7YldmP_Hells Kitchen
0QHgL1lAIqAw0HtD7YldmP_Hells Kitchen,0.0
2cWZOOzeOm4WmBJRnD5R7I_Slow Down (with Calvin Harris),0.3384259340480375
6vXTefBL93Dj5IqAWq6OTv_She Workin,0.34346755452526756
5zzrJD2jXrE9dZ1AklRFcL_The Night That Bowie Died,0.374625697372988
64NhyHqRKYhV0IZylrElWu_F.T.F.,0.38191048390032734
0B3N0ZINFWvizfa8bKiz4v_Boys & Girls,0.39805293215348575
"13ubrt8QOOCPljQ2FL1Kca_Black Tux, White Collar",0.3986842146440053
77SW9BnxLY8rJ0RciFqkHh_Daddy Issues,0.3993460611088436
2jku7tDXc6XoB6MO2hFuqg_Skrt Skrt,0.4010509512003163
5K4W6rqBFWDnAN6FQUkS6x_Heartless,0.40754491096447354
360IAlyVv4PCEVjgyMZrxK_Pay Me,0.4082321893637984
3BmGtnKgCSGYIUhmivXKWX_Slow Dance,0.4143301530577634
5snNHNlYT2UrtZo5HCJkiw_희생양,0.4146984401156996
28j8lBWDdDSHSSt5oPlsX2_Palm of My Hand,0.4165423633401134
7iZtZyCzp3LItcw1wtPI3D_Came A Long Way,0.41745340746115367
31IZdHrCZ5pRhLz4zBxN3o_Back Against the Wall (feat. Ponce De Leioun),0.4190930752214826
2h93pZq0e7k5yf4dywlkpM_Solo (Reprise),0.4207913484067483
7C0lSOS41UnTbnF7bMSEWN_CLASSIC,0.4244864763909446
6sFIWsNpZYqfjUpaCgueju_Warm Blood,0.42668692425411936
2pTCZ9C1fXdaVlv6d5EIXM_All Or Nothing,0.42819306255057193
