,0QrowybipCKUDnq5y10PD2_Spirit
0QrowybipCKUDnq5y10PD2_Spirit,0.0
3Z02hBLubJxuFJfhacLSDc_Never My Love,0.32835039059801424
6vWDO969PvNqNYHIOW5v0m_All Night,0.35438009067428095
51Blml2LZPmy7TTiAg47vQ_FEZ   Being Born,0.3613608067384745
3KH7WsR2JZQ94Ik8SyabU6_Beaux Dimanches,0.37079704133654046
3fmMaLC5jjf2N4EC2kTx0u_44 Gallons,0.3726023147988833
68kEuyFKyqrdQQLLsmiatm_Smile,0.37867547351018155
16eRpMNXSQ15wuJoeqguaB_Helping the Retarded to Know God (feat. Edward Sharpe & The Magnetic Zeros),0.38414270194108324
77SW9BnxLY8rJ0RciFqkHh_Sweater Weather,0.3843752501124878
4iHNK0tOyZPYnBU7nGAgpQ_#Beautiful,0.39114611820771167
"0hEurMDQu99nJRq8pTxO14_Belief - Live at the Nokia Theatre, Los Angeles, CA - December 2007",0.4002918738917845
2h93pZq0e7k5yf4dywlkpM_Sierra Leone,0.40514546910157273
5y2Xq6xcjJb2jVM54GHK3t_This Time,0.40668517185565045
5IH6FPUwQTxPSXurCrcIov_Outrunning Karma,0.4072978948634903
5cYcI546S8Lf97m4mNdYLD_Nada Sou Sou,0.4081519435771042
6LuN9FCkKOj5PcnpouEgny_Motion,0.4087910430608293
5INjqkS1o8h1imAzPqGZBb_The Sun (Fred Cherry Eclipse),0.4089013680411848
6fLrPFLWLSCrp7gcTZXcKb_18 Years,0.41046411078736056
6QobJ3vnalBTlsdOrvQTIt_Dont Let Me Go,0.413263064668658
7c1HgFDe8ogy5NOZ1ANCJQ_Together,0.41380265863775034
