,"0QrowybipCKUDnq5y10PD2_Tricksters, Hucksters, and Scamps"
"0QrowybipCKUDnq5y10PD2_Tricksters, Hucksters, and Scamps",0.0
7ia4FaCVsbXvhVwagCJk7l_Blood Bubbles,0.4372922519613821
0QrowybipCKUDnq5y10PD2_Flower,0.49912395164165696
6sFIWsNpZYqfjUpaCgueju_Everywhere You Look (The Fuller House Theme),0.5113420137264864
6jJ0s89eD6GaHleKKya26X_One Of The Boys,0.5248784301195912
3zunDAtRDg7kflREzWAhxl_Whats A Fella Gotta Do,0.5493546398060426
1JPy5PsJtkhftfdr6saN2i_Irresistible Force,0.5537776553164265
0NIPkIjTV8mB795yEIiPYL_Pulling Leaves off Trees,0.5551749414368099
6vXTefBL93Dj5IqAWq6OTv_Once In A While,0.5605001709573806
6yhD1KjhLxIETFF7vIRf8B_Running With The Wild Things,0.567496979430296
3qNVuliS40BLgXGxhdBdqu_스트레스 Stress,0.5685809696035562
3zD5liDjbqljSRorrrcEjs_Kriss Kross,0.5752913140712523
3zunDAtRDg7kflREzWAhxl_Paradise Blues,0.576054782489239
58XGUNsRNu3cVOIOYk5chx_Goin Down,0.577924345094757
1JPy5PsJtkhftfdr6saN2i_Enter the Chamber - 2015 Version,0.5813335555656199
5rSXSAkZ67PYJSvpUpkOr7_Crawling Back to You,0.5873414148105817
58XGUNsRNu3cVOIOYk5chx_Girlfriend,0.5949426322506945
4TnGh5PKbSjpYqpIdlW5nz_Stuck,0.5989413102090252
5a2EaR3hamoenG9rDuVn8j_Groovy Potential,0.6004833974048046
7rRz5zPounzREHN0cIrYhS_Freak On a Cloud,0.6017792321320455
