,0qzzGu8qpbXYpzgV52wOFT_fire ant
0qzzGu8qpbXYpzgV52wOFT_fire ant,0.0
7DMveApC7UnC2NPfPvlHSU_Home,0.2582204478723393
1gkSl4XpHIHI4I1WQbfXOE_Hit It Hard,0.4392132042011277
6TIYQ3jFPwQSRmorSezPxX_Let You Go,0.4410229777953319
5YGY8feqx7naU7z4HrwZM6_Thinkin,0.4577173862697714
6s22t5Y3prQHyaHWUN1R1C_The Good Part,0.46155464261379325
6vXTefBL93Dj5IqAWq6OTv_I Told Em,0.47507901592219537
23NIwARd4vPbxt3wwNnJ6k_Tenderness,0.4775681047563828
5P5FTygHyx2G57oszR3Wot_Waiting for Superman,0.48391163219972205
5FCF1SbJyriEYn8j41v0yn_Cali Shine (from we.MAKE20 #2),0.4874080596933347
7gAppWoH7pcYmphCVTXkzs_Just My Type,0.5121019170609595
7gAppWoH7pcYmphCVTXkzs_Personal - Cedric Gervais Remix,0.5142192586430834
1vCWHaC5f2uS3yhpwWbIA6_Hey Brother,0.526147388131989
1Cs0zKBU1kc0i8ypK3B9ai_Sun Goes Down (feat. MAGIC! & Sonny Wilson),0.5266136994889722
26dSoYclwsYLMAKD3tpOr4_Get Naked (I Got a Plan),0.5296509593131608
77AiFEVeAVj2ORpC85QVJs_How Else,0.5341266082833503
"3TaUSUXn41GixL7zbvrIDt_Ride For Me (with Young Thug, feat. 24hrs)",0.5367435647989954
71WAGa6lzYIgOOvGwifQtk_Ghost in the Shell,0.5388199582280425
166Dz1GX3xonSQ3Z6CQW26_How Deep Is Your Love?,0.545368673232703
0p4nmQO2msCgU4IF37Wi3j_Souvenir,0.5522606221968215
