,0RGwDw7utw9jyhSf2TySBv_Ruff Took Off
0RGwDw7utw9jyhSf2TySBv_Ruff Took Off,0.0
4iHNK0tOyZPYnBU7nGAgpQ_Makin' It Last All Night (What It Do),0.4184705718785379
4iHNK0tOyZPYnBU7nGAgpQ_Makin It Last All Night (What It Do),0.4184705718785379
5a2EaR3hamoenG9rDuVn8j_High,0.422400846772433
3EiLUeyEcA6fbRPSHkG5kb_Como ella baila,0.43574922731812904
3DiDSECUqqY1AuBP8qtaIa_This Bed,0.4380968311140171
6XpaIBNiVzIetEPCWDvAFP_Things You Say,0.4388171715634097
4iHNK0tOyZPYnBU7nGAgpQ_Babydoll,0.4450994216909962
2MwbiW5alh5hvh64SOOWMh_Camrons New Color (Part 3),0.44744898773767633
1CO6e7WRJvSFenmQO8n64C_Killing Me Softly With His Song - The Four Performance,0.44797703191739435
3miNucraVWk4hdVsIxn7id_River Is Rising,0.4496424218475676
4B9AyrwRDxUjt42vO4HciB_Love Dont Come Easy (Power Dub),0.4498081370973391
4B9AyrwRDxUjt42vO4HciB_Love Don't Come Easy (Power Dub),0.4498081370973391
15iVAtD3s3FsQR4w1v6M0P_Han Han,0.45136338827669276
6VuMaDnrHyPL1p4EHjYLi7_Then There's You,0.4577616534617003
6VuMaDnrHyPL1p4EHjYLi7_Then Theres You,0.4577616534617003
2jku7tDXc6XoB6MO2hFuqg_48 Floors (feat. Mansa),0.46148166507048766
4V8LLVI7PbaPR0K2TGSxFF_Lights On (feat. Ryan Beatty & Santigold),0.463938948541025
6s22t5Y3prQHyaHWUN1R1C_Thirsty,0.4652469778032624
15iVAtD3s3FsQR4w1v6M0P_Petty,0.4678033352884647
