,0rW6fVd3yuW2CF2sLYWQtE_Reborn
0rW6fVd3yuW2CF2sLYWQtE_Reborn,0.0
1gkSl4XpHIHI4I1WQbfXOE_Mud,0.3381338166785879
3YQKmKGau1PzlVlkL1iodx_Chlorine - Alt Mix,0.3404090872390014
6s22t5Y3prQHyaHWUN1R1C_Next Up Forever,0.3514404236822647
5K4W6rqBFWDnAN6FQUkS6x_Barry Bonds,0.3563730382409963
1GAS0rb4L8VTPvizAx2O9J_The Waitress,0.3618543925813858
6vWDO969PvNqNYHIOW5v0m_Daddy Lessons,0.3635289727304154
166Dz1GX3xonSQ3Z6CQW26_Come Back To Me,0.3788931677571892
1AWNf5CLnHH4oM1hcHiVeV_Black Mags,0.38018625164146924
68kEuyFKyqrdQQLLsmiatm_Opps (with Yugen Blakrok),0.39413116364064843
31W5EY0aAly4Qieq6OFu6I_Come Closer (feat. Queen Naija),0.40376362932817034
3AVfmawzu83sp94QW7CEGm_Think Before I Talk,0.40982861284902417
5a2EaR3hamoenG9rDuVn8j_Xpedition,0.410589816161942
3v3OBIzCuKllWBF8UsNsHh_Girlfriend,0.4112790927582312
5bOD7SS2RP7gzcNstJeCuF_gonna be al,0.42762441508157056
31W5EY0aAly4Qieq6OFu6I_No Comparison,0.4276456740195407
5v61OSg53KaQxGMpErkBNp_The Promise,0.4309971732994797
6G7OerKc3eBO9sVkRNopFC_Ruin,0.4364448882813229
5K4W6rqBFWDnAN6FQUkS6x_The Glory,0.43647351391183875
1GAS0rb4L8VTPvizAx2O9J_Hope,0.43845437936655396
