,0rW6fVd3yuW2CF2sLYWQtE_Still Me
0rW6fVd3yuW2CF2sLYWQtE_Still Me,0.0
1r4hJ1h58CWwUQe3MxPuau_How I Like It,0.414573355102722
0rW6fVd3yuW2CF2sLYWQtE_Good Vibration,0.42044642706590746
4Ui2kfOqGujY81UcPrb5KE_Right Now,0.42196618941697733
71WAGa6lzYIgOOvGwifQtk_New Bag,0.4461941759057566
5bOD7SS2RP7gzcNstJeCuF_Never Sign A Contract Never 계약서에 Sign,0.4501259399751698
57MtJQ6Sc4tIxrXIhrqVJL_Say for Certain,0.4774553181659737
6Dd3NScHWwnW6obMFbl1BH_Dare,0.477567516072159
5pKCCKE2ajJHZ9KAiaK11H_Work,0.4859216894323195
1r4hJ1h58CWwUQe3MxPuau_El Perdedor,0.48810582906394095
6Jrxnp0JgqmeUX1veU591p_Don't Blame Me,0.48977670251486205
6Jrxnp0JgqmeUX1veU591p_Dont Blame Me,0.48977670251486205
7o95ZoZt5ZYn31e9z1Hc0a_Pirate Bones,0.4957011771930692
0rW6fVd3yuW2CF2sLYWQtE_WTF (Who The Fuck),0.4958410420731063
2kucQ9jQwuD8jWdtR9Ef38_Vacation - Acoustic Mixtape,0.4973632600368421
3qNVuliS40BLgXGxhdBdqu_This Christmas,0.49786637218741636
1SupJlEpv7RS2tPNRaHViT_Fiel a Tu Piel (feat. David Deambulante),0.5111188234169509
28j8lBWDdDSHSSt5oPlsX2_Guilty Love,0.514492547156437
77SW9BnxLY8rJ0RciFqkHh_#icanteven,0.5212508589204986
3crnzLy8R4lVwaigKEOz7V_Relax,0.5248494155744716
