,0SwO7SWeDHJijQ3XNS7xEE_Future Games
0SwO7SWeDHJijQ3XNS7xEE_Future Games,0.0
3Z02hBLubJxuFJfhacLSDc_Brand New Day,0.3725157386799813
1HY2Jd0NmPuamShAr6KMms_Come To Mama,0.404692487435541
4NgNsOXSwIzXlUIJcpnNUp_In Your Shoes,0.41368757298762004
4S9EykWXhStSc15wEx8QFK_A World to Believe In,0.41518479398677893
4Z8W4fKeB5YxbusRsdQVPb_Climbing Up the Walls,0.4366299148045585
1pzRh5IWgNWNrxPBu9EFcU_Dualidad,0.4383976454598717
"5v61OSg53KaQxGMpErkBNp_God, Drugs & Sex",0.4389678837116787
6clbbhnIqpHnqxwtOWcilg_Who Speaks for Me,0.4424706891805407
4bYPcJP5jwMhSivRcqie2n_A Higher Place,0.444699237438276
0qzzGu8qpbXYpzgV52wOFT_Business Park,0.4463609755006333
5zzrJD2jXrE9dZ1AklRFcL_Run On Home,0.4491727924859952
3Ayl7mCk0nScecqOzvNp6s_Table For Glasses,0.44947418705746633
56ZTgzPBDge0OvCGgMO3OY_New Year,0.45371169917137516
4AQrqVz6BYwy29iMxcGtx7_Yr Love,0.4551578763099273
4NgNsOXSwIzXlUIJcpnNUp_Love Beside Me,0.4561489669652572
7Ln80lUS6He07XvHI8qqHH_Joining The Dots,0.4608489085402122
4kI8Ie27vjvonwaB2ePh8T_Do You - Acoustic,0.4614571668615839
3Z02hBLubJxuFJfhacLSDc_You Belong To Me,0.46195601586642415
50lhyY7UVI9NyVHl79rVgk_Scarlett,0.46206410274734655
