,0ukgSx1gUt5rUihbNh46qy_America
0ukgSx1gUt5rUihbNh46qy_America,0.0
6lOk7hCr8x3O9vHwylXyHR_You´re an Angel,0.33046497996780844
5I0EPnV9gwrZYTbScjnaOk_Mentira (Chega De Mentira),0.3846990138221554
74ASZWbe4lXaubB36ztrGX_When the Deal Goes Down,0.42279396949837694
6G7OerKc3eBO9sVkRNopFC_We All Die,0.4235795406888115
74ASZWbe4lXaubB36ztrGX_Love Sick,0.43124777407306714
74ASZWbe4lXaubB36ztrGX_Tin Angel,0.43556711587376534
6fLrPFLWLSCrp7gcTZXcKb_Patient,0.44659343393997203
2R0YxXQyGLURmOrY26P1kZ_Viva la Vida,0.4524427686259404
085pc2PYOi8bGKj0PNjekA_Scream & Shout,0.45943214266476445
0avLinWkFGaQngvSsgGy0g_Confuzed House - Mixed,0.4599802053845837
3PhoLpVuITZKcymswpck5b_Freaks In Love,0.46037985591236746
1WvvwcQx0tj6NdDhZZ2zZz_An Apology - Acoustic,0.4676727613362898
7G1GBhoKtEPnP86X2PvEYO_The Pusher - Remastered,0.46816468180143384
42aeGx2I3uXINpGqC8L0LD_Mr. Tambourine Man,0.46836339991341064
12VaqyEhgwDRuFfEqbnrpz_The Devil,0.4684891054308951
1SQRv42e4PjEYfPhS0Tk9E_Supersonic Rocket Ship,0.4718682711855829
5pKCCKE2ajJHZ9KAiaK11H_If Its Lovin That You Want - Pt. 2,0.4733302895120944
450o9jw6AtiQlQkHCdH6Ru_Music for My Mother,0.48504322947830425
5I0EPnV9gwrZYTbScjnaOk_Novo Acorde,0.488478606298624
