,"0vEsuISMWAKNctLlUAhSZC_Sullivan Street - 1994 Live At Elysée Montmartre, Paris"
"0vEsuISMWAKNctLlUAhSZC_Sullivan Street - 1994 Live At Elysée Montmartre, Paris",0.0
4WLoEXu4C2C2YZshOvGL0O_A Great Time,0.37446735368196576
74ASZWbe4lXaubB36ztrGX_O Little Town of Bethlehem,0.41754536508944
3JhNCzhSMTxs9WLGJJxWOY_Wednesday Morning,0.4214889413786053
5I0EPnV9gwrZYTbScjnaOk_Selva de Pedra,0.4273250211637489
6H4lieipng8aGu3Hbd1UeJ_I Let You Get Away,0.42733472479528933
4S9EykWXhStSc15wEx8QFK_Plus quailleurs,0.428038289691337
6s22t5Y3prQHyaHWUN1R1C_Growing Old on Bleecker Street,0.4286843180430667
3miNucraVWk4hdVsIxn7id_Devil And Jesus,0.4357688973604042
68kEuyFKyqrdQQLLsmiatm_War Ready,0.4361352162150344
3JhNCzhSMTxs9WLGJJxWOY_Miracle (feat. Dan Caplen),0.4372434068316787
0QrowybipCKUDnq5y10PD2_The Wind,0.4394890349544869
5Z1CCuBsyhEHngq3U5IraY_Let There Be Love,0.4459284676642178
5zzbSFZMVpvxSlWAkqqtHP_Wrong Black Mare,0.4477447239859515
3HqSLMAZ3g3d5poNaI7GOU_잠 못 드는 밤 비는 내리고 [Jam Mot Deuneun Bam Bineun Naeligo] : Sleepless rainy night,0.4484098265519087
5a2EaR3hamoenG9rDuVn8j_Walk In Sand,0.45443679340979265
0vUTfcBDZZo2OUQJci5UNZ_Pure Distraction,0.4627455928212415
5K4W6rqBFWDnAN6FQUkS6x_Ill Fly Away,0.4643795449795223
3PhoLpVuITZKcymswpck5b_The New Fever Waltz,0.46837580392594214
4gzpq5DPGxSnKTe4SA8HAU_We Never Change,0.47708035513511865
