,0X2BH1fck6amBIoJhDVmmJ_This Love (Will Be Your Downfall)
0X2BH1fck6amBIoJhDVmmJ_This Love (Will Be Your Downfall),0.0
21mKp7DqtSNHhCAU2ugvUw_Corners Of The Earth (feat. RY X),0.30920946056179616
4O5EDKGt6YC5IXkOArVqk3_Walking Like Giants,0.31473824276562323
0X2BH1fck6amBIoJhDVmmJ_Something In The Way You Move,0.31633654428533525
2Sqr0DXoaYABbjBo9HaMkM_Let The Rain,0.32126815685583826
7gAppWoH7pcYmphCVTXkzs_Another World,0.3216749574592976
66CXWjxzNUsdJxJ2JdwvnR_Everyday,0.32601852850872526
26VFTg2z8YR0cCuwLzESi2_Drive,0.3293976287076511
04gDigrS5kc9YWfZHwBETP_She Will Be Loved,0.3339728993888646
5K4W6rqBFWDnAN6FQUkS6x_Celebration,0.3352398585223195
04gDigrS5kc9YWfZHwBETP_Must Get Out,0.3352697564178521
3qNVuliS40BLgXGxhdBdqu_Only one,0.33541928977586866
4O5EDKGt6YC5IXkOArVqk3_Come Around - Bonus,0.33572179799562735
5vBSrE1xujD2FXYRarbAXc_Gold,0.3370503478030845
5INjqkS1o8h1imAzPqGZBb_Cause Im A Man,0.3407751658889442
0du5cEVh5yTK9QJze8zA0C_Talking to the Moon,0.34292881028262084
4RddZ3iHvSpGV4dvATac9X_Problems,0.3443914552907042
5rSXSAkZ67PYJSvpUpkOr7_Masquerade,0.34700085528385766
0yNLKJebCb8Aueb54LYya3_Superheated,0.35337370625677605
4xPR9p75zzDlisJvvhEYl2_I Belong to You,0.35815537199086506
