,0X2BH1fck6amBIoJhDVmmJ_Salt Skin
0X2BH1fck6amBIoJhDVmmJ_Salt Skin,0.0
4S9EykWXhStSc15wEx8QFK_Celle qui ma tout appris,0.29171321943210804
2Sqr0DXoaYABbjBo9HaMkM_Gonna Get Over You,0.2927264122689724
2Sqr0DXoaYABbjBo9HaMkM_Not Alone,0.29666285372564943
5szdY7KaSi7epwyffrbV8c_Kiss You Forever,0.3373178631429026
4S9EykWXhStSc15wEx8QFK_Incredible,0.34173111675646495
2Sqr0DXoaYABbjBo9HaMkM_King of Anything,0.3476115005645307
26dSoYclwsYLMAKD3tpOr4_Heaven On Earth,0.35017812470810955
7qG3b048QCHVRO5Pv1T5lw_Marta,0.35246073391085575
6VuMaDnrHyPL1p4EHjYLi7_BOY,0.35539637252847694
34v5MVKeQnIo0CWYMbbrPf_Give You My Love,0.3562951457158145
06HL4z0CvFAxyc27GXpf02_I Know Places,0.3582615236583484
1l9d7B8W0IHy3LqWsxP2SH_Same Old Blues,0.3625543675474926
4kI8Ie27vjvonwaB2ePh8T_Everyone Is Golden - Acoustic,0.3637839161717245
738wLrAtLtCtFOLvQBXOXp_Roll the Bass,0.3702712564602893
0vEsuISMWAKNctLlUAhSZC_Earthquake Driver,0.3740247214276388
2wUjUUtkb5lvLKcGKsKqsR_7 Days,0.3752572130864258
0du5cEVh5yTK9QJze8zA0C_Liquor Store Blues (feat. Damian Marley),0.376252276545423
4S9EykWXhStSc15wEx8QFK_Attendre,0.3762849161283817
7gAppWoH7pcYmphCVTXkzs_Shivers,0.3794373415768587
