,0x83OBqixqdCHnStP5VMcn_Please Be My Boyfriend
0x83OBqixqdCHnStP5VMcn_Please Be My Boyfriend,0.0
12Chz98pHFMPJEknJQMWvI_[JFK],0.5379961542540526
0x83OBqixqdCHnStP5VMcn_Soldier Boy,0.6624890932981089
5MlfccEEOw6kihsT8eQtbh_Whisper the Word Love Delirio,0.8956704569136742
5MlfccEEOw6kihsT8eQtbh_Wabble-Cha,0.8989355235013119
3VNITwohbvU5Wuy5PC6dsI_Street Kids,0.9439218874287423
0x83OBqixqdCHnStP5VMcn_What Is Love,1.0011885278565553
1eYhYunlNJlDoQhtYBvPsi_Crazy Old Soldier,1.0061633464850765
5zzrJD2jXrE9dZ1AklRFcL_Old Man Song,1.0225556954433808
18B9HFuIuZ5LOk8vWtaxsG_Ubi Caritas,1.0412321102022901
2ysnwxxNtSgbb9t1m2Ur4j_Angry Hill,1.0745227434030833
5o206eFLx38glA2bb4zqIU_First Day Of My Life,1.0978574240311378
6eiHpA39MSZGDRbYk2navb_Dr. Strange,1.099483637117264
5MlfccEEOw6kihsT8eQtbh_Nostalgia Habanera,1.1078470472620954
3VNITwohbvU5Wuy5PC6dsI_How Can I Can Get Close To You,1.1189884383011333
6V3F8MZrOKdT9fU686ybE9_Headlines,1.1200115944958677
5MlfccEEOw6kihsT8eQtbh_Te Adoro,1.1216124823714042
0hEurMDQu99nJRq8pTxO14_On The Way Home,1.1421186876040361
3tVc31isarO5guX1jYDYt0_Sports (Jfl 2002),1.1785976946745815
776Uo845nYHJpNaStv1Ds4_My Friend - Demo,1.1829847075431545
