,0x83OBqixqdCHnStP5VMcn_Sha La La
0x83OBqixqdCHnStP5VMcn_Sha La La,0.0
1qekCz7F0WsQICLJSVlmpy_Eso Esta Bueno,0.49448403848825084
31IZdHrCZ5pRhLz4zBxN3o_Summer of Surf,0.5217714930810968
3Z02hBLubJxuFJfhacLSDc_Hey Honey - Im Packin You In,0.551214854446785
0x83OBqixqdCHnStP5VMcn_Big John (Aint You Gonna Marry Me),0.5521227359948625
"6f4XkbvYlXMH0QgVRzW0sM_War (feat. DJ Whoo Kid, Neon Dreams & Stokes)",0.5639556701340195
0grdhNhiRLFBaFVyybqsj6_Have Mercy,0.5688232846111744
3miNucraVWk4hdVsIxn7id_Heart Attack,0.5746428820948738
0MponVSpW81oLvJZ53vYZH_Reachin For Something I Cant Have,0.6053469270654306
5vah85L323LvoowZhyAMhD_Son para Ti,0.6055474787422822
4iHNK0tOyZPYnBU7nGAgpQ_You Need Me,0.6084435064273753
090ecaFNcRT9qvhIaR5c2R_Setting Sail,0.6201096816671743
450o9jw6AtiQlQkHCdH6Ru_Sexy Ways (Recloose Disco Flip),0.631138648615129
0lZoBs4Pzo7R89JM9lxwoT_The Reflex,0.6428173567676735
6vXTefBL93Dj5IqAWq6OTv_Nothing to Me,0.649921964034275
3Z02hBLubJxuFJfhacLSDc_Another Day,0.6593143128901762
3Z02hBLubJxuFJfhacLSDc_All I Want Is You,0.6607345683502316
0ZBqNT8AYlp1yFOcUw4jUX_Do Bop Sha Bam,0.670723422112328
0x83OBqixqdCHnStP5VMcn_What A Sweet Thing That Was,0.6744467948063914
"05sIdEkXAYDbDDdv3T56Oj_When The Boys Happy (The Girls Happy, Too)",0.6784962946723613
