,0x83OBqixqdCHnStP5VMcn_What A Sweet Thing That Was
0x83OBqixqdCHnStP5VMcn_What A Sweet Thing That Was,0.0
0cQbJU1aAzvbEmTuljWLlF_Ache,0.4679768542961336
4AqIRTZF6DDmKmdorgFug6_Gator Hide,0.47102665959731904
0MponVSpW81oLvJZ53vYZH_Reachin For Something I Cant Have,0.4881666337621589
0cQbJU1aAzvbEmTuljWLlF_Sinking,0.49776233383008833
3miNucraVWk4hdVsIxn7id_Heart Attack,0.5166315567627046
7G1GBhoKtEPnP86X2PvEYO_Work Song,0.519175673820218
3Z02hBLubJxuFJfhacLSDc_Heat Of The Night,0.5592590913917629
5zaXYwewAXedKNCff45U5l_So Much Love - Mono (original),0.5594815471439009
0cQbJU1aAzvbEmTuljWLlF_Doormat,0.5659509083868703
5zaXYwewAXedKNCff45U5l_You Really Got A Hold On Me,0.5712790542973638
5TesVKMq16peTfJC46PbYw_Mr. Lee,0.5740796652124679
5NLeBktPpw4QO31tMiSO2I_Shake Em Up,0.5742606923231286
0x83OBqixqdCHnStP5VMcn_Dont Say Goodnight And Mean Goodbye,0.5752036362154306
0cQbJU1aAzvbEmTuljWLlF_Get On The Ball,0.5766560796274097
0lZoBs4Pzo7R89JM9lxwoT_The Reflex,0.6007318260929491
2P560DaOMNDUACoH8ZhOCR_The Modern World,0.602858724829274
0KydPQPUUoTNhmiHKOg5Er_The Glitzy Hive,0.6057620970114026
6clbbhnIqpHnqxwtOWcilg_A Cruel Madness,0.6147005532872725
3Z02hBLubJxuFJfhacLSDc_Cant Stop This Thing We Started,0.6147459528089404
