,0x83OBqixqdCHnStP5VMcn_Will You Love Me Tomorrow
0x83OBqixqdCHnStP5VMcn_Will You Love Me Tomorrow,0.0
05sIdEkXAYDbDDdv3T56Oj_Foolish Little Girl,0.34949458365279384
05sIdEkXAYDbDDdv3T56Oj_Its My Party,0.3498103096327003
"0x83OBqixqdCHnStP5VMcn_It's A Mad, Mad, Mad, Mad World",0.36917907585210324
0MponVSpW81oLvJZ53vYZH_Whisper,0.38460681161576427
5zaXYwewAXedKNCff45U5l_Jingle Bells,0.38753931274063724
4AqIRTZF6DDmKmdorgFug6_Overture,0.4165005365127188
3PhoLpVuITZKcymswpck5b_Are You Ready For Love,0.4279564621093735
5MlfccEEOw6kihsT8eQtbh_Guaguancó De Los Barrios,0.43210443717125846
2sBPVEeMBXKNsZtYaJixnJ_Say Goodbye,0.4363901136773931
6XpaIBNiVzIetEPCWDvAFP_Where Do Broken Hearts Go,0.43722856352653733
0x83OBqixqdCHnStP5VMcn_The Music Goes Round And Around,0.4463541486308873
5MlfccEEOw6kihsT8eQtbh_Elube Chango,0.45475311155636944
09947uhj2ZwU9mFXK5v50o_El Pregonero,0.45524798021643403
4S9EykWXhStSc15wEx8QFK_Je cherche lombre,0.4567649757628965
0MponVSpW81oLvJZ53vYZH_Im Hooked,0.45843932758073125
5zaXYwewAXedKNCff45U5l_Never Love Again,0.4594177634737412
5zaXYwewAXedKNCff45U5l_I Dont Want To Hear It Anymore - Mono (original),0.46100387024675993
0MponVSpW81oLvJZ53vYZH_Happy Days,0.4619758204071598
2g3PKH7Z1Ofn5oGR6oDjLy_The Witch,0.46200037437341457
