,0XATRDCYuuGhk0oE7C0o5G_Friday Night
0XATRDCYuuGhk0oE7C0o5G_Friday Night,0.0
1HY2Jd0NmPuamShAr6KMms_Brown Eyes,0.2983607058241296
2ht3wxeT69CzyKFChNnNAB_All Night,0.3117005997065319
5snNHNlYT2UrtZo5HCJkiw_Street Lovin,0.3184284643476615
1HY2Jd0NmPuamShAr6KMms_I Like It Rough,0.32224932612598833
3XlIhgydjvC4EniPFZT20j_The Lady is a Tramp,0.32287085779524033
6prmLEyn4LfHlD9NnXWlf7_Think,0.3314443200536286
3EiLUeyEcA6fbRPSHkG5kb_Caliente (feat. J Balvin),0.3350475212097835
2DP9xStkVVv753RBiEHXQB_Me Gusta,0.3429794676118752
3zxKH0qp3nBCuPZCZT5Vaf_Firewater,0.34567771770260197
4O5EDKGt6YC5IXkOArVqk3_All Free,0.346887163195296
5snNHNlYT2UrtZo5HCJkiw_Let It Rain,0.34933363628560626
2qxJFvFYMEDqd7ui6kSAcq_365,0.352334867857147
5snNHNlYT2UrtZo5HCJkiw_Funkdamental,0.3547187245972708
5snNHNlYT2UrtZo5HCJkiw_Funkdamental (feat. unknownDJs),0.35656061304733755
4ehtJnVumNf6xzSCDk8aLB_Wait,0.3586912858881183
5a2EaR3hamoenG9rDuVn8j_Laydown,0.36165314170902235
3kjuyTCjPG1WMFCiyc5IuB_We Used to Wait,0.36436773837653036
1f5GqyOPo0CkotzzRwviBu_Im A Hustler (Song?),0.37317990092747166
6oMuImdp5ZcFhWP0ESe6mG_Roll On (feat. French Montana),0.37688165688963793
