,0XATRDCYuuGhk0oE7C0o5G_Yes I am
0XATRDCYuuGhk0oE7C0o5G_Yes I am,0.0
5a2EaR3hamoenG9rDuVn8j_Chelsea Rodgers,0.20598302067781962
3HqSLMAZ3g3d5poNaI7GOU_Twenty-Three,0.32252166815008626
04gDigrS5kc9YWfZHwBETP_Wake Up Call,0.3362912843836674
0fLTK12xF2IMaNmKMSue6g_Mad Citizens - Extended Mix,0.3395268776663152
1ECKbPx4YhCU4SgKq8pfAc_Standing (feat. ASTR),0.3468146583349809
4AK6F7OLvEQ5QYCBNiQWHq_Up All Night,0.3632800435661447
1Cs0zKBU1kc0i8ypK3B9ai_Money - Radio Edit,0.36532550867491886
7qG3b048QCHVRO5Pv1T5lw_Im A Freak,0.3671541745851242
0q8J3Yj810t5cpAYEJ7gxt_Radio Stereo,0.3678327417602776
1HY2Jd0NmPuamShAr6KMms_Swine,0.3713009824469704
2ysnwxxNtSgbb9t1m2Ur4j_Dont Matter Now,0.3721911919657755
5g3uG8zZZANGT6YOssgjfC_Trouble Is a Friend - RAC Maury Mix,0.3738466153047119
3Ayl7mCk0nScecqOzvNp6s_Futures,0.3750651976902351
31IZdHrCZ5pRhLz4zBxN3o_Maybe You Love Me (feat. Mike Posner),0.37941469774551206
4wucqyuotyHg3kBk1aMTTN_The Hunger,0.38450664079421987
7qG3b048QCHVRO5Pv1T5lw_Ayer,0.3859710656318546
4UXqAaa6dQYAk18Lv7PEgX_Wilson (Expensive Mistakes),0.39149718160862784
3YQKmKGau1PzlVlkL1iodx_Ode To Sleep,0.39763525116243764
5rSXSAkZ67PYJSvpUpkOr7_Everyone,0.39901073632489226
