,0XATRDCYuuGhk0oE7C0o5G_Bad bye
0XATRDCYuuGhk0oE7C0o5G_Bad bye,0.0
5pKCCKE2ajJHZ9KAiaK11H_Complicated,0.3143157087656233
5K4W6rqBFWDnAN6FQUkS6x_Diamonds From Sierra Leone - Bonus Track,0.3263888441262227
3qNVuliS40BLgXGxhdBdqu_Something New,0.3414163391603985
0Y5tJX1MQlPlqiwlOH1tJY_STARGAZING,0.3617021893899944
4iHNK0tOyZPYnBU7nGAgpQ_Here Comes Santa Claus (Right Down Santa Claus Lane) Housetop Celebration,0.3617900287457104
2siHvYaxjaW5rKVRiIrMYH_Heavy Rotation,0.3747988653244146
6icWxBzgVFQXsLJN8uIzCR_Popcorn,0.37508181094676374
6eUKZXaKkcviH0Ku9w2n3V_Happier,0.3765954457401131
1WHoAjAWGx5qLsgzpaOk7W_Through Your Atmosphere (feat. Faris Badwan),0.3783458025447497
0NGAZxHanS9e0iNHpR8f2W_All The Lies,0.3813313907466747
0du5cEVh5yTK9QJze8zA0C_Liquor Store Blues (feat. Damian Marley),0.38798248250625744
7gAppWoH7pcYmphCVTXkzs_Shivers,0.3888477589793684
"6Dd3NScHWwnW6obMFbl1BH_Sit Still, Look Pretty",0.3910474574790641
6MDME20pz9RveH9rEXvrOM_Extraordinary (feat. Sharna Bass),0.3918369228915203
5QDNC7d83GlaTl7Jy9djQ1_Money Motivated,0.3940960430852918
1HY2Jd0NmPuamShAr6KMms_Diamond Heart,0.4022446534509436
2kCcBybjl3SAtIcwdWpUe3_Ive Been Waiting (w  ILoveMakonnen & Fall Out Boy),0.4035833157689338
1RyvyyTE3xzB2ZywiAwp0i_Look Ahead,0.4069892605999377
1DvtabXAjfrMihPP6JQdHs_Problems (feat. Quando Rondo & Lil Durk),0.4080047571095453
