,0XATRDCYuuGhk0oE7C0o5G_You Dont Know Me
0XATRDCYuuGhk0oE7C0o5G_You Dont Know Me,0.0
0cQbJU1aAzvbEmTuljWLlF_Home Now,0.2791618409203205
6jJ0s89eD6GaHleKKya26X_Circle The Drain,0.2888373233708253
3qNVuliS40BLgXGxhdBdqu_SIGNAL,0.30308567388812496
0cQbJU1aAzvbEmTuljWLlF_Simple Kind Of Life,0.3192531340969905
1vCWHaC5f2uS3yhpwWbIA6_All You Need Is Love,0.31925418763125085
6XpaIBNiVzIetEPCWDvAFP_Joy to the World,0.3213591803654832
5P5FTygHyx2G57oszR3Wot_Back In Time,0.3257650537295066
4AK6F7OLvEQ5QYCBNiQWHq_Moments,0.3266771505239891
3qNVuliS40BLgXGxhdBdqu_Why,0.3280114503454982
0QHgL1lAIqAw0HtD7YldmP_Fed Up,0.3323832966218072
0r0KdmVS1Er3kaFnl1KPog_Walk,0.3367067153027042
7CajNmpbOovFoOoasH2HaY_Im Not Alone - 2009 Remaster,0.33850220266374537
0r0KdmVS1Er3kaFnl1KPog_Walk (feat. Fetty Wap),0.3404728022429511
6S0IvKlvPMX1RtAYtVpUV8_Woke Up Late (feat. Hailee Steinfeld),0.34132514086272314
6yhD1KjhLxIETFF7vIRf8B_Gravity,0.3416519653871386
1HY2Jd0NmPuamShAr6KMms_Summerboy,0.3446409162071485
7DMveApC7UnC2NPfPvlHSU_Whos Got Your Love,0.3454564721021583
6eUKZXaKkcviH0Ku9w2n3V_Nancy Mulligan,0.34680687413825073
1PMiXPKjsgXEDDcfIRNVaq_Next 2 U (feat. Kiki Halliday),0.3479912317022598
