,0yNLKJebCb8Aueb54LYya3_Elegia (Live at Bestival 2012)
0yNLKJebCb8Aueb54LYya3_Elegia (Live at Bestival 2012),0.0
7A0awCXkE1FtSU8B0qwOJQ_Hold Tight,0.34133889269214956
3MblbJw8sIsp03qboRPeUJ_Camille,0.34210940175032395
1UAM4fJFTeyMZbhTVUKiXk_Civil War Correspondent,0.3668407124599706
3kjuyTCjPG1WMFCiyc5IuB_Ocean of Noise,0.3710535680191858
7Ln80lUS6He07XvHI8qqHH_I Wanna Be Yours,0.3930805248588147
55LHFEtIplWhsfyWZUwkf4_Wheres the Money?,0.402882351275642
5o206eFLx38glA2bb4zqIU_Clairaudients (Kill Or Be Killed),0.4038909398011456
40Yq4vzPs9VNUrIBG5Jr2i_Wildflower,0.4078609182649983
4NgNsOXSwIzXlUIJcpnNUp_Elsewhere,0.41086586231907624
7MC5zmK3iZHzPqGZEVSROe_Not the One,0.41490426115138945
23NIwARd4vPbxt3wwNnJ6k_Picture Of Health,0.4176598428264077
12Chz98pHFMPJEknJQMWvI_Supremacy,0.421046593571121
4Z8W4fKeB5YxbusRsdQVPb_Codex (Illum Sphere),0.4213771629175282
3xRCzkcc1kranGVzx6foMG_Un Prince,0.4224104672839008
56ZTgzPBDge0OvCGgMO3OY_Baby,0.42590785986591106
2sBPVEeMBXKNsZtYaJixnJ_The Hold,0.43068892885287563
7rEKy13jNcHKs1CdTPdvqt_Hi Heel Sneakers,0.438508726682512
51Blml2LZPmy7TTiAg47vQ_I Still Havent Found What Im Looking For - Remastered 2007,0.44136226663000155
12Chz98pHFMPJEknJQMWvI_Exogenesis: SymphonyPt. 1 (Overture),0.44411163211756804
