,0yNLKJebCb8Aueb54LYya3_Restless
0yNLKJebCb8Aueb54LYya3_Restless,0.0
7Ln80lUS6He07XvHI8qqHH_Shes Thunderstorms,0.25528835118918136
3Z02hBLubJxuFJfhacLSDc_This Side Of Paradise,0.2713521895098583
3YQKmKGau1PzlVlkL1iodx_Heavydirtysoul (feat. MUTEMATH),0.2738644392579712
5v61OSg53KaQxGMpErkBNp_Autobahn,0.2858718675048463
3E3xrZtBU5ORqcmX78v5YZ_Stay Where I Can See You,0.2965550589068957
5vBSrE1xujD2FXYRarbAXc_Meteorite - From Bridget Joness Baby Original Motion Picture Soundtrack,0.3034366970746125
5Rl15oVamLq7FbSb0NNBNy_Ghost Of You - Live,0.3063593515136536
3kjuyTCjPG1WMFCiyc5IuB_The Well and the Lighthouse,0.307336933618176
5o206eFLx38glA2bb4zqIU_I Must Belong Somewhere,0.3262545467207452
5WUlDfRSoLAfcVSX1WnrxN_The Co-Dependent,0.332599188264838
3zunDAtRDg7kflREzWAhxl_Peach Blossom,0.333968616807205
13saZpZnCDWOI9D4IJhp1f_Take My Place,0.33549403041318804
1vCWHaC5f2uS3yhpwWbIA6_Dear Boy - Avicii By Avicii,0.3367801900926045
3Z02hBLubJxuFJfhacLSDc_I Could Get Used To This,0.34856330961740106
13saZpZnCDWOI9D4IJhp1f_Back To The Start,0.3568145054767499
64NhyHqRKYhV0IZylrElWu_Geryon,0.3589239120584756
2sBPVEeMBXKNsZtYaJixnJ_From the Horn,0.35969888530139976
5a2EaR3hamoenG9rDuVn8j_Guitar,0.36007858294637396
4EENT7N7rCBwrddM3s0vFS_Pharaohs & Pyramids,0.36141273368203997
