,0ZBqNT8AYlp1yFOcUw4jUX_Do Bop Sha Bam
0ZBqNT8AYlp1yFOcUw4jUX_Do Bop Sha Bam,0.0
3Z02hBLubJxuFJfhacLSDc_Heat Of The Night,0.3785367105053389
3Z02hBLubJxuFJfhacLSDc_Another Day,0.42056540749025373
2P560DaOMNDUACoH8ZhOCR_The Modern World,0.4308701306807028
3Z02hBLubJxuFJfhacLSDc_Remembrance Day,0.47990400641575626
3Z02hBLubJxuFJfhacLSDc_Cant Stop This Thing We Started,0.48801739408232797
090ecaFNcRT9qvhIaR5c2R_Setting Sail,0.4945207428171067
3miNucraVWk4hdVsIxn7id_Heart Attack,0.4987596458012905
3Z02hBLubJxuFJfhacLSDc_Into The Fire,0.531562478242091
3miNucraVWk4hdVsIxn7id_Tango,0.5589324415629033
5zaXYwewAXedKNCff45U5l_Come Back To Me,0.5591485427310289
3Z02hBLubJxuFJfhacLSDc_Hearts On Fire,0.5623734170780683
0cQbJU1aAzvbEmTuljWLlF_Get On The Ball,0.5630325428883286
4AqIRTZF6DDmKmdorgFug6_Goop All Over The Phone (Pleasant All Over The Bill),0.5739940995750626
3miNucraVWk4hdVsIxn7id_Freedom,0.5778971560464375
0grdhNhiRLFBaFVyybqsj6_Have Mercy,0.5844666387496484
450o9jw6AtiQlQkHCdH6Ru_You and Your Folks (Claude Young Jr Dub),0.587122722682895
0MponVSpW81oLvJZ53vYZH_Reachin For Something I Cant Have,0.5941544665582041
0cQbJU1aAzvbEmTuljWLlF_Ache,0.5966411848403519
0x83OBqixqdCHnStP5VMcn_Dont Say Goodnight And Mean Goodbye,0.6042621311816433
