,0ZED1XzwlLHW4ZaG4lOT6m_Just Do It
0ZED1XzwlLHW4ZaG4lOT6m_Just Do It,0.0
31IZdHrCZ5pRhLz4zBxN3o_Tear It Down (feat. John Sisco),0.43210391288977873
4gSTRpmeyYppvIXuFKjfAL_Past,0.43966386747694886
1U0sIzpRtDkvu1hXXzxh60_Something Else (Prod. Nguzunguzu),0.46003939534482574
6LuN9FCkKOj5PcnpouEgny_Location,0.47002811179390275
6nB0iY1cjSY1KyhYyuIIKH_Water Me,0.48691151245998054
5WUlDfRSoLAfcVSX1WnrxN_Rewrite,0.4949086682896447
2WX2uTcsvV5OnS0inACecP_All About You,0.5056054741414072
5y2Xq6xcjJb2jVM54GHK3t_Angel (Interlude) (feat. Stacy Barthe),0.5141513999930283
37hYmvmgde0tKmenSud3rx_Hello Louis,0.5204823784636852
1RyvyyTE3xzB2ZywiAwp0i_No Basic (Instrumental),0.5234706560639818
2EO3E3yodzVOLxWdiOwQGl_Tidal,0.525935188388822
2auiVi8sUZo17dLy1HwrTU_Way to the Show,0.5470986197372515
4cMtnnGdRvh8KIi2RA7ZeU_170908myidea(intro)_3,0.5599369362501905
17EO3VcnF77MD2VnIHfFem_Ill Take You There,0.5661213665110132
2HcwFjNelS49kFbfvMxQYw_Somewhere,0.5736410161669281
7n2wHs1TKAczGzO7Dd2rGr_Because I Had You,0.578712640272339
5GtMEZEeFFsuHY8ad4kOxv_You Get Me,0.600593496235962
7n2wHs1TKAczGzO7Dd2rGr_Particular Taste,0.6075847848587859
5zzrJD2jXrE9dZ1AklRFcL_Poison in Your Cup,0.6146819013854682
