,12Chz98pHFMPJEknJQMWvI_Defector
12Chz98pHFMPJEknJQMWvI_Defector,0.0
4UXqAaa6dQYAk18Lv7PEgX_7 Minutes In Heaven (Atavan Halen),0.23272625381396483
1Ffb6ejR6Fe5IamqA5oRUF_heavy metal (feat. Rahzel),0.2603955140820261
3E3xrZtBU5ORqcmX78v5YZ_Im Real,0.31384743353857264
1KCSPY1glIKqW2TotWuXOR_My Signature Move,0.3308134377503585
4RddZ3iHvSpGV4dvATac9X_Renegade Music,0.3368529390554046
4RddZ3iHvSpGV4dvATac9X_Feel Like Home,0.3433063301168108
31IZdHrCZ5pRhLz4zBxN3o_Kokayne,0.35789508189651054
4RddZ3iHvSpGV4dvATac9X_Kick In The Teeth,0.35821440882010036
1Cs0zKBU1kc0i8ypK3B9ai_Bang My Head (feat. Sia),0.36275883264306663
5xeBMeW0YzWIXSVzAxhM8O_Jigsaw Puzzle,0.36837882706497177
5BtHciL0e0zOP7prIHn3pP_Save Yourself,0.36880374969335983
1Ffb6ejR6Fe5IamqA5oRUF_Visions,0.3704583596652015
4RddZ3iHvSpGV4dvATac9X_Crash,0.3747784105612939
71h7GTahhKcSkQ1ayhTvOD_I Woke Up In A Car,0.3771903480000872
5YGY8feqx7naU7z4HrwZM6_Breakout,0.3806285209342664
3Ayl7mCk0nScecqOzvNp6s_Electable (Give It Up),0.3835817756649314
26VFTg2z8YR0cCuwLzESi2_Roman Holiday,0.38513536647088503
5Rl15oVamLq7FbSb0NNBNy_Safety Pin,0.3873069484451668
3Ayl7mCk0nScecqOzvNp6s_Firefight,0.3876247161990694
