,12Chz98pHFMPJEknJQMWvI_Ruled by Secrecy
12Chz98pHFMPJEknJQMWvI_Ruled by Secrecy,0.0
4Z8W4fKeB5YxbusRsdQVPb_No Surprises (Remastered),0.30382374308343785
6dhfy4ByARPJdPtMyrUYJK_Our Love is Great,0.3467454637119794
1WvvwcQx0tj6NdDhZZ2zZz_The Fountain,0.3678809078993584
7JgXEHI1oEiQICAMeCsKTj_The Things You Loved,0.3870284327612857
4gzpq5DPGxSnKTe4SA8HAU_U.F.O.,0.3876026957972336
4Z8W4fKeB5YxbusRsdQVPb_Scatterbrain,0.39735021008548876
4Z8W4fKeB5YxbusRsdQVPb_A Reminder (Remastered),0.4059042178916562
3PhoLpVuITZKcymswpck5b_If It Wasnt For Bad,0.41022853234770623
053q0ukIDRgzwTr4vNSwab_Devon,0.4169183838999285
5o206eFLx38glA2bb4zqIU_Bowl Of Oranges,0.4210862139571298
6LuN9FCkKOj5PcnpouEgny_Intro,0.4241310545972031
3PhoLpVuITZKcymswpck5b_The Open Chord,0.4245278896247653
74ASZWbe4lXaubB36ztrGX_Tweedle Dee & Tweedle Dum,0.42743432663436787
0hEurMDQu99nJRq8pTxO14_Edge of Desire,0.4320701047644613
4dpARuHxo51G3z768sgnrY_Lovesong,0.44029770740267715
4Z8W4fKeB5YxbusRsdQVPb_How To Disappear Completely,0.4466480445711526
0hEurMDQu99nJRq8pTxO14_Shadow Days,0.44665372016729704
2VIpsUyYMf7opaz3dG4OiF_I Melt with You,0.44731658944005737
1WvvwcQx0tj6NdDhZZ2zZz_Pangea,0.45553598814038443
