,12VaqyEhgwDRuFfEqbnrpz_Joy
12VaqyEhgwDRuFfEqbnrpz_Joy,0.0
4TH4BHy0LdBi3dpBW4P2UX_Broadway,0.3414087459078578
3pBiNVVBqF8p6oIkRfg1vN_Siula Grande - Mixed,0.36045413331176546
3PhoLpVuITZKcymswpck5b_The North,0.38160788703492216
7o95ZoZt5ZYn31e9z1Hc0a_Angel,0.3914375132640449
4lJHGi5dlJmWwFH0JKF6di_Pass The Peas - Live At The Apollo Theater 1972,0.39438267830859897
51Blml2LZPmy7TTiAg47vQ_So Cruel,0.39755637845958547
1Bhw1NGkIlsdVb8NXOymzk_Im Running feat. Sam Roberts,0.40942144375580347
6clbbhnIqpHnqxwtOWcilg_A Joyful Noise,0.418980145644074
7zsin6IgVsR1rqSRCNYDwq_Already Gone,0.42384749009589984
3TBfn8PtXr42OrTPaoC3E8_Impossible Sightings Over Shelton,0.4364268418303411
5zaXYwewAXedKNCff45U5l_Any Other Fool,0.4424533784924715
5MlfccEEOw6kihsT8eQtbh_El Monito Y El Leon,0.4453460312495365
360IAlyVv4PCEVjgyMZrxK_Kaleidoscope Dream,0.4564128228575523
439CDcYGqUBISFKLBaIsG5_Latin Swing,0.4631030689040914
4ZdbxATtc6RpHcxAHy0SLK_Wintercoat,0.4666096074924035
2HcwFjNelS49kFbfvMxQYw_Somethin Stupid,0.4687435338936036
6clbbhnIqpHnqxwtOWcilg_This Place,0.4690740341849934
6V3F8MZrOKdT9fU686ybE9_Get High with Me,0.4728104725063737
5v61OSg53KaQxGMpErkBNp_Paperthin Hymn,0.4735267866219044
