,12VaqyEhgwDRuFfEqbnrpz_The Last Living Rose
12VaqyEhgwDRuFfEqbnrpz_The Last Living Rose,0.0
450o9jw6AtiQlQkHCdH6Ru_By Way Of The Drum - Basstrumental,0.3040547737280893
2BTZIqw0ntH9MvilQ3ewNY_Youre The Reason Our Kids Are Ugly (feat. Vince Gill),0.32839684968883986
6sFIWsNpZYqfjUpaCgueju_Bucket,0.38872750418973095
2P560DaOMNDUACoH8ZhOCR_The Place I Love,0.38991578786529735
3KH7WsR2JZQ94Ik8SyabU6_Chantez Chantez,0.3903549372282032
5I0EPnV9gwrZYTbScjnaOk_Black Is Beautiful,0.39892719126447146
42q4Ivs7tAiCZ5C7eG5q4c_Cat's in the Cradle,0.40286112694261444
4S9EykWXhStSc15wEx8QFK_Immensité,0.4138239109698978
2BTZIqw0ntH9MvilQ3ewNY_Funnel Of Love,0.43445763054953324
2auiVi8sUZo17dLy1HwrTU_T.O.N.Y.,0.4351923364689503
3PhoLpVuITZKcymswpck5b_When A Woman Doesnt Want You,0.43702017284957423
2BSxtBvZWRtgNrGzCaqeLB_Marrakech,0.4452012268364107
5zaXYwewAXedKNCff45U5l_I Cant Make It Alone,0.44613911112922394
3miNucraVWk4hdVsIxn7id_Jazzman,0.4468022900249337
5snNHNlYT2UrtZo5HCJkiw_Coffee (feat. 성아),0.4518543036194087
5CG9X521RDFWCuAhlo6QoR_Wayo (Version 2),0.45998669262127184
1DVs21DjifVH0pgsjPlokN_96 Tears,0.4646505541707548
0Je74SitssvJg1w4Ra2EK7_Spaceman,0.46597126778398823
1sBkRIssrMs1AbVkOJbc7a_Pots and Pans,0.46708820363545456
