,12VaqyEhgwDRuFfEqbnrpz_Written On The Forehead
12VaqyEhgwDRuFfEqbnrpz_Written On The Forehead,0.0
0QrowybipCKUDnq5y10PD2_Hello Again,0.2238007975995657
5o206eFLx38glA2bb4zqIU_Approximate Sunlight,0.2697193697039792
4Z8W4fKeB5YxbusRsdQVPb_No Surprises,0.2947260556715124
38zTZcuN7nFvVJ6auhc6V3_Heatherwood,0.2948353422688511
63MQldklfxkjYDoUE4Tppz_For the Kids,0.29528800123391147
58XGUNsRNu3cVOIOYk5chx_Papers,0.336637737528267
4kI8Ie27vjvonwaB2ePh8T_The Woods,0.35566987536133526
5MkIifBOV94xvm2tr6XliJ_My Dreams Never Sleep,0.35800563603328855
5zeCSgiRyezbfLiGOpKAsR_I Will Remember You,0.36528999162110265
3VNITwohbvU5Wuy5PC6dsI_Game Of Love,0.366101527171258
5y2Xq6xcjJb2jVM54GHK3t_Maxines Interlude,0.3673096822064488
72qs8dHxUfn7lB9cYxQvIF_Colours,0.3768272624176255
0grdhNhiRLFBaFVyybqsj6_White Christmas,0.38018488773637427
5zaXYwewAXedKNCff45U5l_Who (Will Take My Place)?,0.3843821904157989
7IAFAOtc9kTYNTizhLSWM6_Coastline,0.3849461130032275
52mkFCABBeP3KjkWFA4M2H_Things We Dont Need Anymore,0.3889837748839572
7HeVXdOdMhLslVputGTZFQ_Skin Tone,0.40357186417254337
4phGZZrJZRo4ElhRtViYdl_Shine,0.40416084043621975
5zzbSFZMVpvxSlWAkqqtHP_Iblis,0.40777583472620604
