,12VaqyEhgwDRuFfEqbnrpz_Hook
12VaqyEhgwDRuFfEqbnrpz_Hook,0.0
776Uo845nYHJpNaStv1Ds4_Let Me Move You,0.5154616076820985
3miNucraVWk4hdVsIxn7id_Before You Accuse Me,0.5175116516024367
4AqIRTZF6DDmKmdorgFug6_Clowns Are Experts (At Making Us Laugh),0.5476875194747375
63MQldklfxkjYDoUE4Tppz_Night,0.5486548856451318
5EcLhpBjpUATjEjBIQWrKf_Come Sail Away,0.5797473830969146
2g3PKH7Z1Ofn5oGR6oDjLy_Tough Walk,0.5855231323736534
3KH7WsR2JZQ94Ik8SyabU6_Les Temps Ont Changé,0.6018109031363694
5zaXYwewAXedKNCff45U5l_Come Back To Me,0.6049423576792166
5zaXYwewAXedKNCff45U5l_Crumbs Off The Table,0.6112782157556911
05sIdEkXAYDbDDdv3T56Oj_Mystic Voice,0.611418991345208
450o9jw6AtiQlQkHCdH6Ru_Maggot Brain (BMG Dub),0.612500147555779
6clbbhnIqpHnqxwtOWcilg_Old Money,0.6134934972252813
3Z02hBLubJxuFJfhacLSDc_If You Wanna Leave Me (Can I Come Too?),0.6164328039087041
3Z02hBLubJxuFJfhacLSDc_Touch The Hand,0.6165665537962164
3miNucraVWk4hdVsIxn7id_Its Too Late (Alt. Version),0.629218055696128
2g3PKH7Z1Ofn5oGR6oDjLy_Ooh Pooh Pah Doo,0.6299247336618921
7AhwU55MQG9KtNtwr9JoZN_Shout - Part 1,0.6370213024431602
2P560DaOMNDUACoH8ZhOCR_The Modern World,0.6450823351074383
4AqIRTZF6DDmKmdorgFug6_Elvis Decanter,0.6511449345764171
