,12VaqyEhgwDRuFfEqbnrpz_River Anacostia
12VaqyEhgwDRuFfEqbnrpz_River Anacostia,0.0
57xdnSVt4ahJCIXYLieQ25_Wild Thing - Rerecorded,0.4172340946837843
7rewR1TVjhisjI6gauUamf_Theres No Other Like My Baby,0.4665522096005072
7rewR1TVjhisjI6gauUamf_All Grown Up,0.4818329443045487
12VaqyEhgwDRuFfEqbnrpz_All And Everyone,0.48259286210155883
2MG46ekjBSFwPgzoIZvHFU_Lost Stars,0.5030233958888872
0qzzGu8qpbXYpzgV52wOFT_Watch The Flies,0.50586785246384
7GaxyUddsPok8BuhxN6OUW_Talking Loud And Saying Nothing - Part 1 & 2,0.5189892014594792
3KH7WsR2JZQ94Ik8SyabU6_Bimogomifin,0.5308879798638102
30GIF9g2UJ1ifn45kSMTFf_Show Me Heaven - From Days Of Thunder,0.5471391096193823
2g3PKH7Z1Ofn5oGR6oDjLy_Think,0.5515392718917661
3DiDSECUqqY1AuBP8qtaIa_Put It In a Love Song (feat. Beyoncé Knowles),0.5614526806594695
5YkBrE0wF8cAlq3GCOw5Eu_No One Like You,0.5621032313340001
6vWDO969PvNqNYHIOW5v0m_Countdown - Isa Machine Remix,0.5639779659015729
12VaqyEhgwDRuFfEqbnrpz_Chain Of Keys,0.5644348787104494
2Sqr0DXoaYABbjBo9HaMkM_Gravity,0.5646245413714787
7CyeXFnOrfC1N6z4naIpgo_(The Best Part Of) Breakin Up,0.5710223742856201
3XlIhgydjvC4EniPFZT20j_Just A Cup Of Coffee,0.5740524076994084
0ukgSx1gUt5rUihbNh46qy_Heroine (Got Nothing on You),0.578899957964247
0EmeFodog0BfCgMzAIvKQp_Tú - En Vivo,0.5806961447072341
