,12VaqyEhgwDRuFfEqbnrpz_This Mess Were In
12VaqyEhgwDRuFfEqbnrpz_This Mess Were In,0.0
3MblbJw8sIsp03qboRPeUJ_36,0.40519730282410854
3qNVuliS40BLgXGxhdBdqu_All with You (Inst.),0.4249194746288304
5QbQTzXbOJ2iW5LIo8vT3X_Holy Sins,0.42806398546220137
64NhyHqRKYhV0IZylrElWu_Colossal,0.4397864316028845
5g3uG8zZZANGT6YOssgjfC_Homo Sapien,0.44067870520137553
2g3PKH7Z1Ofn5oGR6oDjLy_Just Pickin,0.4436367096635264
3PhoLpVuITZKcymswpck5b_A Dream Come True,0.44377625827289374
5o206eFLx38glA2bb4zqIU_Approximate Sunlight,0.44454629319442646
4Z8W4fKeB5YxbusRsdQVPb_No Surprises,0.44994846225253526
12VaqyEhgwDRuFfEqbnrpz_Written On The Forehead,0.4618297540623498
5YkBrE0wF8cAlq3GCOw5Eu_Over The Ocean,0.4667224337298175
4Z8W4fKeB5YxbusRsdQVPb_Street Spirit (Fade Out),0.47058000300836617
2g3PKH7Z1Ofn5oGR6oDjLy_Hey Mrs. Jones,0.4742131899078791
5zzbSFZMVpvxSlWAkqqtHP_Iblis,0.47496900028301237
4gzpq5DPGxSnKTe4SA8HAU_Strawberry Swing,0.4755797536754732
56ZTgzPBDge0OvCGgMO3OY_Shes So Lovely,0.4784232536458669
4Z8W4fKeB5YxbusRsdQVPb_Bloom (Harmonic 313 Rmx),0.48394943389168343
5zzbSFZMVpvxSlWAkqqtHP_Yes Ive Been Lured,0.4856420788274345
5y2Xq6xcjJb2jVM54GHK3t_Maxines Interlude,0.48761454663680986
