,15iVAtD3s3FsQR4w1v6M0P_Just What It Be Like
15iVAtD3s3FsQR4w1v6M0P_Just What It Be Like,0.0
6EyCwIp7Sb3oTXXaCxoYbz_New Faces,0.3498027249569198
13ubrt8QOOCPljQ2FL1Kca_Too Many Gods,0.37198371943137293
1RyvyyTE3xzB2ZywiAwp0i_Long Time,0.4185130776661291
6EyCwIp7Sb3oTXXaCxoYbz_Chandelier,0.4276535819087264
1DvtabXAjfrMihPP6JQdHs_Problems (feat. Quando Rondo & Lil Durk),0.43027950493014405
6icQOAFXDZKsumw3YXyusw_Free K$upreme Freestyle,0.4339487588783918
0SfsnGyD8FpIN4U4WCkBZ5_United - Extended Mix,0.4344869560150141
0Y5tJX1MQlPlqiwlOH1tJY_CAROUSEL,0.4350226520453482
1RyvyyTE3xzB2ZywiAwp0i_Lookin Exotic,0.44642924590739425
31IZdHrCZ5pRhLz4zBxN3o_Cross My Heart,0.44866707801064676
1bPxKZtCdjB1aj1csBJpdS_However,0.4502035011134834
1DvtabXAjfrMihPP6JQdHs_Paper Soldiers (feat. Goo Glizzy & DF Gizzle),0.4502844391506476
"6oMuImdp5ZcFhWP0ESe6mG_Naw, Naw",0.4535763262246769
15iVAtD3s3FsQR4w1v6M0P_Rounds,0.45443877763128443
5QDNC7d83GlaTl7Jy9djQ1_Who Can You Trust,0.45544026735403664
1RyvyyTE3xzB2ZywiAwp0i_Lie to Me,0.46054432459311273
31IZdHrCZ5pRhLz4zBxN3o_Posin Taking Pictures,0.4626874597467352
4MCBfE4596Uoi2O4DtmEMz_Hide (feat. Seezyn),0.46454257667633536
6EyCwIp7Sb3oTXXaCxoYbz_Death Before Dishonor,0.4755900419136251
