,15iVAtD3s3FsQR4w1v6M0P_Fookah
15iVAtD3s3FsQR4w1v6M0P_Fookah,0.0
31IZdHrCZ5pRhLz4zBxN3o_Cool Shit,0.3486097090060887
20j1uz7iDOtIvIzCr5S8nx_Love Box,0.3692665275524686
33crDRqANd3NQHJagZkQ7O_boy interlude,0.3972077946394649
1RyvyyTE3xzB2ZywiAwp0i_Fo Real,0.4019300129846942
2jku7tDXc6XoB6MO2hFuqg_FlEXiBle (feat. Chris Brown & Lil Baby),0.4057623940202248
6PXS4YHDkKvl1wkIl4V8DL_Into Her (feat. Monty),0.40837363712294833
5bOD7SS2RP7gzcNstJeCuF_사랑은 병이지,0.4151924195272302
6V3F8MZrOKdT9fU686ybE9_Innocent ManFeat. Dmx - Feat. Dmx - D.C. Joseph Mix,0.41585454105109315
0QHgL1lAIqAw0HtD7YldmP_Im On One,0.4284982216853157
6PXS4YHDkKvl1wkIl4V8DL_There She Go (feat. Monty),0.4430112917464189
53XhwfbYqKCa1cC15pYq2q_Yesterday,0.4445947458741235
6jV25rzTKQ2zMgrqHha1V5_We Young - Chinese Version,0.44609725797054844
6H4lieipng8aGu3Hbd1UeJ_Damaged,0.4535446349943561
1r4hJ1h58CWwUQe3MxPuau_La Ex (feat. Jason Derulo),0.4537660933821755
1SupJlEpv7RS2tPNRaHViT_Tu Hombre (feat. Daddy Yankee),0.456381973114347
4V8Sr092TqfHkfAA5fXXqG_Despacito,0.4567782818031841
7rRz5zPounzREHN0cIrYhS_Innerspace,0.46497224364638523
3qNVuliS40BLgXGxhdBdqu_Four Seasons,0.4657112621167505
6vXTefBL93Dj5IqAWq6OTv_Cocaine Mafia,0.47197672350607534
