,15iVAtD3s3FsQR4w1v6M0P_She Like
15iVAtD3s3FsQR4w1v6M0P_She Like,0.0
0RGwDw7utw9jyhSf2TySBv_Kitchen (feat. J Money),0.37004063924189967
4phGZZrJZRo4ElhRtViYdl_Geek in the Pink,0.3798530482763163
"0x83OBqixqdCHnStP5VMcn_It's A Mad, Mad, Mad, Mad World",0.3951787682787856
6vXTefBL93Dj5IqAWq6OTv_Burnin,0.43585489147891143
7yO4IdJjCEPz7YgZMe25iS_Skool Bus (Skit),0.45852288540395547
3fmMaLC5jjf2N4EC2kTx0u_Hazy Love (feat. Chloe Kaul),0.46779394317578676
4AqIRTZF6DDmKmdorgFug6_Overture,0.46963998951164987
3tBtdC4EFE4bNqkt7JP0Co_Theres More to Life,0.47212912262129225
2SUvSee1ooyCzwAnsUdu2K_This One,0.47588052501503963
36UNM7yYDzObkWmLYaIdHy_Make It Hot,0.47880874826659525
3VNITwohbvU5Wuy5PC6dsI_Too Hot,0.48884264272341726
2YZyLoL8N0Wb9xBt1NhZWg_LUST.,0.5004048821566964
6vXTefBL93Dj5IqAWq6OTv_Top Chef,0.5060748778114347
31IZdHrCZ5pRhLz4zBxN3o_Ballinnn (feat. Ghetty),0.5095431089515207
7Ln80lUS6He07XvHI8qqHH_Fire And The Thud,0.5156166101869643
1f5GqyOPo0CkotzzRwviBu_I F****d My Aunt,0.5167727144236124
450o9jw6AtiQlQkHCdH6Ru_Looking Back At You (Ectomorph Stripped And Dubbed),0.5242071386550348
2VIoWte1HPDbZ2WqHd2La7_How You Loved Me,0.5284869279770699
3KGQvnOoqUHi3KxKQMZtXr_The Letter,0.5306207773668126
