,15iVAtD3s3FsQR4w1v6M0P_Law & Order
15iVAtD3s3FsQR4w1v6M0P_Law & Order,0.0
1RyvyyTE3xzB2ZywiAwp0i_Karate Chop 2013,0.304096109386646
6TIYQ3jFPwQSRmorSezPxX_Round Here,0.3061709104204235
1URnnhqYAYcrqrcwql10ft_BullS**t,0.3236044243268767
50co4Is1HCEo8bhOyUWKpn_Want Some More,0.3340275908285821
1Xyo4u8uXC1ZmMpatF05PJ_Nothing Without You,0.3549645515923331
6vXTefBL93Dj5IqAWq6OTv_Clap,0.36555628303573595
50co4Is1HCEo8bhOyUWKpn_Hercules,0.36652217786658126
1bPxKZtCdjB1aj1csBJpdS_Benji Chasin,0.36733738699958013
1DvtabXAjfrMihPP6JQdHs_Mula (feat. 3 Glizzy),0.3679123014549087
6oMuImdp5ZcFhWP0ESe6mG_MuhF ckn Tired,0.36923841710014665
1U0sIzpRtDkvu1hXXzxh60_Frontline,0.38033118116857945
1sBkRIssrMs1AbVkOJbc7a_Street Life,0.38343294180295195
1RyvyyTE3xzB2ZywiAwp0i_Rent Money,0.39711298663591665
15iVAtD3s3FsQR4w1v6M0P_Kills,0.41132068075716005
6TIYQ3jFPwQSRmorSezPxX_SIGNS (Feat. 24hrs),0.41348484948666586
1DvtabXAjfrMihPP6JQdHs_Im on Fire,0.4218116752748465
15iVAtD3s3FsQR4w1v6M0P_Baby Daddy Broke,0.42233084812643584
0rW6fVd3yuW2CF2sLYWQtE_Plus 82 (feat. Bryan Chase),0.42259018173987994
1RyvyyTE3xzB2ZywiAwp0i_Group Home,0.42716374765466286
