,166Dz1GX3xonSQ3Z6CQW26_Never Die Again
166Dz1GX3xonSQ3Z6CQW26_Never Die Again,0.0
34v5MVKeQnIo0CWYMbbrPf_Cheating,0.2767557362289562
4AQrqVz6BYwy29iMxcGtx7_Losing Touch,0.28737333932436504
5YGY8feqx7naU7z4HrwZM6_Wake Up America,0.2873801645277899
5WUlDfRSoLAfcVSX1WnrxN_Candy Cane Lane,0.2932438732755337
53XhwfbYqKCa1cC15pYq2q_Amsterdam,0.2941374033260138
7K3zpFXBvPcvzhj7zlGJdO_Celestica,0.2966722398689844
3Z02hBLubJxuFJfhacLSDc_Driving Under The Influence Of Love,0.29705287382518136
2siHvYaxjaW5rKVRiIrMYH_Rearview,0.3034394831240334
4O5EDKGt6YC5IXkOArVqk3_Hoping For Tomorrow,0.30494863097216945
5INjqkS1o8h1imAzPqGZBb_Why Wont You Make Up Your Mind?,0.30666321326991297
6Ad91Jof8Niiw0lGLLi3NW_11 Minutes (with Halsey feat. Travis Barker),0.309487204380067
4AK6F7OLvEQ5QYCBNiQWHq_Gotta Be You,0.3116316595042034
4gzpq5DPGxSnKTe4SA8HAU_Charlie Brown,0.32291099690415964
3qNVuliS40BLgXGxhdBdqu_I Found You,0.32874492091207325
7y8lzaGqtadGmtAtg2SGv4_Good Night Good Morning,0.3288656899712939
1Ffb6ejR6Fe5IamqA5oRUF_why you gotta kick me when im down?,0.32966075171781584
1l9d7B8W0IHy3LqWsxP2SH_Celebrating Nothing,0.33000960204621954
7MC5zmK3iZHzPqGZEVSROe_Play by Play,0.335183049970286
0X2BH1fck6amBIoJhDVmmJ_The Writer,0.34927419527477827
