,19BGdnPfeXHTVUEa5QjRvj_My Lagan Love
19BGdnPfeXHTVUEa5QjRvj_My Lagan Love,0.0
7G1GBhoKtEPnP86X2PvEYO_Lilac Wine,0.5359390337761911
74ASZWbe4lXaubB36ztrGX_Seven Curses - Studio Outtake - 1963,0.5932852509724761
4phGZZrJZRo4ElhRtViYdl_Halfway Home,0.6508778345067836
2BTZIqw0ntH9MvilQ3ewNY_At Last,0.6835764886046073
0QrowybipCKUDnq5y10PD2_Dreamin,0.7160478536656403
6G7OerKc3eBO9sVkRNopFC_Hate,0.7324144308923718
5MlfccEEOw6kihsT8eQtbh_Yo Vine Pa Ver,0.7356179620076945
4NgNsOXSwIzXlUIJcpnNUp_Angel,0.7512916336740362
4NgNsOXSwIzXlUIJcpnNUp_Wintersong,0.7556950406915582
2WoVwexZuODvclzULjPQtm_Too Much,0.7685269450592096
2pvCf5g7XBReiPIvcq7W18_BORN IN 1993. - Interlude,0.7790932593245031
04gDigrS5kc9YWfZHwBETP_If I Fell - Acoustic,0.7870458722410275
2auiVi8sUZo17dLy1HwrTU_Can I Hold the Mic (interlude),0.7929364280676593
38zTZcuN7nFvVJ6auhc6V3_Nitebike,0.8041204501503169
3oXddLOOjkoUuC2sX1RMdr_Game To Lose,0.8239538775825166
6G7OerKc3eBO9sVkRNopFC_Wild is the Wind,0.8245656147209273
0EmeFodog0BfCgMzAIvKQp_Toneladas,0.828130110664255
6G7OerKc3eBO9sVkRNopFC_Black,0.8291364504188442
7MC5zmK3iZHzPqGZEVSROe_Over Now - Avatar Sessions,0.8429400786708928
