,1AWNf5CLnHH4oM1hcHiVeV_Westside Connections
1AWNf5CLnHH4oM1hcHiVeV_Westside Connections,0.0
31W5EY0aAly4Qieq6OFu6I_4 Min Convo (Favorite Song),0.2853045149826388
1AWNf5CLnHH4oM1hcHiVeV_Simple Things,0.3347736902669286
4V8LLVI7PbaPR0K2TGSxFF_November,0.34058560995946957
4V8LLVI7PbaPR0K2TGSxFF_Lights On (feat. Ryan Beatty & Santigold),0.3558745933937364
5y2Xq6xcjJb2jVM54GHK3t_P.D.A. (We Just Dont Care),0.3578006200446785
28j8lBWDdDSHSSt5oPlsX2_Numb,0.37672880351163635
3bykTIvfobPwvgbrqh777j_Mi Banda (Minha Banca),0.3830766744554708
4xRYI6VqpkE3UwrDrAZL8L_YSIV,0.40142264011486517
15iVAtD3s3FsQR4w1v6M0P_Han Han,0.40288111105388147
6vXTefBL93Dj5IqAWq6OTv_Drop a Gem On Em,0.4058526252431947
2jku7tDXc6XoB6MO2hFuqg_48 Floors (feat. Mansa),0.40952790287175755
5g3uG8zZZANGT6YOssgjfC_You Will Be Mine,0.4117000914010929
31W5EY0aAly4Qieq6OFu6I_Skeezers,0.42013911262229775
4iHNK0tOyZPYnBU7nGAgpQ_Boy (I Need You),0.4218087862148179
5a2EaR3hamoenG9rDuVn8j_High,0.4220261649063958
5snNHNlYT2UrtZo5HCJkiw_Maze (feat. Dumbfoundead & MYK),0.42784545615235314
5snNHNlYT2UrtZo5HCJkiw_선물 Gift (feat. 박지윤 Park JiYoon),0.4352917826783582
1GAS0rb4L8VTPvizAx2O9J_Fortunate,0.4383500519278605
6H4lieipng8aGu3Hbd1UeJ_Fake,0.4396550756935309
