,1Bhw1NGkIlsdVb8NXOymzk_Talk To Me feat. Brazilian Girls
1Bhw1NGkIlsdVb8NXOymzk_Talk To Me feat. Brazilian Girls,0.0
1Bhw1NGkIlsdVb8NXOymzk_Is It Ok feat. Sweet Bjorn Yttling,0.33693922148614164
4TH4BHy0LdBi3dpBW4P2UX_Live by the Gun,0.44981451899974567
3miNucraVWk4hdVsIxn7id_San Francisco Nights,0.4557991122488107
1Bhw1NGkIlsdVb8NXOymzk_Dance Me To The End Of Love,0.4822249652836753
6C403AR4y6PjN0xNNGh42m_Falling Up the Bean Stalk,0.4860318189619713
5pKCCKE2ajJHZ9KAiaK11H_We Ride,0.49701628864221387
6vXTefBL93Dj5IqAWq6OTv_Dem Girls,0.5176446199686586
1KCSPY1glIKqW2TotWuXOR_Respect,0.5195071355899727
6vXTefBL93Dj5IqAWq6OTv_They Not Ready,0.5275064658623312
450o9jw6AtiQlQkHCdH6Ru_You and Your Folks (Claude Young Jr Dub),0.5310571851170454
12VaqyEhgwDRuFfEqbnrpz_Down By The Water,0.5312246810972596
2UiCM3Q6qun7IFgNlxhF7N_07. Mula Back ft Smeezaleen,0.5407823224192253
0grdhNhiRLFBaFVyybqsj6_Heaven Only Knows,0.544973669300377
6vXTefBL93Dj5IqAWq6OTv_Pimping Aint Easy,0.5452355111668167
31IZdHrCZ5pRhLz4zBxN3o_RABiES (feat. Ghetty),0.5455341213102927
"50co4Is1HCEo8bhOyUWKpn_Yeah, Yeah (Feat. OG Boo Dirty & Heavy)",0.5455888782660476
6C403AR4y6PjN0xNNGh42m_Swerve...The Reaping of All That Is Worthwhile (Noir Notwithstanding),0.5486901904547744
6oMuImdp5ZcFhWP0ESe6mG_HollyWood Nigga,0.5487935897337849
6oxdzpYKrW4th4wfgc7h99_Freak in You,0.556866105705125
