,1bPxKZtCdjB1aj1csBJpdS_All That Haten
1bPxKZtCdjB1aj1csBJpdS_All That Haten,0.0
1O10apSOoAPjOu6UhUNmeI_NEW DORP. NEW YORK,0.3106516381826755
6vQVYHmpY1LAJaLq8hTR7x_Como Te Gusta,0.36683691809542857
31IZdHrCZ5pRhLz4zBxN3o_Rap Game PATRiCK EWiNG (feat. Ghetty),0.3878151443550828
31IZdHrCZ5pRhLz4zBxN3o_Haters Make It Hard,0.39408107003283677
60NNvDqsif0u40CXMV6jDQ_Speed,0.3941060208377005
6XpaIBNiVzIetEPCWDvAFP_Somebody Bigger Than You And I,0.3978961074098941
"2weMnYqCmtNUrSLAJq5dD8_Baby, Its Cold Outside",0.4010506287531323
2SUvSee1ooyCzwAnsUdu2K_2 Big 2 Fail,0.4067688266414729
50co4Is1HCEo8bhOyUWKpn_Climax (feat. 6lack),0.41927767762045737
15iVAtD3s3FsQR4w1v6M0P_NEMO,0.42911878222532013
15iVAtD3s3FsQR4w1v6M0P_Some,0.4330261603891556
5snNHNlYT2UrtZo5HCJkiw_1825 (Paper Cranes),0.4338709175817564
5K4W6rqBFWDnAN6FQUkS6x_Family Business,0.4425581058386316
5snNHNlYT2UrtZo5HCJkiw_20 Fingers (feat. DJ Friz),0.4451998020562312
3ZPRZDAAuBrvx1tsIjeFxh_True Power - Mixed,0.44651782103432386
2YZyLoL8N0Wb9xBt1NhZWg_The Art of Peer Pressure,0.4470441981585174
31IZdHrCZ5pRhLz4zBxN3o_Chris Paul,0.44711501494580824
6C403AR4y6PjN0xNNGh42m_Welcome to Quazarz,0.4487823043867924
50co4Is1HCEo8bhOyUWKpn_Oh Yeah (feat. HiDoraah),0.4528669516605694
