,1cNDP5yjU5vjeR8qMf4grg_Drop Top
1cNDP5yjU5vjeR8qMf4grg_Drop Top,0.0
1RyvyyTE3xzB2ZywiAwp0i_He Got Money,0.34871928130534996
0A0FS04o6zMoto8OKPsDwY_Ride With Me,0.3560844896995041
31IZdHrCZ5pRhLz4zBxN3o_Always Up,0.361625981785422
6eUKZXaKkcviH0Ku9w2n3V_Lately (feat. Devlin),0.37040355862113966
1DvtabXAjfrMihPP6JQdHs_Money (feat. Young Dolph),0.38430392971981836
1DvtabXAjfrMihPP6JQdHs_Mula (feat. 3 Glizzy),0.3875755409361808
4HzKw8XcD0piJmDrrPRCYk_Pacifico,0.39356808572609975
15iVAtD3s3FsQR4w1v6M0P_Top In The Trash,0.40565032376407134
1sBkRIssrMs1AbVkOJbc7a_Face,0.4146410599989391
3TVXtAsR1Inumwj472S9r4_Now & Forever,0.4195001740537781
1cNDP5yjU5vjeR8qMf4grg_Murder On My Mind,0.4233720136619319
06HL4z0CvFAxyc27GXpf02_End Game,0.4252724848082758
3aGFCoR8xGN6DKwvdzeSja_Solo,0.4288829725009851
6vXTefBL93Dj5IqAWq6OTv_Clap,0.42907884711405225
2YZyLoL8N0Wb9xBt1NhZWg_Backseat Freestyle,0.43957646669011763
31IZdHrCZ5pRhLz4zBxN3o_Syrup Sippin Assassin,0.44064576226701746
1DvtabXAjfrMihPP6JQdHs_Im on Fire,0.44785817813477236
26dSoYclwsYLMAKD3tpOr4_Shadow,0.45169726431491924
1sBkRIssrMs1AbVkOJbc7a_Trilla Intro,0.4548321949568797
