,1cNDP5yjU5vjeR8qMf4grg_Melly the Menace
1cNDP5yjU5vjeR8qMf4grg_Melly the Menace,0.0
1RyvyyTE3xzB2ZywiAwp0i_My Collection,0.31771493273859724
50co4Is1HCEo8bhOyUWKpn_Oh Yeah,0.32183556710200434
5K4W6rqBFWDnAN6FQUkS6x_Gone,0.34615811712509686
1AWNf5CLnHH4oM1hcHiVeV_Symptoms of a Down,0.3614410840439111
1AWNf5CLnHH4oM1hcHiVeV_The Motion,0.36938929342584625
5LA9eBtrAmkfQveuJZLH5h_Move Together,0.38744014019119755
1RyvyyTE3xzB2ZywiAwp0i_DOH DOH (feat. Young Scooter),0.38985282303920926
06HL4z0CvFAxyc27GXpf02_Dress,0.3900563800008455
1DvtabXAjfrMihPP6JQdHs_Huh,0.39687891038905854
5ZsFI1h6hIdQRw2ti0hz81_I Don’t Wanna Live Forever (Fifty Shades Darker),0.4085299591137821
6oMuImdp5ZcFhWP0ESe6mG_Rich Then Famous (Intro),0.4125648689595629
4gSTRpmeyYppvIXuFKjfAL_Taken,0.42687186116804354
6icQOAFXDZKsumw3YXyusw_love me forever,0.4331261867046512
0c173mlxpT3dSFRgMO8XPh_Pull Up N Wreck (With Metro Boomin),0.4393144256145575
15iVAtD3s3FsQR4w1v6M0P_F What The Opp Said,0.44173026607824817
5snNHNlYT2UrtZo5HCJkiw_그녀는 몰라 (feat. MYK),0.4428793542532704
5snNHNlYT2UrtZo5HCJkiw_그녀는 몰라,0.44337470808306545
7n2wHs1TKAczGzO7Dd2rGr_Honest,0.4435131205228822
3f9if5rJj7moycBZLcOdYG_Oh Yeah,0.44953290137321017
