,1Cs0zKBU1kc0i8ypK3B9ai_Movement Girl
1Cs0zKBU1kc0i8ypK3B9ai_Movement Girl,0.0
1ZwdS5xdxEREPySFridCfh_Keep Ya Head Up,0.3426504500535106
6vWDO969PvNqNYHIOW5v0m_Party,0.39156987920070857
69GGBxA162lTqCwzJG5jLp_Paris,0.3933890751584416
3aGFCoR8xGN6DKwvdzeSja_Turn Off The Lies,0.40357053572493445
"5snNHNlYT2UrtZo5HCJkiw_Rocksteady (feat. Kero One, Dumbfoundead, MYK & Rakaa of Dilated Peoples)",0.40419296486720035
3bykTIvfobPwvgbrqh777j_Ganância,0.4109511943052024
1GAS0rb4L8VTPvizAx2O9J_Freefallin,0.41150324169408853
5y2Xq6xcjJb2jVM54GHK3t_Stereo,0.41871352248215105
5a2EaR3hamoenG9rDuVn8j_Laydown,0.42563068016488753
"5snNHNlYT2UrtZo5HCJkiw_Rocksteady (feat. Paloalto, Dok2, Beatbox DG & Beenzino) [Korean Version]",0.43034313335990027
7fGhUgW2TDm5bkaUrFz8qP_Come wit It,0.44167348983419563
1AWNf5CLnHH4oM1hcHiVeV_What Up Man,0.44553749943614446
31IZdHrCZ5pRhLz4zBxN3o_Tonka Toy Freestyle,0.4470153146152508
3LjhVl7GzYsza1biQjTpaN_Cliffs Edge,0.44703358742984667
1SupJlEpv7RS2tPNRaHViT_Suelta,0.44719966772855463
50lhyY7UVI9NyVHl79rVgk_PHILOSOPHY!,0.4473518279227477
3qut5mt0Kcj6ka8fiOGLCy_Motsaenggyeodo Gwaenchanha.,0.4479376018351306
6VuMaDnrHyPL1p4EHjYLi7_How Long (feat. French Montana) - Remix,0.44970051126796245
2siHvYaxjaW5rKVRiIrMYH_In Summer,0.45009466765878703
