,1Cs0zKBU1kc0i8ypK3B9ai_Last Train
1Cs0zKBU1kc0i8ypK3B9ai_Last Train,0.0
3DiDSECUqqY1AuBP8qtaIa_Try Sleeping with a Broken Heart,0.33817074758210597
60d24wfXkVzDSfLS6hyCjZ_Access,0.3465207607614639
20j1uz7iDOtIvIzCr5S8nx_You Hoooo!!!,0.361355294066974
1HY2Jd0NmPuamShAr6KMms_Alejandro,0.36830547551202336
2GLf7iaOOujAem5R87xwto_Electricity,0.37002707368285814
2pTCZ9C1fXdaVlv6d5EIXM_Give It Up,0.3880433085745747
1Cs0zKBU1kc0i8ypK3B9ai_Sound Of Letting Go (feat. Chris Willis),0.39017786825735107
4cMtnnGdRvh8KIi2RA7ZeU_genesis,0.39716613796340455
1Cs0zKBU1kc0i8ypK3B9ai_Never Take Away My Freedom,0.4058888560600978
1Cs0zKBU1kc0i8ypK3B9ai_Whos That Chick? (feat. Rihanna),0.40757876807957183
2kYGhtpk80ssZY8FRQH5Xo_While Im Alive,0.40823596612699947
7gAppWoH7pcYmphCVTXkzs_Dangerous,0.41407326517310206
0X2BH1fck6amBIoJhDVmmJ_We Can't Move To This,0.41424832530952704
5rSXSAkZ67PYJSvpUpkOr7_All of Your Life (You Need Love),0.416358339121317
7o95ZoZt5ZYn31e9z1Hc0a_These Words - Ford Dub Mix,0.4198579954200901
6sFIWsNpZYqfjUpaCgueju_Wrong Feels So Right,0.4215167821117987
7CajNmpbOovFoOoasH2HaY_Flashback,0.4299006925147512
2BTZIqw0ntH9MvilQ3ewNY_Raging Storm,0.43410360634596595
2YZyLoL8N0Wb9xBt1NhZWg_Compton,0.43922159588197124
