,1DvtabXAjfrMihPP6JQdHs_Rich Shooters (feat. Q Da Fool)
1DvtabXAjfrMihPP6JQdHs_Rich Shooters (feat. Q Da Fool),0.0
0du5cEVh5yTK9QJze8zA0C_24K Magic,0.31652979242585194
31IZdHrCZ5pRhLz4zBxN3o_Versace Python,0.3194765080684407
67qogtRNI0GjUr8PlaG6Zh_Already Done,0.32294503804967567
3f4OfcNtgL9MLgiyOdIHC7_Dure Dure,0.33811183527048194
5Z1CCuBsyhEHngq3U5IraY_Home,0.3410324601168754
31IZdHrCZ5pRhLz4zBxN3o_4 Million,0.34504980061523727
64KEffDW9EtZ1y2vBYgq8T_You Can Cry,0.3472335861425317
41hXOCZP5APH1B3PxdgWTE_Get Away,0.35752629422275223
2ysnwxxNtSgbb9t1m2Ur4j_Shotgun,0.3691432535648384
4xPR9p75zzDlisJvvhEYl2_I Just Know,0.38205358100175546
6oMuImdp5ZcFhWP0ESe6mG_Payola,0.3925740967468289
1DvtabXAjfrMihPP6JQdHs_Niggas Kno,0.397661597806078
1Hsdzj7Dlq2I7tHP7501T4_On The Loose,0.39872067689112717
1r4hJ1h58CWwUQe3MxPuau_Hangover (feat. Prince Royce),0.40150132010741235
1DvtabXAjfrMihPP6JQdHs_Thank You,0.40941129824187045
1HY2Jd0NmPuamShAr6KMms_I Like It Rough,0.4111419084282865
7LLcRttKjV6PeJOlCNCYon_Hella,0.41952214610893246
7CajNmpbOovFoOoasH2HaY_Here 2 China (feat. Dizzee Rascal),0.42261212333427967
5GtMEZEeFFsuHY8ad4kOxv_In the Midnight Hour,0.42267897629009876
