,1DvtabXAjfrMihPP6JQdHs_Give It Up (feat. 3 Glizzy)
1DvtabXAjfrMihPP6JQdHs_Give It Up (feat. 3 Glizzy),0.0
1RyvyyTE3xzB2ZywiAwp0i_200,0.3011775116013285
6g0Xatzg8vlchoEe21LoeH_How Can U Sleep (feat. Lil Dicky & The Game),0.32964027903408727
68kEuyFKyqrdQQLLsmiatm_Relay,0.3348953995835434
3z3xPw2NyqrZgITJS0Xvs4_Recount,0.3401162736318263
1RyvyyTE3xzB2ZywiAwp0i_Mink Flow,0.35766153502135173
1DvtabXAjfrMihPP6JQdHs_48,0.3609126949362629
0rW6fVd3yuW2CF2sLYWQtE_Mr. Independent 3 (feat. Jinbo),0.3778370247598762
1RyvyyTE3xzB2ZywiAwp0i_Patek Water,0.3821796425561194
6Jrxnp0JgqmeUX1veU591p_I Dont Want,0.38730463975217944
5ZsFI1h6hIdQRw2ti0hz81_BeFoUr,0.3886485956692842
64NhyHqRKYhV0IZylrElWu_Wake With,0.3966019164058495
6PXS4YHDkKvl1wkIl4V8DL_Wavy,0.40284071384179626
3ApUX1o6oSz321MMECyIYd_Werewolf (feat. Yoshi Flower),0.4125683081621275
1RyvyyTE3xzB2ZywiAwp0i_Use Me,0.4130450272187383
3JhNCzhSMTxs9WLGJJxWOY_Ten Million,0.4184719107730961
7gAppWoH7pcYmphCVTXkzs_On Your Mind,0.42310757245285335
6LEeAFiJF8OuPx747e1wxR_On the Line,0.4240757893186489
2cJyZ3relxSBT15LIGBjLL_Tithes and Offerings,0.4350046472864648
6vXTefBL93Dj5IqAWq6OTv_Jump,0.43690397523217356
