,1f5GqyOPo0CkotzzRwviBu_We Are A Crowd
1f5GqyOPo0CkotzzRwviBu_We Are A Crowd,0.0
7GaxyUddsPok8BuhxN6OUW_Stone Cold Drag,0.30749418982728616
7GaxyUddsPok8BuhxN6OUW_You Can't Beat Two People In Love - Part 2,0.3429150402437762
6XpaIBNiVzIetEPCWDvAFP_Nothin But Love,0.3739056114582227
0XATRDCYuuGhk0oE7C0o5G_Cat Fight,0.42130501312837265
5Fe1EofQMZ9XilaYmSAKHr_This is Moscow Not L.A. - Bonus,0.4560130070605673
1l7ZsJRRS8wlW3WfJfPfNS_Ven Conmigo (Solamente Tú),0.46052662638555286
4iHNK0tOyZPYnBU7nGAgpQ_Crybaby,0.4666670211467927
1l7ZsJRRS8wlW3WfJfPfNS_Infatuation,0.46778723435111824
6XpaIBNiVzIetEPCWDvAFP_Whatchulookinat - Main (A.K.A. Backing Vox Up),0.46924258455001655
5P5FTygHyx2G57oszR3Wot_Torches,0.4709695178902299
4iHNK0tOyZPYnBU7nGAgpQ_Heartbreaker,0.4748435042928277
1l8Fu6IkuTP0U5QetQJ5Xt_Better Together - Acoustic,0.47640114402438943
5snNHNlYT2UrtZo5HCJkiw_도시가 눈을 감지 않는 이유,0.4769823846249725
2siHvYaxjaW5rKVRiIrMYH_Love Is Alive,0.48427710870901863
34v5MVKeQnIo0CWYMbbrPf_Called It Off,0.4855031972482096
61NNjvDJL5ULEefaOnB5gU_Raff dich auf,0.4885154411422506
3qNVuliS40BLgXGxhdBdqu_Baram X 3,0.490053422868542
4V8Sr092TqfHkfAA5fXXqG_Fight The Feeling,0.49128171677377197
1l8Fu6IkuTP0U5QetQJ5Xt_Tú Eres Lo Que Yo Quiero - Better Together,0.4986409033360611
