,1Ffb6ejR6Fe5IamqA5oRUF_The Sadness Will Never End (feat. Sam Carter)
1Ffb6ejR6Fe5IamqA5oRUF_The Sadness Will Never End (feat. Sam Carter),0.0
5BtHciL0e0zOP7prIHn3pP_Hollow,0.2410666973911795
4RddZ3iHvSpGV4dvATac9X_I Devise My Own Demise,0.2559359613410111
1Ffb6ejR6Fe5IamqA5oRUF_Blessed With A Curse,0.26357819995721365
5BtHciL0e0zOP7prIHn3pP_Torn in Two,0.27079072682252403
4UXqAaa6dQYAk18Lv7PEgX_XO,0.275455212818177
5v61OSg53KaQxGMpErkBNp_Burn Out Brighter (Northern Lights),0.2944687140493121
7Ln80lUS6He07XvHI8qqHH_Balaclava,0.2984900124242165
5v61OSg53KaQxGMpErkBNp_We Are Destroyer,0.3053004693986772
5BtHciL0e0zOP7prIHn3pP_The Great Divide,0.3057714880705317
4UXqAaa6dQYAk18Lv7PEgX_G.I.N.A.S.F.S.,0.3084955536179076
4UXqAaa6dQYAk18Lv7PEgX_Rat A Tat,0.31591465131568874
58XGUNsRNu3cVOIOYk5chx_The Loner,0.32535388242992397
1Ffb6ejR6Fe5IamqA5oRUF_Sleepwalking,0.3272375776744348
4UXqAaa6dQYAk18Lv7PEgX_The Carpal Tunnel Of Love,0.32785373091985626
12Chz98pHFMPJEknJQMWvI_Shrinking Universe,0.3295861864725242
2HcwFjNelS49kFbfvMxQYw_Ego Agogo,0.3360084968662381
1Ffb6ejR6Fe5IamqA5oRUF_Fuck (feat. Josh Franceschi),0.3403922370842797
4AK6F7OLvEQ5QYCBNiQWHq_I Want,0.34111493602280973
5v61OSg53KaQxGMpErkBNp_Haight St,0.34140610236358204
