,1GAS0rb4L8VTPvizAx2O9J_A Long Hello
1GAS0rb4L8VTPvizAx2O9J_A Long Hello,0.0
1r4hJ1h58CWwUQe3MxPuau_Condena,0.28713436030007156
3JhNCzhSMTxs9WLGJJxWOY_Fallin,0.3370420370288332
5snNHNlYT2UrtZo5HCJkiw_Fallin` (feat. 조예진),0.33753856985194564
2ht3wxeT69CzyKFChNnNAB_Get Wit It (feat. Snoop Dogg),0.3746496438741706
1DvtabXAjfrMihPP6JQdHs_Get Away,0.3809917677085798
2wY79sveU1sp5g7SokKOiI_Dancing With A Stranger (with Normani),0.39686066286334226
0EmeFodog0BfCgMzAIvKQp_Trap (feat. Maluma),0.4011553178545907
0grdhNhiRLFBaFVyybqsj6_Touch Of Heaven,0.4033891838462267
5zeCSgiRyezbfLiGOpKAsR_Days I Will Remember,0.4059902164920427
1WHoAjAWGx5qLsgzpaOk7W_Wildchild (feat. Rouge Mary),0.420465806127744
15iVAtD3s3FsQR4w1v6M0P_Gated (feat. Soulja Boy),0.42211765365250514
1GAS0rb4L8VTPvizAx2O9J_Wont Look Back (feat. Kim Manning),0.4238362207327839
2mV8aJphiSHYJf43DxL7Gt_Over Your Shoulder,0.4254894366888136
2YZyLoL8N0Wb9xBt1NhZWg_Institutionalized,0.4266184961288454
7o95ZoZt5ZYn31e9z1Hc0a_These Words - Dwele Remix,0.4277648392716812
1r4hJ1h58CWwUQe3MxPuau_Borro Cassette,0.4322706451351808
1DvtabXAjfrMihPP6JQdHs_Let It Rain,0.4364611421823918
166Dz1GX3xonSQ3Z6CQW26_Carry On,0.43836462599229414
31IZdHrCZ5pRhLz4zBxN3o_Teal Tone Lobster,0.43923217059362274
