,1GAS0rb4L8VTPvizAx2O9J_Fishing Blues (feat. The Grouch)
1GAS0rb4L8VTPvizAx2O9J_Fishing Blues (feat. The Grouch),0.0
0ukgSx1gUt5rUihbNh46qy_Over and Above Myself,0.26445035099488
57MtJQ6Sc4tIxrXIhrqVJL_Would You Want Me,0.35020945525350866
6UL7BodGc5iVmQGlMwHR0g_Kibudu-Mansatta-Abuku,0.3592664635715624
3TVXtAsR1Inumwj472S9r4_Summers Over Interlude,0.3681551477180361
3JhNCzhSMTxs9WLGJJxWOY_Intentions (feat. Dan Caplen),0.37100053872556804
4bYPcJP5jwMhSivRcqie2n_Yesterday - The Voice Performance,0.39800251921567864
7K3zpFXBvPcvzhj7zlGJdO_Violent Dreams,0.40553435822335815
0dTj3SqwE8kPnCzyzvYzhT_Dance,0.4066363195515783
6Jrxnp0JgqmeUX1veU591p_Coo Coo Coo,0.40900826795237066
0kEfub5RzlZOB2zGomqVSU_The Crutch,0.41453544165228406
"5UT1mOF7JAjcc7e3wen8vw_Star, Fire, Night 별, 불, 밤",0.4177012949911425
5UT1mOF7JAjcc7e3wen8vw_자연스레,0.4181615846523562
5K4W6rqBFWDnAN6FQUkS6x_I Thought About Killing You,0.4217784300608478
15iVAtD3s3FsQR4w1v6M0P_In My Mode,0.4250247257443279
7n2wHs1TKAczGzO7Dd2rGr_Don't Be A Fool - MTV Unplugged,0.44133288825992845
7n2wHs1TKAczGzO7Dd2rGr_Dont Be A Fool - MTV Unplugged,0.44133288825992845
6O4EGCCb6DoIiR6B1QCQgp_Miss Me (feat. ABRA),0.4421947906362465
5snNHNlYT2UrtZo5HCJkiw_Rain Again Tomorrow,0.4662792042800394
4PwWDuBaJEmRwCBiMeXUsu_Phenomenon,0.4686553988487431
