,1gkSl4XpHIHI4I1WQbfXOE_Vaginoplasty
1gkSl4XpHIHI4I1WQbfXOE_Vaginoplasty,0.0
1DvtabXAjfrMihPP6JQdHs_Get Money (feat. Rick Ross),0.3842940327777791
17EO3VcnF77MD2VnIHfFem_Gangsta Walk,0.40910165980040863
0c173mlxpT3dSFRgMO8XPh_Paradise - Extended,0.4100785792012998
0SfsnGyD8FpIN4U4WCkBZ5_United,0.41458044337266586
0c173mlxpT3dSFRgMO8XPh_Moves,0.4239826847563625
1RyvyyTE3xzB2ZywiAwp0i_Feed Me Dope,0.425574313200292
7LLcRttKjV6PeJOlCNCYon_Melrose Place,0.4298740575251878
0NGAZxHanS9e0iNHpR8f2W_Innocent (feat. Gavin James),0.4457323300101204
7iZtZyCzp3LItcw1wtPI3D_Shake It Fast,0.4485358371948497
6oMuImdp5ZcFhWP0ESe6mG_Is You Ready - From Mile 22,0.45085966055432586
7vk5e3vY1uw9plTHJAMwjN_Sing Me to Sleep,0.4703611750116621
6icQOAFXDZKsumw3YXyusw_For Hot 97,0.47367195996174755
6oMuImdp5ZcFhWP0ESe6mG_Bad and Boujee (feat. Lil Uzi Vert),0.4764656659831114
1DvtabXAjfrMihPP6JQdHs_Quiet Storm (feat. Bigga Rankin),0.4890393308326204
1RyvyyTE3xzB2ZywiAwp0i_Faceshot,0.4913514871659594
64KEffDW9EtZ1y2vBYgq8T_Here With Me,0.4932830970404945
6oMuImdp5ZcFhWP0ESe6mG_Street N**ga Sacrifice,0.49495309592912307
1HY2Jd0NmPuamShAr6KMms_John Wayne,0.49533619222461056
50co4Is1HCEo8bhOyUWKpn_Cruise Ship,0.5011201860819698
