,1HBjj22wzbscIZ9sEb5dyf_Rise
1HBjj22wzbscIZ9sEb5dyf_Rise,0.0
13saZpZnCDWOI9D4IJhp1f_URL Badman,0.3185849328331842
0X2BH1fck6amBIoJhDVmmJ_Every Time You Go,0.32377109272898913
3JhNCzhSMTxs9WLGJJxWOY_Ego,0.3331412531784258
1r4hJ1h58CWwUQe3MxPuau_Malo,0.33977878627456554
3XlIhgydjvC4EniPFZT20j_Sweet Love,0.34093114805916996
5Rl15oVamLq7FbSb0NNBNy_Lie To Me (feat. Julia Michaels),0.34265660458927527
1vCWHaC5f2uS3yhpwWbIA6_Liar Liar - Avicii By Avicii,0.35356939566023843
3HqSLMAZ3g3d5poNaI7GOU_heart beating date,0.36571763633899945
4V8Sr092TqfHkfAA5fXXqG_Despacito,0.36696829901188355
0QHgL1lAIqAw0HtD7YldmP_We Takin Over,0.3689345517865033
77AiFEVeAVj2ORpC85QVJs_Youth Dem (Turn Up) (feat. Snoop Lion),0.36924037058846737
0grdhNhiRLFBaFVyybqsj6_Soul Motion,0.3746251211331603
2kucQ9jQwuD8jWdtR9Ef38_Ex To See,0.3768485774484581
2Sqr0DXoaYABbjBo9HaMkM_Many the Miles,0.3811631686797883
6MDME20pz9RveH9rEXvrOM_Up Again (feat. Rae Morris),0.38780881678177964
6Dd3NScHWwnW6obMFbl1BH_New - Mokita & GOLDHOUSE Remix,0.3879243902942463
1HY2Jd0NmPuamShAr6KMms_Boys Boys Boys,0.3887572354318726
7qG3b048QCHVRO5Pv1T5lw_Say It,0.3894022327181434
6vXTefBL93Dj5IqAWq6OTv_White Dress,0.39171438277395454
