,1hkaH1ivPD8AhMEcSUBFtv_Slow Down
1hkaH1ivPD8AhMEcSUBFtv_Slow Down,0.0
6t2Rja6dihuxH6Mrgyynp6_Thats My Man,0.48431020161715976
3miNucraVWk4hdVsIxn7id_Wall of Silence,0.5024162621843171
5zzrJD2jXrE9dZ1AklRFcL_Made Of Glass,0.5282471786833629
7G1GBhoKtEPnP86X2PvEYO_Baltimore,0.5497047079005459
7G1GBhoKtEPnP86X2PvEYO_My Baby Just Cares for Me,0.5537814748517692
26CbyVdvjKtOUlD8czlmQA_The Reconciliation Song,0.5793723648790985
"7G1GBhoKtEPnP86X2PvEYO_Turn, Turn, Turn (To Everything There Is a Season) - Remastered",0.5849373914935868
74ASZWbe4lXaubB36ztrGX_Diamond Joe,0.5889109844054994
6V3F8MZrOKdT9fU686ybE9_Blackstabbers,0.5922019126506789
2r1d0isPFggU8QaBzvAWmG_Vagamente - Ao Vivo,0.6030190408744145
6Y20PijIkUoCtuvtkz37dO_A Million Dreams (Reprise),0.6035704568427968
7opRqRgF9lvnVraBFCMvIj_Tell Me,0.6173076039456029
2r1d0isPFggU8QaBzvAWmG_Ao Amigo Tom   Preciso Aprender a Ser Só - Ao Vivo,0.63529144601924
1eYhYunlNJlDoQhtYBvPsi_Funny (But I Still Love You),0.6365514040832693
776Uo845nYHJpNaStv1Ds4_Jungle,0.6387482468863794
1eYhYunlNJlDoQhtYBvPsi_I Want a Little Girl,0.6403574623671383
2GLf7iaOOujAem5R87xwto_Will Gravity Win Tonight?,0.6513047832937626
5I0EPnV9gwrZYTbScjnaOk_Moça Flor,0.6595832361249978
12VaqyEhgwDRuFfEqbnrpz_Ill Be Waiting,0.6708514507942657
