,1HY2Jd0NmPuamShAr6KMms_Paper Gangsta
1HY2Jd0NmPuamShAr6KMms_Paper Gangsta,0.0
1HBjj22wzbscIZ9sEb5dyf_We Could Go Back,0.3454733504016384
2qxJFvFYMEDqd7ui6kSAcq_365,0.35645871005654933
7vk5e3vY1uw9plTHJAMwjN_Lonely (feat. ISÁK & Omar Noir),0.36201569743720485
4WN5naL3ofxrVBgFpguzKo_Summer Love,0.37200983899547335
1HY2Jd0NmPuamShAr6KMms_I Like It Rough,0.3822026092464706
0haZhu4fFKt0Ag94kZDiz2_R.I.P. (feat. Rita Ora & Anitta),0.38361732281855776
0eezS9KmhdjGN436RdTIXu_Give It All To Me,0.38626834317808795
5a2EaR3hamoenG9rDuVn8j_(Therell Never B) Another Like Me,0.39498138852813663
7iZtZyCzp3LItcw1wtPI3D_Up Like Trump,0.39586637419519133
1HY2Jd0NmPuamShAr6KMms_Just Dance,0.39938749460558837
2mV8aJphiSHYJf43DxL7Gt_Room Service,0.3999130655266333
6jJ0s89eD6GaHleKKya26X_Legendary Lovers,0.405361000474405
4xPR9p75zzDlisJvvhEYl2_I Just Know,0.40689971041632356
1WHoAjAWGx5qLsgzpaOk7W_Controller (feat. Faris Badwan),0.4085242211447669
4obzFoKoKRHIphyHzJ35G3_La Respuesta,0.41219084861525757
0XATRDCYuuGhk0oE7C0o5G_Friday Night,0.4184461251778985
0du5cEVh5yTK9QJze8zA0C_24K Magic,0.4218791581948083
3EiLUeyEcA6fbRPSHkG5kb_Caliente (feat. J Balvin),0.42376409289787215
31IZdHrCZ5pRhLz4zBxN3o_Prada Plasterd,0.4250778306551626
