,1HY2Jd0NmPuamShAr6KMms_ARTPOP
1HY2Jd0NmPuamShAr6KMms_ARTPOP,0.0
6jJ0s89eD6GaHleKKya26X_Dressin Up,0.21013369495059975
2siHvYaxjaW5rKVRiIrMYH_Reckless,0.27180323414920043
5snNHNlYT2UrtZo5HCJkiw_사직서,0.2860939013205554
0p4nmQO2msCgU4IF37Wi3j_It Was In Me,0.29011327390651287
1uNFoZAHBGtllmzznpCI3s_Stuck In The Moment,0.29341560531311367
6vWDO969PvNqNYHIOW5v0m_Don't Hurt Yourself (feat. Jack White),0.30206741183123775
6vWDO969PvNqNYHIOW5v0m_Dont Hurt Yourself (feat. Jack White),0.30206741183123775
1uNFoZAHBGtllmzznpCI3s_Baby,0.30266465218245875
5YGY8feqx7naU7z4HrwZM6_We Can't Stop,0.311384479204446
0hEurMDQu99nJRq8pTxO14_Your Body Is a Wonderland,0.3202307388481613
63MQldklfxkjYDoUE4Tppz_Road Blaster,0.3204469781526501
1l8Fu6IkuTP0U5QetQJ5Xt_All I Want for Christmas Is You,0.3225974171935317
7o95ZoZt5ZYn31e9z1Hc0a_Strip Me,0.326908122606466
64M6ah0SkkRsnPGtGiRAbb_Self Control,0.3275345225217115
3jqw9ASDDHc4pc9Gfh8t2r_LIE YA,0.32833916901214216
31TPClRtHm23RisEBtV3X7_Damn Girl,0.3317292272642844
1uNFoZAHBGtllmzznpCI3s_That Should Be Me,0.33207760390958546
1sBkRIssrMs1AbVkOJbc7a_Luxury Tax,0.33435051015489964
0ZED1XzwlLHW4ZaG4lOT6m_Uh Huh,0.3370560156857182
