,1JPy5PsJtkhftfdr6saN2i_Blast Off
1JPy5PsJtkhftfdr6saN2i_Blast Off,0.0
6sFIWsNpZYqfjUpaCgueju_This Kiss,0.4619764039211219
5a2EaR3hamoenG9rDuVn8j_FUNKNROLL,0.4724207977612698
738wLrAtLtCtFOLvQBXOXp_Light It Up (feat. Nyla),0.48142564766002477
5snNHNlYT2UrtZo5HCJkiw_Paris,0.48357196944284825
67qogtRNI0GjUr8PlaG6Zh_Symphony,0.4881519501998626
3yDIp0kaq9EFKe07X1X2rz_Boogie All Night,0.48836923349504413
1XrGrnWzHT5C3BS0N6Ii7D_It's My Time,0.5055630745778541
7vk5e3vY1uw9plTHJAMwjN_Ignite,0.517294892901303
7DMveApC7UnC2NPfPvlHSU_Boing Boing (feat. The Seige),0.5211831028744952
4RddZ3iHvSpGV4dvATac9X_My Medication,0.5300112839710743
3HqSLMAZ3g3d5poNaI7GOU_Love attack,0.5406788915296159
6sFIWsNpZYqfjUpaCgueju_I Know You Have A Girlfriend,0.5478173474258556
0p4nmQO2msCgU4IF37Wi3j_Girlfriend (feat. Lil Mama) - Dr. Luke Mix,0.5496576073395117
053q0ukIDRgzwTr4vNSwab_Artangels,0.5530524590966672
0QHgL1lAIqAw0HtD7YldmP_Rockin All My Chains On,0.5538274223885225
60d24wfXkVzDSfLS6hyCjZ_Waiting For Tomorrow (feat. Mike Shinoda),0.5543452276086918
69GGBxA162lTqCwzJG5jLp_This Feeling - Afrojack & Disto Remix,0.5757181699159017
053q0ukIDRgzwTr4vNSwab_World Princess part II,0.5772525603925204
69GGBxA162lTqCwzJG5jLp_Sick Boy - Prismo Remix,0.5807652521836061
