,1JPy5PsJtkhftfdr6saN2i_Chronological Outtakes
1JPy5PsJtkhftfdr6saN2i_Chronological Outtakes,0.0
1Bhw1NGkIlsdVb8NXOymzk_Im No Human,0.6083290267299676
5gBHhcHWRGFsxYVtkHUSfj_Stained Glass Fresh Frozen,0.6167679315002969
3TVXtAsR1Inumwj472S9r4_The Real Her,0.6200973285384135
0hEurMDQu99nJRq8pTxO14_Love Is A Verb,0.6378988065060821
360IAlyVv4PCEVjgyMZrxK_Pussy is Mine,0.6680324399301362
6ewMqjrF31lC8ywRsvm073_Baby Mine,0.6873099280409879
"0QrowybipCKUDnq5y10PD2_Keep It Loose, Keep It Tight",0.7024804574964343
0QrowybipCKUDnq5y10PD2_It Started To Rain,0.748178076823638
"5I0EPnV9gwrZYTbScjnaOk_She Told Me, She Told Me (Sonho de Lugar) - Ao Vivo",0.7573565734146346
6qqNVTkY8uBg9cP3Jd7DAH_hostage,0.7595875462619097
5a2EaR3hamoenG9rDuVn8j_Golden Parachute,0.7795977375082388
5rSXSAkZ67PYJSvpUpkOr7_Intro,0.7828427568848175
6C403AR4y6PjN0xNNGh42m_Recollections of the wraith,0.7850687877739586
7FfxvcUIbQ1VxrApeoq8ql_On Christmas Day,0.7883461635189892
1eYhYunlNJlDoQhtYBvPsi_Losing Hand,0.8009821259093799
5AJ0Gm0CiTLIriT9CZz6HW_Love Me Tender,0.8025723339130563
6qqNVTkY8uBg9cP3Jd7DAH_bury a friend,0.8127861081826664
2kucQ9jQwuD8jWdtR9Ef38_Drinkin Too Much - 8pm,0.82174594379931
5jkcIAzNJfptzIC9lMTEEF_Baby Mine,0.8247833482669497
