,1JPy5PsJtkhftfdr6saN2i_Loco Ono
1JPy5PsJtkhftfdr6saN2i_Loco Ono,0.0
67qogtRNI0GjUr8PlaG6Zh_Lift You Up,0.3360870943009175
1JPy5PsJtkhftfdr6saN2i_Noise (feat. Donnis),0.3557603422357118
1JPy5PsJtkhftfdr6saN2i_Dive (feat. RD),0.38428285199037626
1JPy5PsJtkhftfdr6saN2i_Open Up (feat. Simon Morel),0.38638008778411087
4AK6F7OLvEQ5QYCBNiQWHq_I Should Have Kissed You,0.42726808927879023
1JPy5PsJtkhftfdr6saN2i_You & Me (feat. W. Darling),0.42819994138008444
"63MQldklfxkjYDoUE4Tppz_Fields, Shorelines and Hunters",0.444762766285124
1JPy5PsJtkhftfdr6saN2i_Hold On (feat. TURSI),0.47105250034050483
5CCwRZC6euC8Odo6y9X8jr_Radioactive,0.4817981470161918
1JPy5PsJtkhftfdr6saN2i_Hold On (Extended Version),0.4982138634074783
63MQldklfxkjYDoUE4Tppz_*,0.49890390738386414
1JPy5PsJtkhftfdr6saN2i_Empathy,0.5085118511312477
1JPy5PsJtkhftfdr6saN2i_Chasing Heaven,0.5107613677391871
1JPy5PsJtkhftfdr6saN2i_Into the Sun,0.5276621729008831
1JPy5PsJtkhftfdr6saN2i_Dont Hate The 808 (feat. Lafa Taylor),0.53377166695671
64KEffDW9EtZ1y2vBYgq8T_Sell Out,0.5357202099722165
1JPy5PsJtkhftfdr6saN2i_The Mothership,0.5388865794632814
1JPy5PsJtkhftfdr6saN2i_Zodgilla,0.5505561349866028
6yhD1KjhLxIETFF7vIRf8B_Running With The Wild Things,0.5510974345962454
