,1jygJqFtCbFeOPv4w0NViD_Africa Mon Afrique (feat. Bertrand Cantat)
1jygJqFtCbFeOPv4w0NViD_Africa Mon Afrique (feat. Bertrand Cantat),0.0
2siHvYaxjaW5rKVRiIrMYH_In Your Eyes,0.3013189145655309
0KydPQPUUoTNhmiHKOg5Er_Dear Skorpio Magazine,0.3432480859884223
776Uo845nYHJpNaStv1Ds4_Freedom,0.3451684342641969
5Z1CCuBsyhEHngq3U5IraY_Thats Where You Find Love,0.3606208123889179
7G1GBhoKtEPnP86X2PvEYO_New World Coming - Remastered,0.3861985160721386
450o9jw6AtiQlQkHCdH6Ru_Call the Doctor,0.3911574544832145
6XpaIBNiVzIetEPCWDvAFP_Didnt We Almost Have It All,0.39833090280306577
4ZdbxATtc6RpHcxAHy0SLK_Wintercoat,0.41409715124451146
6N1Kaz3CvRa9VLll5ahk9T_Comic Book Opening - Score From Captain Underpants,0.4175158937527727
0X2BH1fck6amBIoJhDVmmJ_Only You,0.4252173138269793
74ASZWbe4lXaubB36ztrGX_Sally Sue Brown,0.42566570097121265
3BmGtnKgCSGYIUhmivXKWX_Never Again - Nissan Live Sets At Yahoo! Music,0.4300629790898543
6clbbhnIqpHnqxwtOWcilg_A Joyful Noise,0.4308846460909599
2siHvYaxjaW5rKVRiIrMYH_Other Side Of Crazy,0.43175110509329384
2g3PKH7Z1Ofn5oGR6oDjLy_Like No Other Man - Band Track,0.43463115710925737
2g3PKH7Z1Ofn5oGR6oDjLy_Only She Would Do,0.4381492763606017
2siHvYaxjaW5rKVRiIrMYH_Staring At The Sun,0.44428800577648525
5yXkLfoT0RFpROR9yJVTS7_Cest Pas Facile Pour Les Aigles (feat. Ebony Bones),0.44569791645806767
7o95ZoZt5ZYn31e9z1Hc0a_Angel,0.44981559819506645
