,1KCSPY1glIKqW2TotWuXOR_Leave Me Alone (Im Lonely)
1KCSPY1glIKqW2TotWuXOR_Leave Me Alone (Im Lonely),0.0
3Ayl7mCk0nScecqOzvNp6s_Appreciation,0.27337968713765654
7HIjKw4rHS0MtmV0cqSlpB_Harlem,0.28784529055521596
1KCSPY1glIKqW2TotWuXOR_Feel Good Time,0.32475091587222643
2sBPVEeMBXKNsZtYaJixnJ_Suffering Season,0.3378754517157856
53XhwfbYqKCa1cC15pYq2q_Hear Me,0.34852516365307673
4EENT7N7rCBwrddM3s0vFS_Out There On The Ice,0.36091060282907406
3BmGtnKgCSGYIUhmivXKWX_Never Again,0.3692475446807652
6jJ0s89eD6GaHleKKya26X_Unconditionally,0.3739619784078146
2HcwFjNelS49kFbfvMxQYw_Handsome Man,0.3744471638953056
3E3xrZtBU5ORqcmX78v5YZ_Something Left To Give,0.37665444041732116
06HL4z0CvFAxyc27GXpf02_Long Live,0.37734573234757
3Ayl7mCk0nScecqOzvNp6s_Firefight,0.38196237616811085
1KCSPY1glIKqW2TotWuXOR_Please Dont Leave Me,0.3842650105347836
5WUlDfRSoLAfcVSX1WnrxN_Alive,0.38978724903590867
5rSXSAkZ67PYJSvpUpkOr7_Everything But Mine,0.39316017439089496
1KCSPY1glIKqW2TotWuXOR_Are We All We Are,0.3938084539880232
02rd0anEWfMtF7iMku9uor_Oh Happy Day,0.39747137082899514
6jJ0s89eD6GaHleKKya26X_If You Can Afford Me,0.39791208705011677
3Z02hBLubJxuFJfhacLSDc_It Aint A Party - If You Cant Come Round,0.4009980428285315
