,1l7ZsJRRS8wlW3WfJfPfNS_Fall In Line (feat. Demi Lovato)
1l7ZsJRRS8wlW3WfJfPfNS_Fall In Line (feat. Demi Lovato),0.0
1l7ZsJRRS8wlW3WfJfPfNS_Fall In Line,0.011489104493750884
4ScCswdRlyA23odg9thgIO_Dont Be So Hard On Yourself,0.31480230112649066
7o95ZoZt5ZYn31e9z1Hc0a_Pocketful of Sunshine,0.3199332352375741
2siHvYaxjaW5rKVRiIrMYH_Left Outside Alone,0.33358733373501476
7MC5zmK3iZHzPqGZEVSROe_Dont Ever Look Back,0.34161533572935576
3OUN7gnsDijEfvaHpXAAzI_The Beatdown,0.3432177773539195
6clbbhnIqpHnqxwtOWcilg_The Lost and the Lonely,0.34668549089475326
4EENT7N7rCBwrddM3s0vFS_Alisa,0.34695772649884354
16eRpMNXSQ15wuJoeqguaB_Ashes in the Air (feat. Bon Iver),0.3481441840699476
3qNVuliS40BLgXGxhdBdqu_VOICE,0.3643449659359307
3qNVuliS40BLgXGxhdBdqu_Fire,0.3661069072592261
34v5MVKeQnIo0CWYMbbrPf_Losing Sleep,0.367669182739892
7CajNmpbOovFoOoasH2HaY_Blame,0.3684597963287091
0GMSpOzEVXA4kboHiyvddO_Surrender,0.3749291127338427
5juOkIIy18sFw9L30syt1Z_Time Off,0.3770000202772078
3BmGtnKgCSGYIUhmivXKWX_Meaning of Life,0.379372987992337
0EmeFodog0BfCgMzAIvKQp_Tu Boca,0.3842092308376856
4ScCswdRlyA23odg9thgIO_Aint Got Far To Go,0.38683764729243864
34v5MVKeQnIo0CWYMbbrPf_All I Need Is You,0.3905112147657614
