,1l7ZsJRRS8wlW3WfJfPfNS_Obvious
1l7ZsJRRS8wlW3WfJfPfNS_Obvious,0.0
31TPClRtHm23RisEBtV3X7_Until The End Of Time (with Beyoncé) - Julian Bunetta Remix,0.41603041352708675
1sBRcMH8DDR8Nsk2RoJmjS_Contact,0.43827517623044376
3KH7WsR2JZQ94Ik8SyabU6_Combattants,0.4478556774048355
6XpaIBNiVzIetEPCWDvAFP_Saving All My Love for You,0.45212354319802606
3BmGtnKgCSGYIUhmivXKWX_Some Kind Of Miracle,0.45907213766687344
0MponVSpW81oLvJZ53vYZH_Too Strong To Be Strung Along - First Pressing,0.46624882490898206
0irOOIGUdqRu9sIHtCJB3v_Instruments,0.46666363044960896
6clbbhnIqpHnqxwtOWcilg_Hold On,0.5039618820388978
3zunDAtRDg7kflREzWAhxl_The Turnaround,0.507164730889105
1eYhYunlNJlDoQhtYBvPsi_I've Got a Woman (Live),0.5142192559754559
0MponVSpW81oLvJZ53vYZH_A Breath Taking Guy,0.5210539855884417
2ry5nwK1VNmh5zMZpmOAyc_Jimmy Baby,0.5246755160111689
4uEjHTgnKEdfFg50K6fAU1_Leave Me Alone,0.5378811096927976
0MponVSpW81oLvJZ53vYZH_Why Must You Go,0.5471131214339341
5I0EPnV9gwrZYTbScjnaOk_Festeira,0.5472160108964494
2siHvYaxjaW5rKVRiIrMYH_Im Outta Love - Mattys Soulflower Mix,0.5516267746929147
3miNucraVWk4hdVsIxn7id_Going Back To Memphis,0.5536532815484356
3zunDAtRDg7kflREzWAhxl_Hospital Food - BBC,0.560969902081644
5pKCCKE2ajJHZ9KAiaK11H_Unfaithful,0.5657345318937926
