,1l9d7B8W0IHy3LqWsxP2SH_Turning Into Stone
1l9d7B8W0IHy3LqWsxP2SH_Turning Into Stone,0.0
4dpARuHxo51G3z768sgnrY_Sweetest Devotion,0.33137670550274034
5UT1mOF7JAjcc7e3wen8vw_LCD,0.3440965201257886
1WvvwcQx0tj6NdDhZZ2zZz_Tin Man,0.349870289522691
64M6ah0SkkRsnPGtGiRAbb_Dont Get Any Closer,0.35194090451431553
4gzpq5DPGxSnKTe4SA8HAU_A L I E N S,0.37328790014017993
0NGAZxHanS9e0iNHpR8f2W_Never Let Me Go,0.37669505967541633
5GtMEZEeFFsuHY8ad4kOxv_Silence,0.38343010403621797
4ht1mwP4ouSu79jOOktCY3_Seoul Night,0.39244260410432447
5WUlDfRSoLAfcVSX1WnrxN_The Church Of Whats Happening Now,0.39368888733242496
66CXWjxzNUsdJxJ2JdwvnR_Thinking Bout You,0.40066872099190226
0NIPkIjTV8mB795yEIiPYL_Are You Bored Yet? (feat. Clairo),0.40917612073946047
2ysnwxxNtSgbb9t1m2Ur4j_Get Lonely with Me,0.41297748445183063
5y2Xq6xcjJb2jVM54GHK3t_I Wish I Knew How It Would Feel to Be Free,0.4135250413004355
2fXWJ2cdRi1rKg3AaEH8vp_Broken Date,0.41677323690847834
1HY2Jd0NmPuamShAr6KMms_Before I Cry,0.4178473620145911
53XhwfbYqKCa1cC15pYq2q_I’ll Make It Up To You,0.41795778735150335
"5zzrJD2jXrE9dZ1AklRFcL_It Took Me So Long To Get Here, But Here I Am",0.42089483455745313
7gjAu1qr5C2grXeQFFOGeh_Swimming In The Flood,0.422919677557303
26dSoYclwsYLMAKD3tpOr4_Perfume (The Dreaming Mix),0.4256584394086688
