,1r4hJ1h58CWwUQe3MxPuau_Intro - F.A.M.E.
1r4hJ1h58CWwUQe3MxPuau_Intro - F.A.M.E.,0.0
6qqNVTkY8uBg9cP3Jd7DAH_bitches broken hearts,0.4696485399692418
0hEurMDQu99nJRq8pTxO14_I Dont Trust Myself (With Loving You),0.5148687277285772
0eRbECAGCLLiTyVXPBRexU_Ohio,0.5557219488821188
37SQDDbylULQMBCICskLdA_Nothing Arrived,0.5588338887646632
5zzbSFZMVpvxSlWAkqqtHP_Mama Made a Man Out of Daddy,0.5693936186161521
5zzbSFZMVpvxSlWAkqqtHP_Coward,0.5813287968593018
0hEurMDQu99nJRq8pTxO14_Gravity,0.5822108099817443
0z7Yuv7DuDQ5SaVn4VSlLt_Little Bird,0.584853520470155
4Z8W4fKeB5YxbusRsdQVPb_4 Minute Warning,0.5860571491297147
5zzbSFZMVpvxSlWAkqqtHP_My Daddys a Preacher,0.5864281739998914
26VFTg2z8YR0cCuwLzESi2_Tokyo Narita - Freestyle,0.5902979673123534
0QrowybipCKUDnq5y10PD2_Jails & Bombs,0.5945345972958795
0hEurMDQu99nJRq8pTxO14_The Heart of Life,0.6025281256386147
7LLcRttKjV6PeJOlCNCYon_Naked Shower Scene,0.6048187466977564
68kEuyFKyqrdQQLLsmiatm_Surf,0.6093378716736739
0K2uwmxSdZBPHmtBz54ELR_Veinte Años,0.6154612177072893
4WLoEXu4C2C2YZshOvGL0O_Revel,0.6173205631761203
1PMiXPKjsgXEDDcfIRNVaq_Like Crazy,0.6188319266135871
7plnkOuYziP97s0ykRBYJF_El Baile,0.6300613767530503
