,1RyvyyTE3xzB2ZywiAwp0i_The Intro
1RyvyyTE3xzB2ZywiAwp0i_The Intro,0.0
5zzrJD2jXrE9dZ1AklRFcL_Waiting On The Heart,0.43566427421905835
6G7OerKc3eBO9sVkRNopFC_Ye Auld Triangle,0.4627324925380198
7G1GBhoKtEPnP86X2PvEYO_My Baby Just Cares For Me - Live At Vine St. Bar & Grill 1987,0.49748165712291004
7G1GBhoKtEPnP86X2PvEYO_Suzanne - Remastered,0.5022365500161906
5I0EPnV9gwrZYTbScjnaOk_Moça Flor,0.5107255153836936
5zzrJD2jXrE9dZ1AklRFcL_Made Of Glass,0.5196036112659665
7G1GBhoKtEPnP86X2PvEYO_Baltimore,0.5251459815385039
2abzUn3CQSbNvGOXtzQXT2_Made to Love,0.5356042523699036
1eYhYunlNJlDoQhtYBvPsi_I Want a Little Girl,0.5475987963554142
1eYhYunlNJlDoQhtYBvPsi_My Bonnie,0.5511701298114782
5Xh0e6sCvMXJUNVa4oynvx_Single Girl,0.5746301369271859
3miNucraVWk4hdVsIxn7id_Wall of Silence,0.5943063207891159
0QrowybipCKUDnq5y10PD2_Long Line Of Pain,0.5943856490715994
5zzrJD2jXrE9dZ1AklRFcL_How You Kill Me,0.6069430655747503
1eYhYunlNJlDoQhtYBvPsi_Just for a Thrill - 2016 Mono Remaster,0.6129988904414632
266kUpRv0Ukfh9bKq8HGGa_Swinging On A Star,0.6224361898784954
72qs8dHxUfn7lB9cYxQvIF_Something in the Way She Moves,0.6458870454408243
2r1d0isPFggU8QaBzvAWmG_Ao Amigo Tom   Preciso Aprender a Ser Só - Ao Vivo,0.648504916860362
6G7OerKc3eBO9sVkRNopFC_In This Hole,0.6485854941693815
