,1RyvyyTE3xzB2ZywiAwp0i_Low Life
1RyvyyTE3xzB2ZywiAwp0i_Low Life,0.0
6qqNVTkY8uBg9cP3Jd7DAH_come out and play,0.46849703076923976
5pLpNAhR3YkasjtM8nmxRZ_#WhatIWasLookingFor,0.47449209677354565
1U0sIzpRtDkvu1hXXzxh60_Go All Night (Let Me Roll) (Prod. Morri$),0.480623559406028
1RyvyyTE3xzB2ZywiAwp0i_Selling Heroin,0.4909755742675129
06HL4z0CvFAxyc27GXpf02_Call It What You Want,0.5083480623141127
4gzpq5DPGxSnKTe4SA8HAU_Everglow,0.5111184529261473
3Gm5F95VdRxW3mqCn8RPBJ_Invincible,0.5156854442478863
4HzKw8XcD0piJmDrrPRCYk_My Imagination (feat. dvsn),0.5257198648213229
4gSTRpmeyYppvIXuFKjfAL_Toy,0.5358546408198932
1WvvwcQx0tj6NdDhZZ2zZz_Candles,0.5565295966883368
1URnnhqYAYcrqrcwql10ft_Ocean Drive,0.559808079250031
7iZtZyCzp3LItcw1wtPI3D_By Chance,0.5656657034595315
5o206eFLx38glA2bb4zqIU_Time Code,0.5754444053251453
0wu2r1UIgBh0euCkEg6Mqx_I Will Go to War,0.5916823630134429
7iZtZyCzp3LItcw1wtPI3D_Throw Sum Mo,0.5934272332317835
3TVXtAsR1Inumwj472S9r4_Summer Games,0.5962570586938841
6LuN9FCkKOj5PcnpouEgny_Better,0.601531812713531
15iVAtD3s3FsQR4w1v6M0P_That Is Not,0.6049713005182341
3KH7WsR2JZQ94Ik8SyabU6_Mokou Mokou,0.6058434024686975
