,1RyvyyTE3xzB2ZywiAwp0i_Seven Rings
1RyvyyTE3xzB2ZywiAwp0i_Seven Rings,0.0
1DvtabXAjfrMihPP6JQdHs_Love Me (feat. Ralo),0.3535656911291014
7HIjKw4rHS0MtmV0cqSlpB_Behave,0.37455760063226046
1RyvyyTE3xzB2ZywiAwp0i_Group Home,0.40242177742779317
0Y5tJX1MQlPlqiwlOH1tJY_sweet sweet,0.4065130576302981
1DvtabXAjfrMihPP6JQdHs_Get Money (feat. Rick Ross),0.42270085886593756
1RyvyyTE3xzB2ZywiAwp0i_Sorry,0.42549209474596755
15iVAtD3s3FsQR4w1v6M0P_Spy Kid,0.42974066349880086
6oMuImdp5ZcFhWP0ESe6mG_Bad and Boujee (feat. Lil Uzi Vert),0.4305820910305513
6vXTefBL93Dj5IqAWq6OTv_Push Up,0.44781992197540976
3fmMaLC5jjf2N4EC2kTx0u_Cartridge Kings,0.45015706586686755
6icQOAFXDZKsumw3YXyusw_66,0.4518531772194946
6oMuImdp5ZcFhWP0ESe6mG_Memoirs,0.4544168868534406
50co4Is1HCEo8bhOyUWKpn_Webbie (feat. Duke),0.45817548845250566
1RyvyyTE3xzB2ZywiAwp0i_Feed Me Dope,0.4635519240436421
1DvtabXAjfrMihPP6JQdHs_Quiet Storm (feat. Bigga Rankin),0.4658945872450168
3aGFCoR8xGN6DKwvdzeSja_I Dont Sell Molly No More,0.46919106264370675
0c173mlxpT3dSFRgMO8XPh_Bigger Than Me,0.46968564946679625
1qq5e02CcWNFqZMbmdrIcj_Strangers Do,0.4723924568396738
50co4Is1HCEo8bhOyUWKpn_Bread Winners (feat. Young Butta),0.47333492719442555
