,1RyvyyTE3xzB2ZywiAwp0i_Move That Dope
1RyvyyTE3xzB2ZywiAwp0i_Move That Dope,0.0
2ht3wxeT69CzyKFChNnNAB_Freakanomics,0.3031975295727197
1RyvyyTE3xzB2ZywiAwp0i_Tricks on Me,0.30833684174406767
2tAqnHDAgnGtjnlzyoa38L_Bless Me - (Demo),0.32182180234837565
1RyvyyTE3xzB2ZywiAwp0i_Faceshot,0.34716902210960054
1RyvyyTE3xzB2ZywiAwp0i_Fetti,0.36880561510437593
1RyvyyTE3xzB2ZywiAwp0i_Feed Me Dope,0.39874233782135104
6extd4B6hl8VTmnlhpl2bY_Saint Laurent Mask,0.4070386156846764
6icQOAFXDZKsumw3YXyusw_Minnesota,0.4118277316467628
13ubrt8QOOCPljQ2FL1Kca_Distorted Records,0.4139995832969759
3YQKmKGau1PzlVlkL1iodx_Levitate,0.42488384600595924
31IZdHrCZ5pRhLz4zBxN3o_Flex on My Ex,0.4283507630947822
1RyvyyTE3xzB2ZywiAwp0i_Gangland,0.4353305148636639
7yjWDiLDpsHxobHP1fWYh8_No One Like U (feat. No Rome),0.43798233125765784
1RyvyyTE3xzB2ZywiAwp0i_Unicorn Purp (feat. Young Thug & Gunna),0.4385554623973156
0Y5tJX1MQlPlqiwlOH1tJY_sweet sweet,0.44401044679733787
0Y5tJX1MQlPlqiwlOH1tJY_YOSEMITE,0.45025128057518643
6oMuImdp5ZcFhWP0ESe6mG_Street N**ga Sacrifice,0.4504308932315082
1gkSl4XpHIHI4I1WQbfXOE_Sick in the Head,0.4591247182615754
2hPgGN4uhvXAxiXQBIXOmE_Cudi Montage,0.46411437453103505
