,1RyvyyTE3xzB2ZywiAwp0i_Aintchu (feat. Juvenile)
1RyvyyTE3xzB2ZywiAwp0i_Aintchu (feat. Juvenile),0.0
1RyvyyTE3xzB2ZywiAwp0i_Aintchu,0.05267039018378772
"0QHgL1lAIqAw0HtD7YldmP_Pick These Hoes Apart (feat. Kodak Black, Jeezy & French Montana)",0.3225274019484168
7c0XG5cIJTrrAgEC3ULPiq_Lil Favorite (feat. MadeinTYO),0.3307560715083805
7yO4IdJjCEPz7YgZMe25iS_Get The Bag,0.3329737161110667
7n2wHs1TKAczGzO7Dd2rGr_Kid In Love,0.34494063297560335
1WvvwcQx0tj6NdDhZZ2zZz_North Star,0.3565448976403129
5fMUXHkw8R8eOP2RNVYEZX_Suicidal (feat. Desiigner),0.3742573000698428
5GtMEZEeFFsuHY8ad4kOxv_Weight of My Mistakes,0.37818791084222
6yhD1KjhLxIETFF7vIRf8B_Dreaming Alone - Acoustic,0.38292632105249685
3C8RpaI3Go0yFF9whvKoED_Because I’m Me - Bondax Remix,0.3859200509278457
4dpARuHxo51G3z768sgnrY_Send My Love (To Your New Lover),0.387136875097833
4xRYI6VqpkE3UwrDrAZL8L_Street Dreams II,0.3876123888424435
3TVXtAsR1Inumwj472S9r4_Diamonds Dancing,0.39123345716178387
1GAS0rb4L8VTPvizAx2O9J_Everything,0.3922273119753699
3qNVuliS40BLgXGxhdBdqu_쉿 Shhhh,0.39516751255670346
28j8lBWDdDSHSSt5oPlsX2_Good Life,0.4001018913357671
4ScCswdRlyA23odg9thgIO_All I Am - THRDL!FE Remix,0.4019823731601221
2jku7tDXc6XoB6MO2hFuqg_LA Confidential,0.4030613458688199
1RyvyyTE3xzB2ZywiAwp0i_Gangland,0.4032402669116565
