,1RyvyyTE3xzB2ZywiAwp0i_What You Mean
1RyvyyTE3xzB2ZywiAwp0i_What You Mean,0.0
5CCwRZC6euC8Odo6y9X8jr_Love And War,0.34525857891499884
5y2Xq6xcjJb2jVM54GHK3t_What You Do to Me,0.3668488903578382
31IZdHrCZ5pRhLz4zBxN3o_Introducing The Icon,0.37352730684953955
7CajNmpbOovFoOoasH2HaY_Thinking About You (feat. Ayah Marar),0.3767192252003715
4VyFyMJAJ2YzNgXkyAyyUh_Love Transfusion,0.39872201138340047
1HY2Jd0NmPuamShAr6KMms_Summerboy,0.40484940793859964
"5p7f24Rk5HkUZsaS3BLG5F_Let Me Go (with Alesso, Florida Georgia Line & watt)",0.4153736148630534
7CajNmpbOovFoOoasH2HaY_Im Not Alone - 2009 Remaster,0.41707152361819877
4hyF8Vtc73RYJr3RgTE2Zf_Between,0.417264004898998
2gsggkzM5R49q6jpPvazou_Masterpiece,0.4180917514805394
7qG3b048QCHVRO5Pv1T5lw_Can You Hear Me,0.41946676530069216
3qNVuliS40BLgXGxhdBdqu_Cover up,0.4200697636766635
3GJhraAgCA8s8XHENnDsXq_Bleeding Love,0.4235459683700156
7uMh23xWiuR7zsNkuNcm2G_Colour,0.4242413555265532
0cQbJU1aAzvbEmTuljWLlF_Detective,0.4299442741351273
64NhyHqRKYhV0IZylrElWu_Icabod,0.43293034467693653
7gAppWoH7pcYmphCVTXkzs_Its A Lie,0.43942865886980736
77AiFEVeAVj2ORpC85QVJs_Anything More (feat. Era Istrefi),0.44301309329215305
69GGBxA162lTqCwzJG5jLp_Young - Midnight Kids Remix,0.44371339137635907
