,1RyvyyTE3xzB2ZywiAwp0i_Damage
1RyvyyTE3xzB2ZywiAwp0i_Damage,0.0
0rW6fVd3yuW2CF2sLYWQtE_Plus 82 (feat. Bryan Chase),0.23483261193341773
6V3F8MZrOKdT9fU686ybE9_Lately,0.2554168711834319
50co4Is1HCEo8bhOyUWKpn_Take Care,0.26459870298387694
31W5EY0aAly4Qieq6OFu6I_The Reaper,0.27350787452715153
31W5EY0aAly4Qieq6OFu6I_Uptown   Bustdown (feat. PnB Rock and Lil Durk),0.28506366629176433
3rHl3rSgCnHhOlVB87ZxyF_Push It On Me - From “What Now?”,0.3076419692445895
5K4W6rqBFWDnAN6FQUkS6x_School Spirit,0.312060265759628
28j8lBWDdDSHSSt5oPlsX2_Good Life,0.31500247169038287
6vXTefBL93Dj5IqAWq6OTv_Whiskey Eyes,0.32042097754311777
1cNDP5yjU5vjeR8qMf4grg_Freaky Girl,0.33653255159035494
4phGZZrJZRo4ElhRtViYdl_The Boys Gone,0.3387908581034386
4iHNK0tOyZPYnBU7nGAgpQ_Caution,0.3393688953838882
5y2Xq6xcjJb2jVM54GHK3t_King & Queen,0.34004076531456445
6fLrPFLWLSCrp7gcTZXcKb_Turn Me Up,0.3430588481156301
5Z1CCuBsyhEHngq3U5IraY_Cant Lose What You Never Had,0.34529569297589
5y2Xq6xcjJb2jVM54GHK3t_Slow Dance,0.34905177237628626
7qG3b048QCHVRO5Pv1T5lw_Why Not Me?,0.34996118771104134
5zeCSgiRyezbfLiGOpKAsR_Through to You,0.3506998762771337
5pKCCKE2ajJHZ9KAiaK11H_Photographs,0.3532011739638748
