,1RyvyyTE3xzB2ZywiAwp0i_Might as Well
1RyvyyTE3xzB2ZywiAwp0i_Might as Well,0.0
3TVXtAsR1Inumwj472S9r4_The Language,0.41302850490561205
5lHRUCqkQZCIWeX7xG4sYT_Brain Nichols,0.4284133149673669
0UF5mrABjNwzMZ1WoyLCFi_CANT GET ENOUGH,0.4373333891862548
1AWNf5CLnHH4oM1hcHiVeV_Jingling,0.45332310315913843
5KPJMJR9PCfMWSfco8i4W4_One Dance Hasta El Amanecer - Mashup,0.4809164561628705
6TIYQ3jFPwQSRmorSezPxX_Everyday,0.5348018181711335
5a2EaR3hamoenG9rDuVn8j_What Do U Want Me 2 Do?,0.5420923694890215
4T2k9bgIoC8bbqjqiEl9vZ_Living In The City,0.5434079852692709
5JZ7CnR6gTvEMKX4g70Amv_I Like Me Better,0.5493400597982803
54LQat54lf4yjegCGmRopP_Dancing Shoes,0.551599734828258
3zunDAtRDg7kflREzWAhxl_Baby Loves Me,0.5731438356646699
06HL4z0CvFAxyc27GXpf02_Hey Stephen,0.5739838770234306
3gIRvgZssIb9aiirIg0nI3_Keep My Head Afloat,0.5809225168079376
2TImI3DW7o5MdRXJs4D37h_Paramedic!,0.5856254458957245
0rW6fVd3yuW2CF2sLYWQtE_I Dont Know,0.5873924119356527
3TVXtAsR1Inumwj472S9r4_With You,0.5928818174845893
2jku7tDXc6XoB6MO2hFuqg_B.B.W.W x Fake Show,0.5954496090672734
3rHl3rSgCnHhOlVB87ZxyF_Stretch Marks,0.603520497064311
1RyvyyTE3xzB2ZywiAwp0i_RACKS BLUE,0.6052752300378267
