,1sBkRIssrMs1AbVkOJbc7a_Diced Pineapples
1sBkRIssrMs1AbVkOJbc7a_Diced Pineapples,0.0
1r4hJ1h58CWwUQe3MxPuau_Miss Independent,0.35252889291497225
4xRYI6VqpkE3UwrDrAZL8L_The Return,0.3591859073772506
5pLpNAhR3YkasjtM8nmxRZ_#ifeellovely,0.3640357861648793
4iHNK0tOyZPYnBU7nGAgpQ_For The Record,0.37359193278877295
76eIrOIqck4yuOhrYZGx3a_independent,0.38002380337989544
7oCbBiAkDv2eMDU5LGB9NL_Hold Up (feat. Nipsey Hustle),0.3810442254419284
1sBkRIssrMs1AbVkOJbc7a_Drug Dealers Dream,0.39600998448975805
26dSoYclwsYLMAKD3tpOr4_Outrageous,0.3962127584280588
0YWxKQj2Go9CGHCp77UOyy_Bish Bounce,0.39966414521483357
33crDRqANd3NQHJagZkQ7O_she knows,0.4036129685785317
6s22t5Y3prQHyaHWUN1R1C_Dont Throw Out My Legos,0.4074968352185746
3JhNCzhSMTxs9WLGJJxWOY_Inhale Deep,0.40774748448322756
2jku7tDXc6XoB6MO2hFuqg_DucK my Ex (feat. Chris Brown & 2 Chainz),0.4084870133385621
1WHoAjAWGx5qLsgzpaOk7W_Answers Come In Dreams,0.41351431424337826
7gAppWoH7pcYmphCVTXkzs_Oh Cecilia (Breaking My Heart),0.4141817863257963
1sBkRIssrMs1AbVkOJbc7a_Supreme,0.41456180568128215
0c173mlxpT3dSFRgMO8XPh_Dark Sky (Skyscrapers),0.41494560415484794
1Xyo4u8uXC1ZmMpatF05PJ_Live For,0.41848790333649355
6H4lieipng8aGu3Hbd1UeJ_Too Much to Lose (Part II),0.4205072505479316
