,1SupJlEpv7RS2tPNRaHViT_Despedida
1SupJlEpv7RS2tPNRaHViT_Despedida,0.0
7yO4IdJjCEPz7YgZMe25iS_What Happens,0.35643242283762316
60NNvDqsif0u40CXMV6jDQ_Money,0.360988232046118
1Xyo4u8uXC1ZmMpatF05PJ_Reminder,0.3627440304456427
5K4W6rqBFWDnAN6FQUkS6x_Wolves,0.3681910954073358
0r0KdmVS1Er3kaFnl1KPog_Spirit Fade,0.3694213576957117
7uqxSg0aeseXyfFPwSKOMv_Motivation,0.3715405928208803
2YZyLoL8N0Wb9xBt1NhZWg_Hood Politics,0.3716023770184003
2UiCM3Q6qun7IFgNlxhF7N_15. So Many Details Gentfia Mix,0.37210514800213523
1wZO39bh9XOb1O4Ce7t4Q9_His Promises,0.37248025816542624
15iVAtD3s3FsQR4w1v6M0P_Gated (feat. Soulja Boy),0.37718338675544866
31IZdHrCZ5pRhLz4zBxN3o_Ultraviolet Pirate,0.37851925444184126
3TVXtAsR1Inumwj472S9r4_Weston Road Flows,0.3836650149666522
5a2EaR3hamoenG9rDuVn8j_Future Soul Song,0.38734141844613634
6wKxOKEA3K6R2UZ3COLXEY_pills,0.3879350395170818
1GAS0rb4L8VTPvizAx2O9J_Next To You (feat. deM atlaS),0.3892778854092642
6aLdhHUqgdKE86xbtNmY8g_Cereal,0.3972384881733265
6jJ0s89eD6GaHleKKya26X_Waving Through A Window - from Dear Evan Hansen,0.4010993444601581
6wKxOKEA3K6R2UZ3COLXEY_Hallucinating,0.406983540101082
1URnnhqYAYcrqrcwql10ft_Pimp,0.41096630950085117
