,1sxRcl7G7tpQvuQkMyAWau_Candy
1sxRcl7G7tpQvuQkMyAWau_Candy,0.0
5v61OSg53KaQxGMpErkBNp_To The Wolves,0.2622483537790408
5Z1CCuBsyhEHngq3U5IraY_Reach Out,0.2673211122732368
31HpswGOiF0Mc2wm11sIoN_Black Hole Sun,0.28850500380993194
7ia4FaCVsbXvhVwagCJk7l_Who Needs You,0.2904254862281339
5o206eFLx38glA2bb4zqIU_Classic Cars,0.29122737365808216
6edGSAX5dVpeJVwu1Q0NwJ_Wish,0.2931319532418158
5v61OSg53KaQxGMpErkBNp_The Resistance,0.29359682986653185
4UXqAaa6dQYAk18Lv7PEgX_Reinventing the Wheel to Run Myself Over,0.2967811808891842
6ewMqjrF31lC8ywRsvm073_Whats Left Of Me,0.3003721205147507
1HY2Jd0NmPuamShAr6KMms_Mary Jane Holland,0.30302329501889963
5P5FTygHyx2G57oszR3Wot_Losing My Mind,0.30533702983555383
5o206eFLx38glA2bb4zqIU_Haile Selassie,0.3069706383727444
2HcwFjNelS49kFbfvMxQYw_Win Some Lose Some,0.3079633092145416
4AqIRTZF6DDmKmdorgFug6_Ive Got An Ape Drape,0.3102827557631322
0EmeFodog0BfCgMzAIvKQp_Ojos Así - Live Version,0.31297052767560807
5BtHciL0e0zOP7prIHn3pP_Home,0.3151279236365179
3PhoLpVuITZKcymswpck5b_The Wasteland,0.3160475794529315
7qG3b048QCHVRO5Pv1T5lw_Sweet Isabel,0.3160817820356542
6clbbhnIqpHnqxwtOWcilg_Where Do I Run,0.32020561824919636
