,1tqZaCwM57UFKjWoYwMLrw_Nil
1tqZaCwM57UFKjWoYwMLrw_Nil,0.0
24eDfi2MSYo3A87hCcgpIL_Yo? Is That a Yes?,1.3825373811905308
0NIIxcxNHmOoyBx03SfTCD_The Storm (Outro),1.387404925705914
0qzzGu8qpbXYpzgV52wOFT_Bewley In Red,1.5041065349075435
3zunDAtRDg7kflREzWAhxl_The Quandary,1.772623319067972
0YC192cP3KPCRWx8zr8MfZ_I Chose You,1.907199439489748
3MblbJw8sIsp03qboRPeUJ_Seul,2.07937328486603
74ASZWbe4lXaubB36ztrGX_Autumn Leaves,2.128347372118554
5MlfccEEOw6kihsT8eQtbh_Llegué,2.137633899214971
5snNHNlYT2UrtZo5HCJkiw_Sleepless,2.2109204513609177
0qzzGu8qpbXYpzgV52wOFT_Cherry Blossom Road,2.2343938361643043
3PhoLpVuITZKcymswpck5b_The Last Song,2.251470807275541
69lxxQvsfAIoQbB20bEPFC_Opening,2.2680680939093727
3MblbJw8sIsp03qboRPeUJ_Camille - Piano Solo,2.288685679546368
63MQldklfxkjYDoUE4Tppz_Last Saturday,2.29635943451653
1GjWNGbMtHDQ7CNYf2d7cw_Donations,2.3150338665939256
3Roh8BISiKIfT0sHNrkAy9_Fly Me to the Moon (Piano Instrumental),2.327168785260689
6splCA5Sf5gPYKp9j8VTbP_Des Nachts - Live at Elbphilharmonie,2.346214056457837
4EENT7N7rCBwrddM3s0vFS_DD-5,2.372581408313603
74ASZWbe4lXaubB36ztrGX_Whatll I Do,2.4549348148185044
