,1tqZaCwM57UFKjWoYwMLrw_Choke
1tqZaCwM57UFKjWoYwMLrw_Choke,0.0
4NgNsOXSwIzXlUIJcpnNUp_Loving You Is Easy,0.3498717110526783
4kI8Ie27vjvonwaB2ePh8T_Lay Me Back Down,0.3675052727900996
1tqZaCwM57UFKjWoYwMLrw_Losing A Friend,0.37201976282971466
3XlIhgydjvC4EniPFZT20j_Witchcraft,0.3993602253833789
3PhoLpVuITZKcymswpck5b_Dark Diamond,0.4136239418280091
360IAlyVv4PCEVjgyMZrxK_Quickie,0.4168626337361797
6hYlDSXfjs7cPYHbU044y0_Nowhere to Be but Gone,0.4182716421216441
74ASZWbe4lXaubB36ztrGX_Christmas Island,0.42973109880667265
40Yq4vzPs9VNUrIBG5Jr2i_Inkless,0.4328435760601306
7GaxyUddsPok8BuhxN6OUW_Night Train,0.43348281899900687
04RtvnUz0XrUbUZzOA8ZoW_Memory,0.4380005327805209
4EENT7N7rCBwrddM3s0vFS_Living Upside Down,0.4444059183387067
0EmeFodog0BfCgMzAIvKQp_Fool,0.44474502228602736
2siHvYaxjaW5rKVRiIrMYH_Made For Lovin You,0.44680902614531887
4IUnPnBL93uxmo0DBx7U0m_Look At What The Light Did Now,0.4510683958991801
6hYlDSXfjs7cPYHbU044y0_Run It Down South,0.4512574897865094
5y2Xq6xcjJb2jVM54GHK3t_Hang on in There,0.452134805024346
0aqrM7Fo3Ml66Kc5JAzmjt_Strawberry Wine,0.45587133143258857
450o9jw6AtiQlQkHCdH6Ru_Music For My Mother - 1969 Version,0.4562902738275342
