,1tqZaCwM57UFKjWoYwMLrw_Sick & Tired
1tqZaCwM57UFKjWoYwMLrw_Sick & Tired,0.0
4S9EykWXhStSc15wEx8QFK_Medley Soul - Montreal Show,0.3097486471310979
0grdhNhiRLFBaFVyybqsj6_Fools Game,0.3239047026307846
"450o9jw6AtiQlQkHCdH6Ru_Mommy, Whats a Funkadelic?",0.3421772127856395
12VaqyEhgwDRuFfEqbnrpz_Cmon Billy,0.34237785399355053
58XGUNsRNu3cVOIOYk5chx_Im Free,0.35033096630528743
6oxdzpYKrW4th4wfgc7h99_Wanna Be Your Lover,0.36087873262998377
776Uo845nYHJpNaStv1Ds4_Straight Ahead,0.3619634922662202
55LHFEtIplWhsfyWZUwkf4_Cosmic Vibrations,0.36560514299826086
2VIoWte1HPDbZ2WqHd2La7_Tie Me Down,0.3709710451369559
3PhoLpVuITZKcymswpck5b_The Big Picture,0.3738311176490372
2VIoWte1HPDbZ2WqHd2La7_She Always Leaves Me Laughing,0.37728085849556847
55LHFEtIplWhsfyWZUwkf4_Follow the Leader,0.37769775931079846
12VaqyEhgwDRuFfEqbnrpz_The Glorious Land,0.40175161229497236
5zaXYwewAXedKNCff45U5l_Something Special,0.40329226596701534
"7t4XHvWfj0XtEB8SNFeALw_Baby, I Love You",0.4053163907405641
7GaxyUddsPok8BuhxN6OUW_Caldonia,0.4119224745429061
2P560DaOMNDUACoH8ZhOCR_David Watts,0.41401125073274947
2BTZIqw0ntH9MvilQ3ewNY_All Through the Night,0.4177868314296389
3PhoLpVuITZKcymswpck5b_Duet For One,0.4180074269620937
