,1tqZaCwM57UFKjWoYwMLrw_Live And Learn
1tqZaCwM57UFKjWoYwMLrw_Live And Learn,0.0
51Blml2LZPmy7TTiAg47vQ_Walk On,0.2656811634128332
1tqZaCwM57UFKjWoYwMLrw_For The Boys,0.2665427460345006
0p4nmQO2msCgU4IF37Wi3j_Tomorrow,0.26775071386939986
51Blml2LZPmy7TTiAg47vQ_When I Look At The World,0.28070656252588555
3xXSg1WJPGJuNjQV0REAzk_Maybe Tomorrow,0.28158787536572816
58XGUNsRNu3cVOIOYk5chx_Baby Big Man (I Want a Mommy),0.2937969004147785
1tqZaCwM57UFKjWoYwMLrw_Youre The Storm,0.2944569700160042
0p4nmQO2msCgU4IF37Wi3j_Too Much to Ask,0.3149458607401482
0B1fOLrRTsxPUzYhCi64su_On Our Way To Tomorrow,0.31942653185387143
0yNLKJebCb8Aueb54LYya3_Californian Grass,0.33013251076980277
3kjuyTCjPG1WMFCiyc5IuB_Flashbulb Eyes,0.3354427334906825
3PhoLpVuITZKcymswpck5b_Guilty Pleasure,0.34050452550270166
5zaXYwewAXedKNCff45U5l_You Are The Storm,0.341481664783514
4kI8Ie27vjvonwaB2ePh8T_And I,0.34446080953624075
0yNLKJebCb8Aueb54LYya3_Ill Stay with You,0.3455270027861641
0yNLKJebCb8Aueb54LYya3_I'll Stay with You,0.3455270027861641
3E3xrZtBU5ORqcmX78v5YZ_West Girl Scout Road,0.3483973633704066
5GtMEZEeFFsuHY8ad4kOxv_Amazing,0.3493184036568011
04gDigrS5kc9YWfZHwBETP_She Will Be Loved - Live,0.34950033017310017
