,1TY8JzETLheB4vm5QblKsF_The Golden Ones
1TY8JzETLheB4vm5QblKsF_The Golden Ones,0.0
4AqIRTZF6DDmKmdorgFug6_Too Much Drama,0.3115004016762983
5zzrJD2jXrE9dZ1AklRFcL_Madame Trudeaux,0.3116234320038044
6clbbhnIqpHnqxwtOWcilg_Long Way There,0.32761078879137845
2P560DaOMNDUACoH8ZhOCR_Set The House Ablaze,0.3534773125848882
450o9jw6AtiQlQkHCdH6Ru_What Is Soul,0.35367110117348344
3RGLhK1IP9jnYFH4BRFJBS_Stay Free,0.3603319949759261
2eogQKWWoohI3BSnoG7E2U_MacArthur Park - Rosabels Radio Mix,0.37271778057876737
7qG3b048QCHVRO5Pv1T5lw_Tu Vacio,0.37853024106586985
3RwQ26hR2tJtA8F9p2n7jG_Angel Doll,0.3811663730412685
1cNDP5yjU5vjeR8qMf4grg_Ingredients (feat. Fredo Bang),0.38546998038292724
0Je74SitssvJg1w4Ra2EK7_Whats Up?,0.39118621300763196
6clbbhnIqpHnqxwtOWcilg_You Saved Me,0.3943731706453028
2siHvYaxjaW5rKVRiIrMYH_One Day In Your Life - Hex Hector Special Edition Edit,0.39530713169640586
4Z8W4fKeB5YxbusRsdQVPb_Palo Alto (Remastered),0.4027387018025707
4gSTRpmeyYppvIXuFKjfAL_Lina,0.4034422294740836
0QHgL1lAIqAw0HtD7YldmP_Bitch Im From Dade County,0.4082689690878537
4aUvbQAAA2SLQUH8ib96yn_Goodbye To The Job,0.4092918765490277
34v5MVKeQnIo0CWYMbbrPf_Killing Me,0.4116996413424532
0grdhNhiRLFBaFVyybqsj6_Power of You and Me,0.4149360505121056
