,1U0sIzpRtDkvu1hXXzxh60_Altadena
1U0sIzpRtDkvu1hXXzxh60_Altadena,0.0
2vm8GdHyrJh2O2MfbQFYG0_Let It Snow! Let It Snow! Let It Snow!,0.46579391010946203
3zunDAtRDg7kflREzWAhxl_The Man,0.4729706889198028
6fTEkjuuZ3hH6fdeBxxbA2_Honest,0.4792934352637968
21pMSs2JHWwwy2kp1QIIVB_Gwan A School,0.4921556059937911
6Jrxnp0JgqmeUX1veU591p_Coo Coo Coo,0.4958838252935525
3gIRvgZssIb9aiirIg0nI3_Upside Down (feat. Daniel James),0.5015449012530443
3VNITwohbvU5Wuy5PC6dsI_Ladies Night,0.5120888378810573
0B2SlMW40Hs9mijOi1cDyf_Waterfalls,0.5173458001419631
3gIRvgZssIb9aiirIg0nI3_Upside Down,0.5297045063385805
2gsggkzM5R49q6jpPvazou_I Believe In Love,0.5382084834801724
6O4EGCCb6DoIiR6B1QCQgp_Miss Me (feat. ABRA),0.5391980802825596
4iHNK0tOyZPYnBU7nGAgpQ_Mine Again,0.5457379592222898
57MtJQ6Sc4tIxrXIhrqVJL_Reading Signs,0.546059084822135
4S9EykWXhStSc15wEx8QFK_Ne me quitte pas,0.5484933947750025
64M6ah0SkkRsnPGtGiRAbb_Grace,0.5505274274022454
2HcwFjNelS49kFbfvMxQYw_Into The Silence - Ambient Mix,0.5519198604830119
7G1GBhoKtEPnP86X2PvEYO_Let It Be Me - Remastered,0.5562117398672636
5GtMEZEeFFsuHY8ad4kOxv_If I Could,0.5608924167640325
33crDRqANd3NQHJagZkQ7O_beautiful,0.5629364373346084
