,"1Uff91EOsvd99rtAupatMP_Six épigraphes antiques: I. Pour invoquer Pan, dieu du vent dété"
"1Uff91EOsvd99rtAupatMP_Six épigraphes antiques: I. Pour invoquer Pan, dieu du vent dété",0.0
"1Uff91EOsvd99rtAupatMP_Six épigraphes antiques: I. Pour invoquer Pan, dieu du vent d'été",4.76837158203125e-07
3zunDAtRDg7kflREzWAhxl_I Need A Mother,0.6413393407497734
5oERdzrfb6kmNMzPNINZib_Remembrance,0.6513631051722357
4e1KgW8FCqVytLFSzEYEKo_...Baby One More Time,0.6857824176284875
3TVXtAsR1Inumwj472S9r4_Outro (feat. Chilly Gonzales),0.7596050861408384
3zunDAtRDg7kflREzWAhxl_The Man Who Didnt Know Hed Lost His Mind,0.7920141210098343
3NcPjvA2rp9FPj1JBAXwOS_Where Is My Mind?,0.9317801037125282
5g3uG8zZZANGT6YOssgjfC_Boom (Flesh and Bone Reprise),0.9364033220105401
3iOvXCl6edW5Um0fXEBRXy_Reconsider,0.9586590328088537
5I0EPnV9gwrZYTbScjnaOk_Catedral,0.992534323852257
2sBPVEeMBXKNsZtYaJixnJ_Love Song For Pigeons,1.0000926700193138
1FqqOl9itIUpXr4jZPIVoT_Honey Love,1.0185530716202875
7KK6M2jPylHa6gLbMBI6V0_Is This the Way to Amarillo - Acoustic Cover,1.0259993147482664
"4NJhFmfw43RLBLjQvxDuRS_Piano Sonata No. 8 in D Major, KV. 311",1.0361819489365518
"4sbcjbyksdT4dJ5Lh0SvZp_España, Op. 165: I. Prelude",1.0392124056312995
5a2EaR3hamoenG9rDuVn8j_Xcogitate,1.0514610371691606
5zzbSFZMVpvxSlWAkqqtHP_Abednego,1.0557013526540322
5zzbSFZMVpvxSlWAkqqtHP_I Knew You Were Evil,1.0620061199974695
5snNHNlYT2UrtZo5HCJkiw_Oceans. Sand. Trees.,1.0855855441958695
