,1VbN1iTiu4spUr0HVK17Rv_Pa Lante
1VbN1iTiu4spUr0HVK17Rv_Pa Lante,0.0
5rSXSAkZ67PYJSvpUpkOr7_Quit Playing Games (With My Heart),0.36014749860488976
1RyvyyTE3xzB2ZywiAwp0i_Sh!t,0.3999681092501075
6PXS4YHDkKvl1wkIl4V8DL_History,0.4010441921628004
0du5cEVh5yTK9QJze8zA0C_That's What I Like,0.40564897842597514
0du5cEVh5yTK9QJze8zA0C_Thats What I Like,0.40564897842597514
1WHoAjAWGx5qLsgzpaOk7W_Step Up,0.41043896386892065
1r4hJ1h58CWwUQe3MxPuau_Solos,0.421532989879494
1SupJlEpv7RS2tPNRaHViT_Y Las Gatas,0.42525211861125356
4iHNK0tOyZPYnBU7nGAgpQ_A No No,0.4259963802385117
1vyhD5VmyZ7KMfW5gqLgo5_6 AM,0.4371990356624216
6auWB5YAlcKaHyrbTH66nd_Pink,0.4421974295883148
7qG3b048QCHVRO5Pv1T5lw_Push,0.4504466041902615
60NNvDqsif0u40CXMV6jDQ_Euro,0.4552451071584199
00TKPo9MxwZ0j4ooveIxWZ_Your Side Of The Bed - Acoustic,0.46110078290540213
1GAS0rb4L8VTPvizAx2O9J_Bitter,0.4624630352868104
5rSXSAkZ67PYJSvpUpkOr7_Passionate,0.4676703223367369
33crDRqANd3NQHJagZkQ7O_Know,0.468462015292163
50co4Is1HCEo8bhOyUWKpn_Feel It,0.4739204036504969
5I0EPnV9gwrZYTbScjnaOk_Samba De Verão,0.47397447436001405
