,1vCWHaC5f2uS3yhpwWbIA6_Hey Brother
1vCWHaC5f2uS3yhpwWbIA6_Hey Brother,0.0
6jJ0s89eD6GaHleKKya26X_International Smile,0.4306983167075791
5YGY8feqx7naU7z4HrwZM6_Thinkin,0.43518225237173463
71WAGa6lzYIgOOvGwifQtk_Ghost in the Shell,0.4411566564620568
1Cs0zKBU1kc0i8ypK3B9ai_Sun Goes Down (feat. MAGIC! & Sonny Wilson),0.4419736981018157
2SHmJ9pvh1h1TXu2WulzL4_Little Big Adventure,0.4437275615775278
"3TaUSUXn41GixL7zbvrIDt_Ride For Me (with Young Thug, feat. 24hrs)",0.4472398607532818
6s22t5Y3prQHyaHWUN1R1C_The Good Part,0.4601473997584471
4UXqAaa6dQYAk18Lv7PEgX_Heaven’s Gate,0.4633431536374414
0r0KdmVS1Er3kaFnl1KPog_Make You Mine,0.47359374718979363
7gAppWoH7pcYmphCVTXkzs_Just My Type,0.4744722400121994
5FCF1SbJyriEYn8j41v0yn_Cali Shine (from we.MAKE20 #2),0.4765363648822567
77AiFEVeAVj2ORpC85QVJs_Holding Up The World (feat. Harrison & Albin Myers),0.49980273226684896
1kcYSWblYWOOMVOPNgbMYI_60 Percenta Zen,0.5017347242638102
4YrKBkKSVeqDamzBPWVnSJ_Jump 'N Shout,0.5026509689571861
07QEuhtrNmmZ0zEcqE9SF6_Good Time,0.5030156390206207
6dJeKm76NjfXBNTpHmOhfO_Round & Round,0.5042774821071635
5P5FTygHyx2G57oszR3Wot_Bad Habits,0.5044092271730445
7gAppWoH7pcYmphCVTXkzs_Personal - Cedric Gervais Remix,0.5112992244475099
5PA6iCCOkq14PpMWWlhJ5T_Welcome To Los Santos,0.5114598795034231
