,1vCWHaC5f2uS3yhpwWbIA6_Without You (feat. Sandro Cavazza)
1vCWHaC5f2uS3yhpwWbIA6_Without You (feat. Sandro Cavazza),0.0
53XhwfbYqKCa1cC15pYq2q_Start Over,0.19370259188162298
4iHNK0tOyZPYnBU7nGAgpQ_All I Want For Christmas Is You,0.24080417764976333
4AK6F7OLvEQ5QYCBNiQWHq_They Dont Know About Us,0.2531614608670308
69GGBxA162lTqCwzJG5jLp_Who Do You Love (with 5 Seconds of Summer),0.28353187099517935
7qG3b048QCHVRO5Pv1T5lw_Oyeme,0.30564095751412357
3XlIhgydjvC4EniPFZT20j_Its Alright,0.31090502168406414
6clbbhnIqpHnqxwtOWcilg_What If Youre Wrong,0.31591955798949867
63MQldklfxkjYDoUE4Tppz_Road Blaster - MAPS Remix,0.31612489816223455
55LHFEtIplWhsfyWZUwkf4_How Can You Really,0.3183807150584116
6cjO9Zz91AVQWz5Fj2VkWP_Teenage Kicks - From “Teen Spirit” Soundtrack,0.31991385300511377
5v61OSg53KaQxGMpErkBNp_Pray Tell,0.3227204617392306
1KCSPY1glIKqW2TotWuXOR_Misery,0.32412073840091293
2gUMs9PE8XZVQyzCDqaYmW_Can I Have This Dance - Original Version,0.3254073796375638
1KCSPY1glIKqW2TotWuXOR_The Truth About Love,0.3257958328165442
5rSXSAkZ67PYJSvpUpkOr7_Siberia,0.3272497432830997
06HL4z0CvFAxyc27GXpf02_Our Song,0.33039314202338343
1l7ZsJRRS8wlW3WfJfPfNS_Just Be Free,0.3325465943257889
1uNFoZAHBGtllmzznpCI3s_Somebody To Love,0.33318167703213897
6jJ0s89eD6GaHleKKya26X_Part Of Me,0.33374481306703513
