,1WHoAjAWGx5qLsgzpaOk7W_Hercules Theme
1WHoAjAWGx5qLsgzpaOk7W_Hercules Theme,0.0
5y2Xq6xcjJb2jVM54GHK3t_Wake up Everybody (feat. Common & Melanie Fiona),0.30090248971802175
2sBPVEeMBXKNsZtYaJixnJ_Christmas Time is Here,0.30125522934277094
5o206eFLx38glA2bb4zqIU_A Machine Spiritual (in the Peoples Key),0.30680561339714124
5pKCCKE2ajJHZ9KAiaK11H_Hate That I Love You,0.31143478985263756
6sHCvZe1PHrOAuYlwTLNH4_Of Lacking Spectacle,0.31309782047833473
5o206eFLx38glA2bb4zqIU_Make A Plan To Love Me,0.31803268109022115
0NIPkIjTV8mB795yEIiPYL_Remember When,0.32429576168559365
67sPdYbfImX0gh3fP9gHdH_Sweet Melody,0.32765907457896815
1Xyo4u8uXC1ZmMpatF05PJ_I Feel It Coming,0.3318089366134762
3LjhVl7GzYsza1biQjTpaN_Sleepover,0.3364561875561351
3KH7WsR2JZQ94Ik8SyabU6_Djama,0.3451957921820836
5y2Xq6xcjJb2jVM54GHK3t_Hang on in There,0.3461497771012329
0EmeFodog0BfCgMzAIvKQp_Si Te Vas,0.3530102187156723
3Rxm9TaXZGuQRw2B91Ap22_Umm (feat. pH-1 & Sik-K),0.35384687518657576
2siHvYaxjaW5rKVRiIrMYH_Overdue Goodbye - Reprise,0.35389714811387313
2BTZIqw0ntH9MvilQ3ewNY_How Blue Can You Get?,0.3540139085579446
6fLrPFLWLSCrp7gcTZXcKb_Tether Beat,0.35492837651371273
5szdY7KaSi7epwyffrbV8c_Tropical Heartache,0.35734718109677305
47MpMsUfWtgyIIBEFOr4FE_Soltera,0.3610432819102803
