,1WvvwcQx0tj6NdDhZZ2zZz_Where I Found You
1WvvwcQx0tj6NdDhZZ2zZz_Where I Found You,0.0
53XhwfbYqKCa1cC15pYq2q_Dancing In The Dark,0.4165175029226312
0hEurMDQu99nJRq8pTxO14_If I Ever Get Around To Living,0.43587144679052814
3DiDSECUqqY1AuBP8qtaIa_Diary (feat. Tony! Toni! Tone! & Jermaine Paul),0.4479207328757675
7plnkOuYziP97s0ykRBYJF_El Baile,0.4554854661302797
6G7OerKc3eBO9sVkRNopFC_After It All,0.4637490212772605
3DiDSECUqqY1AuBP8qtaIa_One Thing,0.4695002620745342
6O4EGCCb6DoIiR6B1QCQgp_Pavement,0.48212910789139696
5zeCSgiRyezbfLiGOpKAsR_She Drives Me Crazy,0.4919519665260883
3LHqODf1hGAgZ5LTw1Gf4C_Nana,0.505655143469344
5GtMEZEeFFsuHY8ad4kOxv_Tinsel Town,0.5069357659509149
6C403AR4y6PjN0xNNGh42m_Endeavors for Never (The last time we spoke you said you were not here. I saw you though.),0.510681442071253
5szdY7KaSi7epwyffrbV8c_Hot In The Shade,0.5136127129781632
2h93pZq0e7k5yf4dywlkpM_Skyline To,0.5209500967934451
0QrowybipCKUDnq5y10PD2_Sympathize,0.5248134782354318
11nbBcaBk8uXBPQsc3Sq9p_Making All Things New,0.5323820731838691
51Blml2LZPmy7TTiAg47vQ_Cedars Of Lebanon,0.535428759147527
2auiVi8sUZo17dLy1HwrTU_Scales,0.5359861689986812
5zzbSFZMVpvxSlWAkqqtHP_Danger and Dread,0.5364738473992641
2GLf7iaOOujAem5R87xwto_Pom Pom,0.5367817664694265
