,1Xyo4u8uXC1ZmMpatF05PJ_Live For
1Xyo4u8uXC1ZmMpatF05PJ_Live For,0.0
6LEeAFiJF8OuPx747e1wxR_Dinner,0.2852243501910137
31TPClRtHm23RisEBtV3X7_Medley: Summer Love   Set the Mood (Prelude),0.2905232729259633
1r4hJ1h58CWwUQe3MxPuau_Miss Independent,0.2934384090529233
6XpaIBNiVzIetEPCWDvAFP_Love That Man,0.294548891774898
5snNHNlYT2UrtZo5HCJkiw_Rich,0.30003675064991864
4gwpcMTbLWtBUlOijbVpuu_Swimming Pool Summer,0.3047445861159036
0RGwDw7utw9jyhSf2TySBv_Golden,0.3126834346373872
51Blml2LZPmy7TTiAg47vQ_Love Is Bigger Than Anything In Its Way - U2 X Cheat Codes,0.31438859516609297
26dSoYclwsYLMAKD3tpOr4_Autumn Goodbye,0.3152354612950442
6sFIWsNpZYqfjUpaCgueju_No Drug Like Me,0.32350726991810974
5zeCSgiRyezbfLiGOpKAsR_Sea Breeze,0.32540352921153914
6fLrPFLWLSCrp7gcTZXcKb_Run My Heart,0.32584401701820115
2HcwFjNelS49kFbfvMxQYw_Me And My Monkey,0.3290204337483394
5y2Xq6xcjJb2jVM54GHK3t_Heaven,0.3310027112569791
5pLpNAhR3YkasjtM8nmxRZ_#ifeellovely,0.33101771901297977
5snNHNlYT2UrtZo5HCJkiw_사진첩,0.3311719983291175
6H4lieipng8aGu3Hbd1UeJ_All My Life,0.33126937508899346
0vEsuISMWAKNctLlUAhSZC_Cover Up The Sun,0.33348674347861085
06HL4z0CvFAxyc27GXpf02_...Ready For It?,0.338157005080138
