,21mKp7DqtSNHhCAU2ugvUw_A Moment Apart
21mKp7DqtSNHhCAU2ugvUw_A Moment Apart,0.0
0qzzGu8qpbXYpzgV52wOFT_Raxeira,0.5798159401158982
0dTj3SqwE8kPnCzyzvYzhT_bath,0.6327139865755994
3ImqpXKKgkH5VydfgX1hd4_Walk Through Hell,0.6577477888222234
12Chz98pHFMPJEknJQMWvI_Undisclosed Desires,0.6856645762878844
5zzbSFZMVpvxSlWAkqqtHP_By the Reins,0.7383774448360493
3XlIhgydjvC4EniPFZT20j_Broken,0.7698697898210074
77AiFEVeAVj2ORpC85QVJs_Noble Gas (feat. Bill Nye),0.8253223019110271
4aEnNH9PuU1HF3TsZTru54_Niobe,0.8567089548701997
3YQKmKGau1PzlVlkL1iodx_Doubt,0.9155616332826391
5UT1mOF7JAjcc7e3wen8vw_Like the Movie 그 드라마처럼,0.9439228972426659
1gkSl4XpHIHI4I1WQbfXOE_Vaginoplasty - Planningtorock Vagina Rework,0.9568251227156117
5a2EaR3hamoenG9rDuVn8j_Sticky Like Glue,0.9636967263981607
0c173mlxpT3dSFRgMO8XPh_Blessings,0.9753853335443636
5UT1mOF7JAjcc7e3wen8vw_그 드라마처럼 Like The Movie,1.0069962341560856
"5a2EaR3hamoenG9rDuVn8j_Illusion, Coma, Pimp & Circumstance",1.026870764758419
2WX2uTcsvV5OnS0inACecP_Deep End,1.0288719354909537
1RyvyyTE3xzB2ZywiAwp0i_Oooooh (Instrumental),1.0301356657919067
1KCSPY1glIKqW2TotWuXOR_Fingers,1.0318581125134054
3kjuyTCjPG1WMFCiyc5IuB_Baby Mine - From Dumbo,1.0436427719741024
