,21mKp7DqtSNHhCAU2ugvUw_Divide (feat. Kelsey Bulkin)
21mKp7DqtSNHhCAU2ugvUw_Divide (feat. Kelsey Bulkin),0.0
58XGUNsRNu3cVOIOYk5chx_Dont You Want To Know? (Sue),0.29105540257264007
4NgNsOXSwIzXlUIJcpnNUp_Dont Give up on Us,0.30135532113152924
2HcwFjNelS49kFbfvMxQYw_Love is You,0.32407337145853826
3Ayl7mCk0nScecqOzvNp6s_Sure and Certain - Acoustic,0.32426253199811766
2HcwFjNelS49kFbfvMxQYw_The Edge,0.3276495102429268
"6G7OerKc3eBO9sVkRNopFC_3,6,9",0.33367412636339716
3PhoLpVuITZKcymswpck5b_A Good Heart,0.33720857657949505
3PhoLpVuITZKcymswpck5b_Original Sin,0.3402692293832697
5sUrlPAHlS9NEirDB8SEbF_Los Lugares,0.34043819157584093
7zsin6IgVsR1rqSRCNYDwq_Mexico,0.34873837488776166
2GLf7iaOOujAem5R87xwto_Midnight Lovers,0.35298807896979956
1RyvyyTE3xzB2ZywiAwp0i_Benz Friendz,0.35429484229300867
2BTZIqw0ntH9MvilQ3ewNY_Mother,0.35472953398275625
2HcwFjNelS49kFbfvMxQYw_Weakness,0.35486348944363744
2HcwFjNelS49kFbfvMxQYw_The Road To Mandalay,0.35858920402582994
5INjqkS1o8h1imAzPqGZBb_Borderline,0.3590378221961322
3Z02hBLubJxuFJfhacLSDc_We Did It All,0.3608840523169094
4phGZZrJZRo4ElhRtViYdl_Everything Is Sound,0.3610339795471188
1U0sIzpRtDkvu1hXXzxh60_Floor Show (Prod. Girl Unit),0.3659361288256863
