,23NIwARd4vPbxt3wwNnJ6k_N Dakota
23NIwARd4vPbxt3wwNnJ6k_N Dakota,0.0
0hEurMDQu99nJRq8pTxO14_Shadow Days,0.3140168929053934
1WHoAjAWGx5qLsgzpaOk7W_Easy,0.3342803063702085
3KH7WsR2JZQ94Ik8SyabU6_Sarama,0.3426778316341046
4kI8Ie27vjvonwaB2ePh8T_The Woods,0.37703933010780966
0hEurMDQu99nJRq8pTxO14_I Will Be Found (Lost At Sea),0.3776182756032514
3miNucraVWk4hdVsIxn7id_Broken Records,0.3819868179065332
3PhoLpVuITZKcymswpck5b_Wouldnt Have You Any Other Way (NYC),0.3834774108472146
5o206eFLx38glA2bb4zqIU_Easy Lucky Free,0.38984791713341566
0ukgSx1gUt5rUihbNh46qy_To Take Care of Myself Again,0.38996682408232963
3Caot8EtHX6wLpNF2wRzS0_Fallen From The Sky,0.39156389201609343
4wucqyuotyHg3kBk1aMTTN_Sunlight Song,0.39532361888910705
4dpARuHxo51G3z768sgnrY_Lovesong,0.4039529223472582
4NgNsOXSwIzXlUIJcpnNUp_Turn The Lights Down Low,0.40944471883564676
3KH7WsR2JZQ94Ik8SyabU6_Walide,0.4164277609475796
4kI8Ie27vjvonwaB2ePh8T_Mr Lonely (feat. Fat Lip),0.4179735371799215
3VNITwohbvU5Wuy5PC6dsI_Game Of Love,0.4205070613648979
4NgNsOXSwIzXlUIJcpnNUp_World on Fire,0.42212339148853684
6oF8gXhgD5ZTQ0biyaw4Cm_Little Thing Called Love,0.4253205387445765
3PhoLpVuITZKcymswpck5b_If It Wasnt For Bad,0.42659904883723104
