,23NIwARd4vPbxt3wwNnJ6k_Frog Pond Plop
23NIwARd4vPbxt3wwNnJ6k_Frog Pond Plop,0.0
23NIwARd4vPbxt3wwNnJ6k_Elegy of Colonial Suffering,0.8886751803654503
2sBPVEeMBXKNsZtYaJixnJ_Mornin Time,0.9261843853201792
2sBPVEeMBXKNsZtYaJixnJ_Mornin' Time,0.9261843853201792
5YkBrE0wF8cAlq3GCOw5Eu_When The Sun Dont Shine,0.9519810593419848
5YkBrE0wF8cAlq3GCOw5Eu_Happy,1.0112869105689253
5YkBrE0wF8cAlq3GCOw5Eu_Bratty B,1.0322788985204994
"3kzwYV3OCB010YfXMF0Avt_Archie, Marry Me",1.033802862284396
5YkBrE0wF8cAlq3GCOw5Eu_Crazy For You,1.0597811672383306
5YkBrE0wF8cAlq3GCOw5Eu_The End,1.0644603409078675
6O4EGCCb6DoIiR6B1QCQgp_Yeah Right,1.0800825259754907
5YkBrE0wF8cAlq3GCOw5Eu_Each And Everyday,1.0832774122902407
38zTZcuN7nFvVJ6auhc6V3_Vox Celeste,1.0952479282109713
5YkBrE0wF8cAlq3GCOw5Eu_Boyfriend,1.1069955515428058
5YkBrE0wF8cAlq3GCOw5Eu_Goodbye,1.1071357523067489
3Ayl7mCk0nScecqOzvNp6s_23,1.1112875125956276
58XGUNsRNu3cVOIOYk5chx_The Hill,1.1162530429540825
5YkBrE0wF8cAlq3GCOw5Eu_Honey,1.126002716267168
12Chz98pHFMPJEknJQMWvI_Hyper Chondriac Music,1.127125636304888
6QobJ3vnalBTlsdOrvQTIt_Apathy,1.127366482882995
