,23NIwARd4vPbxt3wwNnJ6k_Yonder Is Closer To The Heart
23NIwARd4vPbxt3wwNnJ6k_Yonder Is Closer To The Heart,0.0
5o206eFLx38glA2bb4zqIU_Method Acting,0.27771468618487616
4gzpq5DPGxSnKTe4SA8HAU_Lovers in Japan - Osaka Sun Mix,0.2999494024466255
4gzpq5DPGxSnKTe4SA8HAU_Death and All His Friends,0.3711103761056314
63MQldklfxkjYDoUE4Tppz_Un nouveau soleil,0.37477719524238967
56ZTgzPBDge0OvCGgMO3OY_Lazuli,0.3764001279656832
6QobJ3vnalBTlsdOrvQTIt_Again and Again,0.37899488773225093
3kjuyTCjPG1WMFCiyc5IuB_No Cars Go,0.3833329473048338
5o206eFLx38glA2bb4zqIU_Lets Not Shit Ourselves (To Love And To Be Loved),0.3834608742636736
3miNucraVWk4hdVsIxn7id_Devil Slide,0.38684868264468714
63MQldklfxkjYDoUE4Tppz_We Own the Sky,0.39260361696400375
23NIwARd4vPbxt3wwNnJ6k_Tears O Plenty,0.4037698519121779
6QobJ3vnalBTlsdOrvQTIt_Get Along,0.41091258510276824
16eRpMNXSQ15wuJoeqguaB_Children of the Moon (feat. Tame Impala),0.42015777316660513
12Chz98pHFMPJEknJQMWvI_Fury,0.420961176159811
4EENT7N7rCBwrddM3s0vFS_Bright Neon Payphone,0.42199904786305403
38zTZcuN7nFvVJ6auhc6V3_Fluorescent Grey,0.4249544470101319
58XGUNsRNu3cVOIOYk5chx_It's a Problem,0.42555257080636877
58XGUNsRNu3cVOIOYk5chx_Its a Problem,0.42555257080636877
5v61OSg53KaQxGMpErkBNp_Harbinger,0.4266418552659415
