,23NIwARd4vPbxt3wwNnJ6k_Death Will Bring Change
23NIwARd4vPbxt3wwNnJ6k_Death Will Bring Change,0.0
2ysnwxxNtSgbb9t1m2Ur4j_Blame It on Me,0.32292888644736334
2YZyLoL8N0Wb9xBt1NhZWg_The Spiteful Chant,0.37670369690471917
2wUjUUtkb5lvLKcGKsKqsR_Easier Said,0.3831211012277855
6icQOAFXDZKsumw3YXyusw_Bitter Sweet,0.40401138846492607
2pvCf5g7XBReiPIvcq7W18_STAY,0.40483974073880635
2FMOHE79X98yptp4RpPrt7_Heavy,0.40799648742190436
3YQKmKGau1PzlVlkL1iodx_We Dont Believe Whats on TV,0.41102647149856086
6vXTefBL93Dj5IqAWq6OTv_Casino Life - Intro,0.41631215866319954
1r4hJ1h58CWwUQe3MxPuau_Presiento,0.41914864772063865
2gsggkzM5R49q6jpPvazou_Aint Been Done,0.4192535084770795
0X2BH1fck6amBIoJhDVmmJ_Ill Hold My Breath,0.4214665280569585
2gsggkzM5R49q6jpPvazou_Masterpiece,0.423477174523131
6vXTefBL93Dj5IqAWq6OTv_Ya Mean,0.4243937678025924
3DiDSECUqqY1AuBP8qtaIa_The Gospel,0.42690723721491464
5y2Xq6xcjJb2jVM54GHK3t_Our Generation (The Hope of the World) (feat. C.L. Smooth),0.4302895538288767
4xPR9p75zzDlisJvvhEYl2_Breadcrumbs,0.4305180219268234
7qG3b048QCHVRO5Pv1T5lw_One Night Stand,0.43085145527974256
3QSQFmccmX81fWCUSPTS7y_Need You Now,0.4321840246025406
2ZRQcIgzPCVaT9XKhXZIzh_Winnebago (feat. Quinn XCII & Daniel Wilson),0.43468000411694335
