,23v7cVwWDv8VhPWTAePufN_Zoot Suit
23v7cVwWDv8VhPWTAePufN_Zoot Suit,0.0
5o206eFLx38glA2bb4zqIU_Gold Mine Gutted,0.2858346554140023
5tFRohaO5yEsuJxmMnlCO9_Golden Dandelions - Acoustic,0.32714056416945253
5sO95IxpGw2wScd80jalOh_Kush,0.3392813114245977
5rSXSAkZ67PYJSvpUpkOr7_Dont Wanna Lose You Now,0.35067810432335306
4phGZZrJZRo4ElhRtViYdl_No Stopping Us,0.35678488770721345
5v61OSg53KaQxGMpErkBNp_Creep - Acoustic,0.3582227197911192
5zaXYwewAXedKNCff45U5l_Bad Case Of The Blues,0.3732200223253071
6VuMaDnrHyPL1p4EHjYLi7_Dangerously,0.37717421996506273
3avUsJApi6WLbXpR8yI0ax_Skating on the River,0.37744764316138507
5GtMEZEeFFsuHY8ad4kOxv_Fast Changes,0.3778536724300901
"3miNucraVWk4hdVsIxn7id_Hallelujah, I Love her so",0.38199977607381524
0EmeFodog0BfCgMzAIvKQp_Gordita,0.3825438563915589
0grdhNhiRLFBaFVyybqsj6_My Confession,0.38263161037908344
4kI8Ie27vjvonwaB2ePh8T_Out and In and In and Out,0.38759520241991685
3PhoLpVuITZKcymswpck5b_The End Will Come,0.39084619719418884
5sUrlPAHlS9NEirDB8SEbF_Back In The City,0.39110437516268803
4qWnlmXWuGv2TtuxtIWlJX_Someone To You - Acoustic,0.3914034863848845
3PhoLpVuITZKcymswpck5b_January,0.3929961562345707
6clbbhnIqpHnqxwtOWcilg_Someone,0.39374140410617153
