,26VFTg2z8YR0cCuwLzESi2_100 Letters
26VFTg2z8YR0cCuwLzESi2_100 Letters,0.0
6O4EGCCb6DoIiR6B1QCQgp_Girl Like You,0.3066458788439028
1DvtabXAjfrMihPP6JQdHs_Blow A Bag,0.310617729078251
4xPR9p75zzDlisJvvhEYl2_Chariot,0.31776215459694057
4xPR9p75zzDlisJvvhEYl2_Demons (Philosophical Sessions),0.345167512127507
5yqWHaDl8ZrYgeKANLyIv8_Fuego,0.34535173224274834
1vyhD5VmyZ7KMfW5gqLgo5_Safari,0.34715244001916823
6KImCVD70vtIoJWnq6nGn3_Ever Since New York,0.3511790604774907
2wUjUUtkb5lvLKcGKsKqsR_Girl Next Door,0.3512824624513834
5snNHNlYT2UrtZo5HCJkiw_1분 1초 (feat. 타루),0.3642881696066147
0RGwDw7utw9jyhSf2TySBv_Golden,0.36724513289050154
70ptvBQye3QMlbuTKrF1qb_From Seoul,0.36874782919854093
25tMQOrIU4LlUo6Sv8v5SE_Strangers,0.36876669288562147
6TIYQ3jFPwQSRmorSezPxX_On My Way,0.36958165706364915
4kI8Ie27vjvonwaB2ePh8T_Modern Jesus,0.37291879765515573
0EmeFodog0BfCgMzAIvKQp_La Tortura (feat. Alejandro Sanz),0.3775342068143864
2FwJwEswyIUAljqgjNSHgP_All My Friends (feat. Tinashe & Chance the Rapper) - 99 Souls Remix Radio Edit,0.3797678419769046
70ptvBQye3QMlbuTKrF1qb_Messed Up,0.38033451983869215
1r4hJ1h58CWwUQe3MxPuau_Addicted,0.38154944249169365
3JhNCzhSMTxs9WLGJJxWOY_Hold Your Head Up,0.3817004614076907
