,27mFvqQj8KpjmdKIqcw1mG_Ay3
27mFvqQj8KpjmdKIqcw1mG_Ay3,0.0
6O4EGCCb6DoIiR6B1QCQgp_Monte Carlo (feat. WET),0.36112355503773597
10AY17ALos2o3akPqrPydw_Heartthrob,0.37411049258617324
1URnnhqYAYcrqrcwql10ft_Picky,0.39706345884832034
5a2EaR3hamoenG9rDuVn8j_WHAT IT FEELS LIKE,0.3978909986983522
5snNHNlYT2UrtZo5HCJkiw_말로맨 Maloman,0.3978930930143421
4Q6nIcaBED8qUel8bBx6Cr_Play,0.4006940758835796
3TVXtAsR1Inumwj472S9r4_November 18th,0.41259126557011894
28j8lBWDdDSHSSt5oPlsX2_Still Want U,0.41525871163302164
1RyvyyTE3xzB2ZywiAwp0i_Neva Missa Lost,0.4209678175636838
6LuN9FCkKOj5PcnpouEgny_Right Back,0.4249727286024514
5INjqkS1o8h1imAzPqGZBb_H.f.g.w (Canyons Drunken Rage),0.43239277674640436
1RyvyyTE3xzB2ZywiAwp0i_Goin Dummi,0.43245803699594665
7qG3b048QCHVRO5Pv1T5lw_Little Girl,0.4336768349211079
4eDh4HoDKIf8FamPE2IGbq_Valsa das Canetas (feat. Los Treze),0.4339568718201686
77SW9BnxLY8rJ0RciFqkHh_West Coast,0.43914904263241833
31IZdHrCZ5pRhLz4zBxN3o_Team on My Back,0.43978687014068263
15iVAtD3s3FsQR4w1v6M0P_Dolo,0.444909374721057
28j8lBWDdDSHSSt5oPlsX2_Secret Weapon,0.44561509525304466
1RyvyyTE3xzB2ZywiAwp0i_Peacoat,0.45010112210523784
