,29XOeO6KIWxGthejQqn793_Stonecutters
29XOeO6KIWxGthejQqn793_Stonecutters,0.0
6TIYQ3jFPwQSRmorSezPxX_D3MONS,0.41794258810951357
50lhyY7UVI9NyVHl79rVgk_Brainwash yyrr Face,0.4720651153957539
4ANdA7sVkYP3dEpJKsOQsx_The Beat,0.47417435705205535
1bPxKZtCdjB1aj1csBJpdS_Day After Day,0.4867877813871641
4HzKw8XcD0piJmDrrPRCYk_Pacifico,0.5015863324445287
1sBkRIssrMs1AbVkOJbc7a_Trilla Intro,0.5266010674196065
06HL4z0CvFAxyc27GXpf02_End Game,0.5333347582635372
3aGFCoR8xGN6DKwvdzeSja_Solo,0.5437504245767453
1Cs0zKBU1kc0i8ypK3B9ai_Its the Way You Love Me (feat. Kelly Rowland),0.54824218394329
5oDtp2FC8VqBjTx1aT4P5j_Roll The Dice (feat. Stamina MC & Lily Allen),0.5730353948954584
2YZyLoL8N0Wb9xBt1NhZWg_King Kunta,0.5773689877750763
1sBkRIssrMs1AbVkOJbc7a_Free Enterprise,0.5854786107956774
31IZdHrCZ5pRhLz4zBxN3o_Always Up,0.5879429244089668
15iVAtD3s3FsQR4w1v6M0P_Going Home,0.5882080753420686
1DvtabXAjfrMihPP6JQdHs_Money Set (feat. Young Thug),0.5908244044149279
31TPClRtHm23RisEBtV3X7_Like I Love You - Basement Jaxx Vocal Mix,0.594818739128431
1RyvyyTE3xzB2ZywiAwp0i_POA,0.5986575896206618
1sBkRIssrMs1AbVkOJbc7a_Money Make Me Come,0.598728125548044
4jjhsOdQL3vANXt3qK6jk4_Ngok,0.5994383853882471
