,29ywwKkxfoH7iWwNY1UezA_If Were Honest
29ywwKkxfoH7iWwNY1UezA_If Were Honest,0.0
3miNucraVWk4hdVsIxn7id_Bo Diddley Special,0.2811701822872457
1l9d7B8W0IHy3LqWsxP2SH_Saturday,0.2978821498060405
5y2Xq6xcjJb2jVM54GHK3t_I Can Change (feat. Snoop Dogg),0.33396222582270046
6LuN9FCkKOj5PcnpouEgny_Suncity (feat. Empress Of),0.3350637896137856
0QrowybipCKUDnq5y10PD2_Supply & Demand,0.336891145763692
02rd0anEWfMtF7iMku9uor_In The Garden   Wonderful Peace (Medley),0.3376424666191115
360IAlyVv4PCEVjgyMZrxK_Vixen,0.3462625164328721
4UXqAaa6dQYAk18Lv7PEgX_Golden,0.3689156934689733
3PhoLpVuITZKcymswpck5b_The Ballad Of Blind Tom,0.3730702884321672
31TPClRtHm23RisEBtV3X7_Livin Off the Land,0.37829516972421595
3XlIhgydjvC4EniPFZT20j_Love Let Go,0.3824183467283672
7qG3b048QCHVRO5Pv1T5lw_Mentiroso,0.38365506533706945
3PhoLpVuITZKcymswpck5b_They Call Her The Cat,0.3864270760042243
3miNucraVWk4hdVsIxn7id_Broken Records,0.39140357708853146
0XATRDCYuuGhk0oE7C0o5G_Memory,0.39661611808895836
3PhoLpVuITZKcymswpck5b_I Must Have Lost It On The Wind,0.3991044834984621
3DiDSECUqqY1AuBP8qtaIa_Hallelujah,0.39990477087928283
23NIwARd4vPbxt3wwNnJ6k_Vienna II,0.4017325394661119
2RQXRUsr4IW1f3mKyKsy4B_Sink,0.40216374398655935
