,2AAxtLXjbgQxzF3oPTY0jE_Roll With Me
2AAxtLXjbgQxzF3oPTY0jE_Roll With Me,0.0
38zTZcuN7nFvVJ6auhc6V3_Game Of Diamonds,0.4056651028264666
1uNFoZAHBGtllmzznpCI3s_PYD,0.40732980268172847
5g3uG8zZZANGT6YOssgjfC_Blinded By Love,0.40849143778992086
4kI8Ie27vjvonwaB2ePh8T_Plastic Soldiers,0.41198985723857096
2BTZIqw0ntH9MvilQ3ewNY_Unhook The Stars,0.41453053598514567
0grdhNhiRLFBaFVyybqsj6_Let There Be Peace On Earth,0.41521752308142723
2HcZuUtnktqMHm4H1R9gAR_Hang a String of Lights,0.4159222797982508
38zTZcuN7nFvVJ6auhc6V3_What Happens to People?,0.4185201252238602
7n2wHs1TKAczGzO7Dd2rGr_Mercy - MTV Unplugged,0.4190375543042629
6dhfy4ByARPJdPtMyrUYJK_Maybe It’s Not Our Fault,0.4220974972083742
2WX2uTcsvV5OnS0inACecP_Words As Weapons,0.42667709542023896
3PhoLpVuITZKcymswpck5b_Turn The Lights Out When You Leave,0.4270119558450723
5y2Xq6xcjJb2jVM54GHK3t_Lets Get Lifted,0.4300800953940283
2sBPVEeMBXKNsZtYaJixnJ_I See in the Dark,0.4327953621743196
5zzrJD2jXrE9dZ1AklRFcL_On My Star,0.4391345699511858
7uqxSg0aeseXyfFPwSKOMv_Faces,0.4402180871473354
2YZyLoL8N0Wb9xBt1NhZWg_F*ck Your Ethnicity,0.4424527578092951
3PhoLpVuITZKcymswpck5b_The Captain and The Kid,0.44255722213612814
5snNHNlYT2UrtZo5HCJkiw_Dear Me,0.4443131031676597
