,2auiVi8sUZo17dLy1HwrTU_Binz
2auiVi8sUZo17dLy1HwrTU_Binz,0.0
1DvtabXAjfrMihPP6JQdHs_Glizzy (feat. Young Thug & Peewee Longway),0.43854375355182496
2CkhxuagMCG9uvlbKm5G3m_Strawberry Wine,0.46221096413021945
3TVXtAsR1Inumwj472S9r4_Look What You've Done,0.49101579376054394
09hVIj6vWgoCDtT03h8ZCa_Can I Kick It?,0.5043212447441854
3dsnQVuXkwbH4HoQOD8Uf8_The Acieed That Ate New York,0.5052632522747159
3TVXtAsR1Inumwj472S9r4_With You,0.5056928522823225
4EENT7N7rCBwrddM3s0vFS_Rendezvous,0.5370552498567396
3TVXtAsR1Inumwj472S9r4_U With Me?,0.5645325122164379
4eDh4HoDKIf8FamPE2IGbq_Plano de voo,0.5677936205623234
4HzKw8XcD0piJmDrrPRCYk_OG Heartthrob,0.575881617471109
4mesemBJJwnGX6tRaMvGbn_Tom's Diner - 7 Version,0.5766481225154094
4EENT7N7rCBwrddM3s0vFS_Time Stands Still,0.5788993630497492
4uEjHTgnKEdfFg50K6fAU1_Just Might,0.5815436600788988
2GLf7iaOOujAem5R87xwto_Just Us Now,0.5829702366114194
49mZfy9v5oNXAxp8FadWwI_Invisible   Amenaza (Extended Dub 12 Version),0.585436357052704
6TIYQ3jFPwQSRmorSezPxX_Everyday,0.587497468259834
6C403AR4y6PjN0xNNGh42m_N. Splendored Find Out,0.589060740995064
5snNHNlYT2UrtZo5HCJkiw_No More Christmas,0.5919552221297207
0HjoyITAvSVktTCjXUa40Q_Over It,0.5986739938777731
