,2auiVi8sUZo17dLy1HwrTU_Feel Good Song
2auiVi8sUZo17dLy1HwrTU_Feel Good Song,0.0
12Chz98pHFMPJEknJQMWvI_Exo-Politics,0.3507386175595394
7qG3b048QCHVRO5Pv1T5lw_No Apagues La Luz,0.3652224423938022
66CXWjxzNUsdJxJ2JdwvnR_Right There,0.36801923039268125
0cQbJU1aAzvbEmTuljWLlF_Platinum Blonde Life,0.3748665233134457
3BmGtnKgCSGYIUhmivXKWX_I Want You,0.3793842456901401
6jJ0s89eD6GaHleKKya26X_Hummingbird Heartbeat,0.38405920457389436
26VFTg2z8YR0cCuwLzESi2_New Americana,0.38436821262221454
6yhD1KjhLxIETFF7vIRf8B_Gravity - Acoustic,0.3886251392345908
66CXWjxzNUsdJxJ2JdwvnR_bad idea,0.39850988235161794
5pKCCKE2ajJHZ9KAiaK11H_Diamonds,0.40007476530695807
11oNY5LROxHrmYBHjzOr42_GoodTime (feat. Lorine Chia & Machine Gun Kelly),0.40007713586391574
1Xylc3o4UrD53lo9CvFvVg_WOW,0.4017410456006829
2gsggkzM5R49q6jpPvazou_Santa Claus Is Comin to Town,0.40197520384821694
7qG3b048QCHVRO5Pv1T5lw_Let Me Be Your Lover,0.4054493435480443
3GJhraAgCA8s8XHENnDsXq_Bleeding Love,0.41026911227108975
0XATRDCYuuGhk0oE7C0o5G_Emotion,0.4105802648228203
5CCwRZC6euC8Odo6y9X8jr_Crazy Girl,0.4206079725685405
6vXTefBL93Dj5IqAWq6OTv_Ballin Out,0.4215586307905178
6JL8zeS1NmiOftqZTRgdTz_CANT DANCE,0.4226929973127407
