,2auiVi8sUZo17dLy1HwrTU_Sleep in the Park (Twin Shadow Remodel) [feat. DAngelo Lacy]
2auiVi8sUZo17dLy1HwrTU_Sleep in the Park (Twin Shadow Remodel) [feat. DAngelo Lacy],0.0
0cQbJU1aAzvbEmTuljWLlF_Thats Just Me,0.3040805052352883
2VIoWte1HPDbZ2WqHd2La7_Torn Between Temptation,0.3787971559611352
4AqIRTZF6DDmKmdorgFug6_Dance Of The Sugar Plum Fairies,0.4006305485431152
6sFIWsNpZYqfjUpaCgueju_Sweet Talker,0.4027704784132692
3ZRoChGFOnnQgeTiMo0o8L_Barrio Nuevo,0.4058916876039669
3miNucraVWk4hdVsIxn7id_Howlin’,0.40820637276150223
0EmeFodog0BfCgMzAIvKQp_Vuelve,0.4109540018559068
0QHgL1lAIqAw0HtD7YldmP_Intro (we The Best),0.4377142346171461
7qG3b048QCHVRO5Pv1T5lw_Si Juras Regresar,0.43859510313498834
0x83OBqixqdCHnStP5VMcn_Hard Times,0.4424121156644561
74ASZWbe4lXaubB36ztrGX_Silvio,0.4439311017093701
6edGSAX5dVpeJVwu1Q0NwJ_Goodbye Heartbreak,0.45172380095047276
2VIoWte1HPDbZ2WqHd2La7_Come Over,0.45553766778189503
6edGSAX5dVpeJVwu1Q0NwJ_Keep Remembering,0.45558096295586586
"7GaxyUddsPok8BuhxN6OUW_Get Up, Get Into It, Get Involved - Live At The Apollo Theater 1971",0.4566954606166211
7GaxyUddsPok8BuhxN6OUW_If You Don't Give A Doggone About It - 12-Inch Version,0.45740461007112926
6XpaIBNiVzIetEPCWDvAFP_We Didnt Know,0.46401670361191927
7qG3b048QCHVRO5Pv1T5lw_Invéntame,0.46481874330242423
0qLNsNKm8bQcMoRFkR8Hmh_Sit Down,0.4655455258371017
