,2auiVi8sUZo17dLy1HwrTU_T.O.N.Y.
2auiVi8sUZo17dLy1HwrTU_T.O.N.Y.,0.0
3KH7WsR2JZQ94Ik8SyabU6_Chantez Chantez,0.3292377598510034
6sFIWsNpZYqfjUpaCgueju_Bucket,0.3613957912505611
5K4W6rqBFWDnAN6FQUkS6x_Gold Digger - AOL Sessions,0.3808824186849381
3z5dNUhKpvMAXqSz6WhoKc_Sensi Party,0.3877398296834503
2BTZIqw0ntH9MvilQ3ewNY_Youre The Reason Our Kids Are Ugly (feat. Vince Gill),0.3918058109009838
3gIRvgZssIb9aiirIg0nI3_Heavy,0.40270769402069106
3DiDSECUqqY1AuBP8qtaIa_If I Was Your Woman   Walk On By,0.40725818728467944
3z5dNUhKpvMAXqSz6WhoKc_Good Life,0.4101621018580993
1OO2uAMcUCXUkFzDdsr7x7_Foolish,0.41032266007620394
4S9EykWXhStSc15wEx8QFK_Immensité,0.4103434562775198
3DiDSECUqqY1AuBP8qtaIa_Karma - Unplugged,0.41040522324005185
31W5EY0aAly4Qieq6OFu6I_1hunnit,0.41508475078788404
2BTZIqw0ntH9MvilQ3ewNY_Funnel Of Love,0.41745878841615125
6edGSAX5dVpeJVwu1Q0NwJ_Let It All Change,0.4239933549241813
450o9jw6AtiQlQkHCdH6Ru_By Way Of The Drum - Basstrumental,0.4313787306214488
5jkcIAzNJfptzIC9lMTEEF_So What,0.4322769296716488
12VaqyEhgwDRuFfEqbnrpz_The Last Living Rose,0.4351923364689503
6edGSAX5dVpeJVwu1Q0NwJ_(I Wish I Knew How It Would Feel To Be) Free   One - Medley,0.43650180021113827
5snNHNlYT2UrtZo5HCJkiw_Coffee (feat. 성아),0.43920594205561453
