,2BqQFn7KDjFJybbcu7G1XX_Groovin
2BqQFn7KDjFJybbcu7G1XX_Groovin,0.0
3miNucraVWk4hdVsIxn7id_Living In Fear,0.47473447942836217
13y7CgLHjMVRMDqxdx0Xdo_OMG Bro,0.5905784034626531
1sBkRIssrMs1AbVkOJbc7a_Shots Fired,0.6860004363465586
4AqIRTZF6DDmKmdorgFug6_Teenage Idol,0.708705539022882
"74ASZWbe4lXaubB36ztrGX_Love Minus Zero   No Limit - Live at the Odeon, Liverpool, UK - May 1965",0.7124054964055443
0QbGBnY8qUpzqAhGPKJmF2_Woman Stories (Jfl 2008),0.715324631418048
3VNITwohbvU5Wuy5PC6dsI_I Sweat,0.7746340295108944
776Uo845nYHJpNaStv1Ds4_At Last...The Beginning - Demo,0.7942534289736055
3VNITwohbvU5Wuy5PC6dsI_Ill Follow You Anywhere,0.8037742989438473
1eYhYunlNJlDoQhtYBvPsi_Two Old Cats Like Us,0.8313019135042252
1SupJlEpv7RS2tPNRaHViT_Intro,0.8450856088733563
3VNITwohbvU5Wuy5PC6dsI_Hangin Out,0.852536380107375
0iVrCROxeyon7MZUW3MfzT_Everybody Get Down,0.8540449132991524
4LbWrOHFigcWcSumc054nd_Whats It Worth,0.8731389066737867
0x83OBqixqdCHnStP5VMcn_Foolish Little Girl,0.8852473944741193
5MlfccEEOw6kihsT8eQtbh_Picando de Vicio,0.8860502168462329
"0x83OBqixqdCHnStP5VMcn_Its a Mad, Mad, Mad, Mad World",0.9146916129006726
5MlfccEEOw6kihsT8eQtbh_Remember Me,0.915096848787742
5WUlDfRSoLAfcVSX1WnrxN_The Girl You Lost To Cocaine,0.9235734084840339
