,2BTZIqw0ntH9MvilQ3ewNY_Say A Prayer
2BTZIqw0ntH9MvilQ3ewNY_Say A Prayer,0.0
5zaXYwewAXedKNCff45U5l_Morning Please Dont Come,0.33168913872199646
5zaXYwewAXedKNCff45U5l_Morning Please Don't Come,0.33168913872199646
3qBKjEOanahMxlRojwCzhI_Redemption Interlude,0.340802124654953
5I0EPnV9gwrZYTbScjnaOk_A Morte de Um Deus de Sal,0.3741970112956584
3zD5liDjbqljSRorrrcEjs_Inside,0.37921766901000326
5zeCSgiRyezbfLiGOpKAsR_Silent Night,0.40425256443746505
5zeCSgiRyezbfLiGOpKAsR_Radioactive,0.4109492683553984
74ASZWbe4lXaubB36ztrGX_Moonlight,0.4223297432849902
45Yw2N9NT7JApvmKcARV5z_Swagger Back,0.4263422555623004
74ASZWbe4lXaubB36ztrGX_Youre Gonna Make Me Lonesome When You Go - Take 5,0.42729339929816074
33crDRqANd3NQHJagZkQ7O_Just,0.43765621353549594
3Dd1WVQvZUgyi9XEqOIPhA_All Is Well,0.43839029040595
5jkcIAzNJfptzIC9lMTEEF_Hes A Tramp,0.44011949149710083
1WvvwcQx0tj6NdDhZZ2zZz_In the Fall - Acoustic,0.4403228366272864
5I0EPnV9gwrZYTbScjnaOk_Gente - Ao Vivo,0.44647862727773596
7G1GBhoKtEPnP86X2PvEYO_The Folks Who Live on the Hill - Remastered,0.4504823955263758
2BTZIqw0ntH9MvilQ3ewNY_Who Let In The Rain,0.45197788139589296
0kEfub5RzlZOB2zGomqVSU_Ill Take Care Of U,0.45236722658725903
19BGdnPfeXHTVUEa5QjRvj_Let It Go,0.45626613856652426
