,2BTZIqw0ntH9MvilQ3ewNY_Rain On Me
2BTZIqw0ntH9MvilQ3ewNY_Rain On Me,0.0
7G1GBhoKtEPnP86X2PvEYO_The Folks Who Live on the Hill - Remastered,0.35007216613359365
0uUNzXylqsZdmFDwdxaP1V_I Cant Help It (If Im Still In Love With You),0.36335688639679786
2BTZIqw0ntH9MvilQ3ewNY_Who Let In The Rain,0.36601621491920916
4iHNK0tOyZPYnBU7nGAgpQ_Silent Night,0.38606124319098095
74ASZWbe4lXaubB36ztrGX_Youre Gonna Make Me Lonesome When You Go - Take 5,0.4151353764612209
6XpaIBNiVzIetEPCWDvAFP_Lover for Life,0.4205739216092584
0vEsuISMWAKNctLlUAhSZC_When I Dream Of Michelangelo,0.424038630915048
4S9EykWXhStSc15wEx8QFK_Je cherche lombre,0.42704552056383205
"74ASZWbe4lXaubB36ztrGX_Queen Jane Approximately - Live at Autzen Stadium, Eugne, OR - July 1987",0.43446841458195273
7G1GBhoKtEPnP86X2PvEYO_The Gal From Joes,0.43777473068124517
3zunDAtRDg7kflREzWAhxl_Mansions Of Los Feliz,0.4447799399541482
74ASZWbe4lXaubB36ztrGX_Arthur McBride,0.4493354171282254
6V3F8MZrOKdT9fU686ybE9_Only God Can Judge Me (featuring General Levy),0.4563550858946651
3Dd1WVQvZUgyi9XEqOIPhA_All Is Well,0.4576106359246476
1tqZaCwM57UFKjWoYwMLrw_Gordons Gardenparty,0.45904879447627167
5zaXYwewAXedKNCff45U5l_Never Love Again,0.4600615594813468
7G1GBhoKtEPnP86X2PvEYO_If I Should Lose You - Remastered,0.46028152570995295
4iHNK0tOyZPYnBU7nGAgpQ_Rainbow (Interlude) - Interlude,0.4634283470388215
5MlfccEEOw6kihsT8eQtbh_Guaguancó De Los Barrios,0.46351442415963495
