,2BTZIqw0ntH9MvilQ3ewNY_La Vie En Rose
2BTZIqw0ntH9MvilQ3ewNY_La Vie En Rose,0.0
0cQbJU1aAzvbEmTuljWLlF_Paulina,0.5324469258883828
1eYhYunlNJlDoQhtYBvPsi_You Wont Let Me Go,0.5877488987700301
0hEurMDQu99nJRq8pTxO14_Wildfire,0.5925959884852443
4S9EykWXhStSc15wEx8QFK_Berceuse,0.6054097124145179
5MlfccEEOw6kihsT8eQtbh_Dulce Como La Miel,0.634271881509722
6G7OerKc3eBO9sVkRNopFC_The Fate of the Human Carbine,0.6346499645439696
7G1GBhoKtEPnP86X2PvEYO_Blues On Purpose,0.6519888655986712
3zunDAtRDg7kflREzWAhxl_Gentlemens Choice,0.664911234218947
5TrkbV9x6OdTBlzWPJeBz5_93 - Acoustic,0.6675265780330236
5W5bDNCqJ1jbCgTxDD0Cb3_Seven Spanish Angels (with Ray Charles),0.6693495748412711
0x83OBqixqdCHnStP5VMcn_Whats Mine Is Yours,0.6916228138212024
"7G1GBhoKtEPnP86X2PvEYO_I Loves You, Porgy - 2014 - Remaster",0.6950206155173575
6G7OerKc3eBO9sVkRNopFC_Wanderer Exit,0.7375532290442881
6N1Kaz3CvRa9VLll5ahk9T_The Prank For Good - Score From Captain Underpants,0.7691559450447579
3XlIhgydjvC4EniPFZT20j_Sweet Little Jesus Boy,0.7821107760908568
6zFYqv1mOsgBRQbae3JJ9e_Shes Got a Way,0.7906317980155764
5o206eFLx38glA2bb4zqIU_White Christmas,0.8037204149150179
7G1GBhoKtEPnP86X2PvEYO_Come Ye,0.8193846668105977
2BTZIqw0ntH9MvilQ3ewNY_Makin Whoopee (with Tony Bennett),0.8214187275389078
