,2CuzDPkRD6BJBvdWqCrt2I_Blind Boy
2CuzDPkRD6BJBvdWqCrt2I_Blind Boy,0.0
24DinDXSaOyHPz3JhdL9Qb_Dance School,0.2961186089217695
7G1GBhoKtEPnP86X2PvEYO_Forget,0.29936975892383516
02rd0anEWfMtF7iMku9uor_The Christmas Song (Chestnuts Roasting On An Open Fire),0.32030037499584396
2CuzDPkRD6BJBvdWqCrt2I_Young Generation,0.3346875761242347
3VNITwohbvU5Wuy5PC6dsI_Jones Vs. Jones,0.33635846545794823
3VNITwohbvU5Wuy5PC6dsI_Just Friends,0.36739469929494734
2CuzDPkRD6BJBvdWqCrt2I_No Strings,0.3690712571254456
4KCnuZQWRl9FEwAcduZhP9_James Hold The Ladder Steady,0.3949420695580178
3PhoLpVuITZKcymswpck5b_Country Love Song,0.3950756416948682
3VNITwohbvU5Wuy5PC6dsI_No Show,0.3995305688813292
3VNITwohbvU5Wuy5PC6dsI_Hi De Hi Hi De Ho,0.40261924790931
3VNITwohbvU5Wuy5PC6dsI_Love Affair,0.4305006147792831
4nDoRrQiYLoBzwC5BhVJzF_Havana,0.43848392848363654
5I0EPnV9gwrZYTbScjnaOk_Água de Coco,0.442968886085194
5zaXYwewAXedKNCff45U5l_Haunted,0.44474007042846014
3XlIhgydjvC4EniPFZT20j_Ill Be Home For Christmas,0.46319782792391556
2CuzDPkRD6BJBvdWqCrt2I_Schoolgirl,0.4699675034711606
3VNITwohbvU5Wuy5PC6dsI_Pass It On,0.47857424406385984
1eYhYunlNJlDoQhtYBvPsi_Who Cares (with Janie Fricke),0.48206525855088084
