,2eiwJhqnolYJf3iUMLFDpy_Robotic Temptation
2eiwJhqnolYJf3iUMLFDpy_Robotic Temptation,0.0
4gzpq5DPGxSnKTe4SA8HAU_Sparks,0.3292756328091569
4gSTRpmeyYppvIXuFKjfAL_Bellow,0.3614068860462135
"2pTCZ9C1fXdaVlv6d5EIXM_O, My Perfection",0.3709956958459429
0dTj3SqwE8kPnCzyzvYzhT_in the car,0.37753882796920424
0uGk2czvcpWQA383Im6ajf_Would I,0.3976824579117922
"1GAS0rb4L8VTPvizAx2O9J_Drown (feat. Cashinova, The Lioness & deM atlaS)",0.40138154555066996
7mDU6nMUJnOSY2Hkjz5oqM_Love You,0.40754011549094504
0QrowybipCKUDnq5y10PD2_Kid,0.4182758832539133
1RyvyyTE3xzB2ZywiAwp0i_Afterlife,0.41939957559565383
4rFKWPGHB2mLGWa9EQBS48_Now and Ever,0.42585152581063734
1Hsdzj7Dlq2I7tHP7501T4_Fire Away,0.42746793269540534
1HY2Jd0NmPuamShAr6KMms_Music To My Eyes,0.4319027299880523
2qDIR2WlcW3llkGqJWg9VJ_Lose Myself,0.43314881918526266
74ASZWbe4lXaubB36ztrGX_Red River Shore - Outtake from Time Out Of Mind sessions,0.4401375399317401
6eUKZXaKkcviH0Ku9w2n3V_The A Team,0.4409824600579792
2YZyLoL8N0Wb9xBt1NhZWg_FEAR.,0.44456528722691036
13ubrt8QOOCPljQ2FL1Kca_Gunz N Butter,0.44927871604638514
5y2Xq6xcjJb2jVM54GHK3t_Show Me,0.45207971070936137
053q0ukIDRgzwTr4vNSwab_Skin,0.46231510789317254
