,2EO3E3yodzVOLxWdiOwQGl_01778
2EO3E3yodzVOLxWdiOwQGl_01778,0.0
0du5cEVh5yTK9QJze8zA0C_Calling All My Lovelies,0.308480528510599
31TPClRtHm23RisEBtV3X7_Say Something,0.3114986714595072
1U0sIzpRtDkvu1hXXzxh60_Truth Or Dare,0.3328394756272186
7o95ZoZt5ZYn31e9z1Hc0a_Smell The Roses,0.3535446011824443
6Jrxnp0JgqmeUX1veU591p_The Keepers,0.35381679158338
31IZdHrCZ5pRhLz4zBxN3o_Orions Belt,0.3632599770174119
6VuMaDnrHyPL1p4EHjYLi7_How Long (feat. French Montana) - Remix,0.3653320543017765
355SqtHY4qKt2wIXrWku0c_California Numb,0.3690924569052196
6s22t5Y3prQHyaHWUN1R1C_The Entertainments Here,0.370879972225568
4phGZZrJZRo4ElhRtViYdl_Unlonely,0.38607980061232966
5CG9X521RDFWCuAhlo6QoR_Black Mans Cry,0.387557687541721
1r4hJ1h58CWwUQe3MxPuau_Felices los 4,0.38866936781918504
2GuYQVqrxCbLnYGVHXFCG0_Love,0.3903029532918714
0B2SlMW40Hs9mijOi1cDyf_Dont Run,0.39050328929386324
5a2EaR3hamoenG9rDuVn8j_Laydown,0.3950516612890413
13saZpZnCDWOI9D4IJhp1f_Waste (feat. Lady Chann),0.39876363931316755
6PXS4YHDkKvl1wkIl4V8DL_Could You Believe It,0.4019309158105334
3qNVuliS40BLgXGxhdBdqu_One Day,0.4021922083995656
7qG3b048QCHVRO5Pv1T5lw_Heroe,0.4076312663918574
