,2eogQKWWoohI3BSnoG7E2U_White Boys - From “Haare” 1968 German Cast Version
2eogQKWWoohI3BSnoG7E2U_White Boys - From “Haare” 1968 German Cast Version,0.0
5zaXYwewAXedKNCff45U5l_Son Of A Preacher Man - Live,0.37558284247720813
4kI8Ie27vjvonwaB2ePh8T_Atomic Man,0.37573108601732175
6gQnbY1egUGK5llcWsrwgE_DC Classics Medley,0.3808998373432649
5WUlDfRSoLAfcVSX1WnrxN_House On Fire,0.38290700466624694
1uNFoZAHBGtllmzznpCI3s_Overboard,0.3999973025334607
5CCwRZC6euC8Odo6y9X8jr_Been Lying,0.40305286218906905
4iHNK0tOyZPYnBU7nGAgpQ_Against All Odds (Take A Look At Me Now),0.40466188739113806
5pKCCKE2ajJHZ9KAiaK11H_Mad House,0.4059359347696879
06HL4z0CvFAxyc27GXpf02_Don’t Blame Me,0.4069563442395732
02rd0anEWfMtF7iMku9uor_From The Inside Out,0.4094584994645903
3e7awlrlDSwF3iM0WBjGMp_Shout Out to My Ex - Acoustic,0.41453180694667313
3HqSLMAZ3g3d5poNaI7GOU_A Dreamer,0.4157018779927521
06HL4z0CvFAxyc27GXpf02_Breathe,0.41677088205017876
4iHNK0tOyZPYnBU7nGAgpQ_Cant Take That Away (Mariahs Theme),0.4226429223896996
5pKCCKE2ajJHZ9KAiaK11H_Russian Roulette,0.4253075432673853
40Yq4vzPs9VNUrIBG5Jr2i_Violet Rays,0.42668592113501635
"3YQKmKGau1PzlVlkL1iodx_Friend, Please",0.4294398849147575
06HL4z0CvFAxyc27GXpf02_Stay Beautiful,0.43017148179079817
0cQbJU1aAzvbEmTuljWLlF_World Go Round,0.4314409250008209
