,2eogQKWWoohI3BSnoG7E2U_On My Honor
2eogQKWWoohI3BSnoG7E2U_On My Honor,0.0
6sFIWsNpZYqfjUpaCgueju_Sour Candy,0.3886588764867755
3BmGtnKgCSGYIUhmivXKWX_The Trouble With Love Is,0.39914723605742375
3VNITwohbvU5Wuy5PC6dsI_Lets Rejoice (Christmas is Here),0.41188237898207114
"2HcwFjNelS49kFbfvMxQYw_Well, Did You Evah",0.42319750471702766
6XpaIBNiVzIetEPCWDvAFP_Get It Back,0.4239054007845883
4S9EykWXhStSc15wEx8QFK_Si jétais quelquun,0.43383652823236535
2VIoWte1HPDbZ2WqHd2La7_Cat In The Window,0.4355440990017662
0MponVSpW81oLvJZ53vYZH_Good Luck Charm,0.4446670658437096
13saZpZnCDWOI9D4IJhp1f_Friend of Mine,0.4456576136554462
74ASZWbe4lXaubB36ztrGX_Cry a While,0.4505260402166147
13saZpZnCDWOI9D4IJhp1f_LDN,0.45144043753893554
5zaXYwewAXedKNCff45U5l_Little By Little - BBC Saturday Club 24 1 66,0.45712010491850774
0C8ZW7ezQVs4URX5aX7Kqx_Camouflage,0.45789109066161227
0rW6fVd3yuW2CF2sLYWQtE_Ain’t Comin Down,0.4620776824543241
7ndzHjxbErIwvwnEUewMWe_Time Passes By,0.4622481811309596
6hYlDSXfjs7cPYHbU044y0_All Gods Creatures,0.46371686834680464
0cQbJU1aAzvbEmTuljWLlF_Stricken,0.4637358777583553
7rewR1TVjhisjI6gauUamf_Hes Sure the Boy I Love,0.4644845384447312
3YdT8QvV4QvY4DfVJhxdcZ_Burned,0.46707564618055125
