,2g3PKH7Z1Ofn5oGR6oDjLy_Goodbye
2g3PKH7Z1Ofn5oGR6oDjLy_Goodbye,0.0
4iHNK0tOyZPYnBU7nGAgpQ_When I Saw You,0.37765447025817617
0B2SlMW40Hs9mijOi1cDyf_Runaway,0.38542699031821187
5zaXYwewAXedKNCff45U5l_Something Special,0.38779215864402866
0X2BH1fck6amBIoJhDVmmJ_My Blood,0.39265554746402165
7rewR1TVjhisjI6gauUamf_Theres No Other Like My Baby,0.400463973930617
776Uo845nYHJpNaStv1Ds4_Things I Used to Do,0.42611712669495005
3BmGtnKgCSGYIUhmivXKWX_Just Missed The Train,0.4262963662846213
2BTZIqw0ntH9MvilQ3ewNY_A Part Hate,0.43052787020805566
12VaqyEhgwDRuFfEqbnrpz_Bows & Arrows,0.43136253243030254
6xnvNmSzmeOE1bLKnYXKW3_Ghost Town,0.4411395481666397
3PhoLpVuITZKcymswpck5b_Cold,0.4448518770252298
74ASZWbe4lXaubB36ztrGX_Cats in the Well,0.45108047459798956
7qG3b048QCHVRO5Pv1T5lw_Roamer,0.4526227086792106
0qdg8uaBXea6QCPetyVK6C_Fa-Ward,0.4538825521302718
4ZdbxATtc6RpHcxAHy0SLK_Wintercoat,0.4551869537367527
58XGUNsRNu3cVOIOYk5chx_Talkin,0.45927275067824763
053q0ukIDRgzwTr4vNSwab_Eight,0.4645640257032205
2mG8HHQ9S9kcbjcrb5N1FE_We Got The Beat,0.4650705088185969
4iHNK0tOyZPYnBU7nGAgpQ_Till the End of Time,0.46545841163295393
