,2g3PKH7Z1Ofn5oGR6oDjLy_This Broken Heart
2g3PKH7Z1Ofn5oGR6oDjLy_This Broken Heart,0.0
166Dz1GX3xonSQ3Z6CQW26_Open Up Your Heart,0.4490950345623948
6vth8u6Wp7k2bbzDQMCmrb_The Time Has Come,0.478295895538582
4NgNsOXSwIzXlUIJcpnNUp_Full of Grace,0.5088039758658851
3miNucraVWk4hdVsIxn7id_Wait,0.5214448572195474
3DiDSECUqqY1AuBP8qtaIa_How Come You Dont Call Me - Unplugged,0.5279378226777353
02rd0anEWfMtF7iMku9uor_Winter Wonderland,0.5402554103853162
5o206eFLx38glA2bb4zqIU_The Big Picture,0.5546268705312818
3zunDAtRDg7kflREzWAhxl_Where Im Going,0.5567906269092763
50co4Is1HCEo8bhOyUWKpn_High (feat. Elton John),0.5597189404228872
4O5EDKGt6YC5IXkOArVqk3_Ill Be Home For Christmas,0.5604121652612106
2r1d0isPFggU8QaBzvAWmG_Rapaz de Bem - Ao Vivo,0.5639924831995136
3fmMaLC5jjf2N4EC2kTx0u_Hermilude,0.5789666088327826
1eYhYunlNJlDoQhtYBvPsi_Heartbreaker,0.5805310143546284
"7G1GBhoKtEPnP86X2PvEYO_No Woman, No Cry - Outtake",0.5820362356836682
7G1GBhoKtEPnP86X2PvEYO_The Assignment Sequence - Remastered,0.5823633290961288
0QHgL1lAIqAw0HtD7YldmP_The Movement Skit,0.5842525290130104
74ASZWbe4lXaubB36ztrGX_Ninety Miles an Hour (Down a Dead End Street),0.5903175964523616
7A0awCXkE1FtSU8B0qwOJQ_The Rest Is Noise,0.5921656067374372
4kI8Ie27vjvonwaB2ePh8T_All Mine,0.6140440431379386
