,2g3PKH7Z1Ofn5oGR6oDjLy_In The Open
2g3PKH7Z1Ofn5oGR6oDjLy_In The Open,0.0
2g3PKH7Z1Ofn5oGR6oDjLy_Tall Cool One,0.4996533308077101
77AiFEVeAVj2ORpC85QVJs_Warp Speed (feat. J.J. Abrams) - Outro,0.5385449833144901
"63MQldklfxkjYDoUE4Tppz_Vision, pt. 2",0.5473473763055215
6DiOOEpE72LMevCgPUlNNO_Brenda,0.5624563208562722
0qzzGu8qpbXYpzgV52wOFT_Dopplerton,0.5850483446404314
0qzzGu8qpbXYpzgV52wOFT_Patchouli May,0.5931806169418347
0qzzGu8qpbXYpzgV52wOFT_Curls,0.625322171997988
63MQldklfxkjYDoUE4Tppz_To Sudden Silence,0.6297652523234132
0qzzGu8qpbXYpzgV52wOFT_Erdaydidder-Erdiddar,0.6378164603115122
0qzzGu8qpbXYpzgV52wOFT_Valley Wulf,0.6637386079047539
5o206eFLx38glA2bb4zqIU_Silent Night,0.6667711497075739
38zTZcuN7nFvVJ6auhc6V3_Basement Scene,0.6791265757056717
0qzzGu8qpbXYpzgV52wOFT_Aberriw,0.6834700342152633
5oOhM2DFWab8XhSdQiITry_Melanine,0.7104653813877163
2g3PKH7Z1Ofn5oGR6oDjLy_Sac O Woe,0.7293100541785268
7ia4FaCVsbXvhVwagCJk7l_Body Reprise,0.7294861014557429
63MQldklfxkjYDoUE4Tppz_Linconnu,0.7356861935522953
4Z8W4fKeB5YxbusRsdQVPb_Videotape,0.7482848314853727
4Z8W4fKeB5YxbusRsdQVPb_Daydreaming,0.7548749293686647
