,2g3PKH7Z1Ofn5oGR6oDjLy_Shanghied
2g3PKH7Z1Ofn5oGR6oDjLy_Shanghied,0.0
0qzzGu8qpbXYpzgV52wOFT_Woodington,0.5258600250193263
0qzzGu8qpbXYpzgV52wOFT_Mr. & Mrs. Compost,0.5660717771634258
6ydoSd3N2mwgwBHtF6K7eX_You Are The Reason - Instrumental,0.568495726582728
0qzzGu8qpbXYpzgV52wOFT_Dye the Water Green,0.5771963887465965
0qzzGu8qpbXYpzgV52wOFT_Under A Lone Ash,0.5786554181796378
0qzzGu8qpbXYpzgV52wOFT_Valley Wulf,0.6007889275718534
2g3PKH7Z1Ofn5oGR6oDjLy_Since I Fell for You,0.602419631596885
2sBPVEeMBXKNsZtYaJixnJ_Born to Lose,0.6213004414081799
6LuN9FCkKOj5PcnpouEgny_Salems Interlude,0.6296615520921752
2sBPVEeMBXKNsZtYaJixnJ_Kids Got Heart,0.6415049340601088
56ZTgzPBDge0OvCGgMO3OY_Saturn Song,0.6600180045731913
5o206eFLx38glA2bb4zqIU_Silent Night,0.6674308125433082
0qzzGu8qpbXYpzgV52wOFT_Bewley In Grey,0.7076957004618526
2BTZIqw0ntH9MvilQ3ewNY_The End Of The World,0.7111369311656858
12VaqyEhgwDRuFfEqbnrpz_The Sandman,0.7116758512621179
7HeVXdOdMhLslVputGTZFQ_Beat the Drum Slowly,0.7131137671092954
1PMiXPKjsgXEDDcfIRNVaq_signals,0.726156889720445
5zzbSFZMVpvxSlWAkqqtHP_Shadrach,0.7321736189193149
7A0awCXkE1FtSU8B0qwOJQ_Obvs,0.7417510167554097
