,2GLf7iaOOujAem5R87xwto_Pale Shelter (feat. Tegan and Sara)
2GLf7iaOOujAem5R87xwto_Pale Shelter (feat. Tegan and Sara),0.0
7K3zpFXBvPcvzhj7zlGJdO_Plague,0.28830982010147443
64NhyHqRKYhV0IZylrElWu_Heaven,0.3097170425476667
5y2Xq6xcjJb2jVM54GHK3t_All of Me (Tiësto's Birthday Treatment Remix) - Radio Edit,0.31737889385512263
21mKp7DqtSNHhCAU2ugvUw_La Ciudad,0.33586758251352977
4Ui2kfOqGujY81UcPrb5KE_Kept Me Crying,0.3395731887856304
053q0ukIDRgzwTr4vNSwab_Realiti,0.34648961961028
4gzpq5DPGxSnKTe4SA8HAU_True Love,0.35120850793208946
21mKp7DqtSNHhCAU2ugvUw_Say My Name (feat. Zyra),0.3550735393353743
755pQSGUy6rtPrUCbnJTvi_Why Go to War - William Onyeabor vs. Jd Twitch,0.3607375323671373
12Chz98pHFMPJEknJQMWvI_Madness,0.38112869514972797
5ZsFI1h6hIdQRw2ti0hz81_LIKE I WOULD,0.4037865261839926
7K3zpFXBvPcvzhj7zlGJdO_Their Kindness Is Charade,0.42071625996231693
4O5EDKGt6YC5IXkOArVqk3_Life Without You,0.42482568698752055
5zeCSgiRyezbfLiGOpKAsR_I Cant Save You Now,0.42860848992510286
738wLrAtLtCtFOLvQBXOXp_Particula - Mixed,0.4300323470938623
6HdYUuBeK3g2MA2wGVCDcn_Jique,0.43042179031625777
34v5MVKeQnIo0CWYMbbrPf_Out Of My Head,0.4367218174546374
15iVAtD3s3FsQR4w1v6M0P_Germs,0.43725022238307143
5p7f24Rk5HkUZsaS3BLG5F_Hell Nos And Headphones,0.43747311821954205
