,2GLf7iaOOujAem5R87xwto_Vine To Vine
2GLf7iaOOujAem5R87xwto_Vine To Vine,0.0
4kI8Ie27vjvonwaB2ePh8T_60 Years,0.42170409469114234
7LLcRttKjV6PeJOlCNCYon_Dancing at the Blue Lagoon,0.46037443050292637
1WvvwcQx0tj6NdDhZZ2zZz_Black Rose,0.46314770944454825
4kI8Ie27vjvonwaB2ePh8T_Creep in a T-Shirt,0.46356492934466775
5szdY7KaSi7epwyffrbV8c_Between Dreams,0.46394036162396335
7LLcRttKjV6PeJOlCNCYon_Backstroke,0.4675266657152411
7DMveApC7UnC2NPfPvlHSU_Balenciaga,0.47189804877783026
6wKxOKEA3K6R2UZ3COLXEY_Guts,0.47413982291883
0c173mlxpT3dSFRgMO8XPh_Dont Tell Me You Love Me,0.4866620500357045
5zeCSgiRyezbfLiGOpKAsR_This Love,0.48788518859190444
2Sqr0DXoaYABbjBo9HaMkM_Eden,0.48881417428569685
04gDigrS5kc9YWfZHwBETP_Beautiful Goodbye,0.49465746000431615
4EENT7N7rCBwrddM3s0vFS_Standing In The Middle Of The Field - Ara Koufax Remix,0.4972938776961033
1GAS0rb4L8VTPvizAx2O9J_Flicker,0.5012743934600801
7LLcRttKjV6PeJOlCNCYon_Ayawa kya,0.5041928886968673
1Zp054Jc86WVKCxKEqZGOA_Water,0.5045512000105375
7qG3b048QCHVRO5Pv1T5lw_Stay Here Tonight,0.5080240633112987
4EENT7N7rCBwrddM3s0vFS_Drop The Bomb,0.508276484282022
"5snNHNlYT2UrtZo5HCJkiw_이별, 만남… 그 중점에서",0.5087916751175622
