,2gsggkzM5R49q6jpPvazou_Petty
2gsggkzM5R49q6jpPvazou_Petty,0.0
360IAlyVv4PCEVjgyMZrxK_the valley,0.3246123537544353
6Yv6OBXD6ZQakEljaGaDAk_25.22,0.4018390228431971
7G1GBhoKtEPnP86X2PvEYO_Loves Been Good to Me - Remastered,0.4050148314653286
1eYhYunlNJlDoQhtYBvPsi_Heaven Help us All,0.40643710766340474
7aLHneqCWeJ3CIHxF40znO_Fork in the Road,0.40767063362489436
7yO4IdJjCEPz7YgZMe25iS_Walk On Water,0.4101852275199642
7cVZApDoQZpS447nHTsNqu_Rose,0.42077377323120324
2jku7tDXc6XoB6MO2hFuqg_Hillside (feat. Wiz Khalifa & Mansa),0.42126380143492953
5snNHNlYT2UrtZo5HCJkiw_Cipher (feat. Beatbox DG),0.42345426715307
6vWDO969PvNqNYHIOW5v0m_Save The Hero,0.4295877108729606
6LuN9FCkKOj5PcnpouEgny_Paradise,0.43265792351598187
3miNucraVWk4hdVsIxn7id_Invitation To The White House,0.43817983505797553
60wslYioiBcxSTInM4nIy2_Mess,0.4391478454072716
3JhNCzhSMTxs9WLGJJxWOY_Zara (feat. Abir),0.4405784370703187
2HcwFjNelS49kFbfvMxQYw_One Of Gods Better People,0.442297853351528
3XlIhgydjvC4EniPFZT20j_All the Way,0.44640343456525733
4V8LLVI7PbaPR0K2TGSxFF_Hot Chocolate (feat. Jerry Paper),0.448428047472109
5snNHNlYT2UrtZo5HCJkiw_Over,0.4503109348380553
2HcwFjNelS49kFbfvMxQYw_Aint That A Kick In The Head,0.45147829452967364
