,2gsggkzM5R49q6jpPvazou_Queen
2gsggkzM5R49q6jpPvazou_Queen,0.0
2gsggkzM5R49q6jpPvazou_Dopamine,0.3623340000022847
13saZpZnCDWOI9D4IJhp1f_Knock Em Out,0.3888965299982091
4iHNK0tOyZPYnBU7nGAgpQ_Get Your Number,0.39548831096168485
1KCSPY1glIKqW2TotWuXOR_Gone to California,0.4172645081741821
5nN7gOKuMTWyx1IsrMzEi2_My Cherie Amour,0.4265859012475287
1RyvyyTE3xzB2ZywiAwp0i_31 DAYS,0.4321636918109291
7GaxyUddsPok8BuhxN6OUW_Real - Full Force Hyped-Up Mix,0.44168828702228086
31W5EY0aAly4Qieq6OFu6I_Pull Up (feat. NAV),0.4430065785716314
1AWNf5CLnHH4oM1hcHiVeV_Mikey Rocks,0.4456817531118213
1Cs0zKBU1kc0i8ypK3B9ai_Sexy 17,0.45141630466746685
64M6ah0SkkRsnPGtGiRAbb_Gateway Drug,0.4517250910123292
6vXTefBL93Dj5IqAWq6OTv_Let Da Streets,0.4536012336280032
2jku7tDXc6XoB6MO2hFuqg_4 Me,0.4563010906629427
5g3uG8zZZANGT6YOssgjfC_Heart Skips A Beat,0.46996000450735786
5snNHNlYT2UrtZo5HCJkiw_Free Music (feat. Tablo & MYK),0.4750804449929751
26dSoYclwsYLMAKD3tpOr4_Circus - Remastered,0.4789499973730739
5MeE4TWsiXrro0aScppJb8_Genocide,0.47989744208890245
1AWNf5CLnHH4oM1hcHiVeV_Boomin,0.4801955109138722
1iH2Yx2Ea0kZ0zKI3Nlk30_Vanilla Coke,0.4908962855718969
