,2HcwFjNelS49kFbfvMxQYw_Your Gay Friend
2HcwFjNelS49kFbfvMxQYw_Your Gay Friend,0.0
6ewMqjrF31lC8ywRsvm073_Whats Left Of Me,0.2591246975957141
58lV9VcRSjABbAbfWS6skp_Livin' On A Prayer,0.264906613366128
1HY2Jd0NmPuamShAr6KMms_Mary Jane Holland,0.2780694451816345
4AqIRTZF6DDmKmdorgFug6_Joe,0.2807325267883317
2HcwFjNelS49kFbfvMxQYw_Spread Your Wings,0.29903653588559975
5v61OSg53KaQxGMpErkBNp_To The Wolves,0.3021683280010414
6FBDaR13swtiWwGhX1WQsP_Whats My Age Again?,0.3089257175194451
5Z1CCuBsyhEHngq3U5IraY_Reach Out,0.3126829843646146
3E3xrZtBU5ORqcmX78v5YZ_Birch Hill,0.3173319952014383
1sxRcl7G7tpQvuQkMyAWau_Candy,0.3234397271723566
7rewR1TVjhisjI6gauUamf_And Then He Kissed Me,0.3302466501374384
6clbbhnIqpHnqxwtOWcilg_Where Do I Run,0.33408238962910486
58XGUNsRNu3cVOIOYk5chx_Californian Hills,0.34349786688945444
2HcwFjNelS49kFbfvMxQYw_Bye Bye,0.3570395127808718
3E3xrZtBU5ORqcmX78v5YZ_Making Love To The Camera,0.35843818796846416
5BtHciL0e0zOP7prIHn3pP_Home,0.36295482786592764
6edGSAX5dVpeJVwu1Q0NwJ_Wish,0.3702534960712718
4aEnNH9PuU1HF3TsZTru54_Melody Day,0.3709976322284425
2HcwFjNelS49kFbfvMxQYw_Win Some Lose Some,0.37899247452795487
