,2HcwFjNelS49kFbfvMxQYw_Weakness
2HcwFjNelS49kFbfvMxQYw_Weakness,0.0
2GLf7iaOOujAem5R87xwto_Midnight Lovers,0.20669579166214255
04HvbIwBccFmRie5ATX4ft_Dont Come Close,0.23245753509889402
55LHFEtIplWhsfyWZUwkf4_The Conclusion,0.24659554206216228
"7CyeXFnOrfC1N6z4naIpgo_Baby, I Love You",0.24662683823242423
7gP3bB2nilZXLfPHJhMdvc_Pumped Up Kicks,0.2494661386437155
3PhoLpVuITZKcymswpck5b_Original Sin,0.25013111885100947
2pMWBsdUdf3c0azFkysWT9_Questions,0.2621292682836599
3Ayl7mCk0nScecqOzvNp6s_Get Right - Acoustic,0.26696086345516534
4phGZZrJZRo4ElhRtViYdl_Everything Is Sound,0.28308490362978417
6H4lieipng8aGu3Hbd1UeJ_A Better Man,0.28370688940231087
2HcwFjNelS49kFbfvMxQYw_The Road To Mandalay,0.2892701888432078
59oA5WbbQvomJz2BuRG071_The Heat,0.2933630678898612
2HcwFjNelS49kFbfvMxQYw_Love is You,0.2943110648581175
7o95ZoZt5ZYn31e9z1Hc0a_Break Thru,0.2964247347308236
5GtMEZEeFFsuHY8ad4kOxv_Redzone Killer,0.31139726737156925
3OUN7gnsDijEfvaHpXAAzI_The Last Prom On Earth,0.3146905008985391
5Z1CCuBsyhEHngq3U5IraY_Miss You,0.3151293711740201
4kI8Ie27vjvonwaB2ePh8T_When The War Ends,0.31549957378652516
4gzpq5DPGxSnKTe4SA8HAU_Green Eyes,0.3157152939731261
