,2HcwFjNelS49kFbfvMxQYw_Grace
2HcwFjNelS49kFbfvMxQYw_Grace,0.0
7zsin6IgVsR1rqSRCNYDwq_Dead Poets,0.24930021780418385
7K3zpFXBvPcvzhj7zlGJdO_Empathy,0.2623462689027319
5yH7EWFF9pIePeru3IeHD4_Faces Now - Caress Mix,0.26617100125053733
5o206eFLx38glA2bb4zqIU_Coat Check Dream Song,0.2685444772300672
6O4EGCCb6DoIiR6B1QCQgp_I Can Get Love,0.2812561375022012
4nZbOHYEypqHtWwTPQu8Fl_Adolescent Heart,0.2911033305236725
6jV25rzTKQ2zMgrqHha1V5_SSFW,0.2937387830998956
4aEnNH9PuU1HF3TsZTru54_Leave House,0.3033438686619728
"5o206eFLx38glA2bb4zqIU_One For You, One For Me",0.3033537492530655
3HqSLMAZ3g3d5poNaI7GOU_Beautiful Dancer,0.3042611441194857
2AAxtLXjbgQxzF3oPTY0jE_Wasted,0.3069758468651779
3Z02hBLubJxuFJfhacLSDc_Lie To Me,0.3103121629594534
"4phGZZrJZRo4ElhRtViYdl_Tonight, Not Again",0.3143745104911398
2wY79sveU1sp5g7SokKOiI_Fire On Fire - From Watership Down,0.32163478861732814
5zzrJD2jXrE9dZ1AklRFcL_Love Is An Ocean,0.32185737950610593
4NgNsOXSwIzXlUIJcpnNUp_Heartbreak,0.32796763620304364
4phGZZrJZRo4ElhRtViYdl_You and I Both,0.32863642194201886
5K4W6rqBFWDnAN6FQUkS6x_Last Call,0.33577135688540377
7x8nK0m0cP2ksQf0mjWdPS_Some Broken Hearts Never Mend,0.33847356522085986
