,2HcwFjNelS49kFbfvMxQYw_Shit On The Radio
2HcwFjNelS49kFbfvMxQYw_Shit On The Radio,0.0
0grdhNhiRLFBaFVyybqsj6_You Never Take Me Dancing,0.3732791365339541
5Z1CCuBsyhEHngq3U5IraY_Why Do I Love You,0.3803133426769113
26dSoYclwsYLMAKD3tpOr4_Hard To Forget Ya,0.4367641650158937
0X2BH1fck6amBIoJhDVmmJ_Codes,0.4377997349551185
6XpaIBNiVzIetEPCWDvAFP_One Of Those Days,0.4398843520750104
1tqZaCwM57UFKjWoYwMLrw_Step On Me,0.45739576258076337
0du5cEVh5yTK9QJze8zA0C_Thats What I Like,0.4713994253664299
0du5cEVh5yTK9QJze8zA0C_That's What I Like,0.4713994253664299
1tqZaCwM57UFKjWoYwMLrw_Sunday Circus Song,0.4828858771792157
1bDWGdIC2hardyt55nlQgG_The Night Santa Went Crazy,0.4830416171906755
57MtJQ6Sc4tIxrXIhrqVJL_Days Alone,0.4858956423752462
5szdY7KaSi7epwyffrbV8c_Just Fall In Love,0.49611136067831163
"5snNHNlYT2UrtZo5HCJkiw_Rocksteady (feat. Kero One, Dumbfoundead, MYK & Rakaa of Dilated Peoples)",0.5046653456923148
0B3N0ZINFWvizfa8bKiz4v_Crazy,0.5073166484318073
0ZED1XzwlLHW4ZaG4lOT6m_Happy,0.507775739670911
7IVgVM49Z4ztdmOqOIxhvP_High,0.5151506281689793
1TY8JzETLheB4vm5QblKsF_Mount Napoleon,0.5159884716615674
4AK6F7OLvEQ5QYCBNiQWHq_Perfect - Stripped,0.5222512325867845
5F1aoppMtU3OMiltO8ymJ2_The Other Side,0.5226409000984324
