,2HcwFjNelS49kFbfvMxQYw_Viva Life On Mars
2HcwFjNelS49kFbfvMxQYw_Viva Life On Mars,0.0
2gsggkzM5R49q6jpPvazou_Santa Claus Is Comin to Town,0.2857706415273292
55LHFEtIplWhsfyWZUwkf4_Shuggie,0.2964162338185166
11oNY5LROxHrmYBHjzOr42_GoodTime (feat. Lorine Chia & Machine Gun Kelly),0.30252932777885033
2Sqr0DXoaYABbjBo9HaMkM_Bottle It Up,0.31369163336660894
20j1uz7iDOtIvIzCr5S8nx_GG Be,0.31532492449090926
3fmMaLC5jjf2N4EC2kTx0u_All of You,0.3196747218552452
3qNVuliS40BLgXGxhdBdqu_Let It Snow,0.3217080504064952
2hPgGN4uhvXAxiXQBIXOmE_Freeee (Ghost Town Pt. 2),0.3290629276798727
34v5MVKeQnIo0CWYMbbrPf_Fire In Me,0.3305544204772574
4V8Sr092TqfHkfAA5fXXqG_No Me Doy Por Vencido,0.3358470814201325
7gAppWoH7pcYmphCVTXkzs_Middle Of The Night,0.3387830656389125
2HcwFjNelS49kFbfvMxQYw_Knutsford City Limits,0.34277765712066366
4phGZZrJZRo4ElhRtViYdl_Love Is Still The Answer,0.3429246065299721
4AqIRTZF6DDmKmdorgFug6_Dont Stop Me Now,0.3437011884218987
7udwYystFcvYziV36ZIwuh_Dog,0.34395335067403376
12Chz98pHFMPJEknJQMWvI_Exo-Politics,0.34676828304514973
4AK6F7OLvEQ5QYCBNiQWHq_Over Again,0.3497505623277364
4iHNK0tOyZPYnBU7nGAgpQ_Make It Look Good,0.35222706860237946
3gMaNLQm7D9MornNILzdSl_To Love A Woman,0.35426338461687784
