,2hkZGvBotqZ7uBBUnBwmLC_In The Good Old Summertime
2hkZGvBotqZ7uBBUnBwmLC_In The Good Old Summertime,0.0
5YGY8feqx7naU7z4HrwZM6_Malibu,0.4854466972325121
2CM4LFqAr2MS4rIp25pxfg_Pretty Little Angel Eyes - Radio Version,0.5390806353694895
2VIoWte1HPDbZ2WqHd2La7_You Showed Me - Remastered,0.5441943654459547
3KH7WsR2JZQ94Ik8SyabU6_Terela Sebe,0.555851306402962
12VaqyEhgwDRuFfEqbnrpz_The Phone Song,0.5590039800019049
0qzzGu8qpbXYpzgV52wOFT_jealous of roses,0.5863784539115127
5CG9X521RDFWCuAhlo6QoR_Excuse-O,0.5949026728212873
3KH7WsR2JZQ94Ik8SyabU6_Kokolon,0.5991162197599333
67ea9eGLXYMsO2eYQRui3w_The Punk And The Godfather,0.5999158300561912
3KH7WsR2JZQ94Ik8SyabU6_Djigui,0.6040059197005492
05sIdEkXAYDbDDdv3T56Oj_Did You Ever Go Steady,0.6090531861016637
5zaXYwewAXedKNCff45U5l_I Can't Hear You (No More) - BBC Top Gear 10 11 64,0.6095429580156576
5zaXYwewAXedKNCff45U5l_I Cant Hear You (No More) - BBC Top Gear 10 11 64,0.6095429580156576
3KH7WsR2JZQ94Ik8SyabU6_Beni dakan,0.6108506916970702
6fLrPFLWLSCrp7gcTZXcKb_Yellow Balloon,0.6157017411668219
05sIdEkXAYDbDDdv3T56Oj_Will You Still Love Me Tomorrow,0.6259468667505068
0MponVSpW81oLvJZ53vYZH_Beechwood 4-5789 - Mono Single,0.6261384054271228
5CCwRZC6euC8Odo6y9X8jr_Meet Ya,0.6340480897001382
0MponVSpW81oLvJZ53vYZH_So Long Baby,0.6375741412047796
