,2jku7tDXc6XoB6MO2hFuqg_Stuck On U
2jku7tDXc6XoB6MO2hFuqg_Stuck On U,0.0
2wY79sveU1sp5g7SokKOiI_Stay With Me,0.39279041206942467
1sVSMPPNMMSZ7cQNfbvMOe_2NIGHT,0.4019586394993324
1GAS0rb4L8VTPvizAx2O9J_The Shh That Weve Been Through,0.4222705667889646
1GAS0rb4L8VTPvizAx2O9J_The Shit That Weve Been Through,0.4303904409649625
60NNvDqsif0u40CXMV6jDQ_Haircut,0.4335331266214782
60NNvDqsif0u40CXMV6jDQ_Camo,0.4400466368163764
1qq5e02CcWNFqZMbmdrIcj_Meet You,0.440224477646462
1RyvyyTE3xzB2ZywiAwp0i_Temptation,0.44322981342090184
6PXS4YHDkKvl1wkIl4V8DL_Wavy,0.44466657853104524
5enwJ9yOnKlCP91ov4Dqhv_Winter Blossom (Prod. by 0channel),0.4568455871236247
2cJyZ3relxSBT15LIGBjLL_Young Til I Die,0.4601189436007364
1DvtabXAjfrMihPP6JQdHs_Live Up To the Hype,0.4642072885140822
0NWbwDZY1VkRqFafuQm6wk_Amen (Pre Fight Prayer) (with Lil Wayne),0.47355962199654045
5enwJ9yOnKlCP91ov4Dqhv_Boiling Point (Prod. by 0channel),0.48006301905562854
6Jrxnp0JgqmeUX1veU591p_I Dont Want,0.4813354846919661
2mV8aJphiSHYJf43DxL7Gt_Fall Back 2U,0.48708312427803474
2wUjUUtkb5lvLKcGKsKqsR_Comfortable,0.48897031352830367
6LEeAFiJF8OuPx747e1wxR_On the Line,0.4916585745716162
1DvtabXAjfrMihPP6JQdHs_Give It Up (feat. 3 Glizzy),0.49937245918861906
