,2jku7tDXc6XoB6MO2hFuqg_LA Confidential
2jku7tDXc6XoB6MO2hFuqg_LA Confidential,0.0
1sBkRIssrMs1AbVkOJbc7a_Mafia Music,0.24068049681256395
10LWM1mJDpchLIvyrnmbNz_Caught Up,0.2943999722659947
7gAppWoH7pcYmphCVTXkzs_Tequila,0.30238745490580315
4z3cxEVECuwZpPIx2QYn7V_Freal Luv (feat. Chanyeol & Tinashe),0.30677882728298084
5zzrJD2jXrE9dZ1AklRFcL_Love Is An Ocean,0.3207330341842962
0C8ZW7ezQVs4URX5aX7Kqx_Good For You,0.32127060725176104
2Sqr0DXoaYABbjBo9HaMkM_Eden,0.3266969097803336
6fEO1r9Y9TYL9O4w5kVPmc_Loose Ends,0.32705882135224434
6LEeAFiJF8OuPx747e1wxR_It Is What It Is,0.3337050789638939
1kS52jCnMYq4n46ZX9zqw7_Heart It Races,0.34578201884672405
3TVXtAsR1Inumwj472S9r4_Furthest Thing,0.3489860983153595
0hEurMDQu99nJRq8pTxO14_Neon,0.3555662554706273
1GAS0rb4L8VTPvizAx2O9J_Everything,0.3632478417472205
5zeCSgiRyezbfLiGOpKAsR_Wrap Her up for Me,0.3637753099236349
1Xyo4u8uXC1ZmMpatF05PJ_Ordinary Life,0.3639720392228747
5K4W6rqBFWDnAN6FQUkS6x_Stronger,0.36445899935793213
6nB0iY1cjSY1KyhYyuIIKH_Video Girl,0.3653311907813697
31TPClRtHm23RisEBtV3X7_Sauce,0.36579722524011676
4kI8Ie27vjvonwaB2ePh8T_Chicago,0.36873205129474207
