,2kucQ9jQwuD8jWdtR9Ef38_I Met A Girl - Acoustic Mixtape
2kucQ9jQwuD8jWdtR9Ef38_I Met A Girl - Acoustic Mixtape,0.0
6LuN9FCkKOj5PcnpouEgny_Shot Down,0.3666858949695237
0grdhNhiRLFBaFVyybqsj6_The Christmas Song,0.3945470732605446
3HqSLMAZ3g3d5poNaI7GOU_Love Alone,0.41305137982451295
053q0ukIDRgzwTr4vNSwab_Rosa,0.43007562953910256
7c1HgFDe8ogy5NOZ1ANCJQ_Beyond,0.45442923191012874
3DiDSECUqqY1AuBP8qtaIa_Kill Your Mama,0.45457612925439256
6LuN9FCkKOj5PcnpouEgny_Saturday Nights,0.46944699726438416
6a3Mfrn2XBR1DfPg1QGa1d_Summer Night You and I,0.47801920808019266
3VNITwohbvU5Wuy5PC6dsI_The Christmas Song (Chestnuts Roasting on an Open Fire),0.48679860871247566
0hEurMDQu99nJRq8pTxO14_Emoji of a Wave,0.4881427667951286
02rd0anEWfMtF7iMku9uor_Amazing Grace,0.5046803112681106
5Z1CCuBsyhEHngq3U5IraY_Moon River,0.5110039598834325
59oA5WbbQvomJz2BuRG071_Cherry,0.5193153648971783
5zeCSgiRyezbfLiGOpKAsR_Christmas at Home,0.5225146451815416
5CG9X521RDFWCuAhlo6QoR_Coffin For Head Of State,0.5268411851451597
0qzzGu8qpbXYpzgV52wOFT_Cest La Vie,0.529972950377103
6VuMaDnrHyPL1p4EHjYLi7_Suffer,0.5312878996763838
4S9EykWXhStSc15wEx8QFK_Tant de Temps - duo Henri Salvador,0.5315578672674826
3qNVuliS40BLgXGxhdBdqu_Blue,0.5383806921095443
