,"2lXqm9gOxdCg1s6X6lI65V_This Year, Christmas Came November 4th"
"2lXqm9gOxdCg1s6X6lI65V_This Year, Christmas Came November 4th",0.0
50co4Is1HCEo8bhOyUWKpn_My Time,0.4152168427332884
4RddZ3iHvSpGV4dvATac9X_Silence Is The Enemy,0.43018182966647905
3miNucraVWk4hdVsIxn7id_The Night,0.44071947901825814
3miNucraVWk4hdVsIxn7id_Freedom,0.4570466311997745
6clbbhnIqpHnqxwtOWcilg_Love Is A Bridge,0.4631966673656025
0grdhNhiRLFBaFVyybqsj6_Lonely Heart,0.4747418228255848
3zD5liDjbqljSRorrrcEjs_I Must Be A Lover,0.4764102761738554
0KydPQPUUoTNhmiHKOg5Er_61 Cygni Ave,0.4767350955376585
3PhoLpVuITZKcymswpck5b_Tiny Dancer - Live In Australia 1986,0.48790598881486363
2tFN9ubMXEhdAQvdQxcsma_Where You Are (featuring Nick Lachey) (feat. Nick Lachey) - Lenny B's Club Mix,0.4925857617399981
2tFN9ubMXEhdAQvdQxcsma_Where You Are (featuring Nick Lachey) (feat. Nick Lachey) - Lenny Bs Club Mix,0.4925857617399981
450o9jw6AtiQlQkHCdH6Ru_Undisco Kidd (Gay Marvine Edit),0.4927753554293187
0CulHu6suXmBEZRI9pYgnk_Pie Peluo,0.5003021857995356
3miNucraVWk4hdVsIxn7id_Run For Your Life,0.5043503266037045
6clbbhnIqpHnqxwtOWcilg_The One That Got Away,0.5059157514764785
2P560DaOMNDUACoH8ZhOCR_London Traffic,0.5109579045800362
6clbbhnIqpHnqxwtOWcilg_Son Of A Famous Man,0.5223103342949857
3Z02hBLubJxuFJfhacLSDc_Into The Fire,0.525245464395573
0grdhNhiRLFBaFVyybqsj6_Remember Manhattan,0.5342977672322878
