,2P560DaOMNDUACoH8ZhOCR_But Im Different Now
2P560DaOMNDUACoH8ZhOCR_But Im Different Now,0.0
1KCSPY1glIKqW2TotWuXOR_Mean,0.2982891479524387
6AIuDNoFgmeUTnOc7DYXlN_Heaven Is A Place On Earth,0.3102219125431139
0grdhNhiRLFBaFVyybqsj6_Colder,0.32048340630650524
"2P560DaOMNDUACoH8ZhOCR_In The Midnight Hour - Live At The 100 Club, London   1977",0.34519488961431266
4AqIRTZF6DDmKmdorgFug6_Fourteen,0.37307219269484165
1HY2Jd0NmPuamShAr6KMms_Mary Jane Holland,0.38158733058718114
3Z6IRCo7umuk8K2XQy0ZDj_You Said No,0.38609822918517595
12Chz98pHFMPJEknJQMWvI_Darkshines,0.38854844875905065
5v61OSg53KaQxGMpErkBNp_True Faith,0.39454781715431536
12VaqyEhgwDRuFfEqbnrpz_Naked Cousin - Peel 2.3.93,0.4036911447488466
4AK6F7OLvEQ5QYCBNiQWHq_Taken,0.40766147390397406
3E3xrZtBU5ORqcmX78v5YZ_Making Love To The Camera,0.4093387834988056
776Uo845nYHJpNaStv1Ds4_Midnight,0.4095589215106866
6ewMqjrF31lC8ywRsvm073_Edge Of Eternity,0.4149387041610205
3E3xrZtBU5ORqcmX78v5YZ_Forever In A Day,0.4166752824998092
4orxJEv0mDaQKpliVvrj3M_(Tale Of) Sister Godfrieda,0.41694983865001184
0cc6vw3VN8YlIcvr1v7tBL_Dr. Feelgood,0.41862579324792487
58XGUNsRNu3cVOIOYk5chx_Diversion,0.41961598511548404
0grdhNhiRLFBaFVyybqsj6_Talk To Ya Later,0.420134988995267
