,2P560DaOMNDUACoH8ZhOCR_Precious
2P560DaOMNDUACoH8ZhOCR_Precious,0.0
166Dz1GX3xonSQ3Z6CQW26_The Coming Of Spring,0.43457713168822987
4AqIRTZF6DDmKmdorgFug6_Let the Bad Times Roll,0.44434218610321624
2P560DaOMNDUACoH8ZhOCR_Happy Together,0.4532722548948824
4AqIRTZF6DDmKmdorgFug6_Failure is the Best Revenge,0.4898947821904233
450o9jw6AtiQlQkHCdH6Ru_Good Old Music,0.4987184390961752
2P560DaOMNDUACoH8ZhOCR_I've Changed My Address - Remastered 2017,0.5005451441300471
1tqZaCwM57UFKjWoYwMLrw_Rise & Shine,0.5010150422359496
58XGUNsRNu3cVOIOYk5chx_Body Behavior,0.5057719582224282
7rewR1TVjhisjI6gauUamf_I Wonder,0.5083607250060551
2sBPVEeMBXKNsZtYaJixnJ_Love Is Love (Sun on Time),0.5094635197235683
32L6HnQe9jCXLmjpnS2XSQ_Take Me to a Party - Live,0.5196363727557524
4kI8Ie27vjvonwaB2ePh8T_New Orleans,0.5243306921278089
3Z02hBLubJxuFJfhacLSDc_There Will Never Be Another Tonight,0.5285209078392181
5zaXYwewAXedKNCff45U5l_I Only Want To Be With You - Mono,0.5319891747709209
5Rl15oVamLq7FbSb0NNBNy_Heartache On The Big Screen,0.5331954735684362
5zaXYwewAXedKNCff45U5l_I only Want To Be With You,0.5357164299640476
0cc6vw3VN8YlIcvr1v7tBL_Looks That Kill,0.5418371263724859
7CajNmpbOovFoOoasH2HaY_Certified,0.5438161469466223
4AqIRTZF6DDmKmdorgFug6_Marry Me,0.5491013617248766
