,2pvCf5g7XBReiPIvcq7W18_CIRCLE
2pvCf5g7XBReiPIvcq7W18_CIRCLE,0.0
4gJCFxvqKc43Ifk0UIBB42_Put Em Up,0.27728495154765037
3qNVuliS40BLgXGxhdBdqu_Hands on Me,0.2950528829034007
4AQrqVz6BYwy29iMxcGtx7_Lucia,0.2967393953911647
3CjlHNtplJyTf9npxaPl5w_Forever,0.3339170389085717
6sFIWsNpZYqfjUpaCgueju_When I Needed You,0.33796359562136413
7MC5zmK3iZHzPqGZEVSROe_Play by Play,0.34005776663194187
7zsin6IgVsR1rqSRCNYDwq_St. Croix,0.3448515417511827
4kI8Ie27vjvonwaB2ePh8T_Cheer Up,0.3511263684891933
4EENT7N7rCBwrddM3s0vFS_Out There On The Ice,0.3533975713334747
4AK6F7OLvEQ5QYCBNiQWHq_Shes Not Afraid,0.35548228297318496
6jJ0s89eD6GaHleKKya26X_Fingerprints,0.3590190949159386
0rW6fVd3yuW2CF2sLYWQtE_It’s Me (feat. 주영 Joo Young),0.3610432242664655
6Ad91Jof8Niiw0lGLLi3NW_11 Minutes (with Halsey feat. Travis Barker),0.36112643719767146
5WUlDfRSoLAfcVSX1WnrxN_Puppies Are Forever,0.3615244781583471
7qG3b048QCHVRO5Pv1T5lw_Addicted,0.3629781880044509
3Ayl7mCk0nScecqOzvNp6s_Appreciation,0.366088246307845
3bhu7P5PfngueRHiB9hjcx_Good Girls (from the Ghostbusters Original Motion Picture Soundtrack),0.3688155539234425
59pWgeY26Q6yJy37QvJflh_Crucible,0.36937056692273423
7EQ0qTo7fWT7DPxmxtSYEc_World Gone Mad,0.37073022335842265
