,2qg65aLixfdExljOpqKJm3_without saying anything (feat. KU HYUN)
2qg65aLixfdExljOpqKJm3_without saying anything (feat. KU HYUN),0.0
"5UT1mOF7JAjcc7e3wen8vw_Rain, Color 레인, 컬러",0.3503874712385232
1Xyo4u8uXC1ZmMpatF05PJ_Try Me,0.4202857085484006
16eRpMNXSQ15wuJoeqguaB_Helping the Retarded to Know God (feat. Edward Sharpe & The Magnetic Zeros),0.43211690314152323
6icQOAFXDZKsumw3YXyusw_We Did It,0.43823228664266084
4kI8Ie27vjvonwaB2ePh8T_The Home - Acoustic,0.4653437335405279
5cYcI546S8Lf97m4mNdYLD_Nada Sou Sou,0.4779002455063918
3qNVuliS40BLgXGxhdBdqu_When I Was Young,0.47946116793678834
360IAlyVv4PCEVjgyMZrxK_FLESH,0.481252549031012
1l9d7B8W0IHy3LqWsxP2SH_Barking Dog,0.4892264994283708
1WvvwcQx0tj6NdDhZZ2zZz_A Dream of You and Me,0.4926471256126628
2WX2uTcsvV5OnS0inACecP_Let It All Go (feat. Álvaro Soler),0.4933240231903016
4Z8W4fKeB5YxbusRsdQVPb_Down Is the New Up,0.5051849357799817
0QrowybipCKUDnq5y10PD2_Spirit,0.5084419319534371
1r4hJ1h58CWwUQe3MxPuau_Me Gusta Todo De Ti,0.5090481199330575
3HqSLMAZ3g3d5poNaI7GOU_Taking a traing,0.5091020410265522
0XATRDCYuuGhk0oE7C0o5G_Rainy Season,0.5123727638321234
360IAlyVv4PCEVjgyMZrxK_Python,0.5194856083987962
3BmGtnKgCSGYIUhmivXKWX_I Dont Think About You,0.5205305615152868
7CajNmpbOovFoOoasH2HaY_I Need Your Love (feat. Ellie Goulding),0.5212406344548844
