,2ry5nwK1VNmh5zMZpmOAyc_Jimmy Baby
2ry5nwK1VNmh5zMZpmOAyc_Jimmy Baby,0.0
6XpaIBNiVzIetEPCWDvAFP_Hold Me (with Teddy Pendergrass),0.3468708903915103
"74ASZWbe4lXaubB36ztrGX_Lily, Rosemary and the Jack of Hearts - Take 2",0.4312313470091965
6clbbhnIqpHnqxwtOWcilg_Hold On,0.43316076191571695
0MponVSpW81oLvJZ53vYZH_Why Must You Go,0.44404426302858147
391oLRVmoTkumiN79HkTWu_Wait Til My Bobby Gets Home,0.4443505192789185
6XpaIBNiVzIetEPCWDvAFP_Saving All My Love for You,0.44937504388267896
6clbbhnIqpHnqxwtOWcilg_Til the Season Comes Round Again,0.45451885250494434
2VIoWte1HPDbZ2WqHd2La7_On A Summers Day,0.4617918801633887
2g3PKH7Z1Ofn5oGR6oDjLy_Youve Got Your Head On Backwards,0.4623661934061837
31TPClRtHm23RisEBtV3X7_Until The End Of Time (with Beyoncé) - Julian Bunetta Remix,0.46250015179259074
1sBRcMH8DDR8Nsk2RoJmjS_Contact,0.4656302201464585
0MponVSpW81oLvJZ53vYZH_Too Strong To Be Strung Along - First Pressing,0.46667311561231595
6XpaIBNiVzIetEPCWDvAFP_Jesus Loves Me,0.4904441861662576
57ALvbCBaCkNlgTOSiUPdT_Hercules,0.49089936054909306
5zaXYwewAXedKNCff45U5l_Arrested by You,0.49339086162571216
3tpobJxn6RQfhiPZiIJsVT_Big Ass Liar,0.49378867327300496
3PhoLpVuITZKcymswpck5b_All That Im Allowed (Im Thankful),0.49557391574058934
5WUlDfRSoLAfcVSX1WnrxN_Lullaby,0.49666073190739
3KH7WsR2JZQ94Ik8SyabU6_Combattants,0.5000763934984087
