,2sBPVEeMBXKNsZtYaJixnJ_Ring Me To Sleep
2sBPVEeMBXKNsZtYaJixnJ_Ring Me To Sleep,0.0
"5aIqB5nVVvmFsvSdExz408_French Suite No. 5 in G Major, BWV 816: IV. Gavotte",0.4287503922833494
5MlfccEEOw6kihsT8eQtbh_My Wonderful You (Baby When Im Down),0.585157221504471
10exVja0key0uqUkk6LJRT_Riptide,0.6048420452494183
6G7OerKc3eBO9sVkRNopFC_Babydoll,0.6104501953933545
7CajNmpbOovFoOoasH2HaY_Love Souvenir,0.6556021588750521
3YQKmKGau1PzlVlkL1iodx_Truce,0.6991798741914758
6G7OerKc3eBO9sVkRNopFC_Who Knows Where The Time Goes,0.7196356962813152
7G1GBhoKtEPnP86X2PvEYO_Four Women,0.7488079664969229
3PhoLpVuITZKcymswpck5b_Dream # 2,0.751872488557962
3zunDAtRDg7kflREzWAhxl_Premonition,0.7529344851989218
3PhoLpVuITZKcymswpck5b_Dream # 1,0.7649331956234018
0vA9NkXT4OmKxg3udqLXXh_Hold My Girl,0.7649519592831913
7omzannyG2lfDqP5xyZo34_Thirteen,0.7660589289719004
4aEnNH9PuU1HF3TsZTru54_Subotnick,0.7731227061332896
74ASZWbe4lXaubB36ztrGX_Death Is Not the End,0.789956065356851
3NcPjvA2rp9FPj1JBAXwOS_Where Is My Mind?,0.8069172147684823
7G1GBhoKtEPnP86X2PvEYO_Dont Explain,0.8639710674647966
"5ihY290YPGc3aY2xTyx7Gy_Lyric Pieces Book VIII, Op. 65: II. Bondens Sang (Peasants Song)",0.8664255562617097
7G1GBhoKtEPnP86X2PvEYO_He Needs Me - 2013 Remastered Version,0.8801571831301
