,2sBPVEeMBXKNsZtYaJixnJ_Pushing Onlys
2sBPVEeMBXKNsZtYaJixnJ_Pushing Onlys,0.0
3Z02hBLubJxuFJfhacLSDc_Do What Ya Gotta Do,0.34981741057345483
2sBPVEeMBXKNsZtYaJixnJ_Blood Dries Darker,0.40471613841159765
1Xyo4u8uXC1ZmMpatF05PJ_Adaptation,0.4123743012576874
5y2Xq6xcjJb2jVM54GHK3t_Shine,0.41321742462676536
6fTEkjuuZ3hH6fdeBxxbA2_So Beautiful,0.4249774796469327
16eRpMNXSQ15wuJoeqguaB_Spider-man vs. Muhammad Ali,0.44370111510387006
5WUlDfRSoLAfcVSX1WnrxN_Sunday,0.44480313593320664
3kjuyTCjPG1WMFCiyc5IuB_Haiti,0.4452306349597115
5y2Xq6xcjJb2jVM54GHK3t_Wrap Me Up in Your Love,0.445446448875577
7gjAu1qr5C2grXeQFFOGeh_Swimming In The Flood,0.44664148957155075
3zD5liDjbqljSRorrrcEjs_Who Left The Lights Off Baby,0.45196725323169107
4aEnNH9PuU1HF3TsZTru54_Kaili,0.45325111838054877
7c1HgFDe8ogy5NOZ1ANCJQ_Gimme Love,0.45654527568609304
4iHNK0tOyZPYnBU7nGAgpQ_O Come All Ye Faithful Hallelujah Chorus,0.45675782349050686
0NIPkIjTV8mB795yEIiPYL_Let The Sun In,0.4598505209170426
6a3Mfrn2XBR1DfPg1QGa1d_Foolish,0.46405531583026843
23NIwARd4vPbxt3wwNnJ6k_Always Back In Town,0.47005927211306875
1v3tdpIdBSW14rHUfiEVOv_O Holy Night,0.47212077447338247
26dSoYclwsYLMAKD3tpOr4_Perfume (The Dreaming Mix),0.47377011012790365
