,2siHvYaxjaW5rKVRiIrMYH_Same Song
2siHvYaxjaW5rKVRiIrMYH_Same Song,0.0
2siHvYaxjaW5rKVRiIrMYH_Redlight,0.2506515252088306
2siHvYaxjaW5rKVRiIrMYH_Caught In The Middle,0.2647998973956935
1l7ZsJRRS8wlW3WfJfPfNS_Keep on Singin My Song,0.2704600973853813
13saZpZnCDWOI9D4IJhp1f_Fuck You,0.2863596183980373
1uNFoZAHBGtllmzznpCI3s_Backpack,0.2881911608412381
7ia4FaCVsbXvhVwagCJk7l_They Put A Body In The Bayou,0.2963475225880375
2Sqr0DXoaYABbjBo9HaMkM_Many the Miles,0.29796530357937073
5p7f24Rk5HkUZsaS3BLG5F_Let Me Go,0.3029979086012933
5zeCSgiRyezbfLiGOpKAsR_Freedom,0.3132422968708654
2HcwFjNelS49kFbfvMxQYw_Clean,0.3136821752820204
3YQKmKGau1PzlVlkL1iodx_Message Man,0.3139259333851509
7zsin6IgVsR1rqSRCNYDwq_Make You Mine,0.31747078347574725
3LjhVl7GzYsza1biQjTpaN_Better Than Love,0.32135050815874483
2Sqr0DXoaYABbjBo9HaMkM_Opening Up,0.32212221649481687
3miNucraVWk4hdVsIxn7id_Soul Of A Man,0.32380183498210674
2kucQ9jQwuD8jWdtR9Ef38_Single For The Summer,0.3331092017135641
1Cs0zKBU1kc0i8ypK3B9ai_Get Up,0.33716202938948464
6jJ0s89eD6GaHleKKya26X_Ur So Gay,0.33743601108814936
2HcwFjNelS49kFbfvMxQYw_Morning Sun,0.3375016433758067
