,2Sqr0DXoaYABbjBo9HaMkM_Gravity
2Sqr0DXoaYABbjBo9HaMkM_Gravity,0.0
2gsggkzM5R49q6jpPvazou_White Christmas,0.2972160010206052
3XlIhgydjvC4EniPFZT20j_Just A Cup Of Coffee,0.30437903603992966
1eYhYunlNJlDoQhtYBvPsi_Early in the Morning,0.3578505425187104
3XlIhgydjvC4EniPFZT20j_Ill Be Seeing You,0.38574323555270973
5jkcIAzNJfptzIC9lMTEEF_Rhythm Is Gonna Get You,0.38861817016150213
4Z8W4fKeB5YxbusRsdQVPb_Last Flowers,0.393645604677359
0qzzGu8qpbXYpzgV52wOFT_Watch The Flies,0.3939003950128931
6G7OerKc3eBO9sVkRNopFC_Nude As The News,0.4007221866431734
2YZyLoL8N0Wb9xBt1NhZWg_Chapter Six,0.405419031907325
74ASZWbe4lXaubB36ztrGX_God Knows,0.40753351106044583
2auiVi8sUZo17dLy1HwrTU_So Be It,0.40882419156068983
3XlIhgydjvC4EniPFZT20j_The Woman Before Me,0.41022442459621256
7GaxyUddsPok8BuhxN6OUW_Talking Loud And Saying Nothing - Part 1 & 2,0.4111822774094991
1KCSPY1glIKqW2TotWuXOR_Conversations With My 13 Year Old Self,0.4220039799077023
3PhoLpVuITZKcymswpck5b_Love Letters,0.4223339516050901
1RyvyyTE3xzB2ZywiAwp0i_Hard Work Pays Off,0.426691024963584
7G1GBhoKtEPnP86X2PvEYO_Just Like a Woman - Remastered,0.4293699529890129
0ukAv4dLteeOA5IcKDpR2X_Meaning of Love,0.43261605375203216
7o95ZoZt5ZYn31e9z1Hc0a_Wild Horses,0.43494066406305815
