,"2weMnYqCmtNUrSLAJq5dD8_Baby, Its Cold Outside"
"2weMnYqCmtNUrSLAJq5dD8_Baby, Its Cold Outside",0.0
5y2Xq6xcjJb2jVM54GHK3t_The Christmas Song (Chestnuts Roasting On An Open Fire),0.33242897805485716
7FY5V3XMwlNBPitEjXowHQ_White Christmas,0.33633241461733404
360IAlyVv4PCEVjgyMZrxK_My Piece,0.3407286088229346
0EmeFodog0BfCgMzAIvKQp_Dia de Enero,0.3440463157201011
77SW9BnxLY8rJ0RciFqkHh_Me & My Bitch,0.37500618886377374
2lolQgalUvZDfp5vvVtTYV_Cheek To Cheek,0.37514780713493917
5zzbSFZMVpvxSlWAkqqtHP_Ragged Old Town,0.39251356560034095
5zeCSgiRyezbfLiGOpKAsR_Running Around in My Dreams - Instrumental,0.39332606729693587
5I0EPnV9gwrZYTbScjnaOk_Pigmalião 70 - Ao Vivo,0.395014617826603
74ASZWbe4lXaubB36ztrGX_Po Boy,0.3974745047655546
5o206eFLx38glA2bb4zqIU_Get Back,0.4000497235275536
1bPxKZtCdjB1aj1csBJpdS_All That Haten,0.4010506287531323
2SUvSee1ooyCzwAnsUdu2K_2 Big 2 Fail,0.407502684249407
6eUKZXaKkcviH0Ku9w2n3V_The City,0.41249534315302383
0xE8MJjVvmQYPuFmr3EkaK_Praia Feliz,0.4139209927845877
5I0EPnV9gwrZYTbScjnaOk_No Balanço do meu Samba,0.41501236634879
5GtMEZEeFFsuHY8ad4kOxv_Let Yourself,0.41604058934293014
5szdY7KaSi7epwyffrbV8c_Next To You,0.41936717100416565
5zzbSFZMVpvxSlWAkqqtHP_Mabel Grey,0.42139322339133456
