,"2wOqMjp9TyABvtHdOSOTUS_Prelude in F Minor, WoO 55"
"2wOqMjp9TyABvtHdOSOTUS_Prelude in F Minor, WoO 55",0.0
0qzzGu8qpbXYpzgV52wOFT_PHANTOM BRICKWORKS II,0.20677887354800709
5lzPV4EKWYxEUk38UcFBVH_Sorry Seems To Be The Hardest Word,0.39479429650659703
25ZHGX152rBqWlYA9C2iVp_To the Stars,0.42295375216844106
7wDfZhaCORLgP3K62R3MJK_Sad Alron,0.5400736659154737
0qzzGu8qpbXYpzgV52wOFT_PANTGLAS,0.5653743249424277
6u5axd0rpDsWSmzhFfb2VB_Disintegration Loops (1.1 Excerpt I),0.5787795148718299
"63MQldklfxkjYDoUE4Tppz_Sister, Pt. 2",0.6392947016893911
6u5axd0rpDsWSmzhFfb2VB_Disintegration Loops (1.1 Excerpt II),0.7230652430158897
"656RXuyw7CE0dtjdPgjJV6_Keyboard Sonata (Partita) No. 1 in G Major, Hob. XVI:8: I, Allegro",0.7257421927476306
12VaqyEhgwDRuFfEqbnrpz_Cracks In The Canvas,0.7595905888493202
0qzzGu8qpbXYpzgV52wOFT_CAPEL CELYN,0.7620562100606241
4EENT7N7rCBwrddM3s0vFS_January Tape Part 1,0.7815118282844338
3zunDAtRDg7kflREzWAhxl_After The Earthquake,0.7879654635180796
4JVsKg0srXc25uTDgdhebV_Sign of the Times (Piano Instrumental),0.8012513774029042
4JVsKg0srXc25uTDgdhebV_Sign of the Times,0.8012513774029042
"3MKCzCnpzw3TjUYs2v7vDA_The Seasons, Op. 37b: March. Song of the Lark",0.817374412921826
"63MQldklfxkjYDoUE4Tppz_Sister, Pt. 1",0.8606642937649803
63MQldklfxkjYDoUE4Tppz_End Credits,0.8781505396750697
4gzpq5DPGxSnKTe4SA8HAU_Kaleidoscope,0.9351459352144996
