,2WoVwexZuODvclzULjPQtm_Without
2WoVwexZuODvclzULjPQtm_Without,0.0
5SYmz5yPPvZBcv7fXvPLfu_The Night - Mixed,0.3333462890330105
04gDigrS5kc9YWfZHwBETP_One More Night,0.45521400023393094
1bPxKZtCdjB1aj1csBJpdS_Gotta Be,0.4558400509212676
68my8X3aXOZzEomzP7Ajdl_That B on Me,0.46333340455593597
1WHoAjAWGx5qLsgzpaOk7W_My Offence,0.47083467603461565
1MMzI6WUvOVsmZMNiD3Lqc_Long Long Road,0.4757997084333025
31TPClRtHm23RisEBtV3X7_Rock Your Body,0.48384268211798026
1bPxKZtCdjB1aj1csBJpdS_Come Around,0.483923732566592
1sBkRIssrMs1AbVkOJbc7a_Get Away,0.48718440677059505
26dSoYclwsYLMAKD3tpOr4_When Your Eyes Say It,0.4877274977710993
1sBkRIssrMs1AbVkOJbc7a_Gunplay,0.4915634352145447
5rSXSAkZ67PYJSvpUpkOr7_Yes I Will,0.502887866735888
1WHoAjAWGx5qLsgzpaOk7W_The Light,0.505129385504929
2HcwFjNelS49kFbfvMxQYw_Mr Bojangles,0.5064085090464773
1bPxKZtCdjB1aj1csBJpdS_Remember,0.5067539557394223
2NhdGz9EDv2FeUw6udu2g1_Chasing The Sun - 2012 Remaster,0.5084063103855533
1uNFoZAHBGtllmzznpCI3s_Recovery,0.5130999803873622
1SupJlEpv7RS2tPNRaHViT_Buscarte,0.5176707381241165
4iHNK0tOyZPYnBU7nGAgpQ_How Much,0.5187693433171119
