,2ysnwxxNtSgbb9t1m2Ur4j_Paradise
2ysnwxxNtSgbb9t1m2Ur4j_Paradise,0.0
4TnGh5PKbSjpYqpIdlW5nz_Sweetheart,0.3280638423504642
1HY2Jd0NmPuamShAr6KMms_Summerboy,0.33642461423236
7DMveApC7UnC2NPfPvlHSU_Whos Got Your Love,0.3521044694377038
7CajNmpbOovFoOoasH2HaY_Im Not Alone - 2009 Remaster,0.3533191657121496
69GGBxA162lTqCwzJG5jLp_Somebody - Sippy Remix,0.36033428442015236
5nki7yRhxgM509M5ADlN1p_Fire In My Soul,0.37062346146077163
4hyF8Vtc73RYJr3RgTE2Zf_Between,0.3894881895745104
3YQKmKGau1PzlVlkL1iodx_Ode To Sleep,0.3961549134607462
5P5FTygHyx2G57oszR3Wot_Back In Time,0.3967360371956415
3TVXtAsR1Inumwj472S9r4_Best I Ever Had,0.4009142273499266
3HqSLMAZ3g3d5poNaI7GOU_Red Queen,0.4038306882318135
0cQbJU1aAzvbEmTuljWLlF_Home Now,0.4052189023422859
7uMh23xWiuR7zsNkuNcm2G_Colour,0.4053105597591069
3HqSLMAZ3g3d5poNaI7GOU_Twenty-Three,0.4057770173808813
5st4KKihmnSMLRsxWOs2x3_Long Way Home,0.4085548056138013
0q8J3Yj810t5cpAYEJ7gxt_Radio Stereo,0.4124980318811427
0XATRDCYuuGhk0oE7C0o5G_You Dont Know Me,0.41729539443112335
"5p7f24Rk5HkUZsaS3BLG5F_Let Me Go (with Alesso, Florida Georgia Line & watt)",0.41993921043760385
6DIS6PRrLS3wbnZsf7vYic_Ghostbusters,0.42321853550729227
