,2ysnwxxNtSgbb9t1m2Ur4j_Drawing Board
2ysnwxxNtSgbb9t1m2Ur4j_Drawing Board,0.0
0C8ZW7ezQVs4URX5aX7Kqx_Bidi Bidi Bom Bom,0.22538582068868127
6H4lieipng8aGu3Hbd1UeJ_Moving Target,0.2765568034695783
2wUjUUtkb5lvLKcGKsKqsR_Scars To Your Beautiful - Luca Schreiner Remix,0.30123370587991655
0p4nmQO2msCgU4IF37Wi3j_Anything but Ordinary,0.30282696454625074
5zaXYwewAXedKNCff45U5l_You Are The Storm,0.3072919226820632
4ntkql3f3ect7NDRUJ7aAY_Strut - From The Cheetah Girls 2,0.30834578971098786
0c173mlxpT3dSFRgMO8XPh_Its Time,0.3093269740955259
4S9EykWXhStSc15wEx8QFK_This Time,0.3122008630948026
6clbbhnIqpHnqxwtOWcilg_Way Too Good,0.31430230388437247
6H4lieipng8aGu3Hbd1UeJ_Im so Proud of You,0.3164223672426662
7qG3b048QCHVRO5Pv1T5lw_Amigo Vulnerable,0.31698257545646435
2HcwFjNelS49kFbfvMxQYw_Last Days Of Disco,0.3226119255841985
04gDigrS5kc9YWfZHwBETP_She Will Be Loved - Live,0.32364126323718145
5rSXSAkZ67PYJSvpUpkOr7_All of Your Life (You Need Love),0.32927328637112285
64M6ah0SkkRsnPGtGiRAbb_I Got You - Cheat Codes Remix,0.3306009476377994
5snNHNlYT2UrtZo5HCJkiw_Don't Hate Me,0.3307794960396468
5snNHNlYT2UrtZo5HCJkiw_Dont Hate Me,0.3307794960396468
5rSXSAkZ67PYJSvpUpkOr7_Undone,0.33132487612409733
3YQKmKGau1PzlVlkL1iodx_Message Man,0.33718209552415074
