,2YZyLoL8N0Wb9xBt1NhZWg_Compton
2YZyLoL8N0Wb9xBt1NhZWg_Compton,0.0
7qG3b048QCHVRO5Pv1T5lw_Amigo Vulnerable,0.29487198168349926
5rSXSAkZ67PYJSvpUpkOr7_All of Your Life (You Need Love),0.3010985348527013
1Xyo4u8uXC1ZmMpatF05PJ_Secrets,0.3039770940257989
0pz4FXVMZ2ncXAjgHGOcMw_Will Not Snitch,0.3073884619165117
7CajNmpbOovFoOoasH2HaY_Flashback,0.3115133633209944
0QHgL1lAIqAw0HtD7YldmP_Bullet,0.31524532286673024
5snNHNlYT2UrtZo5HCJkiw_Kill This Love,0.3177592240840937
1GAS0rb4L8VTPvizAx2O9J_January On Lake Street,0.31823351695979346
6H4lieipng8aGu3Hbd1UeJ_Moving Target,0.3360596945229316
1eBGyqw9kLsidL0q2dimWF_Cruisin for a Bruisin - From Teen Beach Movie,0.34089404635621096
4Ho3GLqeSNqisgMa3cedfq_I Was Here,0.3450673288530268
6sFIWsNpZYqfjUpaCgueju_More Than A Memory,0.35058227922281665
166Dz1GX3xonSQ3Z6CQW26_Pieces Of The People We Love,0.35166057044210647
6sFIWsNpZYqfjUpaCgueju_Higher,0.3523459110179421
3LjhVl7GzYsza1biQjTpaN_Hit & Run,0.3589476627257835
7DMveApC7UnC2NPfPvlHSU_I Love It,0.35912313134158064
4IJczjB0fJ04gs4uvP0Fli_Under The Bridge,0.3602992522755085
4phGZZrJZRo4ElhRtViYdl_Too Much Food,0.36383634602262843
7qG3b048QCHVRO5Pv1T5lw_Escape,0.3660002792725585
