,2YZyLoL8N0Wb9xBt1NhZWg_Blow My High (Members Only)
2YZyLoL8N0Wb9xBt1NhZWg_Blow My High (Members Only),0.0
4EENT7N7rCBwrddM3s0vFS_Saturdays,0.34920085618038904
5a2EaR3hamoenG9rDuVn8j_Vavoom,0.3864394828908634
5a2EaR3hamoenG9rDuVn8j_The Greatest Romance Ever Sold,0.4018000586891066
1l7ZsJRRS8wlW3WfJfPfNS_Right Moves (feat. Keida & Shenseea),0.40892628371287987
74ASZWbe4lXaubB36ztrGX_My Wifes Home Town,0.4111222411048786
0EmeFodog0BfCgMzAIvKQp_Addicted to You,0.42058684891913806
1Xyo4u8uXC1ZmMpatF05PJ_Angel,0.4461626013099308
3qnGvpP8Yth1AqSBMqON5x_Mrs.,0.4654219473215785
5INjqkS1o8h1imAzPqGZBb_H.f.g.w (Canyons Drunken Rage),0.46919222012644957
31TPClRtHm23RisEBtV3X7_(Another Song) All Over Again,0.47004822960079434
3TVXtAsR1Inumwj472S9r4_Energy,0.4710802491358987
1Cs0zKBU1kc0i8ypK3B9ai_Cant U Feel The Change,0.474625843954271
1SupJlEpv7RS2tPNRaHViT_Mango Piña (feat. Falo),0.47966077985423733
6oMuImdp5ZcFhWP0ESe6mG_Wrist Game,0.48206436237944816
1GAS0rb4L8VTPvizAx2O9J_Americareful,0.4821355860180353
5rSXSAkZ67PYJSvpUpkOr7_10.000 Promises,0.48234814034578455
7GaxyUddsPok8BuhxN6OUW_I Got You (I Feel Good) - 1966 Version,0.4828460394023829
3wWtfT7S2uVJJ3hGZlOLkZ_Suit And Jacket,0.4829118964163858
3XlIhgydjvC4EniPFZT20j_Drinking Again,0.4912278460057531
