,2YZyLoL8N0Wb9xBt1NhZWg_Ronald Reagan Era
2YZyLoL8N0Wb9xBt1NhZWg_Ronald Reagan Era,0.0
17HOU4Uhp2kAExmqusVpKP_Underbelly,0.3254464426057791
4TH4BHy0LdBi3dpBW4P2UX_Broadway,0.38889584564219487
3PhoLpVuITZKcymswpck5b_The North,0.3921187052491306
3pBiNVVBqF8p6oIkRfg1vN_Siula Grande - Mixed,0.394586643657877
4S9EykWXhStSc15wEx8QFK_Thank You,0.4455525167924816
3PhoLpVuITZKcymswpck5b_Understanding Women,0.44919924125187755
31IZdHrCZ5pRhLz4zBxN3o_Hall of Fame (feat. Ghetty),0.4503114403899534
5oOhM2DFWab8XhSdQiITry_Source,0.45081211436886215
197Z6pwpze41qaOV9w0NQL_Mugarrirantz - Dave DK Remix,0.45959570716125825
2pTCZ9C1fXdaVlv6d5EIXM_Still Think,0.466307090254544
1Bhw1NGkIlsdVb8NXOymzk_Im Running feat. Sam Roberts,0.4695855964843299
58XGUNsRNu3cVOIOYk5chx_Despoiler of Cadaver,0.47010712799475357
12VaqyEhgwDRuFfEqbnrpz_On Battleship Hill,0.470783346871612
3IaqL9bsZtYJkqNLiovVho_Better Off,0.4812979030669082
2YZyLoL8N0Wb9xBt1NhZWg_untitled 01 | 08.19.2014.,0.48920822438119954
6oMuImdp5ZcFhWP0ESe6mG_Growed Up,0.49028522373730826
51Blml2LZPmy7TTiAg47vQ_Sleep Like A Baby Tonight - Alternative Perspective Mix By Tchad Blake,0.49068655600936845
5zaXYwewAXedKNCff45U5l_Any Other Fool,0.5014083796825519
0X2BH1fck6amBIoJhDVmmJ_Dont Say A Word,0.5036180732275816
