,2YZyLoL8N0Wb9xBt1NhZWg_Sherane a.k.a Master Splinter’s Daughter
2YZyLoL8N0Wb9xBt1NhZWg_Sherane a.k.a Master Splinter’s Daughter,0.0
3JhNCzhSMTxs9WLGJJxWOY_Church (feat. Xperience),0.32904287529373494
77SW9BnxLY8rJ0RciFqkHh_Me & My Bitch,0.32916953417195954
5lHRUCqkQZCIWeX7xG4sYT_Up Up And Away,0.348076244881914
1RyvyyTE3xzB2ZywiAwp0i_Feds Did a Sweep,0.35687321081474316
1RyvyyTE3xzB2ZywiAwp0i_Who (feat. Young Thug),0.3746908474390266
4V8LLVI7PbaPR0K2TGSxFF_Glitter,0.3748428531329213
0hEurMDQu99nJRq8pTxO14_Stop This Train,0.3869626277557354
360IAlyVv4PCEVjgyMZrxK_My Piece,0.3883433272099505
7K3zpFXBvPcvzhj7zlGJdO_Affection,0.3885394556638222
5a2EaR3hamoenG9rDuVn8j_PropsNPounds,0.3978965269017793
3TVXtAsR1Inumwj472S9r4_From Time,0.40713570791936077
5fxPQ2Mzi7apfCMPuKwmSd_Let Go,0.4114879914153945
7A0awCXkE1FtSU8B0qwOJQ_Girl,0.4126755884580646
3DiDSECUqqY1AuBP8qtaIa_She Dont Really Care_1 Luv,0.41637471463321074
0XATRDCYuuGhk0oE7C0o5G_My Hometown,0.41840119174044443
0g9vAlRPK9Gt3FKCekk4TW_Bloody Waters (with Anderson .Paak & James Blake),0.43565700463304197
1J85H7up7KHulSSDMd3Tnp_Bull in the Heather,0.44070557284611817
0qzzGu8qpbXYpzgV52wOFT_Why So Serious?,0.4408859755739764
24XtlMhEMNdi822vi0MhY1_Cute Without The E - Cut From The Team,0.4435564101357042
