,305pg6Bs6Mz9Tm2zK66psY_Desert Island (feat. Sampling)
305pg6Bs6Mz9Tm2zK66psY_Desert Island (feat. Sampling),0.0
1Cs0zKBU1kc0i8ypK3B9ai_Where Them Girls At - Bonus Commentary,0.839037819823636
50Aka6ooTxgDEtR6e7f377_'Coffee and contemplation',0.8558027892721937
1tqhsYv8yBBdwANFNzHtcr_Parental Advisory (Interlude),0.9370194481033126
5a2EaR3hamoenG9rDuVn8j_Why the Butterflies,0.9620865616718878
5snNHNlYT2UrtZo5HCJkiw_Customer Service (Skit),0.962445570954625
3rHl3rSgCnHhOlVB87ZxyF_Mama's Boy - Live,1.0010565719964266
2Sqr0DXoaYABbjBo9HaMkM_About Many the Miles,1.0398456147887738
3rHl3rSgCnHhOlVB87ZxyF_Getting Older - Live,1.0416120999732343
2uFUBdaVGtyMqckSeCl0Qj_I giorni: Andante,1.1006227449862975
3zunDAtRDg7kflREzWAhxl_And Now The Tomorrow Morning Bonus EP:,1.1345576684384218
4iHNK0tOyZPYnBU7nGAgpQ_Me. I Am Mariah...The Elusive Chanteuse,1.1853100720355358
2Sqr0DXoaYABbjBo9HaMkM_About Red,1.2194690057972541
7G1GBhoKtEPnP86X2PvEYO_Dambala - Remastered,1.2275251213549991
2Sqr0DXoaYABbjBo9HaMkM_About Brave,1.2482273760600913
2Sqr0DXoaYABbjBo9HaMkM_About Love Song,1.2639592289181774
68kEuyFKyqrdQQLLsmiatm_(562) 453-9382 - Skit,1.2869539905022616
69gbguV32QFwHXA8TmfBCl_'Accident or not',1.299403491694775
2qg65aLixfdExljOpqKJm3_alongtheway.,1.3445363726827833
0kEfub5RzlZOB2zGomqVSU_Ive Been Me (Interlude),1.354856021991165
