,31IZdHrCZ5pRhLz4zBxN3o_Candy Jam
31IZdHrCZ5pRhLz4zBxN3o_Candy Jam,0.0
5GtMEZEeFFsuHY8ad4kOxv_Stand by Me,0.42730158368067883
1SupJlEpv7RS2tPNRaHViT_Mango Piña (feat. Falo),0.4516024485186909
3TVXtAsR1Inumwj472S9r4_Energy,0.46291480015475894
7JgXEHI1oEiQICAMeCsKTj_Make A Scene,0.46512631304125585
7yO4IdJjCEPz7YgZMe25iS_Perry Aye,0.4721429123140135
50co4Is1HCEo8bhOyUWKpn_For My People (feat. Duke),0.47262805971795346
1SupJlEpv7RS2tPNRaHViT_La Vamos a Montar,0.47470379543957575
1qq5e02CcWNFqZMbmdrIcj_David & Goliath,0.47643981102893546
5yqWHaDl8ZrYgeKANLyIv8_Rodeo,0.4827033419993926
5zeCSgiRyezbfLiGOpKAsR_Run Away With Me,0.4927299997798341
57MtJQ6Sc4tIxrXIhrqVJL_In Green (feat. Sarah Quintana),0.5043314659369694
0EmeFodog0BfCgMzAIvKQp_Addicted to You,0.5047963773916326
5a2EaR3hamoenG9rDuVn8j_2 Y. 2 D.,0.5150140956756223
0grdhNhiRLFBaFVyybqsj6_Hazard,0.5165748141150107
2auiVi8sUZo17dLy1HwrTU_Locked in Closets,0.5226208843231699
1Cs0zKBU1kc0i8ypK3B9ai_Cant U Feel The Change,0.5240995284311405
3JhNCzhSMTxs9WLGJJxWOY_Marmalade (feat. Lil Yachty),0.5336143952161296
5a2EaR3hamoenG9rDuVn8j_On the Couch,0.5607701082980369
1Cs0zKBU1kc0i8ypK3B9ai_Missing You (feat. Novel),0.5615119650866118
