,31IZdHrCZ5pRhLz4zBxN3o_Diamond Child
31IZdHrCZ5pRhLz4zBxN3o_Diamond Child,0.0
5Rl15oVamLq7FbSb0NNBNy_Stay - Recorded at Spotify Studios NYC,0.2749901505858284
3miNucraVWk4hdVsIxn7id_Don’t Let Me Be Misunderstood,0.28311677913052385
4phGZZrJZRo4ElhRtViYdl_Coyotes,0.29299646239141897
3rHl3rSgCnHhOlVB87ZxyF_What Happened To,0.2990391071400827
5GtMEZEeFFsuHY8ad4kOxv_Half a Heart,0.3159783807166305
1uNFoZAHBGtllmzznpCI3s_The Christmas Song (Chestnuts Roasting On An Open Fire),0.32078191168540704
"4AqIRTZF6DDmKmdorgFug6_Play that Country Tuba, Cowboy",0.3254428228785596
2GLf7iaOOujAem5R87xwto_Don and Sherri,0.32627557868829715
2YZyLoL8N0Wb9xBt1NhZWg_Opposites Attract (Tomorrow W O Her),0.3356338383842693
6PXS4YHDkKvl1wkIl4V8DL_Love The Way,0.351094810568713
0grdhNhiRLFBaFVyybqsj6_Too Shy To Say,0.35802870590548597
6HdYUuBeK3g2MA2wGVCDcn_Balla Balla - Delia Derbyshire Appreciation Society Remix,0.36378413464488885
0du5cEVh5yTK9QJze8zA0C_Our First Time,0.36718213541351774
2GLf7iaOOujAem5R87xwto_Headcage,0.3680241599071901
4NgNsOXSwIzXlUIJcpnNUp_Winter Wonderland,0.3686741306170149
1sBkRIssrMs1AbVkOJbc7a_Peace Sign,0.37151212884626666
2gsggkzM5R49q6jpPvazou_Let It Snow,0.37187825750546205
6clbbhnIqpHnqxwtOWcilg_Love Is,0.3734953085537667
4iHNK0tOyZPYnBU7nGAgpQ_My Saving Grace,0.3761830357038145
