,31IZdHrCZ5pRhLz4zBxN3o_Syrup Sippin Assassin
31IZdHrCZ5pRhLz4zBxN3o_Syrup Sippin Assassin,0.0
1DvtabXAjfrMihPP6JQdHs_Money (feat. Young Dolph),0.3105414057686226
6H4lieipng8aGu3Hbd1UeJ_Too Much to Lose (Part II),0.36116532911586574
4gwpcMTbLWtBUlOijbVpuu_Swimming Pool Summer,0.37584707911609716
0AlOgXaMBLYvxNEhqHM4np_Alright,0.39261752085467894
6eUKZXaKkcviH0Ku9w2n3V_Lately (feat. Devlin),0.3990869374262819
1cNDP5yjU5vjeR8qMf4grg_Murder On My Mind,0.40644172332488554
1RyvyyTE3xzB2ZywiAwp0i_He Got Money,0.40730597518436157
3JhNCzhSMTxs9WLGJJxWOY_Inhale Deep,0.4112723946645915
7qG3b048QCHVRO5Pv1T5lw_Miss You,0.41173537775402025
"0QHgL1lAIqAw0HtD7YldmP_Forgive Me Father (feat. Meghan Trainor, Wiz Khalifa & Wale)",0.41711100294787196
26dSoYclwsYLMAKD3tpOr4_Shadow,0.4171700115480689
3TVXtAsR1Inumwj472S9r4_Now & Forever,0.417875239338182
1sBkRIssrMs1AbVkOJbc7a_Supreme,0.4259911157705365
5snNHNlYT2UrtZo5HCJkiw_Follow The Flow,0.4286076048922085
5snNHNlYT2UrtZo5HCJkiw_Follow The Flow (feat. D-Tox & MYK),0.42972891063018065
1DvtabXAjfrMihPP6JQdHs_Mula (feat. 3 Glizzy),0.4306177367351076
15iVAtD3s3FsQR4w1v6M0P_Top In The Trash,0.43132950180146873
1Xyo4u8uXC1ZmMpatF05PJ_Live For,0.43301383830594165
0EdvGhlC1FkGItLOWQzG4J_What I Got,0.4353501357153268
