,31IZdHrCZ5pRhLz4zBxN3o_4 Million
31IZdHrCZ5pRhLz4zBxN3o_4 Million,0.0
31IZdHrCZ5pRhLz4zBxN3o_Versace Python,0.28066505438391237
1DvtabXAjfrMihPP6JQdHs_Rich Shooters (feat. Q Da Fool),0.34504980061523727
31IZdHrCZ5pRhLz4zBxN3o_Dukes of Hazzzard,0.3685113477440128
1DvtabXAjfrMihPP6JQdHs_Mafia,0.379256149834678
1gkSl4XpHIHI4I1WQbfXOE_Talk To Me,0.4011853033885988
57MtJQ6Sc4tIxrXIhrqVJL_Catahoula Man,0.417411646864487
66CXWjxzNUsdJxJ2JdwvnR_Baby I,0.4257537731999836
64KEffDW9EtZ1y2vBYgq8T_You Can Cry,0.4258897989391779
1DvtabXAjfrMihPP6JQdHs_Niggas Kno,0.4295591241675151
6oMuImdp5ZcFhWP0ESe6mG_What The Price,0.4299968918712277
31IZdHrCZ5pRhLz4zBxN3o_Carlos Slim,0.4332540055734205
0Y5tJX1MQlPlqiwlOH1tJY_WAKE UP,0.43707996973789504
2ysnwxxNtSgbb9t1m2Ur4j_Shotgun,0.4373873347489742
0du5cEVh5yTK9QJze8zA0C_24K Magic,0.4380729100801966
0qTZZWLzuD59Un5r1speHm_Ahora Dice,0.4406081465639284
3uHb6dRazmcaT15bMexUtt_My Lover 내연인,0.44148813272118237
7wg1qvie3KqDNQbAkTdbX0_LOVE (with Elohim) - TAILS Remix,0.44149607849776196
6wKxOKEA3K6R2UZ3COLXEY_Bridge and the Wall,0.44391187917508934
0c173mlxpT3dSFRgMO8XPh_Get It (DT),0.44396958148830773
