,31IZdHrCZ5pRhLz4zBxN3o_Time
31IZdHrCZ5pRhLz4zBxN3o_Time,0.0
4kI8Ie27vjvonwaB2ePh8T_Feel It Still,0.3660876180692288
1RyvyyTE3xzB2ZywiAwp0i_Used to This,0.36718072905944205
1GAS0rb4L8VTPvizAx2O9J_Besos,0.3832539169710247
7GuUYiGZOzQwq4L6gAfy1T_Outstanding (feat. 21 Savage),0.38773715850679324
6eUKZXaKkcviH0Ku9w2n3V_Little Bird,0.39389073333208885
07fJSFMHRMV8YKbiwpE67R_Flesh,0.4002397482616452
31W5EY0aAly4Qieq6OFu6I_Just Like Me (feat. Young Thug),0.41341760683246886
3JhNCzhSMTxs9WLGJJxWOY_Love Song (feat. Evan Roman),0.4135857465189987
6MDME20pz9RveH9rEXvrOM_Cologne (feat. Nikki Cislyn & Javeon),0.41528648173367105
4V8LLVI7PbaPR0K2TGSxFF_Pothole,0.4221679503626371
0B3N0ZINFWvizfa8bKiz4v_Say Love,0.4259708673796129
3JhNCzhSMTxs9WLGJJxWOY_Love Song,0.4286476969992402
1DvtabXAjfrMihPP6JQdHs_Handle The Truth,0.4338687748720766
3YQKmKGau1PzlVlkL1iodx_Stressed Out,0.4344447319798068
7qG3b048QCHVRO5Pv1T5lw_Miss You,0.43779509670263583
7K3zpFXBvPcvzhj7zlGJdO_Femen,0.4385241703527761
77SW9BnxLY8rJ0RciFqkHh_Dangerous,0.44111519480896255
3JhNCzhSMTxs9WLGJJxWOY_Fallin,0.44380818643375936
33ScadVnbm2X8kkUqOkC6Z_Encanto,0.44927968674399893
