,31W5EY0aAly4Qieq6OFu6I_Friend Zone
31W5EY0aAly4Qieq6OFu6I_Friend Zone,0.0
28j8lBWDdDSHSSt5oPlsX2_Hometown Girl,0.3290207126029871
1RyvyyTE3xzB2ZywiAwp0i_Afterlife,0.3532717423766821
"4phGZZrJZRo4ElhRtViYdl_Hello, You Beautiful Thing",0.356854334453325
0c173mlxpT3dSFRgMO8XPh_Savage Time (& Metro Boomin),0.35771573955119007
5YGY8feqx7naU7z4HrwZM6_Bottom Of The Ocean,0.3669569596209224
6V3F8MZrOKdT9fU686ybE9_Just A Man,0.3915703852030668
68kEuyFKyqrdQQLLsmiatm_Señorita,0.391626529871371
64M6ah0SkkRsnPGtGiRAbb_Pillow,0.3935836726021508
3DiDSECUqqY1AuBP8qtaIa_You Dont Know My Name - Unplugged,0.3980494901643518
360IAlyVv4PCEVjgyMZrxK_whats normal anyway,0.39911575260414595
5bOD7SS2RP7gzcNstJeCuF_#우주로,0.4006537533562564
6eUKZXaKkcviH0Ku9w2n3V_The A Team,0.4010705278603659
15iVAtD3s3FsQR4w1v6M0P_Hit The Bank (Interlude),0.4015160120259487
6vXTefBL93Dj5IqAWq6OTv_Trippin,0.40458238803132657
7JgXEHI1oEiQICAMeCsKTj_High on Your Love,0.40999634694887666
5zzrJD2jXrE9dZ1AklRFcL_(Still A) Weirdo,0.41469736746605407
2wUjUUtkb5lvLKcGKsKqsR_How Far Ill Go - From Moana,0.4182850509257537
50lhyY7UVI9NyVHl79rVgk_Exquisite Interlude,0.41884257395674246
15iVAtD3s3FsQR4w1v6M0P_Aint Gonna Happen,0.42687108111555383
