,32r72WOqqRO1DtSznId7Lr_Licking Stick - Licking Stick - Pt. 1   Mono
32r72WOqqRO1DtSznId7Lr_Licking Stick - Licking Stick - Pt. 1   Mono,0.0
6XpaIBNiVzIetEPCWDvAFP_How Will I Know,0.3781209922947597
0cQbJU1aAzvbEmTuljWLlF_BND,0.4465850817996929
0MponVSpW81oLvJZ53vYZH_Smart Aleck,0.4620138222934409
6clbbhnIqpHnqxwtOWcilg_Inside Story,0.521884605388182
0MponVSpW81oLvJZ53vYZH_Mashed Potato Time,0.5234835659986281
3c8WoNjBfyLJhFObE6RHgs_The Big Hurt,0.5384901543188516
3MdG05syQeRYPPcClLaUGl_Im Coming Out,0.5431627938854133
6clbbhnIqpHnqxwtOWcilg_Great Unknown,0.563158906230248
7G1GBhoKtEPnP86X2PvEYO_The Family,0.563634572518321
2CuzDPkRD6BJBvdWqCrt2I_Whatcha Talking Bout,0.5719164124709284
0cQbJU1aAzvbEmTuljWLlF_Big City Train,0.5891662254648619
10AY17ALos2o3akPqrPydw_Spit or Swallow (feat. Micah Freeman),0.6134990194254145
0hEurMDQu99nJRq8pTxO14_Home Life - Acoustic (Live at the Shoreline Amphitheater),0.6174430404275935
5U31e4XWZJlh0yn6xzEFFK_Amar Jawan Tribute,0.6184659872875407
7oDjuab7uVdRk9Ism8pFIc_Ev'rybody Wants to Be a Cat - From The Aristocats,0.6185989297394471
0x83OBqixqdCHnStP5VMcn_Not For All The Money In The World,0.6229486348058658
5zaXYwewAXedKNCff45U5l_If Wishes Could Be Kisses,0.6293698331993434
0LyfQWJT6nXafLPZqxe9Of_Unto Zion,0.6302829476594867
450o9jw6AtiQlQkHCdH6Ru_You and Your Folks (Claude Young Jr Club Mix),0.6355492883909256
