,32r72WOqqRO1DtSznId7Lr_Prisoner Of Love
32r72WOqqRO1DtSznId7Lr_Prisoner Of Love,0.0
450o9jw6AtiQlQkHCdH6Ru_Field Maneuvers (2015 Remaster - Instrumental),0.3364425916387462
5zaXYwewAXedKNCff45U5l_I Cant Wait Until I See My Babys Face,0.3423872952768991
5zaXYwewAXedKNCff45U5l_(They Long To Be) Close To You,0.4054256088386008
5MlfccEEOw6kihsT8eQtbh_Y Solo Quedé,0.4087929407524139
05sIdEkXAYDbDDdv3T56Oj_Only My Friend,0.4194731409473201
7rewR1TVjhisjI6gauUamf_Theres No Other Like My Baby,0.4210420142824601
34v5MVKeQnIo0CWYMbbrPf_Revolve,0.4390841616792695
3PhoLpVuITZKcymswpck5b_Love Letters,0.43981971579132256
2BTZIqw0ntH9MvilQ3ewNY_Hard Candy Christmas (feat. Alison Krauss),0.44220980418780653
2Sqr0DXoaYABbjBo9HaMkM_Fairytale - Live At The Fillmore,0.4493064824865745
5zaXYwewAXedKNCff45U5l_Dont Let Me Lose This Dream,0.4593813627007745
"391oLRVmoTkumiN79HkTWu_Lord, If Youre A Woman",0.46544924919882247
4FGcIXWQF5RBWugYuxcpxQ_Oriental Rumba,0.4772198220388802
2BTZIqw0ntH9MvilQ3ewNY_Broken Glass,0.47757544239132127
1eYhYunlNJlDoQhtYBvPsi_Early in the Morning,0.48297795681559413
6clbbhnIqpHnqxwtOWcilg_Its A Long Way There,0.48497730806122413
3XlIhgydjvC4EniPFZT20j_The Woman Before Me,0.4865683822399315
7G1GBhoKtEPnP86X2PvEYO_Just Like a Woman - Remastered,0.48800053797447396
1zpUXidF1l5zyDMnyi13jj_Crazy Baby,0.4895234053161428
