,32r72WOqqRO1DtSznId7Lr_Get It Together - Pt. 2
32r72WOqqRO1DtSznId7Lr_Get It Together - Pt. 2,0.0
5zaXYwewAXedKNCff45U5l_Brand New Me,0.39621653739177326
3KH7WsR2JZQ94Ik8SyabU6_Taxi Bamako,0.4028746012501866
57MtJQ6Sc4tIxrXIhrqVJL_Silent Ocean,0.40742921732370735
3WGpXCj9YhhfX11TToZcXP_My My My!,0.41085969130538974
0qzzGu8qpbXYpzgV52wOFT_Light Up The Sky,0.4127402797821502
3EiLUeyEcA6fbRPSHkG5kb_Booty Grande (feat. Flo Rida),0.42794377889519214
5yqWHaDl8ZrYgeKANLyIv8_Overflow,0.43571950426840267
6MDME20pz9RveH9rEXvrOM_We Were Just Kids (feat. Craig David & Kirsten Joy),0.44017618893863136
5Z1CCuBsyhEHngq3U5IraY_Aint That A Kick In The Head,0.4403838466817102
5YgywwMtbWxXKwqnCOZoms_Dont Know What It Is,0.4412181953454378
2gsggkzM5R49q6jpPvazou_Glory,0.4500060970468205
3XlIhgydjvC4EniPFZT20j_Shes In Love With The Boy,0.45311630498489763
57MtJQ6Sc4tIxrXIhrqVJL_Yours Forever,0.4543790410119758
3BmGtnKgCSGYIUhmivXKWX_Whats Up Lonely,0.45728500458626586
4TRb5erKfZEVUp67D14r2S_Stay,0.46527303922150287
4T2k9bgIoC8bbqjqiEl9vZ_I Know The Feeling,0.46533908739191643
33crDRqANd3NQHJagZkQ7O_Hide and seek,0.4708862370113061
6MDME20pz9RveH9rEXvrOM_Rather Be (feat. Jess Glynne),0.4783687509810029
1KCSPY1glIKqW2TotWuXOR_Revenge,0.4820126217245613
