,34v5MVKeQnIo0CWYMbbrPf_All I Need Is You
34v5MVKeQnIo0CWYMbbrPf_All I Need Is You,0.0
0EmeFodog0BfCgMzAIvKQp_Why Wait - Live Version,0.2535508679831202
4iHNK0tOyZPYnBU7nGAgpQ_O Little Town Of Bethlehem   Little Drummer Boy Medley,0.2693525466133356
34v5MVKeQnIo0CWYMbbrPf_Losing Sleep,0.2793585701111575
1KCSPY1glIKqW2TotWuXOR_Where Did the Beat Go?,0.28665263565163607
3Caot8EtHX6wLpNF2wRzS0_Wheels on Fire,0.30604137311199875
3BmGtnKgCSGYIUhmivXKWX_Sober,0.31005745637388626
7MC5zmK3iZHzPqGZEVSROe_Dont Ever Look Back,0.3121568586228367
3KH7WsR2JZQ94Ik8SyabU6_Yiki Yassa,0.31656385335632303
5juOkIIy18sFw9L30syt1Z_Time Off,0.32186307364137584
2siHvYaxjaW5rKVRiIrMYH_Left Outside Alone,0.32767132364659846
5cYcI546S8Lf97m4mNdYLD_Happy People,0.32908846447395546
4bYPcJP5jwMhSivRcqie2n_A Higher Place,0.32920678643746387
7o95ZoZt5ZYn31e9z1Hc0a_Cant Fall Down,0.33085836058640666
7Ln80lUS6He07XvHI8qqHH_Dangerous Animals,0.33305191190613764
0vEsuISMWAKNctLlUAhSZC_Elvis Went To Hollywood,0.34025931759638445
4EENT7N7rCBwrddM3s0vFS_No Fixed Destination,0.3407660096891984
0p4nmQO2msCgU4IF37Wi3j_Warrior,0.34171737838806443
6fLrPFLWLSCrp7gcTZXcKb_Beg for the Night,0.34375357903781667
55LHFEtIplWhsfyWZUwkf4_Waitin 4 U,0.3445640353378947
