,360IAlyVv4PCEVjgyMZrxK_...All
360IAlyVv4PCEVjgyMZrxK_...All,0.0
1DvtabXAjfrMihPP6JQdHs_Paper Soldiers (feat. Goo Glizzy & DF Gizzle),0.48123329660219333
1bPxKZtCdjB1aj1csBJpdS_However,0.5105788490593103
25tMQOrIU4LlUo6Sv8v5SE_The Middle,0.515917139585653
5y2Xq6xcjJb2jVM54GHK3t_Marching Into the Dark,0.5181206372933912
1l9d7B8W0IHy3LqWsxP2SH_Running From The Cops,0.5261133725273857
4MCBfE4596Uoi2O4DtmEMz_Hide (feat. Seezyn),0.5312014763878901
0NIIxcxNHmOoyBx03SfTCD_He Dont Want It,0.5614467999711442
1HBjj22wzbscIZ9sEb5dyf_Perfect Strangers,0.5636203730107774
7uMh23xWiuR7zsNkuNcm2G_Paradise,0.5655395799751615
4AK6F7OLvEQ5QYCBNiQWHq_What a Feeling,0.568448998724707
"0NWbwDZY1VkRqFafuQm6wk_F.I.G.H.T. (with Eearz, Gucci Mane, YG, Trouble, Quavo & Juicy J)",0.569102668595595
4S9EykWXhStSc15wEx8QFK_Breakaway,0.5715990011836821
0pz4FXVMZ2ncXAjgHGOcMw_The Outro,0.5769008681497131
33crDRqANd3NQHJagZkQ7O_emotions,0.579356267543898
6EyCwIp7Sb3oTXXaCxoYbz_Chandelier,0.580536267353493
2ZRQcIgzPCVaT9XKhXZIzh_Winnebago (feat. Quinn XCII & Daniel Wilson),0.5811046820736095
1DvtabXAjfrMihPP6JQdHs_1992,0.5831968024315956
5CCwRZC6euC8Odo6y9X8jr_Love And War,0.5838180347976855
4bpY9pKx3mCQXZFO4RqsDb_Propose,0.5873298138539721
