,360IAlyVv4PCEVjgyMZrxK_DEAL
360IAlyVv4PCEVjgyMZrxK_DEAL,0.0
4yvcSjfu4PC0CYQyLy4wSq_Pork Soda,0.29088814225014276
4NgNsOXSwIzXlUIJcpnNUp_Possession,0.29230366805219343
4phGZZrJZRo4ElhRtViYdl_5 6,0.29864569390738893
21mKp7DqtSNHhCAU2ugvUw_Say My Name (feat. Zyra),0.2989666438080039
51Blml2LZPmy7TTiAg47vQ_California (There Is No End To Love),0.2992045088326341
0cQbJU1aAzvbEmTuljWLlF_Magics In The Makeup,0.29933364438975724
7Ln80lUS6He07XvHI8qqHH_Catapult,0.30271710485920267
3kjuyTCjPG1WMFCiyc5IuB_Sprawl II (Mountains Beyond Mountains),0.3031878056785239
5nCi3BB41mBaMH9gfr6Su0_Believe In Me,0.30412319677243915
0B1fOLrRTsxPUzYhCi64su_On Our Way To Tomorrow,0.3057558032324548
6hOmN8M6PFfinNlJgkxNAf_Christmas Twist,0.3063318067128588
58XGUNsRNu3cVOIOYk5chx_The Only One,0.30889683944049906
5YkBrE0wF8cAlq3GCOw5Eu_The Only Place,0.31537462248851805
3qNVuliS40BLgXGxhdBdqu_별처럼 Instrumental,0.31759648171996024
5pKCCKE2ajJHZ9KAiaK11H_Red Lipstick,0.32137621526515736
0ukgSx1gUt5rUihbNh46qy_Never Wanna See That Look Again,0.32158976220793023
1Cs0zKBU1kc0i8ypK3B9ai_Everytime We Touch (with Steve Angello & Sebastian Ingrosso),0.32675359716737556
0p3U0uLx2oSf0yn8i5XZki_Baby One More Time,0.33478366206880217
3Ayl7mCk0nScecqOzvNp6s_Gotta Be Somebody's Blues,0.3365190555341847
