,360IAlyVv4PCEVjgyMZrxK_Sky Walker - Spanish Version
360IAlyVv4PCEVjgyMZrxK_Sky Walker - Spanish Version,0.0
7uqxSg0aeseXyfFPwSKOMv_Ride 4 Me,0.3050424573977014
64M6ah0SkkRsnPGtGiRAbb_Bad Bitch (feat. Ty Dolla $ign),0.3230612817168904
1RyvyyTE3xzB2ZywiAwp0i_No Basic,0.3563014880957822
15iVAtD3s3FsQR4w1v6M0P_Light Heist,0.36304728980429224
5K4W6rqBFWDnAN6FQUkS6x_Hey Mama,0.3743956742771491
6icQOAFXDZKsumw3YXyusw_Minnesota,0.3798922730585729
6fLrPFLWLSCrp7gcTZXcKb_Littlest Things,0.3868704331759151
2tAqnHDAgnGtjnlzyoa38L_Bless Me - (Demo),0.39518261964178336
6aLdhHUqgdKE86xbtNmY8g_Endorphin,0.3986143710829406
0c173mlxpT3dSFRgMO8XPh_No More Interviews,0.40404415596947635
6EyCwIp7Sb3oTXXaCxoYbz_Pretty Penny,0.4161016510235102
1RyvyyTE3xzB2ZywiAwp0i_Fetti,0.4181196173976108
2YZyLoL8N0Wb9xBt1NhZWg_Hol Up,0.42300012399756326
5vBSrE1xujD2FXYRarbAXc_Sanctify,0.4233426343484605
3YQKmKGau1PzlVlkL1iodx_Levitate,0.4252208161370884
6EyCwIp7Sb3oTXXaCxoYbz_Shine For You,0.42858782822495206
1RyvyyTE3xzB2ZywiAwp0i_Gangland,0.4321660054706161
6a3Mfrn2XBR1DfPg1QGa1d_If I Knew,0.43774481066420184
21mKp7DqtSNHhCAU2ugvUw_Koto,0.4408527285898652
