,360IAlyVv4PCEVjgyMZrxK_Now
360IAlyVv4PCEVjgyMZrxK_Now,0.0
6UB2gLFLsQHjdKJneXvvEu_Fading Away,0.3141419998117437
1WvvwcQx0tj6NdDhZZ2zZz_Light House,0.3345692360117881
7Ln80lUS6He07XvHI8qqHH_Youre So Dark,0.34895700952432496
2pTCZ9C1fXdaVlv6d5EIXM_Ride the White Lightning,0.4041728354743926
6eUKZXaKkcviH0Ku9w2n3V_Little Lady (feat. Mikill Pane),0.41079271909770554
3C8RpaI3Go0yFF9whvKoED_Because I’m Me - Moor Mother Remix,0.4170836762146825
33crDRqANd3NQHJagZkQ7O_if we..,0.41832199808726267
4NgNsOXSwIzXlUIJcpnNUp_The First Noel   Mary Mary,0.42050596886861735
3Caot8EtHX6wLpNF2wRzS0_Race To The Bottom,0.42154455235004684
4aEnNH9PuU1HF3TsZTru54_Second Chance,0.4234055260442605
3YQKmKGau1PzlVlkL1iodx_Bandito,0.4271152856618963
0c173mlxpT3dSFRgMO8XPh_All Figured Out,0.42763727298264
"0hEurMDQu99nJRq8pTxO14_Belief - Live at the Nokia Theatre, Los Angeles, CA - December 2007",0.430304518258273
6H4lieipng8aGu3Hbd1UeJ_Stand by Me,0.4318722975204223
1Cs0zKBU1kc0i8ypK3B9ai_Ill Keep Loving You (feat. Birdy & Jaymes Young),0.4320427385728634
4Z8W4fKeB5YxbusRsdQVPb_I Might Be Wrong,0.4329023807838738
7o95ZoZt5ZYn31e9z1Hc0a_Backyard,0.4334218524658273
4NgNsOXSwIzXlUIJcpnNUp_O Holy Night,0.43530194919584286
57MtJQ6Sc4tIxrXIhrqVJL_Welcome To The Fire,0.43545974567071627
