,360IAlyVv4PCEVjgyMZrxK_To The Moon
360IAlyVv4PCEVjgyMZrxK_To The Moon,0.0
6H4lieipng8aGu3Hbd1UeJ_I Cry,0.33368974458883327
4Z8W4fKeB5YxbusRsdQVPb_Backdrifts,0.33490115756767797
6Jrxnp0JgqmeUX1veU591p_Walking In A Circle,0.34214192462450094
360IAlyVv4PCEVjgyMZrxK_R.A.N.,0.34695562377729205
1Xyo4u8uXC1ZmMpatF05PJ_Tears In The Rain,0.35058786872207426
6MDME20pz9RveH9rEXvrOM_I Miss You (feat. Julia Michaels),0.3579337776107878
053q0ukIDRgzwTr4vNSwab_Genesis,0.36586265998882045
15iVAtD3s3FsQR4w1v6M0P_You My Number One,0.36678450608877033
6fEO1r9Y9TYL9O4w5kVPmc_Colours of Paradise,0.36852836982466536
0QrowybipCKUDnq5y10PD2_Wont Let Me Go,0.3705938570071024
2JyWXPbkqI5ZJa3gwqVa0c_Fill Me In,0.3708345380723947
55LHFEtIplWhsfyWZUwkf4_News,0.3782358611159526
5K4W6rqBFWDnAN6FQUkS6x_See You In My Nightmares,0.3791993577362995
1RyvyyTE3xzB2ZywiAwp0i_Jugg Season,0.3819914806777011
59oA5WbbQvomJz2BuRG071_Happy Man,0.3845316141919787
6TIYQ3jFPwQSRmorSezPxX_Save Me,0.38969204528986723
2HcwFjNelS49kFbfvMxQYw_Starstruck,0.38999928278015034
4phGZZrJZRo4ElhRtViYdl_Everywhere,0.3916140364122345
6eUKZXaKkcviH0Ku9w2n3V_Lego House,0.39183890773909247
