,37W8SKV5Vc8lcGtdyWCA5m_It Would Be You
37W8SKV5Vc8lcGtdyWCA5m_It Would Be You,0.0
4kI8Ie27vjvonwaB2ePh8T_When The War Ends,0.31697435425096376
5zaXYwewAXedKNCff45U5l_Love Power,0.33054542769379436
7o95ZoZt5ZYn31e9z1Hc0a_Single,0.3438315927370344
3RGLhK1IP9jnYFH4BRFJBS_Julies Been Working for the Drug Squad,0.3452594531055898
391oLRVmoTkumiN79HkTWu_Long Way To Happy,0.34551049246598065
67ea9eGLXYMsO2eYQRui3w_Ive Had Enough,0.3496931657115189
0MponVSpW81oLvJZ53vYZH_All The Love Ive Got - Mono Single,0.35123627693872744
58XGUNsRNu3cVOIOYk5chx_Rain,0.358180334555313
4RddZ3iHvSpGV4dvATac9X_Roses On My Grave,0.3621512457017963
3KH7WsR2JZQ94Ik8SyabU6_Poulo (Les peuls),0.3681829403056545
5Z1CCuBsyhEHngq3U5IraY_The Dance,0.3707856168992038
3miNucraVWk4hdVsIxn7id_Cant Kill The Boogieman,0.38351806134078026
7o95ZoZt5ZYn31e9z1Hc0a_Soulmate,0.385560608714791
2P560DaOMNDUACoH8ZhOCR_Saturdays Kids,0.3857453111042176
2VIoWte1HPDbZ2WqHd2La7_Story of Rock and Roll,0.38614534918125054
4BM6qze88exQPVILQpcYpj_Riot on Sunset Trip,0.3906666148651788
2sBPVEeMBXKNsZtYaJixnJ_Military Madness,0.39374338565116734
5UT1mOF7JAjcc7e3wen8vw_Abnormal,0.3937666005651904
4gzpq5DPGxSnKTe4SA8HAU_Green Eyes,0.4055674490392943
