,38zTZcuN7nFvVJ6auhc6V3_Pensacola
38zTZcuN7nFvVJ6auhc6V3_Pensacola,0.0
47izDDvtOxxz3FzHYuUptd_Ill Be OK,0.3119045575313013
2HcwFjNelS49kFbfvMxQYw_A Place To Crash,0.312093650639664
3E3xrZtBU5ORqcmX78v5YZ_Luck,0.31864304505456986
5v61OSg53KaQxGMpErkBNp_We Dreamt In Heist,0.3190860829792108
5Rl15oVamLq7FbSb0NNBNy_Kiss Me Kiss Me,0.32429524790458547
3Z02hBLubJxuFJfhacLSDc_The Only Thing That Looks Good On Me Is You,0.3259557759754409
4AqIRTZF6DDmKmdorgFug6_I Am Crushed,0.3297324931008835
1vCWHaC5f2uS3yhpwWbIA6_Dear Boy - Avicii By Avicii,0.33155991712663696
6k0ji2eoZH49ysnY3IgLWc_You Dont Have to Tell Me I Was a Terrible Man,0.332887539689859
4S9EykWXhStSc15wEx8QFK_Fade Away,0.3384090680361748
3kjuyTCjPG1WMFCiyc5IuB_Ready To Start,0.34257336778905917
5v61OSg53KaQxGMpErkBNp_Atonement,0.3428350363672517
3Ayl7mCk0nScecqOzvNp6s_Sweetness,0.3468953511409802
5o206eFLx38glA2bb4zqIU_Happy Accident,0.35230554893447935
7masWBJicrrYn9G2iZezdv_Sometimes,0.3670246853233266
3Ayl7mCk0nScecqOzvNp6s_The Middle,0.3671451790088641
4UXqAaa6dQYAk18Lv7PEgX_Saturday,0.3689728163145434
5Rl15oVamLq7FbSb0NNBNy_English Love Affair,0.37177371523796787
5Z1CCuBsyhEHngq3U5IraY_I Get Weak,0.3739007878934638
