,39vA9YljbnOApXKniLWBZv_Die Young
39vA9YljbnOApXKniLWBZv_Die Young,0.0
31W5EY0aAly4Qieq6OFu6I_Artist,0.32245798895078115
3DiDSECUqqY1AuBP8qtaIa_Teenage Love Affair,0.40061715385735247
7n2wHs1TKAczGzO7Dd2rGr_No Promises,0.4116417390857865
3BmGtnKgCSGYIUhmivXKWX_Love So Soft,0.41285925024027886
3YdT8QvV4QvY4DfVJhxdcZ_Darkness Keeps Chasing Me,0.4184719699512666
3E3xrZtBU5ORqcmX78v5YZ_Make Yourself At Home,0.4205175686250656
2kucQ9jQwuD8jWdtR9Ef38_Speakers,0.4207688927809848
3qnGvpP8Yth1AqSBMqON5x_Beyond,0.4208048729312848
1Xyo4u8uXC1ZmMpatF05PJ_I Feel It Coming,0.4330041468374149
2k5tpM7WrvCytpVWO8XTjU_Mi Jeva,0.4370424980794395
"55Aa2cqylxrFIXC767Z865_Sucker For Pain (with Wiz Khalifa, Imagine Dragons, Logic & Ty Dolla $ign feat. X Ambassadors)",0.43714512888230533
6xBZgSMsnKVmaAxzWEwMSD_Make It Up As I Go (feat. K.Flay),0.4446201283333182
5snNHNlYT2UrtZo5HCJkiw_Free Love,0.4465989891681594
4S9EykWXhStSc15wEx8QFK_Les yeux au ciel,0.44903973058253743
3fmMaLC5jjf2N4EC2kTx0u_Cloud City,0.44928247307003627
2wUjUUtkb5lvLKcGKsKqsR_Girl Next Door,0.4513337146880107
3HqSLMAZ3g3d5poNaI7GOU_Through the Night,0.45357209380340363
5snNHNlYT2UrtZo5HCJkiw_Love Song,0.45375407436185444
2kCcBybjl3SAtIcwdWpUe3_Hate Me,0.45381507287780803
