,3Ayl7mCk0nScecqOzvNp6s_Feeling Lucky
3Ayl7mCk0nScecqOzvNp6s_Feeling Lucky,0.0
5P5FTygHyx2G57oszR3Wot_All These Lives,0.19237386971919745
5P5FTygHyx2G57oszR3Wot_Crashed,0.25615499306912143
09ftaeOBelMc24YoeXAHpg_바나나쉐이크 Banana Shake,0.26088378659624367
3E3xrZtBU5ORqcmX78v5YZ_Up And Go,0.2659928304982526
5Igpc9iLZ3YGtKeYfSrrOE_Sundown - Laidback Luke Remix,0.2764970441323607
7Ln80lUS6He07XvHI8qqHH_Fake Tales Of San Francisco,0.3078998850264558
5BtHciL0e0zOP7prIHn3pP_Blood,0.3093634687512094
1Ffb6ejR6Fe5IamqA5oRUF_medicine,0.31247478534380746
5P5FTygHyx2G57oszR3Wot_Its Not Over,0.31724927351295207
5zeCSgiRyezbfLiGOpKAsR_In Between The Lines,0.31806712532130255
3E3xrZtBU5ORqcmX78v5YZ_Hello Houston,0.3207212606436573
4UXqAaa6dQYAk18Lv7PEgX_Im Like A Lawyer With The Way Im Always Trying To Get You Off (Me & You),0.33257290977285575
5zeCSgiRyezbfLiGOpKAsR_More,0.3550823948834713
0grdhNhiRLFBaFVyybqsj6_Done To Me,0.358741786505314
1Ffb6ejR6Fe5IamqA5oRUF_Drown - New,0.3592844587487072
4RddZ3iHvSpGV4dvATac9X_Gravity,0.36249118678029757
4EENT7N7rCBwrddM3s0vFS_So Haunted,0.3632719768971106
3BmGtnKgCSGYIUhmivXKWX_Dont Let Me Stop You,0.36473101162627647
5Z1CCuBsyhEHngq3U5IraY_What About Now,0.36723206234683053
