,3Ayl7mCk0nScecqOzvNp6s_Evidence
3Ayl7mCk0nScecqOzvNp6s_Evidence,0.0
58XGUNsRNu3cVOIOYk5chx_The Floor,0.4027802999657083
5CG9X521RDFWCuAhlo6QoR_This Is Sad,0.4271654104560144
06HL4z0CvFAxyc27GXpf02_Tim McGraw,0.4359438356417006
5Z1CCuBsyhEHngq3U5IraY_To Be with You,0.4473015530485547
7qG3b048QCHVRO5Pv1T5lw_Dont Turn Off The Lights,0.4581565171973678
3RwQ26hR2tJtA8F9p2n7jG_Angel Doll,0.45930474670410065
3Z02hBLubJxuFJfhacLSDc_Here I Am,0.46690784441234845
5pKCCKE2ajJHZ9KAiaK11H_Birthday Cake,0.46932866537396006
1f5GqyOPo0CkotzzRwviBu_Semicolon,0.4717690473049373
2GLf7iaOOujAem5R87xwto_Kiss Me Forever,0.47747772388975834
0q8J3Yj810t5cpAYEJ7gxt_Everyone,0.4802789289715559
5pKCCKE2ajJHZ9KAiaK11H_Cold Case Love,0.4882894477316735
4AqIRTZF6DDmKmdorgFug6_Too Much Drama,0.48937994608551555
1uNFoZAHBGtllmzznpCI3s_Backpack,0.4904187314803725
13saZpZnCDWOI9D4IJhp1f_Shame for You,0.4932099680163686
5CG9X521RDFWCuAhlo6QoR_My Lady Frustration,0.4932669255913809
3Ayl7mCk0nScecqOzvNp6s_You Are Free,0.4989726263639599
63MQldklfxkjYDoUE4Tppz_Road Blaster,0.5029706192828943
6ewMqjrF31lC8ywRsvm073_Cant Stop Loving You,0.5031214395868753
