,3Ayl7mCk0nScecqOzvNp6s_Integrity Blues - Acoustic
3Ayl7mCk0nScecqOzvNp6s_Integrity Blues - Acoustic,0.0
0vEsuISMWAKNctLlUAhSZC_Le Ballet dOr,0.413580479355613
1eYhYunlNJlDoQhtYBvPsi_Black Jack,0.41556956751375485
3HqSLMAZ3g3d5poNaI7GOU_꽃 (Kkot) : Flower,0.423936802133129
2YZyLoL8N0Wb9xBt1NhZWg_P&P 1.5,0.4680506710669254
3qNVuliS40BLgXGxhdBdqu_This Christmas,0.4741836944133984
5YgywwMtbWxXKwqnCOZoms_Dont Know What It Is,0.4818569515880086
738OS3zrCO782uDiUN9pet_The Fool,0.48388189494350015
5Z1CCuBsyhEHngq3U5IraY_Have You Ever Been In Love,0.49427734608132445
3CjlHNtplJyTf9npxaPl5w_Miracle - Hansa Session,0.5082827296159552
4Ui2kfOqGujY81UcPrb5KE_Right Now,0.5116684542460386
6MDME20pz9RveH9rEXvrOM_Rather Be (feat. Jess Glynne),0.5169130510747088
7n2wHs1TKAczGzO7Dd2rGr_Act Like You Love Me,0.5291857561877525
3HqSLMAZ3g3d5poNaI7GOU_나의 옛날이야기 (Naui Yetnal Iyagi) : My old story,0.535107530666417
7GaxyUddsPok8BuhxN6OUW_You've Got The Power - Single Version,0.535429966001534
5CG9X521RDFWCuAhlo6QoR_Fefe Naa Efe,0.542153632909032
5MlfccEEOw6kihsT8eQtbh_Pruebalo,0.5464853151751053
1r4hJ1h58CWwUQe3MxPuau_Farandulera,0.5506633774059883
2Sqr0DXoaYABbjBo9HaMkM_When He Sees Me,0.5553559657098807
50lhyY7UVI9NyVHl79rVgk_Vin Mariani,0.559340089415163
