,3Ayl7mCk0nScecqOzvNp6s_Please Say No
3Ayl7mCk0nScecqOzvNp6s_Please Say No,0.0
7Ln80lUS6He07XvHI8qqHH_Do I Wanna Know?,0.48292629731751213
5K4W6rqBFWDnAN6FQUkS6x_Roses,0.529659647610032
2Sqr0DXoaYABbjBo9HaMkM_If I Dare - from Battle of the Sexes,0.5309861853922508
64NhyHqRKYhV0IZylrElWu_Gone,0.5351097736017723
1OO2uAMcUCXUkFzDdsr7x7_Hurtown,0.5394341502624806
5zeCSgiRyezbfLiGOpKAsR_Simple Life,0.5410797267032637
6Jrxnp0JgqmeUX1veU591p_The Keepers,0.5417072589523395
3qNVuliS40BLgXGxhdBdqu_Night,0.5432177726480055
5a2EaR3hamoenG9rDuVn8j_Xpectation,0.5498556719747254
1tqZaCwM57UFKjWoYwMLrw_Please Sister,0.5539540970080196
1dy5WNgIKQU6ezkpZs4y8z_minimal,0.5544905533673626
7qG3b048QCHVRO5Pv1T5lw_Heroe,0.5562911865659398
6VuMaDnrHyPL1p4EHjYLi7_One Call Away,0.5577370663087432
1l7ZsJRRS8wlW3WfJfPfNS_Deserve,0.5582198298475582
1WHoAjAWGx5qLsgzpaOk7W_My Curse and Cure (feat. Gustaph),0.5608074647500353
2cJyZ3relxSBT15LIGBjLL_O.T.P,0.5611441888166974
5pUo3fmmHT8bhCyHE52hA6_Home With You,0.5624357731413946
4phGZZrJZRo4ElhRtViYdl_Unlonely,0.5684648664450137
1RBzGO6Nm3uyhUSxP7EDWO_Una Noche Más,0.5693027467611065
