,3BmGtnKgCSGYIUhmivXKWX_Low
3BmGtnKgCSGYIUhmivXKWX_Low,0.0
2BTZIqw0ntH9MvilQ3ewNY_All Through the Night (feat. Shaggy),0.25570449956838504
7o95ZoZt5ZYn31e9z1Hc0a_Happy,0.29396802281690504
3BmGtnKgCSGYIUhmivXKWX_Gone,0.29775313210617893
3qNVuliS40BLgXGxhdBdqu_TURNT AND BURNT,0.2995073206293843
"0EmeFodog0BfCgMzAIvKQp_Ciega, Sordomuda - En Vivo",0.30184476568610796
6dJeKm76NjfXBNTpHmOhfO_Tell Me Something I Dont Know,0.30706098639002016
7qG3b048QCHVRO5Pv1T5lw_Ritmo Total (Rhythm Divine),0.3097651602636457
66CXWjxzNUsdJxJ2JdwvnR_Touch It,0.3104871662958133
3miNucraVWk4hdVsIxn7id_Im Gonna Change The World,0.3154329986773121
1HY2Jd0NmPuamShAr6KMms_Gypsy,0.3161426100855689
6cjO9Zz91AVQWz5Fj2VkWP_Teenage Kicks - From “Teen Spirit” Soundtrack,0.31652694551217697
2gUMs9PE8XZVQyzCDqaYmW_Can I Have This Dance - Original Version,0.31896607508080205
"4WN5naL3ofxrVBgFpguzKo_These Days (feat. Jess Glynne, Macklemore & Dan Caplen) - NEIKED Remix",0.32477208878471875
6clbbhnIqpHnqxwtOWcilg_What If Youre Wrong,0.3256722456715651
2siHvYaxjaW5rKVRiIrMYH_I Do (feat. Sonny),0.3276999402349893
1KCSPY1glIKqW2TotWuXOR_Misery,0.32840244271357566
5CG9X521RDFWCuAhlo6QoR_Pansa Pansa,0.3333101373838985
3XlIhgydjvC4EniPFZT20j_Its Alright,0.3357908849000513
4UXqAaa6dQYAk18Lv7PEgX_Calm Before the Storm,0.337142884598428
