,3Caot8EtHX6wLpNF2wRzS0_Say It To Me Now
3Caot8EtHX6wLpNF2wRzS0_Say It To Me Now,0.0
4S9EykWXhStSc15wEx8QFK_Et sil nen restait quune (je serais celle-là) - Montreal Show,0.2923489378334995
3ppkM4QtM781APpaX7H9t7_Walk Away,0.3450080979651654
5v61OSg53KaQxGMpErkBNp_Creep - Acoustic,0.3492925886944584
4S9EykWXhStSc15wEx8QFK_Because You Loved Me,0.361231773597373
0dEvJpkqhrcn64d3oI8v79_God Rest Ye Merry Gentlemen (feat. Sarah McLachlan),0.37986881486932494
0p4nmQO2msCgU4IF37Wi3j_Baby Its Cold Outside,0.3857116235800449
5qUHCOUsvVKUpVrMMmztMK_Plane Love,0.3870850582072434
2cevwbv7ISD92VMNLYLHZA_With Arms Outstretched,0.3952652991116445
6V3F8MZrOKdT9fU686ybE9_Thats Life,0.39693756211060816
5MlfccEEOw6kihsT8eQtbh_Clave Mambo,0.40105078121526194
"7t4XHvWfj0XtEB8SNFeALw_Baby, I Love You",0.40860220332093355
3PhoLpVuITZKcymswpck5b_Daniel - Live At Madison Square Garden,0.4088392452267301
450o9jw6AtiQlQkHCdH6Ru_The Song is Familiar,0.41112970509785723
776Uo845nYHJpNaStv1Ds4_Straight Ahead,0.4150535229043909
7qG3b048QCHVRO5Pv1T5lw_Esperanza,0.4161507490549644
6XpaIBNiVzIetEPCWDvAFP_I Go To The Rock,0.4185161781443158
5o206eFLx38glA2bb4zqIU_Gold Mine Gutted,0.4186186248488595
450o9jw6AtiQlQkHCdH6Ru_Some Fresh Delic,0.4279440112899976
5CG9X521RDFWCuAhlo6QoR_Mistake (Live At The Berlin Jazz Festival - 1978),0.42983423690800904
