,3Caot8EtHX6wLpNF2wRzS0_The Closing Door
3Caot8EtHX6wLpNF2wRzS0_The Closing Door,0.0
59oA5WbbQvomJz2BuRG071_Mama Oh No,0.36237123458118115
56ZTgzPBDge0OvCGgMO3OY_Lemon Glow,0.4420058774184679
56ZTgzPBDge0OvCGgMO3OY_Space Song,0.4714047339495359
4aEnNH9PuU1HF3TsZTru54_Cant Do Without You,0.47359265871571954
25tMQOrIU4LlUo6Sv8v5SE_I Dont Know Why,0.49274170703357345
3YQKmKGau1PzlVlkL1iodx_Neon Gravestones,0.49799492677919177
5K4W6rqBFWDnAN6FQUkS6x_Street Lights,0.5327172141959633
7uqxSg0aeseXyfFPwSKOMv_Hollywood,0.5361562425530472
31TPClRtHm23RisEBtV3X7_Pusher Love Girl,0.5404160820575669
4Z8W4fKeB5YxbusRsdQVPb_Spectre,0.5411677955242368
6qqNVTkY8uBg9cP3Jd7DAH_watch,0.5459975455719104
56ZTgzPBDge0OvCGgMO3OY_Days of Candy,0.5471732455144772
1WvvwcQx0tj6NdDhZZ2zZz_Swept Inside,0.5530953898584934
4gzpq5DPGxSnKTe4SA8HAU_Always in My Head,0.5630720583112937
1Xyo4u8uXC1ZmMpatF05PJ_Privilege,0.5636613768344717
4gzpq5DPGxSnKTe4SA8HAU_Prospekts March   Poppyfields,0.5642184888046168
4aEnNH9PuU1HF3TsZTru54_Second Chance,0.5651730933825888
7Ln80lUS6He07XvHI8qqHH_Youre So Dark,0.5669805687821621
6UB2gLFLsQHjdKJneXvvEu_Fading Away,0.5719864096910046
