,3Caot8EtHX6wLpNF2wRzS0_Wedding Ring
3Caot8EtHX6wLpNF2wRzS0_Wedding Ring,0.0
0ukgSx1gUt5rUihbNh46qy_Everywhere You Knew,0.32899192733918803
0qzzGu8qpbXYpzgV52wOFT_haikuesque - whispers in the rain mix,0.4022471166006122
5JMLG56F1X5mFmWNmS0iAp_sometimes,0.41019076549828387
4NZvixzsSefsNiIqXn0NDe_Alaska,0.41179942786888896
6G7OerKc3eBO9sVkRNopFC_Empty Shell,0.43486423045503925
38zTZcuN7nFvVJ6auhc6V3_Leather and Wood,0.43861884863338735
5szdY7KaSi7epwyffrbV8c_Hot In The Shade,0.4504436352670255
5sUrlPAHlS9NEirDB8SEbF_Its OK,0.45645242249296
3zunDAtRDg7kflREzWAhxl_The Good Old Days,0.4597678929640376
7MhMgCo0Bl0Kukl93PZbYS_No Distance Left to Run,0.4784482358349376
6G7OerKc3eBO9sVkRNopFC_Top Expert,0.48880140031212965
3yg8VEfEzpr8T9NkiEsycS_Keepyourbusinesstoyourself,0.49307800619677233
4NgNsOXSwIzXlUIJcpnNUp_What Child Is This? (Greensleeves),0.493296722726339
6G7OerKc3eBO9sVkRNopFC_After It All,0.4966537469237103
6G7OerKc3eBO9sVkRNopFC_Islands,0.49683681986742056
5I0EPnV9gwrZYTbScjnaOk_Ela É Carioca,0.4973235832806814
0hEurMDQu99nJRq8pTxO14_Do You Know Me,0.4996702850075217
6G7OerKc3eBO9sVkRNopFC_Metal Heart,0.5077322059819674
5GtMEZEeFFsuHY8ad4kOxv_Tinsel Town,0.5121003867437725
