,3CjlHNtplJyTf9npxaPl5w_Really Gone - Hansa Session
3CjlHNtplJyTf9npxaPl5w_Really Gone - Hansa Session,0.0
4S9EykWXhStSc15wEx8QFK_Je cherche lombre,0.3604976486059835
0x83OBqixqdCHnStP5VMcn_I Didnt Mean To Hurt You,0.39683867015861835
5Z1CCuBsyhEHngq3U5IraY_I Left My Heart in San Francisco,0.42114701353552814
5MlfccEEOw6kihsT8eQtbh_Guaguancó De Los Barrios,0.4282444561253947
4S9EykWXhStSc15wEx8QFK_LAmour existe encore - Montreal Show,0.44910996046772816
0vEsuISMWAKNctLlUAhSZC_When I Dream Of Michelangelo,0.4492362812579737
74ASZWbe4lXaubB36ztrGX_Youre Gonna Make Me Lonesome When You Go - Take 5,0.45121041527082223
3KH7WsR2JZQ94Ik8SyabU6_Chérie,0.4644459576968815
4iHNK0tOyZPYnBU7nGAgpQ_Silent Night,0.46569579138055156
5zaXYwewAXedKNCff45U5l_Spooky,0.4660281422042454
2Sqr0DXoaYABbjBo9HaMkM_Fairytale,0.46715436232407
450o9jw6AtiQlQkHCdH6Ru_Lets Take It To The Stage,0.47175321502134704
7cVZApDoQZpS447nHTsNqu_Because,0.4719070310912388
0uUNzXylqsZdmFDwdxaP1V_I Cant Help It (If Im Still In Love With You),0.47263206819208
6V3F8MZrOKdT9fU686ybE9_Only God Can Judge Me (featuring General Levy),0.4728222971099069
"3mJ9GlkLzj8Ka7Z7EQaCMi_Tiny Glowing Screens, Pt. 2",0.4752374227663326
12VaqyEhgwDRuFfEqbnrpz_The Piano,0.4754950736260781
3zunDAtRDg7kflREzWAhxl_Oh So Lovely,0.4821259633389641
1eYhYunlNJlDoQhtYBvPsi_Thats Enough,0.48625535889905047
