,3Dd1WVQvZUgyi9XEqOIPhA_All Is Well
3Dd1WVQvZUgyi9XEqOIPhA_All Is Well,0.0
3zunDAtRDg7kflREzWAhxl_Mansions Of Los Feliz,0.3261684755525886
6G7OerKc3eBO9sVkRNopFC_Top Expert,0.34560009723447194
2BTZIqw0ntH9MvilQ3ewNY_Who Let In The Rain,0.3554921679125238
74ASZWbe4lXaubB36ztrGX_Youre Gonna Make Me Lonesome When You Go - Take 5,0.3582012075589936
7G1GBhoKtEPnP86X2PvEYO_The Folks Who Live on the Hill - Remastered,0.3856551630762856
450o9jw6AtiQlQkHCdH6Ru_Lets Take It To The Stage,0.392461863609455
3zunDAtRDg7kflREzWAhxl_Oh So Lovely,0.39325274821587397
6clbbhnIqpHnqxwtOWcilg_Reminiscing,0.4036311099083825
5aSnz1nvFeSHw02Ijw0VO3_Save Your Heart For Me,0.40574122980919936
0hEurMDQu99nJRq8pTxO14_Badge And Gun,0.40743896378961786
02rd0anEWfMtF7iMku9uor_What Child Is This?,0.41163173158153776
52o9SO5Qt09Vr9bDCbTbmu_Ive Never Been To Me,0.4146204099592173
24eDfi2MSYo3A87hCcgpIL_Dragos Walk Out,0.4191446556854948
3KH7WsR2JZQ94Ik8SyabU6_Chérie,0.42281237461640286
2sBPVEeMBXKNsZtYaJixnJ_Echo Lake,0.4237544439347431
12VaqyEhgwDRuFfEqbnrpz_The Pocket Knife,0.42671597909932263
6G7OerKc3eBO9sVkRNopFC_Taking People,0.42997579771785616
5zeCSgiRyezbfLiGOpKAsR_Radioactive,0.43624237050038417
3kjuyTCjPG1WMFCiyc5IuB_Neighborhood #4 (7 Kettles),0.4378296102658695
