,3DiDSECUqqY1AuBP8qtaIa_When You Really Love Someone
3DiDSECUqqY1AuBP8qtaIa_When You Really Love Someone,0.0
4kI8Ie27vjvonwaB2ePh8T_1000 Years,0.25550212515968884
2Sqr0DXoaYABbjBo9HaMkM_If I Cant Have You,0.2558341513090203
13saZpZnCDWOI9D4IJhp1f_LDN,0.27364182974694967
0c173mlxpT3dSFRgMO8XPh_Higher,0.28534717382799885
3fMbdgg4jU18AjLCKBhRSm_I Just Can't Stop Loving You (feat. Siedah Garrett) - 2012 Remaster,0.2922115550788848
6hYlDSXfjs7cPYHbU044y0_This Wont Take Long,0.29763265129220784
6Jrxnp0JgqmeUX1veU591p_My Superman,0.30371375138884715
6VuMaDnrHyPL1p4EHjYLi7_Dangerously,0.30524451241297573
6eUKZXaKkcviH0Ku9w2n3V_Lego House,0.3144919138205141
4phGZZrJZRo4ElhRtViYdl_Everywhere,0.31683755077664016
6sFIWsNpZYqfjUpaCgueju_Sunshine On My Shoulders,0.31693823549583733
"5CCwRZC6euC8Odo6y9X8jr_Hello, Hi, Goodbye",0.32317912823962297
74ASZWbe4lXaubB36ztrGX_Cry a While,0.32710004213237726
2auiVi8sUZo17dLy1HwrTU_Crush,0.32725754082418296
0EmeFodog0BfCgMzAIvKQp_Gypsy - Live Version,0.330911105338846
4O5EDKGt6YC5IXkOArVqk3_Now or Never,0.3345771025239512
4phGZZrJZRo4ElhRtViYdl_No Stopping Us,0.3389881212621867
4S9EykWXhStSc15wEx8QFK_My Love - Live,0.3424613548886869
6vWDO969PvNqNYHIOW5v0m_6 Inch (feat. The Weeknd),0.34437439232869715
