,3E3xrZtBU5ORqcmX78v5YZ_Stay Where I Can See You
3E3xrZtBU5ORqcmX78v5YZ_Stay Where I Can See You,0.0
3E3xrZtBU5ORqcmX78v5YZ_Given The Chance,0.2475371063664351
3E3xrZtBU5ORqcmX78v5YZ_Inspired By The $,0.26191964871170037
3E3xrZtBU5ORqcmX78v5YZ_Bedroom Talk,0.26710172870907495
5v61OSg53KaQxGMpErkBNp_The Resistance,0.2682087462445105
5P5FTygHyx2G57oszR3Wot_Losing My Mind,0.2763236845262481
2HcwFjNelS49kFbfvMxQYw_Lovelight,0.2808215181740943
"3E3xrZtBU5ORqcmX78v5YZ_Almost There, Going Nowhere",0.28098571067656725
3zunDAtRDg7kflREzWAhxl_Peach Blossom,0.2947268471391972
7Ln80lUS6He07XvHI8qqHH_When The Sun Goes Down,0.29611351622169335
0yNLKJebCb8Aueb54LYya3_Restless,0.2965550589068957
4RddZ3iHvSpGV4dvATac9X_Break The Fall,0.2968948446572266
77AiFEVeAVj2ORpC85QVJs_Hoovela,0.29752015010842986
06HL4z0CvFAxyc27GXpf02_Marys Song (Oh My My My),0.2978210037064345
4UXqAaa6dQYAk18Lv7PEgX_Reinventing the Wheel to Run Myself Over,0.29860302634401037
3E3xrZtBU5ORqcmX78v5YZ_Way With Words,0.30194986624946335
3E3xrZtBU5ORqcmX78v5YZ_Birds,0.3059591228112952
1vCWHaC5f2uS3yhpwWbIA6_Dear Boy - Avicii By Avicii,0.3068140185847616
5Rl15oVamLq7FbSb0NNBNy_500 Years Of Winter - Pizza Song,0.30922886190803933
3LjhVl7GzYsza1biQjTpaN_Given It All,0.3115464399127326
