,3HqSLMAZ3g3d5poNaI7GOU_Follow The Moon
3HqSLMAZ3g3d5poNaI7GOU_Follow The Moon,0.0
1uNFoZAHBGtllmzznpCI3s_Overboard,0.29922366700375325
3BmGtnKgCSGYIUhmivXKWX_My Favorite Things,0.3140540322499069
6V3F8MZrOKdT9fU686ybE9_Mack Life - Aka Return Of The Mack - Recorded Live in Italy,0.3283199370363899
51Blml2LZPmy7TTiAg47vQ_Lights Of Home - St Peter's String Version,0.33812949418264665
6H4lieipng8aGu3Hbd1UeJ_My Heart Would Take You Back,0.34567638226666786
3miNucraVWk4hdVsIxn7id_Water,0.34575347738756035
1l8Fu6IkuTP0U5QetQJ5Xt_All I Want for Christmas Is You,0.35063127891418777
3Z02hBLubJxuFJfhacLSDc_All For Love - From The Three Musketeers,0.3516742671668648
5CCwRZC6euC8Odo6y9X8jr_Been Lying,0.35356142776512317
3Ayl7mCk0nScecqOzvNp6s_Heart Is Hard To Find,0.36026725788338354
1RyvyyTE3xzB2ZywiAwp0i_Any Many Miny Mo,0.36619142415214717
3XlIhgydjvC4EniPFZT20j_Powerful Thing,0.3682932365621988
5g3uG8zZZANGT6YOssgjfC_The Long Way Home,0.3717943263581619
3PhoLpVuITZKcymswpck5b_Crocodile Rock - Live At Madison Square Garden,0.3746004352688612
6O74knDqdv3XaWtkII7Xjp_Ill Make Love To You,0.3831634715340104
0QrowybipCKUDnq5y10PD2_Windows Are Rolled Down,0.383659184408364
1WHoAjAWGx5qLsgzpaOk7W_True False Fake Real,0.38578812261022755
0EmeFodog0BfCgMzAIvKQp_Sale el Sol,0.38692045142405257
5Z1CCuBsyhEHngq3U5IraY_Bop Bop Baby,0.3882102289572051
