,3HqSLMAZ3g3d5poNaI7GOU_heart
3HqSLMAZ3g3d5poNaI7GOU_heart,0.0
3Z02hBLubJxuFJfhacLSDc_The Tracks Of My Tears,0.4005784657413813
1vyhD5VmyZ7KMfW5gqLgo5_Safari,0.4388134639892529
305pg6Bs6Mz9Tm2zK66psY_Whats your (feat. areyouchildish),0.44103712049720356
7meyrw7Or5DwteYxDJrkCM_Run It Up,0.4426748940532697
7c1HgFDe8ogy5NOZ1ANCJQ_Dont Leave Me Alone,0.4428265688281437
305pg6Bs6Mz9Tm2zK66psY_The Song I Will Sing at My Wedding (feat. areyouchildish),0.45204777561390314
1Xyo4u8uXC1ZmMpatF05PJ_Earned It (Fifty Shades Of Grey) - From The Fifty Shades Of Grey Soundtrack,0.46566179389041046
1r4hJ1h58CWwUQe3MxPuau_Marinero,0.4677880762859759
6Vn7I7CIlw8jJecLo22RNE_Rough Sex,0.47162297585646407
60NNvDqsif0u40CXMV6jDQ_Haircut,0.47291584641412276
1r4hJ1h58CWwUQe3MxPuau_Felices los 4,0.48571835407780733
5snNHNlYT2UrtZo5HCJkiw_Eternal Sunshine,0.4873490635607562
246dkjvS1zLTtiykXe5h60_Sunflower - Spider-Man: Into the Spider-Verse,0.48905569336249816
7n2wHs1TKAczGzO7Dd2rGr_No Promises,0.49243939154495575
3HqSLMAZ3g3d5poNaI7GOU_Between the lips(50cm),0.49315339835416816
3HqSLMAZ3g3d5poNaI7GOU_Through the Night,0.49366140098287814
3zunDAtRDg7kflREzWAhxl_Flyswatter,0.4938312027773729
74ASZWbe4lXaubB36ztrGX_Winter Wonderland,0.49413775174612384
5pKCCKE2ajJHZ9KAiaK11H_Loveeeeeee Song - Album Version (Edited),0.49934014008297123
