,3HqSLMAZ3g3d5poNaI7GOU_The Shower
3HqSLMAZ3g3d5poNaI7GOU_The Shower,0.0
7JgXEHI1oEiQICAMeCsKTj_High on Your Love,0.258863978347738
6eUKZXaKkcviH0Ku9w2n3V_The A Team,0.3031062454224258
4NgNsOXSwIzXlUIJcpnNUp_The Sound That Love Makes,0.32297646959563636
4phGZZrJZRo4ElhRtViYdl_You Can Rely On Me,0.3424039504040221
7HeVXdOdMhLslVputGTZFQ_Velvet Gloves & Spit,0.34433098632421993
2YZyLoL8N0Wb9xBt1NhZWg_Opposites Attract (Tomorrow W O Her),0.3540000381303678
3HqSLMAZ3g3d5poNaI7GOU_ugly duckling,0.36638516560798856
4iHNK0tOyZPYnBU7nGAgpQ_My All,0.37210498808090736
6fTEkjuuZ3hH6fdeBxxbA2_Graze,0.3721296674064594
0ukAv4dLteeOA5IcKDpR2X_Meaning of Love,0.3757925085038009
3YR92OLKlvkK5oKNekSqXe_Let Me Love You,0.379521479848969
2JqqCQCcocEQA6NH1fTvSw_Bbgirl,0.38672316174938254
5jkcIAzNJfptzIC9lMTEEF_Life In A Northern Town,0.3895111285467017
4ryoUS0W8qXokfMxrlJt6O_Calm Down - Acoustic,0.3906351867612435
6a3Mfrn2XBR1DfPg1QGa1d_Summer Night You and I,0.39118992715117135
5zeCSgiRyezbfLiGOpKAsR_All You Gotta Do Is Dream,0.39254651394976026
6V3F8MZrOKdT9fU686ybE9_Just A Man,0.39565514091381915
74ASZWbe4lXaubB36ztrGX_Scarlet Town,0.3992683289302154
5zzbSFZMVpvxSlWAkqqtHP_Devil Dancing,0.39968760823437927
