,3HqSLMAZ3g3d5poNaI7GOU_Modern Times
3HqSLMAZ3g3d5poNaI7GOU_Modern Times,0.0
5y2Xq6xcjJb2jVM54GHK3t_Quickly (feat. Brandy),0.34260242681791603
7c1HgFDe8ogy5NOZ1ANCJQ_Till the End of Time,0.35194135588246384
7Ln80lUS6He07XvHI8qqHH_Batphone,0.36699926716753517
5K4W6rqBFWDnAN6FQUkS6x_Diamonds From Sierra Leone - Bonus Track,0.38962709318222033
3LjhVl7GzYsza1biQjTpaN_Under the Blue   Take Me In,0.4069587421709624
0Y5tJX1MQlPlqiwlOH1tJY_through the late night,0.4090419728250817
4ScCswdRlyA23odg9thgIO_Thursday (feat. H.E.R.),0.4234452678647796
0XATRDCYuuGhk0oE7C0o5G_Bad bye,0.4293119399161114
7c1HgFDe8ogy5NOZ1ANCJQ_Tree,0.430461948016476
4phGZZrJZRo4ElhRtViYdl_The Remedy (I Wont Worry),0.4337129778739227
5GtMEZEeFFsuHY8ad4kOxv_The Way I Lie,0.43861108360974965
5y2Xq6xcjJb2jVM54GHK3t_Love Me Now,0.4423333646957539
0hEurMDQu99nJRq8pTxO14_Clarity,0.44637579390500803
4bpY9pKx3mCQXZFO4RqsDb_Propose,0.44773944311319924
5INjqkS1o8h1imAzPqGZBb_Disciples,0.4526300823175828
0du5cEVh5yTK9QJze8zA0C_Moonshine,0.45264922896532245
3LjhVl7GzYsza1biQjTpaN_Molecules,0.45753344323499695
3HqSLMAZ3g3d5poNaI7GOU_Obliviate,0.46123244762563553
"5UT1mOF7JAjcc7e3wen8vw_Lie 거짓말 (Feat. Gogang, jeebanoff)",0.46210151682578227
