,3HqSLMAZ3g3d5poNaI7GOU_Palette (Feat. G-DRAGON)
3HqSLMAZ3g3d5poNaI7GOU_Palette (Feat. G-DRAGON),0.0
70ptvBQye3QMlbuTKrF1qb_Help Me,0.29509604357831604
64KEffDW9EtZ1y2vBYgq8T_Project Dreams,0.31294428491060444
5szdY7KaSi7epwyffrbV8c_Feel Alright Nashville,0.3280525617391975
6wKxOKEA3K6R2UZ3COLXEY_Bridge and the Wall,0.3411232239147822
0QHgL1lAIqAw0HtD7YldmP_Jermaines Interlude (feat. J. Cole),0.34177078959211304
3LjhVl7GzYsza1biQjTpaN_Feelings,0.34505843957603477
"7CajNmpbOovFoOoasH2HaY_Heatstroke (feat. Young Thug, Pharrell Williams & Ariana Grande)",0.3465365477358712
7CajNmpbOovFoOoasH2HaY_One Kiss (with Dua Lipa),0.347105175260955
5rSXSAkZ67PYJSvpUpkOr7_Chateau,0.3720081249172991
5y2Xq6xcjJb2jVM54GHK3t_Darkness and Light,0.37537846813864034
5y2Xq6xcjJb2jVM54GHK3t_Darkness and Light (feat. Brittany Howard),0.37537846813864034
57MtJQ6Sc4tIxrXIhrqVJL_Hazel House,0.3765975933278717
5a2EaR3hamoenG9rDuVn8j_The Word,0.37998988331270883
6oMuImdp5ZcFhWP0ESe6mG_Alright,0.3822545692332172
31IZdHrCZ5pRhLz4zBxN3o_Cool It Down (feat. Amber Coffman),0.390214818581872
4xRYI6VqpkE3UwrDrAZL8L_100 Miles and Running (ft. Wale & John Lindahl),0.39399973692186374
78sJswwVn4P8aEhkF4K6fQ_My Love,0.4014167084967455
6PXS4YHDkKvl1wkIl4V8DL_Strawberry Kush,0.409393134131362
1HY2Jd0NmPuamShAr6KMms_Diggin My Grave,0.41016542791068367
