,3HqSLMAZ3g3d5poNaI7GOU_Boo
3HqSLMAZ3g3d5poNaI7GOU_Boo,0.0
4RddZ3iHvSpGV4dvATac9X_Elevate,0.28301561968056005
4AK6F7OLvEQ5QYCBNiQWHq_Loved You First,0.33673038899675733
5P5FTygHyx2G57oszR3Wot_Waiting for Superman,0.34944795229803005
6jJ0s89eD6GaHleKKya26X_California Gurls,0.36591918210839414
1Cs0zKBU1kc0i8ypK3B9ai_Sun Goes Down (feat. MAGIC! & Sonny Wilson),0.39525797926815004
7gAppWoH7pcYmphCVTXkzs_Just My Type,0.40483948476822623
3YdT8QvV4QvY4DfVJhxdcZ_So Much More Than This,0.4056118232917395
5a2EaR3hamoenG9rDuVn8j_If Eye Was the Man In Ur Life,0.4165536560405761
34v5MVKeQnIo0CWYMbbrPf_Called It Off,0.4396924321454507
6yhD1KjhLxIETFF7vIRf8B_I Like The Way,0.44413998998476895
57MtJQ6Sc4tIxrXIhrqVJL_You Say It Too,0.44970996493675086
56mV6FhCrg12O6mOTLxo73_Sentimental,0.45944080013563293
6JL8zeS1NmiOftqZTRgdTz_TREAT MYSELF,0.4779802571480762
7CajNmpbOovFoOoasH2HaY_Relax,0.4886244914597997
67qogtRNI0GjUr8PlaG6Zh_Lights Go Down,0.49710177760408897
5rSXSAkZ67PYJSvpUpkOr7_The Call,0.49970122486898483
6JL8zeS1NmiOftqZTRgdTz_NO EXCUSES,0.5040348556596117
166Dz1GX3xonSQ3Z6CQW26_How Deep Is Your Love?,0.504769323755446
0rW6fVd3yuW2CF2sLYWQtE_HIGH SPIRIT (Feat. Yoonmirae),0.5064096195828942
