,3JhNCzhSMTxs9WLGJJxWOY_Church (feat. Geo of Blue Scholars)
3JhNCzhSMTxs9WLGJJxWOY_Church (feat. Geo of Blue Scholars),0.0
5snNHNlYT2UrtZo5HCJkiw_Map the Soul (feat. MYK),0.3589880505536395
1YHEWOOihLfFvJn3D3ybfL_(Bonus) I Swear to God,0.3630366544764039
4ehtJnVumNf6xzSCDk8aLB_Somebody Im Not,0.36631285067557356
31TPClRtHm23RisEBtV3X7_Young Man,0.39162278820589425
1r4hJ1h58CWwUQe3MxPuau_Borro Cassette,0.3929931045915407
0qzzGu8qpbXYpzgV52wOFT_Excuses,0.3951474364496985
3JhNCzhSMTxs9WLGJJxWOY_The Town,0.40225520609158916
1gkSl4XpHIHI4I1WQbfXOE_Fuck Or Kill,0.42034398569574766
7n2wHs1TKAczGzO7Dd2rGr_Patience,0.4205500459171407
3JhNCzhSMTxs9WLGJJxWOY_Love Song (feat. Evan Roman),0.42352264795612365
1r4hJ1h58CWwUQe3MxPuau_Cuenta a Saldo,0.42419318891585023
6TIYQ3jFPwQSRmorSezPxX_Eddie Cane,0.4257766836870464
1r4hJ1h58CWwUQe3MxPuau_HP,0.4263683053286032
31IZdHrCZ5pRhLz4zBxN3o_Teal Tone Lobster,0.4266057591309022
1gkSl4XpHIHI4I1WQbfXOE_Mud,0.4300186489212484
1GAS0rb4L8VTPvizAx2O9J_Camera Thief,0.43010707122642317
3rHl3rSgCnHhOlVB87ZxyF_Sunday Morning,0.4310013598192594
6G7OerKc3eBO9sVkRNopFC_Ruin,0.4330933868766682
1AWNf5CLnHH4oM1hcHiVeV_Penny Hardaway,0.43447536524479213
