,3K9tHJAs4IzHVv6cMzp2rN_Favorite Things
3K9tHJAs4IzHVv6cMzp2rN_Favorite Things,0.0
12VaqyEhgwDRuFfEqbnrpz_The Camp,0.28714503631858723
0PFFKJfJZU5TbgQXIw8cBr_Stolen Dance,0.3099822180346005
4phGZZrJZRo4ElhRtViYdl_The Forecast,0.32392631282710155
4NgNsOXSwIzXlUIJcpnNUp_Wait,0.33078450242657015
12VaqyEhgwDRuFfEqbnrpz_The Orange Monkey,0.33981027692211224
6edGSAX5dVpeJVwu1Q0NwJ_(I Wish I Knew How It Would Feel To Be) Free   One - Medley,0.3490924115402998
0ukgSx1gUt5rUihbNh46qy_Lysandre,0.3702505339750701
1RnGhd2JfN5nbVOvYmhDyO_Put It,0.3835619142336257
0EmeFodog0BfCgMzAIvKQp_Dia de Enero,0.39230657214731035
3miNucraVWk4hdVsIxn7id_27 Forever,0.39674666879646425
51Blml2LZPmy7TTiAg47vQ_Sleep Like A Baby Tonight,0.40105883835966427
3XlIhgydjvC4EniPFZT20j_For the Last Time,0.401168291532487
1Xyo4u8uXC1ZmMpatF05PJ_Professional,0.40302949357400897
6O4EGCCb6DoIiR6B1QCQgp_Dont Try,0.4050810080291733
6WY7D3jk8zTrHtmkqqo5GI_Kingdom of One,0.4055215689123071
1GAS0rb4L8VTPvizAx2O9J_Virgo,0.4111916308591063
7aA592KWirLsnfb5ulGWvU_From The Ground,0.41217503134537403
3DiDSECUqqY1AuBP8qtaIa_If I Was Your Woman   Walk On By,0.41328188286727124
6iDaoPZVgxrTkndDCisX8F_Lord I Hope This Day Is Good,0.41397547922028016
