,3KH7WsR2JZQ94Ik8SyabU6_Naforo
3KH7WsR2JZQ94Ik8SyabU6_Naforo,0.0
3XlIhgydjvC4EniPFZT20j_The Song Remembers When,0.4090794450578481
4S9EykWXhStSc15wEx8QFK_La diva,0.4582431327850646
1bT7m67vi78r2oqvxrP3X5_Undo (with Calum Scott) - Acoustic,0.46108656145802074
5p1ARDx76hnOXoeigLIKit_Norte,0.47126181607117645
3XlIhgydjvC4EniPFZT20j_Melancholy Blue,0.48757003719966685
5WUlDfRSoLAfcVSX1WnrxN_Underneath The Christmas Lights,0.5179338232903059
1KCSPY1glIKqW2TotWuXOR_Wild Hearts Cant Be Broken,0.5186987396531639
4rdoYKpVduYtHfKJgUnOkS_A Fever,0.5247736250812719
6hOmN8M6PFfinNlJgkxNAf_Mexican Twist,0.5314001302760818
67ea9eGLXYMsO2eYQRui3w_Joker James,0.5335798495006927
7HIjKw4rHS0MtmV0cqSlpB_Want My Love,0.536348313581445
3miNucraVWk4hdVsIxn7id_Slow Moving Train,0.5394283719966736
5MsnoFODDc5nxWrjm99Zew_26 Miles (Santa Catalina),0.5470568641794588
5MlfccEEOw6kihsT8eQtbh_Tartara,0.5516429028770953
3HqSLMAZ3g3d5poNaI7GOU_Full Stop,0.5530837812058905
4iHNK0tOyZPYnBU7nGAgpQ_After Tonight,0.556857547335748
0qzzGu8qpbXYpzgV52wOFT_Feeling,0.5572973550820507
2OLihLtYOqpRtNddqyLWsG_El Cuini Tiene Bandera,0.5619666205057086
4Z8W4fKeB5YxbusRsdQVPb_Last Flowers,0.564023722202129
