,3KH7WsR2JZQ94Ik8SyabU6_Kobena toumado
3KH7WsR2JZQ94Ik8SyabU6_Kobena toumado,0.0
3KH7WsR2JZQ94Ik8SyabU6_Fourousso Kono,0.39649052896780046
2sBPVEeMBXKNsZtYaJixnJ_Holier Than No One,0.5156453694776234
2sBPVEeMBXKNsZtYaJixnJ_The Number,0.5666920314309171
2sBPVEeMBXKNsZtYaJixnJ_Keep It On,0.5690244455226223
1KCSPY1glIKqW2TotWuXOR_Wild Hearts Cant Be Broken,0.6190574849826924
3KH7WsR2JZQ94Ik8SyabU6_Chéri coco,0.6266843850094597
3KH7WsR2JZQ94Ik8SyabU6_Se te gui,0.6271817000325618
4S9EykWXhStSc15wEx8QFK_La diva,0.6285534080865375
49J2FQGwlcwdE3AHT2PSOW_Cuando Ya No Me Quieras,0.6390773820790605
3Ayl7mCk0nScecqOzvNp6s_Integrity Blues,0.6481578678330289
0qzzGu8qpbXYpzgV52wOFT_all the flowers,0.649354206334294
3KH7WsR2JZQ94Ik8SyabU6_Gnegni ni,0.6578024216086157
5WUlDfRSoLAfcVSX1WnrxN_Fair Game,0.6635223809083387
6TV0LZ3BaEun0OQEh96elP_Great Is Thy Faithfulness - The Voice Performance,0.6943298462187274
7HeVXdOdMhLslVputGTZFQ_Resurrection Drive Part II,0.6961371979715829
2BTZIqw0ntH9MvilQ3ewNY_Crossroads,0.6973779001787588
2h93pZq0e7k5yf4dywlkpM_Self Control,0.7043689052910636
4kwCLM6VuDfkyWAyn9xFlq_Dear John - BBC Russ Conway Show 26 7 62,0.7066553151936652
2sBPVEeMBXKNsZtYaJixnJ_How to Survive In,0.7155875955091665
