,3kjuyTCjPG1WMFCiyc5IuB_Awful Sound (Oh Eurydice)
3kjuyTCjPG1WMFCiyc5IuB_Awful Sound (Oh Eurydice),0.0
6H4lieipng8aGu3Hbd1UeJ_Someone To Love,0.2034160845531086
3Z02hBLubJxuFJfhacLSDc_All For Love - From The Three Musketeers,0.23551967657742198
3PhoLpVuITZKcymswpck5b_Mansfield,0.2433670609339455
5GtMEZEeFFsuHY8ad4kOxv_I Know What You Did,0.2751154419746672
2sBPVEeMBXKNsZtYaJixnJ_What Faces The Sheet,0.28040823038582097
0EmeFodog0BfCgMzAIvKQp_Objection (Tango),0.28930842572653614
5zgc8pooHxd4un0F49YaCJ_Bright Idea,0.29590553865721225
51Blml2LZPmy7TTiAg47vQ_Lights Of Home - St Peter's String Version,0.2976806679369409
5Z1CCuBsyhEHngq3U5IraY_Im Already There,0.30173104182607435
3PhoLpVuITZKcymswpck5b_Looking Up,0.30493058249885857
0EmeFodog0BfCgMzAIvKQp_The One,0.30501489382669644
0QrowybipCKUDnq5y10PD2_Windows Are Rolled Down,0.30614819500214346
3PhoLpVuITZKcymswpck5b_Birds,0.30680262422937493
3PhoLpVuITZKcymswpck5b_This Train Dont Stop There Anymore,0.3091267291050573
4gzpq5DPGxSnKTe4SA8HAU_Trouble,0.30995518157153934
02rd0anEWfMtF7iMku9uor_From The Inside Out,0.3116375345545238
6yhD1KjhLxIETFF7vIRf8B_Something You Need,0.3123484719484811
2siHvYaxjaW5rKVRiIrMYH_Lifeline,0.31241752227250125
6jJ0s89eD6GaHleKKya26X_The One That Got Away,0.31601181189841343
