,3LjhVl7GzYsza1biQjTpaN_Cliffs Edge
3LjhVl7GzYsza1biQjTpaN_Cliffs Edge,0.0
5snNHNlYT2UrtZo5HCJkiw_Rich,0.34913230426081104
6Ad91Jof8Niiw0lGLLi3NW_Falling Skies (feat. Charlotte Lawrence),0.36245037435622934
2siHvYaxjaW5rKVRiIrMYH_Im Outta Love,0.3701375864269548
2BTZIqw0ntH9MvilQ3ewNY_Rocking Chair,0.3791064500596333
51Blml2LZPmy7TTiAg47vQ_Moment Of Surrender,0.3990827782031584
2BTZIqw0ntH9MvilQ3ewNY_Lyfe,0.4021091276408679
053q0ukIDRgzwTr4vNSwab_Circumambient,0.4058385501183303
02rd0anEWfMtF7iMku9uor_Is There Life Out There,0.411076049777894
6vWDO969PvNqNYHIOW5v0m_If I Were a Boy,0.415007560407485
5pKCCKE2ajJHZ9KAiaK11H_Music Of The Sun,0.42335561959333073
31TPClRtHm23RisEBtV3X7_Medley: Summer Love   Set the Mood (Prelude),0.42726356235996044
6Jrxnp0JgqmeUX1veU591p_Unstoppable,0.4319496537543888
6fLrPFLWLSCrp7gcTZXcKb_Shooting Holes,0.43282311220501657
7fGhUgW2TDm5bkaUrFz8qP_Come wit It,0.43408611957433996
5zaXYwewAXedKNCff45U5l_Mockingbird - BBC Saturday Club 5 7 65,0.43463358009729774
"5pKCCKE2ajJHZ9KAiaK11H_You Dont Love Me (No, No, No)",0.4374026359393281
3aTuTR5Nf6pVW3837q2ZL7_Bonefide In Dub,0.43776853683667244
1OO2uAMcUCXUkFzDdsr7x7_Whats Real,0.43790221614941804
4EENT7N7rCBwrddM3s0vFS_Memories We Share,0.43795103131955365
