,3MblbJw8sIsp03qboRPeUJ_Vengeance
3MblbJw8sIsp03qboRPeUJ_Vengeance,0.0
5zeCSgiRyezbfLiGOpKAsR_Radioactive,0.44568801491641635
7MgtGWgUT1SbK4NeTRtf6q_Weed,0.4582064174149265
0QrowybipCKUDnq5y10PD2_Sympathize,0.47718137046951825
1eYhYunlNJlDoQhtYBvPsi_Here We Go Again (with Norah Jones),0.4805018851498316
3DiDSECUqqY1AuBP8qtaIa_One Thing,0.4833512102498417
2Sqr0DXoaYABbjBo9HaMkM_A Safe Place to Land (feat. John Legend),0.4844124003792671
3zunDAtRDg7kflREzWAhxl_Mansions Of Los Feliz,0.4879885751861678
3tMU1lEnU1nNvSlLhU4qBi_How You Lied,0.49321660809687284
3A47WLYv4McK5qzMhOXvJm_Disco Maniac,0.5079667573592158
3Dd1WVQvZUgyi9XEqOIPhA_All Is Well,0.5135830854352148
02rd0anEWfMtF7iMku9uor_Jingle Bell Rock,0.5144837594341835
0hEurMDQu99nJRq8pTxO14_Badge And Gun,0.5165153458108694
776Uo845nYHJpNaStv1Ds4_Hey Gypsy Boy,0.5166846026511617
7cVZApDoQZpS447nHTsNqu_Because,0.5171313029391515
26dSoYclwsYLMAKD3tpOr4_Everytime,0.5218491607095254
5I0EPnV9gwrZYTbScjnaOk_Batucada - Ao Vivo,0.5237554164252772
3zunDAtRDg7kflREzWAhxl_Oh So Lovely,0.5334349826361803
3KH7WsR2JZQ94Ik8SyabU6_Chérie,0.5351675144579504
5zeCSgiRyezbfLiGOpKAsR_She Drives Me Crazy,0.5360650737682339
