,3miNucraVWk4hdVsIxn7id_Wicked Man
3miNucraVWk4hdVsIxn7id_Wicked Man,0.0
4RddZ3iHvSpGV4dvATac9X_Getting Away With Murder,0.37655095094416546
776Uo845nYHJpNaStv1Ds4_Here He Comes (Lover Man) - previously unreleased recording,0.39181072684880935
4RddZ3iHvSpGV4dvATac9X_Days Of War,0.4049859124835283
0grdhNhiRLFBaFVyybqsj6_Heart On The Line,0.4090817837794531
2sSmGd0x45FGBtjJwNBSFr_Amoeba,0.42629175177170914
2P560DaOMNDUACoH8ZhOCR_Sounds From The Street,0.4304523109622719
4wsg78KGu80m8Xk37PY2uG_Self Destruct,0.4397075413071117
0yzFSxsLtxHlnG1fYLhK3A_Pass The Hat Around,0.4496502910218369
4RddZ3iHvSpGV4dvATac9X_Take Me,0.47016140480300117
"776Uo845nYHJpNaStv1Ds4_Sunshine Of Your Love - Live 10 12 68 Winterland, San Francisco, CA",0.4718284282814322
2BTZIqw0ntH9MvilQ3ewNY_Money Changes Everything,0.476305898749775
7y1eOtLHqKxhYIsskQA5CJ_Knife Fight,0.4768584859099283
"3E3xrZtBU5ORqcmX78v5YZ_Surprise, Surprise",0.48963519859098076
4AqIRTZF6DDmKmdorgFug6_Canine Euthanasia,0.49809030880526234
4RddZ3iHvSpGV4dvATac9X_Stop Looking Start Seeing,0.5078658319609295
3zD5liDjbqljSRorrrcEjs_Yesterday Is Dead,0.5194670915450217
2P560DaOMNDUACoH8ZhOCR_Takin My Love,0.5221128576315397
4AqIRTZF6DDmKmdorgFug6_Anarchy Burger (Hold the Government),0.5237903709908734
4AqIRTZF6DDmKmdorgFug6_Thanx For Nothing,0.5238193858638626
