,3PhoLpVuITZKcymswpck5b_If The River Can Bend
3PhoLpVuITZKcymswpck5b_If The River Can Bend,0.0
4iHNK0tOyZPYnBU7nGAgpQ_Someday,0.31983680222133587
01C9OoXDvCKkGcf735Tcfo_Je TAime...Noi Non Plus,0.3366276562437111
01C9OoXDvCKkGcf735Tcfo_Je T'Aime...Noi Non Plus,0.3366276562437111
3PhoLpVuITZKcymswpck5b_On Dark Street,0.33876895883935904
2VIoWte1HPDbZ2WqHd2La7_Like It Or Not,0.3527972211469178
2BTZIqw0ntH9MvilQ3ewNY_Dear John,0.35388401721546475
3BmGtnKgCSGYIUhmivXKWX_Just Missed The Train,0.3549190779912297
"450o9jw6AtiQlQkHCdH6Ru_If You Dont Like the Effects, Dont Produce the Cause",0.3594049144479952
"450o9jw6AtiQlQkHCdH6Ru_If You Don't Like the Effects, Don't Produce the Cause",0.3594049144479952
51Blml2LZPmy7TTiAg47vQ_Angel Of Harlem,0.360314661029033
2gsggkzM5R49q6jpPvazou_Conquer The World,0.36321102352656437
1uNFoZAHBGtllmzznpCI3s_One Time,0.3665128639068878
4wucqyuotyHg3kBk1aMTTN_Waiting...,0.37140107195106337
3PhoLpVuITZKcymswpck5b_The Big Picture,0.37535273630473837
1n65zfwYIj5kKEtNgxUlWb_Spellbound,0.3771020234494652
2VIoWte1HPDbZ2WqHd2La7_If We Only Had The Time (From Shell Shock),0.37829914977056
3miNucraVWk4hdVsIxn7id_Anything,0.3822543481194326
6vXTefBL93Dj5IqAWq6OTv_Gettin High,0.3833386597458691
0grdhNhiRLFBaFVyybqsj6_Fools Game,0.38703219421517476
