,3PhoLpVuITZKcymswpck5b_Jimmie Rodgers Dream
3PhoLpVuITZKcymswpck5b_Jimmie Rodgers Dream,0.0
7ia4FaCVsbXvhVwagCJk7l_Body Reprise,0.22036014881196508
3PhoLpVuITZKcymswpck5b_A Dream Come True,0.35898402367002835
23NIwARd4vPbxt3wwNnJ6k_Uncast Shadow of a Southern Myth,0.40807963507668854
5g3uG8zZZANGT6YOssgjfC_Slow Lane,0.41816525082906186
2sBPVEeMBXKNsZtYaJixnJ_Give Your Light Off,0.4296429390246167
4SHUH9rR3Zs3kkFxlCx9xi_Albatross,0.4342866447182818
6QobJ3vnalBTlsdOrvQTIt_Hold on Me,0.4373166201974588
5juOkIIy18sFw9L30syt1Z_A Dedication,0.4483795052120752
4Z8W4fKeB5YxbusRsdQVPb_Street Spirit (Fade Out),0.45166818971926015
0qzzGu8qpbXYpzgV52wOFT_Curls,0.47306937220905637
2g3PKH7Z1Ofn5oGR6oDjLy_Just Pickin,0.47947696304791015
6DiOOEpE72LMevCgPUlNNO_Brenda,0.4837536214933156
23NIwARd4vPbxt3wwNnJ6k_Psycho Structures,0.4857590575435822
5juOkIIy18sFw9L30syt1Z_Good Luck,0.4866014555931279
0qzzGu8qpbXYpzgV52wOFT_Raincoat,0.4875695525278533
6O4EGCCb6DoIiR6B1QCQgp_Best Around,0.4891612289344982
5g3uG8zZZANGT6YOssgjfC_Flesh and Bone,0.4957802351800724
2Sqr0DXoaYABbjBo9HaMkM_Islands,0.5022774483307654
19BGdnPfeXHTVUEa5QjRvj_Chelsea Theme,0.5045312782385927
