,3qnGvpP8Yth1AqSBMqON5x_Bad Bad News
3qnGvpP8Yth1AqSBMqON5x_Bad Bad News,0.0
5snNHNlYT2UrtZo5HCJkiw_아까워 You Dont Deserve her,0.31775609295749896
3HqSLMAZ3g3d5poNaI7GOU_꿍따리 샤바라 (Kkungttari-Shabara) (feat.Clon) : Boom Ladi Dadi,0.3589148655048149
6fLrPFLWLSCrp7gcTZXcKb_Sympathy (feat. Rainsford),0.36418874899588966
1WHoAjAWGx5qLsgzpaOk7W_You Belong,0.3667368168731931
6V3F8MZrOKdT9fU686ybE9_Wanna Be Your Man,0.368865912101183
"0rW6fVd3yuW2CF2sLYWQtE_In My Whip (feat. Jay Park, Superbee & The Quiett)",0.37129457821448003
0QrowybipCKUDnq5y10PD2_Crooked,0.3717302334880792
2Sqr0DXoaYABbjBo9HaMkM_I Choose You,0.3730770579432989
31IZdHrCZ5pRhLz4zBxN3o_Stay Away from You,0.37975343786087523
"13ubrt8QOOCPljQ2FL1Kca_Black Tux, White Collar",0.3819394721615244
0t7c4kEOzEpaOvYF8kRA27_Tonight Its Christmas Time,0.3955176581815933
0t7c4kEOzEpaOvYF8kRA27_Tonight It's Christmas Time,0.3955176581815933
3Z02hBLubJxuFJfhacLSDc_Kiss And Say Goodbye,0.39773981871643643
7n2wHs1TKAczGzO7Dd2rGr_Mutual,0.3990809007392648
6icQOAFXDZKsumw3YXyusw_Worth It,0.4024036591839869
5JZ7CnR6gTvEMKX4g70Amv_Paris in the Rain,0.4065104919466487
3TVXtAsR1Inumwj472S9r4_One Dance,0.41095725178488085
7n2wHs1TKAczGzO7Dd2rGr_Fallin All In You,0.4120787888100944
6edGSAX5dVpeJVwu1Q0NwJ_Its A Beautiful Day,0.4122218135835321
