,3qnGvpP8Yth1AqSBMqON5x_Better Man - Live at SXSW 2015
3qnGvpP8Yth1AqSBMqON5x_Better Man - Live at SXSW 2015,0.0
74ASZWbe4lXaubB36ztrGX_I Feel a Change Comin On,0.2703728547681568
3MFw6mcZwQrpgVwyzVP4RB_Never Letting,0.31644226402862385
5zeCSgiRyezbfLiGOpKAsR_Stronger,0.3309659927355457
31IZdHrCZ5pRhLz4zBxN3o_Take You Away,0.348426635600261
3yaZAm6FOMbQr8DeeHMPPA_All Mine (feat. Eleven),0.35149667372213367
2HcwFjNelS49kFbfvMxQYw_Good People,0.36166992023580563
1OO2uAMcUCXUkFzDdsr7x7_Somebody,0.36426010334658243
3bykTIvfobPwvgbrqh777j_Zona Surto,0.3677014645683786
450o9jw6AtiQlQkHCdH6Ru_Lets Take It To The People,0.36863060210576964
6HdYUuBeK3g2MA2wGVCDcn_Looking for Love,0.37295793571572466
5rSXSAkZ67PYJSvpUpkOr7_I Want It That Way,0.3741584441846362
77SW9BnxLY8rJ0RciFqkHh_To,0.37967162950024885
"58XGUNsRNu3cVOIOYk5chx_Hey Joel, Where You Going With That?",0.3812687813129453
3HqSLMAZ3g3d5poNaI7GOU_Wait,0.3895002676741181
3miNucraVWk4hdVsIxn7id_River Is Rising,0.3929699354407549
4EENT7N7rCBwrddM3s0vFS_Live,0.3954719873679499
0EmeFodog0BfCgMzAIvKQp_Antologia,0.39562071221678746
4iHNK0tOyZPYnBU7nGAgpQ_Honey,0.39826137877628626
7MEH1SUDgj0NU6gDjDXokz_Pas contente,0.4020291617666019
