,3qNVuliS40BLgXGxhdBdqu_This Christmas
3qNVuliS40BLgXGxhdBdqu_This Christmas,0.0
7n2wHs1TKAczGzO7Dd2rGr_Act Like You Love Me,0.33311111984347613
7n2wHs1TKAczGzO7Dd2rGr_Lights On,0.34326531069930033
4vdt8TD56jjQfmxFCmhubX_How Bizarre,0.36322012988680774
50lhyY7UVI9NyVHl79rVgk_Vin Mariani,0.36353577204287113
6Dd3NScHWwnW6obMFbl1BH_Dare,0.364837858797348
1kS52jCnMYq4n46ZX9zqw7_Echoes,0.36504329469383584
6MDME20pz9RveH9rEXvrOM_Mama (feat. Ellie Goulding),0.38073253320360734
7JgXEHI1oEiQICAMeCsKTj_If It Wasnt True,0.3823704538269706
55LHFEtIplWhsfyWZUwkf4_Flag at Half-Mast,0.397487252462826
3CjlHNtplJyTf9npxaPl5w_Miracle - Hansa Session,0.39838664349385444
4Ui2kfOqGujY81UcPrb5KE_Right Now,0.4099664292479669
3QSQFmccmX81fWCUSPTS7y_Let Go,0.4122629142008256
2Sqr0DXoaYABbjBo9HaMkM_When He Sees Me,0.41419076222926915
5snNHNlYT2UrtZo5HCJkiw_Swan Song (feat. TBNY),0.41646105556768753
5snNHNlYT2UrtZo5HCJkiw_Swan Song,0.41730921567351775
7n2wHs1TKAczGzO7Dd2rGr_Air,0.4268819237045024
1r4hJ1h58CWwUQe3MxPuau_How I Like It,0.4300962861261197
3qNVuliS40BLgXGxhdBdqu_Circus,0.4326342805340015
2mV8aJphiSHYJf43DxL7Gt_Hard To Say No,0.4360804932619977
