,3SvCpwSeoWCcjfo8zjPZKB_K*M*A*
3SvCpwSeoWCcjfo8zjPZKB_K*M*A*,0.0
15iVAtD3s3FsQR4w1v6M0P_Pardon Em,0.38829010889703397
4o7tWrzQOqarDtTMWD2HV9_Sheep (Alan Walker Relift),0.4116262546339604
7fGhUgW2TDm5bkaUrFz8qP_Tricky,0.4233930718204024
1DvtabXAjfrMihPP6JQdHs_Free the Gang (feat. Plies),0.4246574532107968
3fMbdgg4jU18AjLCKBhRSm_Love Never Felt so Good - DM EPIC DUB MIX,0.42695355130517076
6XpaIBNiVzIetEPCWDvAFP_Its Not Right but Its Okay - Johnny Vicious Radio Mix,0.42785867286848084
6vXTefBL93Dj5IqAWq6OTv_Pour Out a Lil,0.4309806578074112
62sPt3fswraiEPnKQpAbdE_Humpin Around - K Klassik Radio Mix,0.4322521579786834
5rSXSAkZ67PYJSvpUpkOr7_Roll with It,0.4384257384684241
1sBkRIssrMs1AbVkOJbc7a_Usual Suspects,0.4421601811353062
6XpaIBNiVzIetEPCWDvAFP_Step by Step,0.45379036402650985
1cNDP5yjU5vjeR8qMf4grg_Medium Fries,0.45880162570729666
2dd5mrQZvg6SmahdgVKDzh_Gangnam Style (강남스타일),0.46399184820427913
6vXTefBL93Dj5IqAWq6OTv_On Fire,0.465327736009186
6fEO1r9Y9TYL9O4w5kVPmc_Give Me a Reason,0.4664012615308258
7qG3b048QCHVRO5Pv1T5lw_Alabao,0.4678690999781598
1URnnhqYAYcrqrcwql10ft_Heart So Cold,0.4733126453312114
6nB0iY1cjSY1KyhYyuIIKH_Numbers,0.47517088611544134
3VNITwohbvU5Wuy5PC6dsI_Crabs In A Barrel,0.4778831728432757
