,3TVXtAsR1Inumwj472S9r4_Plastic Bag
3TVXtAsR1Inumwj472S9r4_Plastic Bag,0.0
1RyvyyTE3xzB2ZywiAwp0i_Keep Quiet,0.31712111768614015
3TVXtAsR1Inumwj472S9r4_Hotline Bling,0.3513185026156511
50co4Is1HCEo8bhOyUWKpn_Relationship (feat. Future),0.36980371716451055
31W5EY0aAly4Qieq6OFu6I_No Promises,0.37389763678140286
1RyvyyTE3xzB2ZywiAwp0i_Extra Luv,0.37637809970217057
6icQOAFXDZKsumw3YXyusw_love me forever,0.3770495238554378
3TVXtAsR1Inumwj472S9r4_Jumpman,0.3820468409864528
15iVAtD3s3FsQR4w1v6M0P_Start Pimpin,0.4070025636300143
1URnnhqYAYcrqrcwql10ft_monster,0.41865190497527344
31W5EY0aAly4Qieq6OFu6I_Demons and Angels (feat. Juice WRLD),0.422240809067983
5snNHNlYT2UrtZo5HCJkiw_아까워 You Dont Deserve her,0.42599377326297966
2qUNVIgjpwhQ3gGpM1Nrok_Meteorology,0.4291130686328172
3TVXtAsR1Inumwj472S9r4_Sooner Than Later,0.4346683720414045
"3TVXtAsR1Inumwj472S9r4_Hold On, Were Going Home",0.4425602577916717
10AY17ALos2o3akPqrPydw_Lotto (feat. ABRA),0.44371036223911037
1RyvyyTE3xzB2ZywiAwp0i_You Da Baddest,0.44523009394161955
15iVAtD3s3FsQR4w1v6M0P_Glory Bridge (feat. A Boogie Wit da Hoodie),0.4489519217834777
50co4Is1HCEo8bhOyUWKpn_Special (feat. Offset and Solo Lucci),0.45536967286001845
1GAS0rb4L8VTPvizAx2O9J_Perfect,0.4570750381600722
