,3TVXtAsR1Inumwj472S9r4_Started From the Bottom
3TVXtAsR1Inumwj472S9r4_Started From the Bottom,0.0
1WHoAjAWGx5qLsgzpaOk7W_Step Up,0.464855987296002
1cNDP5yjU5vjeR8qMf4grg_RISK TAKER,0.5239405097861352
50co4Is1HCEo8bhOyUWKpn_Feel It,0.5461561308720698
1GAS0rb4L8VTPvizAx2O9J_Bitter,0.5470608661383888
0dE6XaX3KCpyF1FvrJbd9M_Hot,0.5719649164868624
6oMuImdp5ZcFhWP0ESe6mG_No Time 2 Play,0.5781692130134891
5SyGEPymt1G2uto47tVWvZ_Chucky Cheese,0.5812089911825719
0A0FS04o6zMoto8OKPsDwY_G$FB,0.5875801159394963
6oMuImdp5ZcFhWP0ESe6mG_1 Shot 2 Shot,0.5975665453287539
6PXS4YHDkKvl1wkIl4V8DL_History,0.6056862689716387
1GAS0rb4L8VTPvizAx2O9J_Complications,0.6088450740961898
4gSTRpmeyYppvIXuFKjfAL_Fetch,0.6095831959423199
7qG3b048QCHVRO5Pv1T5lw_Push,0.6143526649992416
31IZdHrCZ5pRhLz4zBxN3o_Shout Out to the Bay (feat. King Chip),0.6144482027384233
1AWNf5CLnHH4oM1hcHiVeV_Roll Call,0.6212653151532378
1bPxKZtCdjB1aj1csBJpdS_Ready 4 Real (feat. Tee Grizzley),0.6366597039268268
1URnnhqYAYcrqrcwql10ft_Secure The Bag,0.6374471976896418
1VbN1iTiu4spUr0HVK17Rv_Pa Lante,0.6392195274682957
60NNvDqsif0u40CXMV6jDQ_Euro,0.6395174151556414
