,3VNITwohbvU5Wuy5PC6dsI_Bad Woman
3VNITwohbvU5Wuy5PC6dsI_Bad Woman,0.0
72qs8dHxUfn7lB9cYxQvIF_Begging Change on the Street,0.3022871641050954
5zaXYwewAXedKNCff45U5l_Love Me By Name,0.36246661253813856
5Xh0e6sCvMXJUNVa4oynvx_I Heard The Bells On Christmas Day,0.38868259123422927
72qs8dHxUfn7lB9cYxQvIF_After Sunday Mass,0.41404426588309895
5zaXYwewAXedKNCff45U5l_Dream On,0.427437456806611
3KH7WsR2JZQ94Ik8SyabU6_Beki Miri,0.4505129199220424
3KH7WsR2JZQ94Ik8SyabU6_Laban,0.45257275391901386
3KH7WsR2JZQ94Ik8SyabU6_CEst Comme Ca,0.4718538790883158
74ASZWbe4lXaubB36ztrGX_Shelter from the Storm - Take 1,0.48054303988364294
5zaXYwewAXedKNCff45U5l_The Star Of My Show,0.4859900402355719
3KH7WsR2JZQ94Ik8SyabU6_Nangaraba,0.48965946610585576
5I0EPnV9gwrZYTbScjnaOk_Perdão,0.492852931544364
4AqIRTZF6DDmKmdorgFug6_Hang Myself From The Tree,0.4952160732542509
2yqtLsOODLccKUK4vlecT2_Best Day of My Life,0.5125885149024034
5I0EPnV9gwrZYTbScjnaOk_Disfarça e Vem,0.5241220198954696
5I0EPnV9gwrZYTbScjnaOk_Vem,0.5259777787381928
3PhoLpVuITZKcymswpck5b_Live Like Horses,0.5288895542783104
0x83OBqixqdCHnStP5VMcn_What Does A Girl Do?,0.5442503856600832
6XpaIBNiVzIetEPCWDvAFP_Greatest Love of All,0.5450331831493489
