,3VNITwohbvU5Wuy5PC6dsI_Stone Love
3VNITwohbvU5Wuy5PC6dsI_Stone Love,0.0
5snNHNlYT2UrtZo5HCJkiw_Sunrise (Interlude),0.512150090258218
6XpaIBNiVzIetEPCWDvAFP_In My Business (feat. Missy Misdemeanor Elliott),0.5550500230364508
7lGr6yWfPkGkCqRtKNnuSc_Over You - Extended Major Mix,0.589105183820025
3k5CKYmmh2MjzAl9Xo5tpt_La Basse - DJ 4 Set,0.6564675363868607
0MponVSpW81oLvJZ53vYZH_The Truths Outside My Door,0.711241638308724
7GaxyUddsPok8BuhxN6OUW_Return To Me,0.7289813642066106
0JbqyQSsMK7TavqlR0yNON_Ladies Day,0.7332193598638768
3miNucraVWk4hdVsIxn7id_Street Walker,0.7404375869144193
4fbubCUHZTOBfdDCsGWQXL_Y Wanna Get to Know You Better,0.7572108130962876
0MponVSpW81oLvJZ53vYZH_I Have Someone (Who Loves Me Too),0.7775375941946842
5GuBtuEK94QityfePS0h5g_Dance With Me Henry,0.7832214573109709
2CuzDPkRD6BJBvdWqCrt2I_Rockers,0.7935091429387923
05sIdEkXAYDbDDdv3T56Oj_My Block,0.7944182774711619
3rHl3rSgCnHhOlVB87ZxyF_Laughter And Pain,0.7956327962312503
6oMuImdp5ZcFhWP0ESe6mG_Skurt (feat. Yah Stupid),0.7963565104084196
56qWyd742Hd6qp6ZcBqLwd_Are You Ready,0.8148493561260164
5JmootTd6pJRHUROr5m0Ox_The Heart Break - Passive Mix,0.8355620668170639
3VNITwohbvU5Wuy5PC6dsI_Someday,0.8370410153075185
6vXTefBL93Dj5IqAWq6OTv_The Life,0.8620281056552868
