,3WGpXCj9YhhfX11TToZcXP_FOOLS
3WGpXCj9YhhfX11TToZcXP_FOOLS,0.0
5yqWHaDl8ZrYgeKANLyIv8_Fadeaway,0.2602893604081257
6jJ0s89eD6GaHleKKya26X_Double Rainbow,0.2953788997335057
1r4hJ1h58CWwUQe3MxPuau_Me gustas tanto,0.31422661299385507
5y2Xq6xcjJb2jVM54GHK3t_What Christmas Means to Me (feat. Stevie Wonder),0.31483763491347855
5rSXSAkZ67PYJSvpUpkOr7_The Way It Was,0.32436972027504907
64M6ah0SkkRsnPGtGiRAbb_Sad,0.3296926984843357
2YZyLoL8N0Wb9xBt1NhZWg_Wesleys Theory,0.3337041993173171
0du5cEVh5yTK9QJze8zA0C_Talking to the Moon,0.34422511932895833
1WHoAjAWGx5qLsgzpaOk7W_Through Your Atmosphere (feat. Faris Badwan),0.34945081154137053
7qG3b048QCHVRO5Pv1T5lw_Mamacita,0.3530214639120527
4ScCswdRlyA23odg9thgIO_All I Am,0.357963149338496
5szdY7KaSi7epwyffrbV8c_Kiss You Forever,0.3587773419200367
7qG3b048QCHVRO5Pv1T5lw_Love To See You Cry,0.35888050251806775
5snNHNlYT2UrtZo5HCJkiw_Let It Rain (feat. 김종완),0.36264395372528346
56mV6FhCrg12O6mOTLxo73_True Love,0.3688435533387894
1r4hJ1h58CWwUQe3MxPuau_Dos Amores,0.37327772088412964
64NhyHqRKYhV0IZylrElWu_Grouch,0.37583029979990196
6oMuImdp5ZcFhWP0ESe6mG_Finesser,0.38116634426092766
5g3uG8zZZANGT6YOssgjfC_Trouble Is a Friend,0.3835545123101505
