,3XlIhgydjvC4EniPFZT20j_If I Loved You
3XlIhgydjvC4EniPFZT20j_If I Loved You,0.0
5MlfccEEOw6kihsT8eQtbh_El Tabacon,0.44034997304217344
2gsggkzM5R49q6jpPvazou_Get Away,0.4414643244154601
3QSQFmccmX81fWCUSPTS7y_Waves - Acoustic,0.47059328027819597
5zaXYwewAXedKNCff45U5l_This Girls In Love With You,0.5096236255372854
13saZpZnCDWOI9D4IJhp1f_Lost My Mind,0.50991786242338
1eYhYunlNJlDoQhtYBvPsi_Ive Got a Woman,0.5400898352779409
0r0KdmVS1Er3kaFnl1KPog_Cheating On Me (feat. Zak Abel) - Tom Misch refix,0.547605252431891
2BTZIqw0ntH9MvilQ3ewNY_Until You Come Back To Me (Thats What Im Gonna Do),0.5549056502757957
5y2Xq6xcjJb2jVM54GHK3t_By Christmas Eve,0.5568817731998496
3XlIhgydjvC4EniPFZT20j_When We Were Still In Love,0.5861559188076609
3HqSLMAZ3g3d5poNaI7GOU_가을 아침 [Gaeul Achim] : Autumn morning,0.6023138270586756
3z5dNUhKpvMAXqSz6WhoKc_Roots Doctor,0.6172572759384439
"3q6RrT1YbkTAeZAMYpgQxy_Love Honey, Love Heartache",0.621988826407584
7gAppWoH7pcYmphCVTXkzs_Right Now,0.6257468816731291
4S9EykWXhStSc15wEx8QFK_Ne me quitte pas,0.6270039413315314
3gIRvgZssIb9aiirIg0nI3_Weakness,0.6346147312924679
1mrrvBvbrm28iYaPlJ9mG5_Casual - Acoustic,0.6348125294580149
5K4W6rqBFWDnAN6FQUkS6x_Low Lights,0.6405748374695529
2tFN9ubMXEhdAQvdQxcsma_The Christmas Song (Chestnuts Roasting On An Open Fire),0.6430549527123945
