,3XlIhgydjvC4EniPFZT20j_Ill Be Home For Christmas
3XlIhgydjvC4EniPFZT20j_Ill Be Home For Christmas,0.0
6a3Mfrn2XBR1DfPg1QGa1d_햇살이 아파,0.23078156840278435
4KCnuZQWRl9FEwAcduZhP9_James Hold The Ladder Steady,0.354999551794281
3VNITwohbvU5Wuy5PC6dsI_Just Friends,0.3620574425376277
3QZKZBEmr54lAVI5XvmjnM_Love Potion #9,0.38050198569491034
7Fhj0K08T75UchC1p8T6g1_Eternally Yours,0.42957368821240716
1tibJEFQ8mbVhL4rQxXrhc_Long Distance Love,0.4458449667462053
6YROFUbu5zRCHi2xkir5pk_Ginny Come Lately,0.44833912228201067
5I0EPnV9gwrZYTbScjnaOk_Valeu,0.4565452348102013
2CuzDPkRD6BJBvdWqCrt2I_Blind Boy,0.46319782792391556
1eYhYunlNJlDoQhtYBvPsi_Little Hotel Room (with Merle Haggard),0.4637799007335588
68kEuyFKyqrdQQLLsmiatm_Ramona Park Legend Pt. 1,0.47376514490688987
3VNITwohbvU5Wuy5PC6dsI_Love Affair,0.47416193702974535
4S9EykWXhStSc15wEx8QFK_Toutes ces choses,0.487270071964576
1eYhYunlNJlDoQhtYBvPsi_Who Cares (with Janie Fricke),0.4950874175578874
7G1GBhoKtEPnP86X2PvEYO_Forget,0.5017853239098886
5zaXYwewAXedKNCff45U5l_Nothing Is Forever,0.5054292563056393
5I0EPnV9gwrZYTbScjnaOk_Água de Coco,0.5060214569887681
5I0EPnV9gwrZYTbScjnaOk_Brasil   México,0.5072552182920228
3VNITwohbvU5Wuy5PC6dsI_No Show,0.5105809418208772
