,3XlIhgydjvC4EniPFZT20j_Witchcraft
3XlIhgydjvC4EniPFZT20j_Witchcraft,0.0
360IAlyVv4PCEVjgyMZrxK_Quickie,0.2803069235037067
1HY2Jd0NmPuamShAr6KMms_Poker Face,0.2875082989211349
4EENT7N7rCBwrddM3s0vFS_Living Upside Down,0.2958035546945867
26dSoYclwsYLMAKD3tpOr4_Where Are You Now,0.2993771752117349
1KCSPY1glIKqW2TotWuXOR_Couldve Had Everything,0.30173939493608115
71WAGa6lzYIgOOvGwifQtk_Freedom,0.30574374682721484
3E3xrZtBU5ORqcmX78v5YZ_Make Yourself At Home,0.3121143912419464
0vEsuISMWAKNctLlUAhSZC_Cover Up The Sun,0.318344023890756
4kI8Ie27vjvonwaB2ePh8T_Lay Me Back Down,0.3212603580614095
4NgNsOXSwIzXlUIJcpnNUp_Loving You Is Easy,0.3267228570013578
6Jrxnp0JgqmeUX1veU591p_Cant Get Enough Of Myself (feat. BC Unidos),0.3278570440220086
1SupJlEpv7RS2tPNRaHViT_Como Tu Me Pisas (feat. Don Chezina),0.33462569285519284
07d5etnpjriczFBB8pxmRe_Smokin And Ridin (feat. Freddie Gibbs & Problem),0.3360469323840917
3KH7WsR2JZQ94Ik8SyabU6_Djama,0.33660350400392913
1r4hJ1h58CWwUQe3MxPuau_Miss Independent,0.3430148519782125
6hYlDSXfjs7cPYHbU044y0_Run It Down South,0.34333402508705
2BTZIqw0ntH9MvilQ3ewNY_Rollin And Tumblin,0.34434870749557284
1Xyo4u8uXC1ZmMpatF05PJ_Sidewalks,0.34466416984367565
4iHNK0tOyZPYnBU7nGAgpQ_The Beautiful Ones (Featuring Dru Hill) (feat. Dru Hill),0.3472198489414586
