,3XlIhgydjvC4EniPFZT20j_The Sweetest Gift
3XlIhgydjvC4EniPFZT20j_The Sweetest Gift,0.0
3KH7WsR2JZQ94Ik8SyabU6_Fana,0.3621286278571142
3XlIhgydjvC4EniPFZT20j_The Christmas Song (Chestnuts Roasting On An Open Fire),0.4049102429482021
19BGdnPfeXHTVUEa5QjRvj_No Fear,0.4467932120555412
5lTANVMk0mGnsErXBAutfM_Hey Ya,0.44767309494128427
3eFo5fMv53RYZBYlvT5Z6a_Midnight Without You,0.4764221769053837
4iHNK0tOyZPYnBU7nGAgpQ_The Wind,0.47856858565141225
6wKxOKEA3K6R2UZ3COLXEY_9 - Interlude,0.4871817834468542
74ASZWbe4lXaubB36ztrGX_Youre Gonna Quit Me,0.48720357478333426
4NgNsOXSwIzXlUIJcpnNUp_Drifting,0.4912102181502215
7G1GBhoKtEPnP86X2PvEYO_My Father,0.4939101533632843
0MponVSpW81oLvJZ53vYZH_After All,0.5063100048281693
6G7OerKc3eBO9sVkRNopFC_The Sleepwalker,0.5084484444461683
0nGVcywnIqgGsLUuMwOP4s_One Voice,0.5214148057844451
2r1d0isPFggU8QaBzvAWmG_Esse Seu Olhar - Ao Vivo,0.5278040771049466
5SjNVG3L9mgWQPsfp1sFDB_Logic of Color,0.5321967903790391
4AkNmr2ArbVGNRQjTwOlnW_Are You Forgetting Me,0.5346798523596384
2g3PKH7Z1Ofn5oGR6oDjLy_Lucille Slippin And Slidin,0.5368528835689664
6G7OerKc3eBO9sVkRNopFC_Headlights,0.5430199647037984
3XlIhgydjvC4EniPFZT20j_Away In A Manger,0.5453617069422205
