,3XlIhgydjvC4EniPFZT20j_Sweet Little Jesus Boy
3XlIhgydjvC4EniPFZT20j_Sweet Little Jesus Boy,0.0
6zFYqv1mOsgBRQbae3JJ9e_Shes Got a Way,0.6166599688885103
5TrkbV9x6OdTBlzWPJeBz5_93 - Acoustic,0.6666419451147856
0x83OBqixqdCHnStP5VMcn_Whats Mine Is Yours,0.6866223504706377
0q5nSMn2efX9Pm61bCxIv8_Some Surprise,0.6874274394658887
"6G7OerKc3eBO9sVkRNopFC_Naked, If I Want To",0.7140208687691777
04gDigrS5kc9YWfZHwBETP_If I Fell - Acoustic,0.7150441686692676
1uNFoZAHBGtllmzznpCI3s_Silent Night,0.7152232645092547
7G1GBhoKtEPnP86X2PvEYO_Come Ye,0.7219770586077559
6N1Kaz3CvRa9VLll5ahk9T_The Prank For Good - Score From Captain Underpants,0.7281141790651626
6eUKZXaKkcviH0Ku9w2n3V_Wake Me Up,0.7331779916058478
5y2Xq6xcjJb2jVM54GHK3t_Prelude,0.7340908447437827
163tK9Wjr9P9DmM0AVK7lm_Royals,0.7378067510515612
5MlfccEEOw6kihsT8eQtbh_Dulce Como La Miel,0.7475975536308621
3gIRvgZssIb9aiirIg0nI3_glisten (interlude),0.7526861371209541
3Caot8EtHX6wLpNF2wRzS0_McCormacks Wall,0.7662939560562558
2BTZIqw0ntH9MvilQ3ewNY_La Vie En Rose,0.7821107760908568
2wY79sveU1sp5g7SokKOiI_How Will I Know,0.8039419772392469
4phGZZrJZRo4ElhRtViYdl_Halfway Home,0.8184438426713371
2BTZIqw0ntH9MvilQ3ewNY_Unchained Melody,0.8323460501367044
