,3yKDEsiOdoYMIuopxLMDu6_Higher Level - Bicep Remix - Mixed
3yKDEsiOdoYMIuopxLMDu6_Higher Level - Bicep Remix - Mixed,0.0
0C8ZW7ezQVs4URX5aX7Kqx_Stars Dance,0.37776926390766147
6jJ0s89eD6GaHleKKya26X_Hot N Cold,0.3819791955768668
3TVXtAsR1Inumwj472S9r4_Uptown (feat. Bun B & Lil Wayne),0.4082075765202264
5P5FTygHyx2G57oszR3Wot_Just Found Heaven,0.41076916055565615
5v61OSg53KaQxGMpErkBNp_Never Take Friendship Personal,0.41179554137860813
64NhyHqRKYhV0IZylrElWu_Geryon,0.41616819930302656
77AiFEVeAVj2ORpC85QVJs_Golden Days (feat. Jim Adkins),0.41685033226410656
6jJ0s89eD6GaHleKKya26X_Teenage Dream - Kaskade Club Remix,0.42906877465541043
4Ui2kfOqGujY81UcPrb5KE_Days Are Gone,0.43531426864091344
51Blml2LZPmy7TTiAg47vQ_Fast Cars,0.4377480973767849
5BtHciL0e0zOP7prIHn3pP_So Cold,0.43833277619797084
6ewMqjrF31lC8ywRsvm073_Youre Not Alone,0.4386029761639006
7nwUJBm0HE4ZxD3f5cy5ok_Rolling In the Deep (The Aretha Version),0.4461983976649187
3Z02hBLubJxuFJfhacLSDc_Shine A Light,0.4505719319822452
7gjAu1qr5C2grXeQFFOGeh_The Reeling,0.4508553844427237
4UXqAaa6dQYAk18Lv7PEgX_Sunshine Riptide,0.4531027139813415
"4UXqAaa6dQYAk18Lv7PEgX_A Little Less Sixteen Candles, A Little More Touch Me",0.4536105928513524
5P5FTygHyx2G57oszR3Wot_Utopia,0.45581168371016667
1KCSPY1glIKqW2TotWuXOR_U + Ur Hand,0.4573600557932239
