,3YQKmKGau1PzlVlkL1iodx_Screen
3YQKmKGau1PzlVlkL1iodx_Screen,0.0
0c173mlxpT3dSFRgMO8XPh_Do What I Gotta Do,0.27581396005508035
6sFIWsNpZYqfjUpaCgueju_Last Christmas,0.2805613933048675
2YZyLoL8N0Wb9xBt1NhZWg_i,0.2966661226284304
4iHNK0tOyZPYnBU7nGAgpQ_Heartbreaker,0.2985962337122784
5rSXSAkZ67PYJSvpUpkOr7_If You Want to Be a Good Girl (Get Yourself a Bad Boy),0.30051443912965264
7GaxyUddsPok8BuhxN6OUW_It's Too Funky In Here,0.33192419000887147
7GaxyUddsPok8BuhxN6OUW_Its Too Funky In Here,0.33192419000887147
6sFIWsNpZYqfjUpaCgueju_Tiny Little Bows,0.3337089093248323
3fmMaLC5jjf2N4EC2kTx0u_Every Day (feat. Hoodlem),0.3370894142144393
6clbbhnIqpHnqxwtOWcilg_Cuts Like a Diamond,0.3373005702959726
6SaSgAC8GbmzRyCuhPtWdd_I Love You,0.3541338494479311
04gDigrS5kc9YWfZHwBETP_Not Coming Home,0.35938828278419066
"5snNHNlYT2UrtZo5HCJkiw_Eight By Eight (feat. Dynamic Duo, Dok2, Double K & TBNY)",0.3638225519156944
7o95ZoZt5ZYn31e9z1Hc0a_Frogs And Princes,0.36652904554632515
3YQKmKGau1PzlVlkL1iodx_Migraine,0.3712441166066799
31IZdHrCZ5pRhLz4zBxN3o_Fresh Pair of Robins,0.37332766020583186
26dSoYclwsYLMAKD3tpOr4_Toy Soldier,0.3861353041167755
3miNucraVWk4hdVsIxn7id_Dont Give a Damm (Maski Maski),0.38964243108322383
71cyZ6pH0KrM2MdtO8RGmy_Southern Man,0.3906377766809738
