,3Z02hBLubJxuFJfhacLSDc_Go Down Rockin
3Z02hBLubJxuFJfhacLSDc_Go Down Rockin,0.0
3Z02hBLubJxuFJfhacLSDc_Go Down Rockin',0.0
4kI8Ie27vjvonwaB2ePh8T_Mornings,0.3659109003676791
4Z8W4fKeB5YxbusRsdQVPb_Weird Fishes  Arpeggi,0.3861232962024088
4kI8Ie27vjvonwaB2ePh8T_All My People,0.38616303647043815
56ZTgzPBDge0OvCGgMO3OY_Lazuli,0.39425594508217127
38zTZcuN7nFvVJ6auhc6V3_Like New,0.4024049083863254
16eRpMNXSQ15wuJoeqguaB_Children of the Moon (feat. Tame Impala),0.40453567880568797
4Z8W4fKeB5YxbusRsdQVPb_Climbing Up the Walls,0.40825599634389725
0grdhNhiRLFBaFVyybqsj6_To My Senses,0.41096743422610293
4gzpq5DPGxSnKTe4SA8HAU_Lovers in Japan - Osaka Sun Mix,0.4167673301522705
12VaqyEhgwDRuFfEqbnrpz_The Ministry Of Social Affairs,0.41765792036175403
16eRpMNXSQ15wuJoeqguaB_Spider-man vs. Muhammad Ali,0.41775867232303737
5WUlDfRSoLAfcVSX1WnrxN_Sunday,0.41997957967220556
12Chz98pHFMPJEknJQMWvI_Butterflies and Hurricanes,0.421410204238535
3Z02hBLubJxuFJfhacLSDc_Do What Ya Gotta Do,0.4248125322341996
4S9EykWXhStSc15wEx8QFK_A World to Believe In,0.428366608984341
4gzpq5DPGxSnKTe4SA8HAU_Death and All His Friends,0.43802514843313134
4aEnNH9PuU1HF3TsZTru54_Kaili,0.441161678836527
3KH7WsR2JZQ94Ik8SyabU6_Coulibaly,0.4535519508969834
