,3Z02hBLubJxuFJfhacLSDc_Do What Ya Gotta Do
3Z02hBLubJxuFJfhacLSDc_Do What Ya Gotta Do,0.0
3kjuyTCjPG1WMFCiyc5IuB_Haiti,0.3045198019475432
2sBPVEeMBXKNsZtYaJixnJ_Pushing Onlys,0.34981741057345483
16eRpMNXSQ15wuJoeqguaB_Spider-man vs. Muhammad Ali,0.352815423155395
1Xyo4u8uXC1ZmMpatF05PJ_Adaptation,0.35762656611936516
4kI8Ie27vjvonwaB2ePh8T_All My People,0.36585345389545715
4gzpq5DPGxSnKTe4SA8HAU_All I Can Think About Is You,0.37473715288254494
0NIPkIjTV8mB795yEIiPYL_Let The Sun In,0.3777996891030933
4Z8W4fKeB5YxbusRsdQVPb_Weird Fishes  Arpeggi,0.38347306179197294
2sBPVEeMBXKNsZtYaJixnJ_Blood Dries Darker,0.39628393731672296
5WUlDfRSoLAfcVSX1WnrxN_Sunday,0.40577708438552373
4aEnNH9PuU1HF3TsZTru54_Kaili,0.40755686550733045
23NIwARd4vPbxt3wwNnJ6k_Always Back In Town,0.40825938880882856
4kI8Ie27vjvonwaB2ePh8T_Mornings,0.4125759831667273
1WvvwcQx0tj6NdDhZZ2zZz_Spirit,0.419074124011945
38zTZcuN7nFvVJ6auhc6V3_Cover Me (Slowly),0.41944115852760866
3zD5liDjbqljSRorrrcEjs_Who Left The Lights Off Baby,0.4198005812796837
5g3uG8zZZANGT6YOssgjfC_Roll with the Punches,0.4218502796855131
4AQrqVz6BYwy29iMxcGtx7_Better Days,0.42260807525915395
7c1HgFDe8ogy5NOZ1ANCJQ_Nothing Instrumental,0.4232160012400211
