,3Z02hBLubJxuFJfhacLSDc_Rebel
3Z02hBLubJxuFJfhacLSDc_Rebel,0.0
6clbbhnIqpHnqxwtOWcilg_Enlighten Me,0.32413270954476703
51Blml2LZPmy7TTiAg47vQ_Elvis Presley And America - Remastered 2009,0.35876889371118803
3Z02hBLubJxuFJfhacLSDc_Home Again,0.3638183835915235
2g3PKH7Z1Ofn5oGR6oDjLy_Maintaining My Cool,0.36482121138762436
2g3PKH7Z1Ofn5oGR6oDjLy_Ooh Pooh Pah Doo,0.37088346832805646
3Z02hBLubJxuFJfhacLSDc_Hearts On Fire,0.4175285996302968
3miNucraVWk4hdVsIxn7id_Tango,0.4304793174233129
2P560DaOMNDUACoH8ZhOCR_All Around The World,0.4385686324673368
2P560DaOMNDUACoH8ZhOCR_Strange Town,0.442165053619913
3Z02hBLubJxuFJfhacLSDc_Cant Stop This Thing We Started,0.44650234998685223
2g3PKH7Z1Ofn5oGR6oDjLy_Tough Walk,0.45119088401637913
3Z02hBLubJxuFJfhacLSDc_Into The Fire,0.45896157766141304
2g3PKH7Z1Ofn5oGR6oDjLy_Like No Other Man,0.48336881273253407
0yNLKJebCb8Aueb54LYya3_Sugarcane,0.4845802412684003
4AqIRTZF6DDmKmdorgFug6_Susanville,0.4925237283004073
3Z02hBLubJxuFJfhacLSDc_Somethin To Believe In,0.49729763517382586
4AqIRTZF6DDmKmdorgFug6_Mexicain Blackbird (BBC),0.5026748944034182
5EcLhpBjpUATjEjBIQWrKf_Come Sail Away,0.5034598660797885
3Z02hBLubJxuFJfhacLSDc_Heat Of The Night,0.510168553252054
