,3zD5liDjbqljSRorrrcEjs_Clarion
3zD5liDjbqljSRorrrcEjs_Clarion,0.0
3zD5liDjbqljSRorrrcEjs_Cockateels,0.34366831793982755
7rRz5zPounzREHN0cIrYhS_Black Magic,0.35725275883035806
7rRz5zPounzREHN0cIrYhS_Mad Mallow,0.36442866641539917
7gjAu1qr5C2grXeQFFOGeh_Folds In Your Hands,0.36901326898475084
2gsggkzM5R49q6jpPvazou_Alive,0.3767184472602012
3PhoLpVuITZKcymswpck5b_On Dark Street,0.40134094945000703
3YQKmKGau1PzlVlkL1iodx_Trees,0.41832357842527956
2P560DaOMNDUACoH8ZhOCR_Running On The Spot,0.42289689106205547
2VIoWte1HPDbZ2WqHd2La7_Well Meet Again,0.4294231021930992
74ASZWbe4lXaubB36ztrGX_Unbelievable,0.43479941843323755
2P560DaOMNDUACoH8ZhOCR_Town Called Malice,0.4368677264162224
2BTZIqw0ntH9MvilQ3ewNY_Dear John,0.4411627145265534
0QHgL1lAIqAw0HtD7YldmP_Ball,0.4421690769197244
4iHNK0tOyZPYnBU7nGAgpQ_Joy to the World,0.44955105861301164
6XpaIBNiVzIetEPCWDvAFP_If I Told You That,0.45412082375644175
6clbbhnIqpHnqxwtOWcilg_Listen To Your Heart,0.4568930582635642
2gsggkzM5R49q6jpPvazou_Conquer The World,0.45821996338111426
7rRz5zPounzREHN0cIrYhS_Konstantly,0.4642683048708482
5rSXSAkZ67PYJSvpUpkOr7_I Need You Tonight,0.4662796660771773
