,3zD5liDjbqljSRorrrcEjs_Dancing In The Devils Shoes
3zD5liDjbqljSRorrrcEjs_Dancing In The Devils Shoes,0.0
776Uo845nYHJpNaStv1Ds4_Pali Gap,0.39950005809743416
1l7ZsJRRS8wlW3WfJfPfNS_Liberation,0.426914764771458
2BTZIqw0ntH9MvilQ3ewNY_New Years Baby (First Lullaby),0.44332410928945054
5xEcI8Vn4ofUa5tLHNNlkV_Whats This Color,0.4492751770656777
6eUKZXaKkcviH0Ku9w2n3V_Fire Alarms,0.45853877183009667
3zD5liDjbqljSRorrrcEjs_Falling Out Of Reach,0.4656439522021756
1WvvwcQx0tj6NdDhZZ2zZz_Long Flight - Acoustic,0.4732645377768417
51Blml2LZPmy7TTiAg47vQ_Daddys Gonna Pay For Your Crashed Car,0.4734593066086631
2N2QSZKForunF0RGKbpQd2_Modern Machine,0.48039201418971195
4aEnNH9PuU1HF3TsZTru54_Sunsesame,0.4816207749646078
5NLeBktPpw4QO31tMiSO2I_The Only One,0.5020762763113517
0nGVcywnIqgGsLUuMwOP4s_Welcome Home,0.5063363479017426
4EENT7N7rCBwrddM3s0vFS_January Tape Part 3,0.509432803819967
63MQldklfxkjYDoUE4Tppz_Facing That,0.5194392748857972
51Blml2LZPmy7TTiAg47vQ_The Playboy Mansion,0.5228471231977613
3Z02hBLubJxuFJfhacLSDc_Shes Got A Way,0.5229943179132083
2g3PKH7Z1Ofn5oGR6oDjLy_Leave My Kitten Alone,0.5264418363959662
4hooGJ4bVCYOHCNR9CWCF8_Memories,0.527786262372058
24eDfi2MSYo3A87hCcgpIL_Runnin (feat. A$AP Rocky & Jacob Banks),0.5284630205454065
