,3zunDAtRDg7kflREzWAhxl_Kindred Spirit
3zunDAtRDg7kflREzWAhxl_Kindred Spirit,0.0
5lzPV4EKWYxEUk38UcFBVH_Goodbye Yellow Brick Road,0.3826810247099116
5zzbSFZMVpvxSlWAkqqtHP_Horse Hooves,0.48164667174417175
5o206eFLx38glA2bb4zqIU_Smoke Without Fires,0.5014470296805159
3PhoLpVuITZKcymswpck5b_Crocodile Rock,0.5325460499149722
6HdYUuBeK3g2MA2wGVCDcn_Ships In the Night,0.5377341303148876
7G1GBhoKtEPnP86X2PvEYO_Little Girl Blue,0.5588266364401003
2sBPVEeMBXKNsZtYaJixnJ_Love Song For Pigeons,0.5614046795315654
1eYhYunlNJlDoQhtYBvPsi_Undecided,0.5657660576757358
3zunDAtRDg7kflREzWAhxl_Series of Misunderstandings,0.5693778401529983
7G1GBhoKtEPnP86X2PvEYO_Thats All I Want From You,0.5791992211464283
4NgNsOXSwIzXlUIJcpnNUp_Blue,0.5902170102872264
18B9HFuIuZ5LOk8vWtaxsG_Peace,0.5964853508882203
3PhoLpVuITZKcymswpck5b_Circle Of Life,0.6233560256890259
4awtkia1cywuwJ2OrxNw6j_When You Wish Upon a Star,0.6479154675015909
2sBPVEeMBXKNsZtYaJixnJ_Wouldnt Waste,0.6483667364628865
7KK6M2jPylHa6gLbMBI6V0_Is This the Way to Amarillo - Acoustic Cover,0.6583512909377996
6G7OerKc3eBO9sVkRNopFC_Wanderer,0.6588474658020497
3kjuyTCjPG1WMFCiyc5IuB_The Suburbs (continued),0.6669445216601523
3zunDAtRDg7kflREzWAhxl_What I Have To Offer,0.6801393874119013
