,3zunDAtRDg7kflREzWAhxl_Dead Reckoning
3zunDAtRDg7kflREzWAhxl_Dead Reckoning,0.0
5zzbSFZMVpvxSlWAkqqtHP_Abednego,0.48132087734971796
5g3uG8zZZANGT6YOssgjfC_Boom (Flesh and Bone Reprise),0.5547919444187889
51Blml2LZPmy7TTiAg47vQ_The First Time,0.5744323589562607
7AKznuvHmbW7uZbUkLY4Je_Up - Bedroom Mix,0.5834688546802453
72qs8dHxUfn7lB9cYxQvIF_Im Sitting in the Railway Square,0.5882291821255934
0Xk15jHKly4c3AhPr5vjoA_Theme From The Bodyguard,0.6611685643855985
5lzPV4EKWYxEUk38UcFBVH_Tiny Dancer,0.6744854297698455
0pyPlgXWmatpPfoLplZQnS_Quiet,0.69505710189948
"4NJhFmfw43RLBLjQvxDuRS_Piano Sonata No. 8 in D Major, KV. 311",0.7056015713562434
0x83OBqixqdCHnStP5VMcn_A Thing Of The Past,0.7071552191731062
5snNHNlYT2UrtZo5HCJkiw_Oceans. Sand. Trees.,0.7272324773966444
6G7OerKc3eBO9sVkRNopFC_Wealthy Man,0.761246482747415
2r1d0isPFggU8QaBzvAWmG_O Barquinho   Ah! Se Eu Pudesse - Ao Vivo,0.7633666915938861
5I0EPnV9gwrZYTbScjnaOk_1995,0.7787844583444417
6qqNVTkY8uBg9cP3Jd7DAH_listen before i go,0.7893645083866053
3kjuyTCjPG1WMFCiyc5IuB_The Suburbs (continued),0.8108608886216048
3zunDAtRDg7kflREzWAhxl_True Original,0.8150579727958742
1WvvwcQx0tj6NdDhZZ2zZz_Open,0.81952101758376
5snNHNlYT2UrtZo5HCJkiw_Slave (Short Piece),0.8205750021480168
