,3zunDAtRDg7kflREzWAhxl_Prizefighter
3zunDAtRDg7kflREzWAhxl_Prizefighter,0.0
7ia4FaCVsbXvhVwagCJk7l_Lays At Rest,0.5744571596281435
53XhwfbYqKCa1cC15pYq2q_Demons,0.5752591088819266
16eRpMNXSQ15wuJoeqguaB_Is David Bowie Dying? (feat. Neon Indian),0.6391569217351243
0hEurMDQu99nJRq8pTxO14_Come Back to Bed,0.6535298198439791
5zzrJD2jXrE9dZ1AklRFcL_The Healer (Redux),0.6596428583988433
738wLrAtLtCtFOLvQBXOXp_Come on to Me (feat. Sean Paul),0.6852870214519055
"3YQKmKGau1PzlVlkL1iodx_A Car, A Torch, A Death",0.7077379385047293
3zunDAtRDg7kflREzWAhxl_Beginners Luck,0.7334802145547499
58XGUNsRNu3cVOIOYk5chx_Doctor Doctor,0.7396295750717259
40Yq4vzPs9VNUrIBG5Jr2i_Knights of Malta,0.7436082685721039
58XGUNsRNu3cVOIOYk5chx_Bikini Babes,0.7441043230947159
1Cs0zKBU1kc0i8ypK3B9ai_Rise (feat. Skylar Grey),0.744697167192304
1l9d7B8W0IHy3LqWsxP2SH_You Are The Ocean,0.7470503677240413
23NIwARd4vPbxt3wwNnJ6k_Black And White,0.7526162550484691
53XhwfbYqKCa1cC15pYq2q_Radioactive,0.7537369869557218
7ia4FaCVsbXvhVwagCJk7l_Vanilla,0.7594269061133234
53XhwfbYqKCa1cC15pYq2q_Bleeding Out,0.7639032150294089
12Chz98pHFMPJEknJQMWvI_Psycho,0.7727429829145044
6jJ0s89eD6GaHleKKya26X_Fingerprints,0.7771967862739012
