,3zunDAtRDg7kflREzWAhxl_Mistakes of My Youth
3zunDAtRDg7kflREzWAhxl_Mistakes of My Youth,0.0
5zaXYwewAXedKNCff45U5l_Who (Will Take My Place)?,0.3245309429731327
3VNITwohbvU5Wuy5PC6dsI_Game Of Love,0.34221878315793125
4kI8Ie27vjvonwaB2ePh8T_The Woods,0.37167703241170413
"2vm8GdHyrJh2O2MfbQFYG0_Happy, Happy Christmas",0.37956547163326726
3PhoLpVuITZKcymswpck5b_A Dream Come True,0.38362537470735364
2g3PKH7Z1Ofn5oGR6oDjLy_Louie Louie,0.401356307835121
5K4W6rqBFWDnAN6FQUkS6x_Amazing,0.40209345401102004
3PhoLpVuITZKcymswpck5b_My Elusive Drug,0.40782367951104465
38zTZcuN7nFvVJ6auhc6V3_Heatherwood,0.4081398549605227
0QrowybipCKUDnq5y10PD2_Cup Of Sorrow,0.4133311454886052
0WO1Yn4pcC30HOKLD68JKm_You and Me,0.41781700912813347
2g3PKH7Z1Ofn5oGR6oDjLy_Just Pickin,0.42274689033658996
12VaqyEhgwDRuFfEqbnrpz_Written On The Forehead,0.4284428931920016
7n2wHs1TKAczGzO7Dd2rGr_Stitches - MTV Unplugged,0.4295055840573577
0grdhNhiRLFBaFVyybqsj6_White Christmas,0.4300995808882729
7CyeXFnOrfC1N6z4naIpgo_(The Best Part Of) Breakin Up,0.4317211723462184
12VaqyEhgwDRuFfEqbnrpz_The Letter,0.43218498968200897
6QobJ3vnalBTlsdOrvQTIt_Hold on Me,0.433823132138559
7gWjOPetXNCBqlVe6axl8K_The Moth,0.442000112733906
