,3zunDAtRDg7kflREzWAhxl_In My Younger Days
3zunDAtRDg7kflREzWAhxl_In My Younger Days,0.0
3zunDAtRDg7kflREzWAhxl_I Like The Way This Is Going,0.47590393900615774
6G7OerKc3eBO9sVkRNopFC_In Your Face,0.4880142349408227
3zunDAtRDg7kflREzWAhxl_Ordinary Man,0.5441117196780887
7MC5zmK3iZHzPqGZEVSROe_On And On (Reprise) - Avatar Sessions,0.5560076955084398
02rd0anEWfMtF7iMku9uor_White Christmas,0.5607584483059941
3zD5liDjbqljSRorrrcEjs_Little Bear,0.606066857165964
3PhoLpVuITZKcymswpck5b_Dream # 3,0.6088054921236564
7AC976RDJzL2asmZuz7qil_Owner of a Lonely Heart - Acoustic Cover,0.6092503000038536
38zTZcuN7nFvVJ6auhc6V3_Sailing,0.6105111251811292
305pg6Bs6Mz9Tm2zK66psY_Love (feat. Fisher),0.6211257624972243
7MC5zmK3iZHzPqGZEVSROe_Just Dont Stop - Avatar Sessions,0.6232061211466647
3zunDAtRDg7kflREzWAhxl_On My Feet,0.6422900186291418
5y2Xq6xcjJb2jVM54GHK3t_Good Morning - Intro,0.6427051246223958
6G7OerKc3eBO9sVkRNopFC_It Ain’t Fair,0.6617455502687692
02rd0anEWfMtF7iMku9uor_How Great Thou Art,0.6733564283621924
6soPpJHlCtN6SY8pWlfbC6_Interlude,0.6823885518708371
0dTj3SqwE8kPnCzyzvYzhT_film roll,0.6888345133554927
3zunDAtRDg7kflREzWAhxl_The Longing,0.7002953586091086
6G7OerKc3eBO9sVkRNopFC_Paths of Victory,0.7055621846030964
