,3zunDAtRDg7kflREzWAhxl_My Timing Is Off
3zunDAtRDg7kflREzWAhxl_My Timing Is Off,0.0
3PhoLpVuITZKcymswpck5b_I Should Have Sent Roses,0.3890735728287329
4S9EykWXhStSc15wEx8QFK_Bozo (Live in Quebec City),0.39182408559142323
7HeVXdOdMhLslVputGTZFQ_Sewer Blues,0.4014845215090642
5cYcI546S8Lf97m4mNdYLD_Star Wind Flower Sun (Solo Ver.),0.40194976793967835
2h93pZq0e7k5yf4dywlkpM_Ivy,0.402352204618986
755pQSGUy6rtPrUCbnJTvi_Tell Me What You Want,0.41359412815020585
4NgNsOXSwIzXlUIJcpnNUp_Forgiveness,0.41405671826323803
0qzzGu8qpbXYpzgV52wOFT_the palm of your wave,0.4161174414281729
12VaqyEhgwDRuFfEqbnrpz_The Life And Death Of Mr. Badmouth,0.4193389584275606
5y2Xq6xcjJb2jVM54GHK3t_Wholy Holy,0.42982057560306264
3PhoLpVuITZKcymswpck5b_Theres No Tomorrow,0.43658380655217116
6JQNyQyfL1NMpAtijb9obS_Live In The Bedroom,0.4430049459483809
5I0EPnV9gwrZYTbScjnaOk_Curvas do Tempo,0.4506904539800534
2ysnwxxNtSgbb9t1m2Ur4j_Only a Human,0.4515679116197752
2BTZIqw0ntH9MvilQ3ewNY_Above the Clouds (feat. Jeff Beck),0.4551183856230114
5Z1CCuBsyhEHngq3U5IraY_Moon River,0.4570544296956284
3PhoLpVuITZKcymswpck5b_Eight Hundred Dollar Shoes,0.457124748269746
3PhoLpVuITZKcymswpck5b_The Best Part Of The Day,0.45836489602650576
5g3uG8zZZANGT6YOssgjfC_Lucky,0.4594853258925366
