,3zunDAtRDg7kflREzWAhxl_Rock Hard Times
3zunDAtRDg7kflREzWAhxl_Rock Hard Times,0.0
3qnGvpP8Yth1AqSBMqON5x_Forgive You,0.2574009009933188
0QrowybipCKUDnq5y10PD2_Vaporize,0.2828158904126629
6yhD1KjhLxIETFF7vIRf8B_Dreaming Alone,0.28580359598344435
31TPClRtHm23RisEBtV3X7_What Goes Around... ...Comes Around (Interlude),0.3044795851831866
5zeCSgiRyezbfLiGOpKAsR_The One I Love,0.3157466938272455
0hEurMDQu99nJRq8pTxO14_Not Myself,0.3160559432286264
1RyvyyTE3xzB2ZywiAwp0i_Blood Sweat Tears,0.32021634540502664
"1RyvyyTE3xzB2ZywiAwp0i_Blood, Sweat, Tears",0.32682906721655636
04HvbIwBccFmRie5ATX4ft_Dont Come Close,0.33023674338703374
2YZyLoL8N0Wb9xBt1NhZWg_Hol Up,0.3310192721265912
5K4W6rqBFWDnAN6FQUkS6x_Hey Mama,0.3333426785847041
4kI8Ie27vjvonwaB2ePh8T_Work All Day,0.33983068824560114
0QrowybipCKUDnq5y10PD2_Whats Been Going On,0.3412349784238252
5snNHNlYT2UrtZo5HCJkiw_HOME IS FAR AWAY,0.34192589501264836
2h93pZq0e7k5yf4dywlkpM_Sierra Leone,0.3487655153407099
55LHFEtIplWhsfyWZUwkf4_The Conclusion,0.3521898574714182
5INjqkS1o8h1imAzPqGZBb_Yes Im Changing,0.355141402164093
2WX2uTcsvV5OnS0inACecP_Let It All Go,0.3606362092575169
5snNHNlYT2UrtZo5HCJkiw_Can You Hear My Heart (feat. LEE HI),0.3625603285688096
