,40Yq4vzPs9VNUrIBG5Jr2i_Drum + Fife
40Yq4vzPs9VNUrIBG5Jr2i_Drum + Fife,0.0
1Ffb6ejR6Fe5IamqA5oRUF_Death Breath,0.2675668079050884
5v61OSg53KaQxGMpErkBNp_Blame Me! Blame Me!,0.27159851812229113
4UXqAaa6dQYAk18Lv7PEgX_The Patron Saint of Liars and Fakes,0.279273346222466
12Chz98pHFMPJEknJQMWvI_Dead Inside,0.28126737244086936
4fY9hRf8gHMOszNWFhR1wB_Whats Next?,0.28668773853399987
5BtHciL0e0zOP7prIHn3pP_I Will Not Bow,0.28925508236102787
58XGUNsRNu3cVOIOYk5chx_Fucked Up Motherfucker,0.2975633168605999
3BmGtnKgCSGYIUhmivXKWX_Breakaway,0.29829081590222006
3Ayl7mCk0nScecqOzvNp6s_Big Casino,0.31246478140961226
"4UXqAaa6dQYAk18Lv7PEgX_This Aint A Scene, Its An Arms Race",0.31278480258112085
5v61OSg53KaQxGMpErkBNp_Disappear,0.3147059902455676
0p4nmQO2msCgU4IF37Wi3j_Unwanted,0.32039324141446124
3E3xrZtBU5ORqcmX78v5YZ_Best Of Me,0.324158044471977
0C8ZW7ezQVs4URX5aX7Kqx_One and the Same - From Princess Protection Program,0.3259951653793848
12Chz98pHFMPJEknJQMWvI_Follow Me,0.3269890343375674
3E3xrZtBU5ORqcmX78v5YZ_A Goodnights Sleep,0.3295373540922378
5YGY8feqx7naU7z4HrwZM6_Goodbye,0.32983832462898627
3CjlHNtplJyTf9npxaPl5w_Gods Plan,0.33014317429106516
06HL4z0CvFAxyc27GXpf02_The Story Of Us - Live 2011,0.33107589732270043
