,40Yq4vzPs9VNUrIBG5Jr2i_The Celestials
40Yq4vzPs9VNUrIBG5Jr2i_The Celestials,0.0
40Yq4vzPs9VNUrIBG5Jr2i_Panopticon,0.20741812207148508
2kucQ9jQwuD8jWdtR9Ef38_Ex To See - 15 In A 30 Tour Live,0.3627155069359741
58XGUNsRNu3cVOIOYk5chx_Thank You Mr. K,0.36904694829863427
4Z8W4fKeB5YxbusRsdQVPb_Planet Telex,0.37701744701102574
58XGUNsRNu3cVOIOYk5chx_The Faker,0.37859344250284704
16nn7kCHPWIB6uK09GQCNI_1945,0.37923618863627767
40Yq4vzPs9VNUrIBG5Jr2i_The Chimera,0.3797641533981132
3kjuyTCjPG1WMFCiyc5IuB_No Cars Go,0.38003622248888097
5juOkIIy18sFw9L30syt1Z_All I Know,0.3836551776948508
2sBPVEeMBXKNsZtYaJixnJ_Tomorrows Only Yesterday,0.38610948264385375
36gdsrHzKZ0Wyb3uH7ZbEv_Next of Kin,0.3877682466592643
0yNLKJebCb8Aueb54LYya3_Regret (Live at Bestival 2012),0.39340434129302976
0cc6vw3VN8YlIcvr1v7tBL_Home Sweet Home,0.39374964334063656
3Z02hBLubJxuFJfhacLSDc_When Youre Gone,0.394309645711785
3Z02hBLubJxuFJfhacLSDc_When You're Gone,0.394309645711785
4Z8W4fKeB5YxbusRsdQVPb_Sulk,0.4125222969360414
40Yq4vzPs9VNUrIBG5Jr2i_My Love Is Winter,0.4133996429689421
12Chz98pHFMPJEknJQMWvI_Uprising - Live At Rome Olympic Stadium,0.42036912857855585
450o9jw6AtiQlQkHCdH6Ru_Cosmic Slop,0.42085720267088284
