,450o9jw6AtiQlQkHCdH6Ru_Be My Beach (Mophono & Tom Thump)
450o9jw6AtiQlQkHCdH6Ru_Be My Beach (Mophono & Tom Thump),0.0
7mq3QU3jnNqovuHupwEABF_You Dit It Again,0.3282825961696501
3EnbnmqrrvApHJs6FMvYik_Bamboo - Mixed,0.3938974464485049
"5FtUCtiM58XfWegbXeKJJd_Apples, Peaches, Pumpkin Pie",0.4145855162662294
1eYhYunlNJlDoQhtYBvPsi_Swanee River Rock (Talkin Bout That River),0.42205268507500987
6vth8u6Wp7k2bbzDQMCmrb_Headin for Home,0.4335536368392227
0QrowybipCKUDnq5y10PD2_Sweet Pea,0.4449780236374697
74ASZWbe4lXaubB36ztrGX_Man in the Long Black Coat,0.4521687894099418
5MlfccEEOw6kihsT8eQtbh_Quinto Sabroso,0.45750239180931435
2cQr2KbzdRtIFlfbHGnNsL_A Million Dreams,0.45861897117563016
7G1GBhoKtEPnP86X2PvEYO_Mississippi Goddam - 1964 Live In New York Mono,0.4628885183480861
0MponVSpW81oLvJZ53vYZH_Playboy,0.46435367660427407
1eYhYunlNJlDoQhtYBvPsi_I Had a Dream,0.4852913067720352
2rxtSTPBJawYhQAXIpgEAi_Ever So Sweet,0.49805427392591634
7v4imS0moSyGdXyLgVTIV7_Perfidia,0.49807525026351496
7oDjuab7uVdRk9Ism8pFIc_Ev'rybody Wants to Be a Cat - From The Aristocats,0.5004980622945772
7G1GBhoKtEPnP86X2PvEYO_The Pusher - Remastered,0.5064838667577584
3YQKmKGau1PzlVlkL1iodx_The Pantaloon,0.5069392776702668
1URnnhqYAYcrqrcwql10ft_Motorcycle,0.5126039659568641
0bmF1w9eyJrY4CHyjpTQOW_Negative Vibes,0.5145470099003089
