,4aEnNH9PuU1HF3TsZTru54_The Spiritually Immature Mansion
4aEnNH9PuU1HF3TsZTru54_The Spiritually Immature Mansion,0.0
0YC192cP3KPCRWx8zr8MfZ_Marcus,0.5382130339559406
5928hF4c1MriHfAgpFf8ya_Notting Hill,0.630421149321674
51Blml2LZPmy7TTiAg47vQ_The First Time,0.7041560539986867
5I0EPnV9gwrZYTbScjnaOk_Adams Hotel (Fogo do Sol),0.7262671006856499
45q3ufd1IxTWhVS6JbLX9f_You Are In The Demons House,0.7439374130292412
0YC192cP3KPCRWx8zr8MfZ_Were Best Friends,0.8053143162006668
5zzrJD2jXrE9dZ1AklRFcL_Honeydew,0.8073167888528238
5I0EPnV9gwrZYTbScjnaOk_Posto 9,0.81304905344975
3kjuyTCjPG1WMFCiyc5IuB_The Suburbs (continued),0.8171252660466118
7AKznuvHmbW7uZbUkLY4Je_Up - Bedroom Mix,0.8241861050412882
5zaXYwewAXedKNCff45U5l_See All Her Faces,0.8273801086747573
2BTZIqw0ntH9MvilQ3ewNY_Silent Night,0.8338929958479453
0YC192cP3KPCRWx8zr8MfZ_My Son,0.8556900458069236
0x83OBqixqdCHnStP5VMcn_My Willow Tree,0.8900141655686804
5I0EPnV9gwrZYTbScjnaOk_Perdão - 2011 Remaster,0.891171714572807
1WvvwcQx0tj6NdDhZZ2zZz_Open,0.911930727425012
7G1GBhoKtEPnP86X2PvEYO_Thats All I Want From You,0.917287721841375
72qs8dHxUfn7lB9cYxQvIF_Im Sitting in the Railway Square,0.9566217669973283
0x83OBqixqdCHnStP5VMcn_A Thing Of The Past,0.9579531824937588
