,4AqIRTZF6DDmKmdorgFug6_Ive Got An Ape Drape
4AqIRTZF6DDmKmdorgFug6_Ive Got An Ape Drape,0.0
1sxRcl7G7tpQvuQkMyAWau_Candy,0.3102827557631322
4RddZ3iHvSpGV4dvATac9X_Time And Time Again,0.3108183265922105
5BtHciL0e0zOP7prIHn3pP_Home,0.3190036153430308
1HY2Jd0NmPuamShAr6KMms_Mary Jane Holland,0.32373098755525614
5Z1CCuBsyhEHngq3U5IraY_Reach Out,0.33707136395786963
5v61OSg53KaQxGMpErkBNp_To The Wolves,0.34193481489069716
5Rl15oVamLq7FbSb0NNBNy_American Idiot - Live,0.3422227031673909
3Z02hBLubJxuFJfhacLSDc_(I Wanna Be) Your Underwear,0.34376340304067055
4UXqAaa6dQYAk18Lv7PEgX_Calm Before the Storm,0.3443531486243456
"4AqIRTZF6DDmKmdorgFug6_I Know, Huh?",0.3506315963158505
3E3xrZtBU5ORqcmX78v5YZ_Making Love To The Camera,0.35620490386033493
0EmeFodog0BfCgMzAIvKQp_Ojos Así - Live Version,0.3649819030380426
3PhoLpVuITZKcymswpck5b_The Wasteland,0.36734315650096944
4ghjRm4M2vChDfTUycx0Ce_Kiss Me,0.37309977441624304
6clbbhnIqpHnqxwtOWcilg_What If Youre Wrong,0.37681158655801417
3Z02hBLubJxuFJfhacLSDc_East Side Story,0.37782780202319727
31HpswGOiF0Mc2wm11sIoN_Black Hole Sun,0.37981147332354526
2HcwFjNelS49kFbfvMxQYw_Your Gay Friend,0.38009807232239956
58lV9VcRSjABbAbfWS6skp_Livin' On A Prayer,0.38309728281809896
