,"4AqIRTZF6DDmKmdorgFug6_I Know, Huh?"
"4AqIRTZF6DDmKmdorgFug6_I Know, Huh?",0.0
4RddZ3iHvSpGV4dvATac9X_Time And Time Again,0.21890445271948375
"4RddZ3iHvSpGV4dvATac9X_Born With Nothing, Die With Everything",0.32105724556823195
3E3xrZtBU5ORqcmX78v5YZ_West Girl Scout Road,0.33154783000062893
5BtHciL0e0zOP7prIHn3pP_Home,0.3410339248622089
4AqIRTZF6DDmKmdorgFug6_Ive Got An Ape Drape,0.3506315963158505
4RddZ3iHvSpGV4dvATac9X_Black Clouds,0.3569339743767786
51Blml2LZPmy7TTiAg47vQ_Beautiful Day,0.35860825384760825
4ghjRm4M2vChDfTUycx0Ce_Kiss Me,0.36047456083703594
0p4nmQO2msCgU4IF37Wi3j_Tomorrow,0.36361853856926607
0EmeFodog0BfCgMzAIvKQp_Ojos Así - Live Version,0.3755819608481996
7o95ZoZt5ZYn31e9z1Hc0a_These Words - Ford Club Mix,0.37700277244698466
2uH0RyPcX7fnCcT90HFDQX_Your Love Alone Is Not Enough (feat. Nina Persson),0.3771322291241562
6edGSAX5dVpeJVwu1Q0NwJ_Wish,0.3822949005351899
58XGUNsRNu3cVOIOYk5chx_Baby Big Man (I Want a Mommy),0.38296771759367426
4RddZ3iHvSpGV4dvATac9X_Where Did The Angels Go,0.3837240525627005
2HcwFjNelS49kFbfvMxQYw_Random Acts Of Kindness,0.3856581465687843
6clbbhnIqpHnqxwtOWcilg_Where Do I Run,0.3899294556104789
58XGUNsRNu3cVOIOYk5chx_Californian Hills,0.39677090185809066
4UXqAaa6dQYAk18Lv7PEgX_Calm Before the Storm,0.3995646829900669
