,4AqIRTZF6DDmKmdorgFug6_Lord Of Dance
4AqIRTZF6DDmKmdorgFug6_Lord Of Dance,0.0
2P560DaOMNDUACoH8ZhOCR_Running On The Spot,0.32914124735932593
4AqIRTZF6DDmKmdorgFug6_Nothings Going To Ruin My Holiday,0.3349200330791788
5MlfccEEOw6kihsT8eQtbh_Joe Cubas Latin Hustle,0.3362581288634929
2LXeJdQVcFkhkWydphLI74_Supernova,0.3399710027320005
2P560DaOMNDUACoH8ZhOCR_Man In The Corner Shop,0.34070167776576565
3PhoLpVuITZKcymswpck5b_On Dark Street,0.365153778297249
51Blml2LZPmy7TTiAg47vQ_Angel Of Harlem,0.3743109279247397
2siHvYaxjaW5rKVRiIrMYH_Other Side Of Crazy,0.3806090767363436
776Uo845nYHJpNaStv1Ds4_Look Over Yonder,0.3843355509513389
51Blml2LZPmy7TTiAg47vQ_Zoo Station,0.3876616573969897
2BTZIqw0ntH9MvilQ3ewNY_Dear John,0.3906588441333925
5Z1CCuBsyhEHngq3U5IraY_Hit You With the Real Thing,0.39817634001341917
3BmGtnKgCSGYIUhmivXKWX_Underneath the Tree,0.40541689613153375
5CG9X521RDFWCuAhlo6QoR_Viva Nigeria,0.40979320571513933
3VNITwohbvU5Wuy5PC6dsI_Love & Understanding,0.41767235878429515
1HZQl7ONbmsAGt8qauYHut_Brilliant Deceivers,0.41780570420308477
2VIoWte1HPDbZ2WqHd2La7_Well Meet Again,0.4216737379755062
0CLs04yi5LYa7nQyxG9y7O_Tic Tocs,0.4251936945574635
776Uo845nYHJpNaStv1Ds4_Sunshine Of Your Love,0.42580964398274906
