,4AqIRTZF6DDmKmdorgFug6_Long Haired Lover
4AqIRTZF6DDmKmdorgFug6_Long Haired Lover,0.0
5v61OSg53KaQxGMpErkBNp_The Undeveloped Story,0.3329160721233247
5v61OSg53KaQxGMpErkBNp_Breaking,0.36016129425990145
4GwCpkFWajqx3KSm0MVh2a_All Or Nothing,0.3618525165550291
4UXqAaa6dQYAk18Lv7PEgX_The (Shipped) Gold Standard,0.3738901916450504
5BtHciL0e0zOP7prIHn3pP_Blow Me Away,0.37877710225577466
7Ln80lUS6He07XvHI8qqHH_The Bad Thing,0.37994108084359796
02rd0anEWfMtF7iMku9uor_Back To God,0.39050318989207
7Ln80lUS6He07XvHI8qqHH_Brianstorm,0.3935656101303915
4UXqAaa6dQYAk18Lv7PEgX_Saturday,0.3937048076611975
5v61OSg53KaQxGMpErkBNp_Everywhere In Between - Demo,0.3945147615387456
7gAppWoH7pcYmphCVTXkzs_Move My Way,0.4001564620105213
5v61OSg53KaQxGMpErkBNp_Disappear,0.4006890607145763
2HcwFjNelS49kFbfvMxQYw_Hot Fudge,0.4016796087546756
2Sqr0DXoaYABbjBo9HaMkM_Morningside,0.40342623320055804
7K3zpFXBvPcvzhj7zlGJdO_Fainting Spells,0.40538015774336833
4UXqAaa6dQYAk18Lv7PEgX_Grand Theft Autumn   Where Is Your Boy,0.4060401374786512
3EQW0765q2DFGkkY7vqdXC_2 Much Love for 1 Woman,0.407309334133532
1Ffb6ejR6Fe5IamqA5oRUF_Black & Blue,0.4125816728444258
7Ln80lUS6He07XvHI8qqHH_This House is a Circus,0.4153438378659985
