,4AqIRTZF6DDmKmdorgFug6_I Believe
4AqIRTZF6DDmKmdorgFug6_I Believe,0.0
0cc6vw3VN8YlIcvr1v7tBL_Live Wire,0.3133313948043267
5a2EaR3hamoenG9rDuVn8j_When Eye Lay My Hands On U,0.3408836392720468
7GaxyUddsPok8BuhxN6OUW_Super Bad - Pts.1 & 2,0.343579447658961
0EmeFodog0BfCgMzAIvKQp_Ojos Así - En Vivo,0.36089717711565744
0Je74SitssvJg1w4Ra2EK7_Whats Up?,0.36864319921706307
2VIoWte1HPDbZ2WqHd2La7_Makin My Mind Up,0.3719607843774326
4AqIRTZF6DDmKmdorgFug6_Ok,0.38202280125571614
7qG3b048QCHVRO5Pv1T5lw_Ruleta Rusa,0.3820853768492368
6HdYUuBeK3g2MA2wGVCDcn_Im Losing Myself,0.3842921536689059
6clbbhnIqpHnqxwtOWcilg_You Saved Me,0.39035221424281424
1eClJfHLoDI4rZe5HxzBFv_Disappear,0.392289718023196
4kwCLM6VuDfkyWAyn9xFlq_Say I Wont Be There - BBC Ken Dodd Show 14 7 63,0.3930411338794582
450o9jw6AtiQlQkHCdH6Ru_Hit It and Quit It,0.39948173897829387
3miNucraVWk4hdVsIxn7id_No More War,0.40074846762971217
2siHvYaxjaW5rKVRiIrMYH_One Day In Your Life - Hex Hector Special Edition Edit,0.4051680300492731
450o9jw6AtiQlQkHCdH6Ru_Sunshine Of Your Love,0.40851161073446807
0QHgL1lAIqAw0HtD7YldmP_Bitch Im From Dade County,0.4121544032323363
0grdhNhiRLFBaFVyybqsj6_Too Late To Say Goodbye - Acoustic,0.4131832285088206
2VIoWte1HPDbZ2WqHd2La7_The Battle Of The Bands,0.4211056054268671
