,4AqIRTZF6DDmKmdorgFug6_Appreciate My Honesty
4AqIRTZF6DDmKmdorgFug6_Appreciate My Honesty,0.0
3BmGtnKgCSGYIUhmivXKWX_My Life Would Suck Without You,0.6691739070725441
0p4nmQO2msCgU4IF37Wi3j_He Wasnt,0.6785350243648164
4AqIRTZF6DDmKmdorgFug6_43210-1,0.7124553371970452
4TnGh5PKbSjpYqpIdlW5nz_Unfair Love,0.7188743404639911
5Z1CCuBsyhEHngq3U5IraY_The Easy Way,0.750620898103155
4UXqAaa6dQYAk18Lv7PEgX_Young And Menace,0.7880155701978195
1Ffb6ejR6Fe5IamqA5oRUF_Football Season is Over (feat. JJ Peters),0.8100278458178015
3BmGtnKgCSGYIUhmivXKWX_Cry,0.823064491753933
4AqIRTZF6DDmKmdorgFug6_Atrocity,0.835021796825511
0vEsuISMWAKNctLlUAhSZC_Cowboys,0.8547216343934894
57MtJQ6Sc4tIxrXIhrqVJL_Angry Charlie,0.8670339941395219
4UXqAaa6dQYAk18Lv7PEgX_The Kids Arent Alright,0.8706099042628815
7HV2RI2qNug4EcQqLbCAKS_This Is Me - Alan Walker Relift (From The Greatest Showman),0.8716313787121639
59pWgeY26Q6yJy37QvJflh_Rule Number One,0.873998735552083
6s22t5Y3prQHyaHWUN1R1C_Im Not Famous,0.8831106496733818
"57MtJQ6Sc4tIxrXIhrqVJL_When They Fight, They Fight",0.8943870591098293
4utLUGcTvOJFr6aqIJtYWV_Wreak Havoc,0.8991954029483135
40Yq4vzPs9VNUrIBG5Jr2i_Age Of Innocence,0.9053282686626568
4RddZ3iHvSpGV4dvATac9X_Who Do You Trust?,0.940708784649593
