,4DdkRBBYG6Yk9Ka8tdJ9BW_Ric Flair Drip (& Metro Boomin)
4DdkRBBYG6Yk9Ka8tdJ9BW_Ric Flair Drip (& Metro Boomin),0.0
31W5EY0aAly4Qieq6OFu6I_Lets Start Over,0.42202539615433643
10AY17ALos2o3akPqrPydw_Throw It,0.4577281955802842
738wLrAtLtCtFOLvQBXOXp_Sicker - Mixed,0.4697504853839371
1URnnhqYAYcrqrcwql10ft_Thug Life,0.49122980064330474
1RyvyyTE3xzB2ZywiAwp0i_Jersey,0.4922990129893892
5MkIifBOV94xvm2tr6XliJ_Light Up Ahead (Time Mirage),0.5281483132090187
"0dTj3SqwE8kPnCzyzvYzhT_Cigarette (Feat. Tablo, MISO)",0.5356003926122103
68kEuyFKyqrdQQLLsmiatm_Street Punks,0.537122587638064
1URnnhqYAYcrqrcwql10ft_Darth Vader,0.5542030521018974
5LHRHt1k9lMyONurDHEdrp_Wait For A Minute,0.557834124902271
74ASZWbe4lXaubB36ztrGX_Spirit on the Water,0.5712001488185081
2auiVi8sUZo17dLy1HwrTU_Dreams,0.5733140054210024
3TVXtAsR1Inumwj472S9r4_Faithful,0.5733661245780475
6C403AR4y6PjN0xNNGh42m_Julians Dream (ode to a bad),0.5744877606327007
2auiVi8sUZo17dLy1HwrTU_Scales,0.5759971121205889
4DdkRBBYG6Yk9Ka8tdJ9BW_Nightmare,0.586335695065166
10AY17ALos2o3akPqrPydw_We Had A Deal,0.5900737333458651
6auWB5YAlcKaHyrbTH66nd_Seventeen,0.5903235534040211
5K4W6rqBFWDnAN6FQUkS6x_Say You Will,0.6002764132811963
