,4dpARuHxo51G3z768sgnrY_Water Under The Bridge
4dpARuHxo51G3z768sgnrY_Water Under The Bridge,0.0
7qG3b048QCHVRO5Pv1T5lw_Heartbreaker,0.2515264957621759
5rSXSAkZ67PYJSvpUpkOr7_Chances,0.25576918755198347
31TPClRtHm23RisEBtV3X7_Sauce,0.272468921998864
50lhyY7UVI9NyVHl79rVgk_The Names,0.2754227416548595
0NIPkIjTV8mB795yEIiPYL_These Days,0.30624166306910533
0UWZUmn7sybxMCqrw9tGa7_Fuego,0.32882562969142864
6auWB5YAlcKaHyrbTH66nd_Stoned In The Valley,0.3307094191823103
1WvvwcQx0tj6NdDhZZ2zZz_Beauty of the Road,0.3321024185094779
"1HY2Jd0NmPuamShAr6KMms_Eh, Eh (Nothing Else I Can Say)",0.3346908599557829
7gAppWoH7pcYmphCVTXkzs_Paper Hearts,0.3410184944857386
0c173mlxpT3dSFRgMO8XPh_High,0.3421483439386656
3kjuyTCjPG1WMFCiyc5IuB_We Exist,0.34479919687179217
5snNHNlYT2UrtZo5HCJkiw_Amor Fati,0.34616475824110854
63cvWayCvPbWYNDi537w0z_Tear drops,0.34983989727773734
7gAppWoH7pcYmphCVTXkzs_Stolen Moments,0.35001787704529885
2kCcBybjl3SAtIcwdWpUe3_Fingers,0.3547089232781631
3miNucraVWk4hdVsIxn7id_Circuit Rider,0.357097856453057
0hEurMDQu99nJRq8pTxO14_83,0.35871219100189533
2tpIEJakXfrYv4CwlUL1Fl_Fantasmas,0.3598188974930312
