,4dpARuHxo51G3z768sgnrY_He Wont Go
4dpARuHxo51G3z768sgnrY_He Wont Go,0.0
5szdY7KaSi7epwyffrbV8c_Feel Alright,0.3252187213196535
5szdY7KaSi7epwyffrbV8c_Just Fall In Love,0.3477056787576829
26dSoYclwsYLMAKD3tpOr4_Make Me... (feat. G-Eazy),0.3478080630159783
7o95ZoZt5ZYn31e9z1Hc0a_Who Knows?,0.36842090739843325
4phGZZrJZRo4ElhRtViYdl_Unlonely,0.3849921662760721
1vCWHaC5f2uS3yhpwWbIA6_Taste The Feeling (Avicii Vs. Conrad Sewell),0.39436297533229553
4S9EykWXhStSc15wEx8QFK_Le miracle,0.39839645154661746
3qnGvpP8Yth1AqSBMqON5x_If It Feels Good (Then It Must Be),0.40109582162282054
5a2EaR3hamoenG9rDuVn8j_Big City,0.40717372057648205
5GtMEZEeFFsuHY8ad4kOxv_Dont Make Me Wait,0.4085857907330395
0B3N0ZINFWvizfa8bKiz4v_Big Picture,0.4094360232730336
6wKxOKEA3K6R2UZ3COLXEY_She Talks Too Much,0.41100311945825857
5snNHNlYT2UrtZo5HCJkiw_Lovedrunk,0.41110334309834357
26VFTg2z8YR0cCuwLzESi2_Walls Could Talk,0.41241916352311564
7bSDGumYzI7Cehekr534Xn_Remedy,0.4130425807621214
6VuMaDnrHyPL1p4EHjYLi7_LA Girls,0.41983093436175967
6Vn7I7CIlw8jJecLo22RNE_BLVD,0.42436763493075846
0du5cEVh5yTK9QJze8zA0C_Versace On The Floor (Bruno Mars vs. David Guetta),0.4274335591019573
1JYg8U6q46MYYZ4sq2O031_Generosity,0.42801099455467656
