,4gSTRpmeyYppvIXuFKjfAL_Bother
4gSTRpmeyYppvIXuFKjfAL_Bother,0.0
12Chz98pHFMPJEknJQMWvI_Apocalypse Please,0.39514849314861994
7ia4FaCVsbXvhVwagCJk7l_Last Call (Go Home),0.40750156554704525
56ZTgzPBDge0OvCGgMO3OY_New Year,0.4103369998837177
3Ayl7mCk0nScecqOzvNp6s_Ten,0.41699798959164047
56ZTgzPBDge0OvCGgMO3OY_Dive,0.4258907469607748
12Chz98pHFMPJEknJQMWvI_Stockholm Syndrome,0.42657146797884654
5rSXSAkZ67PYJSvpUpkOr7_One Phone Call,0.4351200342141446
1pzRh5IWgNWNrxPBu9EFcU_Dualidad,0.44579030661041813
4gzpq5DPGxSnKTe4SA8HAU_Violet Hill,0.44675795359616677
4aEnNH9PuU1HF3TsZTru54_Jamelia,0.4533965449634226
1HY2Jd0NmPuamShAr6KMms_Come To Mama,0.4547666514725251
6clbbhnIqpHnqxwtOWcilg_Who Speaks for Me,0.4587627865339527
1xU1V8I8pFrMOjtuSmjPBs_When We Love,0.45961047280469236
7gjAu1qr5C2grXeQFFOGeh_Hideaway,0.46374117496183653
4SsMf4SjhOlSqEitcprgBt_Come Sit Down,0.4654728214639624
4NgNsOXSwIzXlUIJcpnNUp_Love Beside Me,0.4719804869089798
63MQldklfxkjYDoUE4Tppz_By the Kiss,0.4777307926252147
360IAlyVv4PCEVjgyMZrxK_face the sun,0.48145146064055905
3zD5liDjbqljSRorrrcEjs_Redwings,0.48234560738603466
