,4gzpq5DPGxSnKTe4SA8HAU_A Whisper
4gzpq5DPGxSnKTe4SA8HAU_A Whisper,0.0
3Caot8EtHX6wLpNF2wRzS0_Lowly Deserter,0.34790652766165486
5v61OSg53KaQxGMpErkBNp_Type Three,0.3492062858331393
21mKp7DqtSNHhCAU2ugvUw_Tuytus,0.3494608754972179
0yNLKJebCb8Aueb54LYya3_Krafty - 2015 Remaster,0.35067098102262695
1Cs0zKBU1kc0i8ypK3B9ai_If We Ever (feat. Makeba),0.3581586236813342
776Uo845nYHJpNaStv1Ds4_Ezy Ryder,0.36044943661067763
5Rl15oVamLq7FbSb0NNBNy_Disconnected,0.36483277816821325
4Z8W4fKeB5YxbusRsdQVPb_The Bends,0.3671593665534792
7qG3b048QCHVRO5Pv1T5lw_Hero - MetroMix,0.3758257722730248
51Blml2LZPmy7TTiAg47vQ_Unknown Caller,0.3784904559761506
55LHFEtIplWhsfyWZUwkf4_The Thing Is,0.37861201480122
4AQrqVz6BYwy29iMxcGtx7_Forgive,0.3834893064984629
06HL4z0CvFAxyc27GXpf02_Back To December,0.3857583730249732
0aqrM7Fo3Ml66Kc5JAzmjt_Boogie Woogie Santa,0.39008767393186994
7Ln80lUS6He07XvHI8qqHH_The View From The Afternoon,0.3910498304682521
3PhoLpVuITZKcymswpck5b_The Wasteland,0.3924324817844215
2sBPVEeMBXKNsZtYaJixnJ_Back to the Stone,0.39587835768320984
7n2wHs1TKAczGzO7Dd2rGr_Bad Reputation - MTV Unplugged,0.40033423453036104
0NIPkIjTV8mB795yEIiPYL_Ground,0.4016193525917479
