,4gzpq5DPGxSnKTe4SA8HAU_Adventure of a Lifetime
4gzpq5DPGxSnKTe4SA8HAU_Adventure of a Lifetime,0.0
1WvvwcQx0tj6NdDhZZ2zZz_Ran,0.3170256883833883
26VFTg2z8YR0cCuwLzESi2_Haunting,0.33167144105691326
7MC5zmK3iZHzPqGZEVSROe_Counting (feat. Mykki Blanco) - Bonus Track,0.34661463490597816
4T2k9bgIoC8bbqjqiEl9vZ_End Like This,0.34913808599222673
2sBPVEeMBXKNsZtYaJixnJ_Sun City Creeps,0.3590717861141281
5y2Xq6xcjJb2jVM54GHK3t_Written In The Stars,0.3591250959295367
3LjhVl7GzYsza1biQjTpaN_One Bad Night,0.35959758753466287
0Y5tJX1MQlPlqiwlOH1tJY_wonderful,0.3656654563237354
0du5cEVh5yTK9QJze8zA0C_Moonshine,0.36579079401288556
75OcDAFGCzj0qehe1mADeM_RnB Ting,0.36633005979787064
5snNHNlYT2UrtZo5HCJkiw_Amor Fati,0.3712271849049894
0UWZUmn7sybxMCqrw9tGa7_Fuego,0.3748929633051445
1HY2Jd0NmPuamShAr6KMms_Diggin My Grave,0.3761681756784942
360IAlyVv4PCEVjgyMZrxK_Wheres the Fun in Forever,0.3801060367495475
1Xyo4u8uXC1ZmMpatF05PJ_Pray For Me (with Kendrick Lamar),0.3802924471452756
4ScCswdRlyA23odg9thgIO_Thursday,0.38446822995733737
7HIjKw4rHS0MtmV0cqSlpB_Ooo Aaa,0.3879197819750571
5rSXSAkZ67PYJSvpUpkOr7_Try,0.3891848453722418
0Y5tJX1MQlPlqiwlOH1tJY_SKELETONS,0.3928365547637174
