,4HzKw8XcD0piJmDrrPRCYk_Every Step Every Way
4HzKw8XcD0piJmDrrPRCYk_Every Step Every Way,0.0
75OcDAFGCzj0qehe1mADeM_Change,0.4050066704340005
5JZ7CnR6gTvEMKX4g70Amv_I Like Me Better,0.4903458305994991
1gkSl4XpHIHI4I1WQbfXOE_DownTown,0.5040626973493363
6prSU5P9K3jspinOt3Gotx_Youre Just Yourself,0.5126764296546987
5lHRUCqkQZCIWeX7xG4sYT_Brain Nichols,0.5206867680803476
1GAS0rb4L8VTPvizAx2O9J_If You Can Save Me Now,0.5256239598845281
4cMtnnGdRvh8KIi2RA7ZeU_Piss On Me,0.5334389829241524
50co4Is1HCEo8bhOyUWKpn_Anybody (feat. Nicki Minaj),0.5375428571183504
0r0KdmVS1Er3kaFnl1KPog_Cheating On Me (feat. Zak Abel) - Tom Misch refix,0.5601955522474089
1VJ0briNOlXRtJUAzoUJdt_Crowd Control,0.5678231298310343
5KPJMJR9PCfMWSfco8i4W4_One Dance Hasta El Amanecer - Mashup,0.5710901090609507
5YGY8feqx7naU7z4HrwZM6_I'm So Drunk,0.5762771952780462
3YQKmKGau1PzlVlkL1iodx_Heathens,0.5784361676579592
5rSXSAkZ67PYJSvpUpkOr7_Nobody but You,0.5965331271746672
28j8lBWDdDSHSSt5oPlsX2_Love That Hurts,0.6225812853621511
2HcwFjNelS49kFbfvMxQYw_Somewhere,0.6267286084892539
2auiVi8sUZo17dLy1HwrTU_Sound of Rain,0.628540279768281
6fLrPFLWLSCrp7gcTZXcKb_Hollow Days,0.6331462918656082
3gIRvgZssIb9aiirIg0nI3_wildfire,0.6343124707484714
