,4iHNK0tOyZPYnBU7nGAgpQ_My All
4iHNK0tOyZPYnBU7nGAgpQ_My All,0.0
5jkcIAzNJfptzIC9lMTEEF_Life In A Northern Town,0.2692039858435014
4phGZZrJZRo4ElhRtViYdl_Bella Luna,0.30090709390552145
4phGZZrJZRo4ElhRtViYdl_You Can Rely On Me,0.32489998147170307
0ukAv4dLteeOA5IcKDpR2X_Meaning of Love,0.3343776053611688
3HqSLMAZ3g3d5poNaI7GOU_ugly duckling,0.3403476883516114
4NgNsOXSwIzXlUIJcpnNUp_The Sound That Love Makes,0.357293114990026
2YZyLoL8N0Wb9xBt1NhZWg_Opposites Attract (Tomorrow W O Her),0.36902011553061725
3HqSLMAZ3g3d5poNaI7GOU_The Shower,0.37210498808090736
5GtMEZEeFFsuHY8ad4kOxv_Mad World,0.38094222458045895
"4phGZZrJZRo4ElhRtViYdl_Hello, You Beautiful Thing",0.38143154620909525
4phGZZrJZRo4ElhRtViYdl_The Forecast,0.38376088291509114
74ASZWbe4lXaubB36ztrGX_Scarlet Town,0.3854344670630624
5GtMEZEeFFsuHY8ad4kOxv_Love,0.3907751125732806
6fTEkjuuZ3hH6fdeBxxbA2_Graze,0.3920186658000098
74ASZWbe4lXaubB36ztrGX_Tempest,0.400023007016345
3DiDSECUqqY1AuBP8qtaIa_You Dont Know My Name - Unplugged,0.40045255611751557
5GtMEZEeFFsuHY8ad4kOxv_Half a Heart,0.40329058353884356
7JgXEHI1oEiQICAMeCsKTj_High on Your Love,0.4077414124021665
0QrowybipCKUDnq5y10PD2_Behind Me Now,0.40899621406888476
