,4iHNK0tOyZPYnBU7nGAgpQ_Charlie Brown Christmas
4iHNK0tOyZPYnBU7nGAgpQ_Charlie Brown Christmas,0.0
6edGSAX5dVpeJVwu1Q0NwJ_Question Of Faith - 7 Mix,0.3363474450663931
0qLNsNKm8bQcMoRFkR8Hmh_Out To Get You,0.36212194607914355
31TPClRtHm23RisEBtV3X7_Nothin Else,0.3640399412626764
5I0EPnV9gwrZYTbScjnaOk_Pigmalião 70 - 2000 Digital Remaster,0.39668938025977
4aEnNH9PuU1HF3TsZTru54_The Barn,0.3985797345316728
1tqZaCwM57UFKjWoYwMLrw_Black Letter Day,0.4055333601609329
4O5EDKGt6YC5IXkOArVqk3_Love This Girl,0.411754840094321
6edGSAX5dVpeJVwu1Q0NwJ_Raincloud - 7 Mix,0.41759765018139255
4iHNK0tOyZPYnBU7nGAgpQ_Close My Eyes,0.4194492097835304
738wLrAtLtCtFOLvQBXOXp_Awakening - Mixed,0.4257696932183319
7rZNSLWMjTbwdLNskFbzFf_Ugly,0.4342391118576713
3RGLhK1IP9jnYFH4BRFJBS_Lovers Rock,0.43649499198277864
5I0EPnV9gwrZYTbScjnaOk_Corrida de Jangada,0.4365750126649541
12VaqyEhgwDRuFfEqbnrpz_The Wind,0.44402656509129224
2jku7tDXc6XoB6MO2hFuqg_Acting Like,0.4477418966675831
6edGSAX5dVpeJVwu1Q0NwJ_What Could Be Better,0.4523186489999269
0yNLKJebCb8Aueb54LYya3_Recoil,0.45695160036052557
6edGSAX5dVpeJVwu1Q0NwJ_Postcard From Heaven,0.4571584245626257
2RdwBSPQiwcmiDo9kixcl8_Here,0.46112330712666455
