,4iHNK0tOyZPYnBU7nGAgpQ_Babydoll
4iHNK0tOyZPYnBU7nGAgpQ_Babydoll,0.0
77HthcNFa6SbicRaQKdhyy_Padlock - Larry Levan Mix,0.36921525198152566
6XpaIBNiVzIetEPCWDvAFP_Heartbreak Hotel (feat. Faith Evans & Kelly Price),0.39638307677349943
3DiDSECUqqY1AuBP8qtaIa_Streets of New York (City Life) - Unplugged,0.4111187659430588
6s22t5Y3prQHyaHWUN1R1C_Thirsty,0.4130962106334679
3VNITwohbvU5Wuy5PC6dsI_Open Sesame,0.4135439086286515
50co4Is1HCEo8bhOyUWKpn_Ridin (feat. Lil Durk),0.43092315121107366
68kEuyFKyqrdQQLLsmiatm_Big Time,0.4345643093559662
4iHNK0tOyZPYnBU7nGAgpQ_We Belong Together,0.44299410822625995
0RGwDw7utw9jyhSf2TySBv_Ruff Took Off,0.4450994216909962
6oMuImdp5ZcFhWP0ESe6mG_Slam Dunk,0.44859303789486926
1sBkRIssrMs1AbVkOJbc7a_It Ain't A Problem,0.45136223691321464
1sBkRIssrMs1AbVkOJbc7a_It Aint A Problem,0.45136223691321464
15iVAtD3s3FsQR4w1v6M0P_She A Freak,0.4591609325746777
2auiVi8sUZo17dLy1HwrTU_Wanna Go Back,0.4591936086162593
755pQSGUy6rtPrUCbnJTvi_Great Lover,0.46777089136190103
1gBpCMwsKmT2ZAwOVz5AB8_Body Language (feat. Raveena Aurora),0.4693341985328707
6XpaIBNiVzIetEPCWDvAFP_Until You Come Back,0.4699169012376156
2AAxtLXjbgQxzF3oPTY0jE_Tadoww,0.4703927683301048
0QHgL1lAIqAw0HtD7YldmP_Intro (we The Best),0.4714180476841553
