,4iHNK0tOyZPYnBU7nGAgpQ_Stay The Night
4iHNK0tOyZPYnBU7nGAgpQ_Stay The Night,0.0
7o95ZoZt5ZYn31e9z1Hc0a_Break Thru,0.2891833714380031
4S9EykWXhStSc15wEx8QFK_There Comes A Time,0.3043860551764569
3DiDSECUqqY1AuBP8qtaIa_No One,0.3148855555512614
66CXWjxzNUsdJxJ2JdwvnR_Honeymoon Avenue,0.31978956462404795
4phGZZrJZRo4ElhRtViYdl_Everything Is Sound,0.3262479616928912
2Sqr0DXoaYABbjBo9HaMkM_Armor,0.32837048167708693
2BTZIqw0ntH9MvilQ3ewNY_Just Your Fool,0.33036200829459944
4NgNsOXSwIzXlUIJcpnNUp_Out Of Tune,0.33164145996500044
4NgNsOXSwIzXlUIJcpnNUp_Illusions of Bliss,0.33178643058560364
1U0sIzpRtDkvu1hXXzxh60_Floor Show (Prod. Girl Unit),0.33577329632313196
2h93pZq0e7k5yf4dywlkpM_Pretty Sweet,0.3371069965047866
4phGZZrJZRo4ElhRtViYdl_Live High,0.34006267278816543
5sUrlPAHlS9NEirDB8SEbF_Los Lugares,0.3416011023038458
3HqSLMAZ3g3d5poNaI7GOU_Beautiful Dancer,0.3510254981286922
3DiDSECUqqY1AuBP8qtaIa_How It Feels to Fly,0.3516560038095873
6fLrPFLWLSCrp7gcTZXcKb_I Dont Care,0.3558351340704842
"1RyvyyTE3xzB2ZywiAwp0i_Blood, Sweat, Tears",0.3560476419706602
"5CG9X521RDFWCuAhlo6QoR_Underground System, Pt. 2",0.35898148262939633
4S9EykWXhStSc15wEx8QFK_How Do You Keep the Music Playing,0.3595239323293523
