,4iHNK0tOyZPYnBU7nGAgpQ_Emotions
4iHNK0tOyZPYnBU7nGAgpQ_Emotions,0.0
58iElPp6ETdRf8z08rYB1a_Feels So Right (Victor Simonelli Original Mix),0.38158630699698926
6XpaIBNiVzIetEPCWDvAFP_Anymore,0.3918091392066699
1MMzI6WUvOVsmZMNiD3Lqc_Inna Di Dancehall,0.39978340160896847
7GaxyUddsPok8BuhxN6OUW_Gimme Your Love,0.4136728741863778
2BTZIqw0ntH9MvilQ3ewNY_Maybe Hell Know,0.4142388755684788
4EENT7N7rCBwrddM3s0vFS_Far Away,0.41742362535620126
7GaxyUddsPok8BuhxN6OUW_World Cycle Inc.,0.42232944448224385
0vUTfcBDZZo2OUQJci5UNZ_Whatever I Want,0.4378663359252817
59oA5WbbQvomJz2BuRG071_Beat 54 - Krystal Klear 12 Mix,0.45334900312607873
13saZpZnCDWOI9D4IJhp1f_Not Big,0.4566243261499065
2HcwFjNelS49kFbfvMxQYw_Have You Met Miss Jones?,0.4594769393125356
4iHNK0tOyZPYnBU7nGAgpQ_How Much,0.47918965218084475
4ehtJnVumNf6xzSCDk8aLB_Sí,0.4796677035598647
1SupJlEpv7RS2tPNRaHViT_Buscarte (feat. Daddy Yankee),0.4824231888427982
5lHRUCqkQZCIWeX7xG4sYT_Should I,0.4850616388470792
38zyliF0xdJKS7k1BIEuL6_Tres de Seis,0.4979605578243736
6XpaIBNiVzIetEPCWDvAFP_Who Do You Love,0.5009371151601957
7AKznuvHmbW7uZbUkLY4Je_The Riddle Of The Model,0.5017380455826324
0RGwDw7utw9jyhSf2TySBv_Celeb (feat. Bobby Shmurda),0.50321382680566
