,4iHNK0tOyZPYnBU7nGAgpQ_Clown
4iHNK0tOyZPYnBU7nGAgpQ_Clown,0.0
15iVAtD3s3FsQR4w1v6M0P_Told Yall,0.40299267416646845
5lHRUCqkQZCIWeX7xG4sYT_Aye,0.4053534256595461
31TPClRtHm23RisEBtV3X7_Nothin Else,0.41626890982792103
2vm8GdHyrJh2O2MfbQFYG0_What Are You Doing New Years Eve,0.4352452460873566
72hqBMsw7x5jnfxxwkii8L_Phat Planet,0.4430006191321449
31TPClRtHm23RisEBtV3X7_Take It From Here,0.46292801628458957
4xPR9p75zzDlisJvvhEYl2_I Still Know You (Philosophical Sessions),0.46524486944081955
6LEeAFiJF8OuPx747e1wxR_Hands Up,0.4683004363816018
4iHNK0tOyZPYnBU7nGAgpQ_Charlie Brown Christmas,0.47014118645248076
1SUz2JjWDXSVyAtWokVinQ_You and Me,0.4702558275095166
5I0EPnV9gwrZYTbScjnaOk_Corrida de Jangada,0.4862277898974356
2YZyLoL8N0Wb9xBt1NhZWg_FEEL.,0.48979781949883194
6eUKZXaKkcviH0Ku9w2n3V_Firefly - Bravado Dubstep Remix,0.49479988955983756
6vXTefBL93Dj5IqAWq6OTv_Celebration,0.49589636276695265
6LEeAFiJF8OuPx747e1wxR_Forget It,0.49805684789124455
4WLoEXu4C2C2YZshOvGL0O_Famous Dog From Japan,0.5050472954294342
4iHNK0tOyZPYnBU7nGAgpQ_Close My Eyes,0.5132388780627914
5y2Xq6xcjJb2jVM54GHK3t_Maxine,0.5142252233804647
2CuzDPkRD6BJBvdWqCrt2I_Political,0.5147852910391113
