,4iKhzZlW5dpmbF2LWnNlPr_Shit Be Happening
4iKhzZlW5dpmbF2LWnNlPr_Shit Be Happening,0.0
3VNITwohbvU5Wuy5PC6dsI_As One,1.0297892762510668
1UAM4fJFTeyMZbhTVUKiXk_Is That All There Is?,1.0819469358048595
67ea9eGLXYMsO2eYQRui3w_I Am The Sea,1.1028604533855022
1W9qOBYRTfP7HcizWN43G1_Where Yall From?,1.137107929627058
31TPClRtHm23RisEBtV3X7_As Dreamers Still Do,1.2030246323640799
05sIdEkXAYDbDDdv3T56Oj_One Fine Day,1.231599707110925
3VNITwohbvU5Wuy5PC6dsI_You Got My Heart On Fire,1.2490161101710184
3VNITwohbvU5Wuy5PC6dsI_How Can I Can Get Close To You,1.2545192340120719
5LX6oeHA1d2YNCyqJO1jfw_Skyfall (Arr. A. Turley for Choir),1.2657329474911057
3VNITwohbvU5Wuy5PC6dsI_You Are The Meaning Of Friend,1.3140068421514595
4Hyf62CRYjP1b7KemGahkA_Erforsche mich Gott,1.3301693478959329
13y7CgLHjMVRMDqxdx0Xdo_Lef Some,1.3855115250704666
15iVAtD3s3FsQR4w1v6M0P_Born To Flex,1.396141144174273
0x83OBqixqdCHnStP5VMcn_What Does a Girl Do,1.3999972578509268
12Chz98pHFMPJEknJQMWvI_[JFK],1.4007244889554176
5MlfccEEOw6kihsT8eQtbh_Wabble-Cha,1.4026791386083595
3VNITwohbvU5Wuy5PC6dsI_Holiday,1.4066947976483761
6V3F8MZrOKdT9fU686ybE9_Headlines,1.4069209282644008
3VNITwohbvU5Wuy5PC6dsI_Forever,1.425344018571445
