,4kI8Ie27vjvonwaB2ePh8T_Elephants
4kI8Ie27vjvonwaB2ePh8T_Elephants,0.0
3QSQFmccmX81fWCUSPTS7y_Waves,0.27578946599034726
3KH7WsR2JZQ94Ik8SyabU6_Je Te Kiffe (feat. Juan Rozoff),0.2872659703060149
4bYPcJP5jwMhSivRcqie2n_Go Now - From Sing Street Original Motion Picture Soundtrack,0.2874184690206528
2WX2uTcsvV5OnS0inACecP_Growing Pains,0.2913461228974381
7MC5zmK3iZHzPqGZEVSROe_Soldier,0.3167351704724886
5zeCSgiRyezbfLiGOpKAsR_Dont Be Afraid,0.32050657310346026
5zeCSgiRyezbfLiGOpKAsR_Don't Be Afraid,0.32050657310346026
4WxjrOJGIngO2hJnlCeK7f_How Do I Know,0.33085377046474923
6QobJ3vnalBTlsdOrvQTIt_Undertow,0.3348864118667507
2HcwFjNelS49kFbfvMxQYw_You Know Me,0.33588017107149765
3kjuyTCjPG1WMFCiyc5IuB_Keep the Car Running,0.33612327600947317
4nZbOHYEypqHtWwTPQu8Fl_Terminally Chill (Neon Indian Cover),0.34429517636854484
6MUv39LOn5bz2QW4SBKE85_How Do I Know,0.34655696026411453
2iEvnFsWxR0Syqu2JNopAd_Walkin On The Sun,0.34715296866162904
2yflrOxX5JYlCQgYAx0kwB_Comic Capsule,0.35216707326492946
12Chz98pHFMPJEknJQMWvI_Exogenesis: SymphonyPt. 3 (Redemption),0.3585079251855751
2Sqr0DXoaYABbjBo9HaMkM_City,0.3620816859200922
5g3uG8zZZANGT6YOssgjfC_Roll with the Punches,0.36657616336360493
3fmMaLC5jjf2N4EC2kTx0u_Flood,0.36680872128812536
