,4kI8Ie27vjvonwaB2ePh8T_The Home
4kI8Ie27vjvonwaB2ePh8T_The Home,0.0
6XpaIBNiVzIetEPCWDvAFP_Whatchulookinat - Main (A.K.A. Backing Vox Up),0.3129834322173428
3YQKmKGau1PzlVlkL1iodx_Air Catcher,0.316268672238133
7ia4FaCVsbXvhVwagCJk7l_Vacation,0.31952551071476815
5K4W6rqBFWDnAN6FQUkS6x_Blood On The Leaves,0.33756996504003517
5a2EaR3hamoenG9rDuVn8j_Valentina,0.34172355705280355
5Z1CCuBsyhEHngq3U5IraY_Thats Life,0.34186547924245875
0XATRDCYuuGhk0oE7C0o5G_Cat Fight,0.34723384220971143
2pvCf5g7XBReiPIvcq7W18_LOVE DROP,0.355725790577129
2Sqr0DXoaYABbjBo9HaMkM_Bottle It Up,0.35598390129036306
55LHFEtIplWhsfyWZUwkf4_Shuggie,0.3563197000159321
11oNY5LROxHrmYBHjzOr42_GoodTime (feat. Lorine Chia & Machine Gun Kelly),0.3566687248202345
4V8Sr092TqfHkfAA5fXXqG_No Me Doy Por Vencido,0.35862266674516613
5a2EaR3hamoenG9rDuVn8j_Boom,0.358786745846774
3miNucraVWk4hdVsIxn7id_Devil Run,0.3599973790092342
4UXqAaa6dQYAk18Lv7PEgX_Get Busy Living Or Get Busy Dying (Do Your Part To Save The Scene And Stop Going To Shows),0.36030526859964535
4AK6F7OLvEQ5QYCBNiQWHq_Over Again,0.36180643288324854
7wEIArE2DKbAdDH0G6jxyA_Saturday,0.3623430422520691
5y2Xq6xcjJb2jVM54GHK3t_Merry Christmas Baby   Give Love on Christmas Day,0.36445826082570054
0XATRDCYuuGhk0oE7C0o5G_Better than I thought,0.3677224483528211
