,4kI8Ie27vjvonwaB2ePh8T_Do You - Acoustic
4kI8Ie27vjvonwaB2ePh8T_Do You - Acoustic,0.0
4bYPcJP5jwMhSivRcqie2n_A Higher Place,0.32684499084158186
7Ln80lUS6He07XvHI8qqHH_No. 1 Party Anthem,0.33689602223631576
7n2wHs1TKAczGzO7Dd2rGr_In My Blood - Acoustic,0.33703434339420474
7LLcRttKjV6PeJOlCNCYon_A Summer Thing,0.34520470162233313
6jJ0s89eD6GaHleKKya26X_Im Still Breathing,0.36931999901758195
1WvvwcQx0tj6NdDhZZ2zZz_Sun in the Morning,0.37874729688233877
58XGUNsRNu3cVOIOYk5chx_Die Tonight,0.3896316803138707
4kI8Ie27vjvonwaB2ePh8T_People Say - Acoustic,0.40619621037023823
7Ln80lUS6He07XvHI8qqHH_Joining The Dots,0.41054487927858097
4kI8Ie27vjvonwaB2ePh8T_Mornings - Acoustic,0.41071139799553974
5juOkIIy18sFw9L30syt1Z_La La La La La,0.4201154261597766
5GtMEZEeFFsuHY8ad4kOxv_Prayer for the Dying,0.42714210855568946
3GA6N9w7SDuMHrdNQ0TY4e_Nothing Lasts Forever (And Its Fine),0.4310998368738843
3zD5liDjbqljSRorrrcEjs_Made-Up Lovesong #43,0.43323768695863896
4AQrqVz6BYwy29iMxcGtx7_Take Me Back,0.4332578904487463
6QobJ3vnalBTlsdOrvQTIt_Is It Alright?,0.43407969842237093
4AQrqVz6BYwy29iMxcGtx7_Yr Love,0.4344373655166608
4bthk9UfsYUYdcFyqxmSUU_Head Over Heels,0.43523947979055333
5GtMEZEeFFsuHY8ad4kOxv_Crazy - Live in Paris,0.43653981163856337
