,4kYSro6naA4h99UJvo89HB_Please Me
4kYSro6naA4h99UJvo89HB_Please Me,0.0
1sBkRIssrMs1AbVkOJbc7a_All The Money In The World,0.3143462570621253
1Ffb6ejR6Fe5IamqA5oRUF_ouch,0.31743360233305734
26dSoYclwsYLMAKD3tpOr4_Dont Let Me Be the Last to Know,0.32480462074632754
06HL4z0CvFAxyc27GXpf02_Dancing With Our Hands Tied,0.3259616877649231
50co4Is1HCEo8bhOyUWKpn_Problems,0.33965939121275374
13saZpZnCDWOI9D4IJhp1f_Never Gonna Happen,0.3407600021047793
3TVXtAsR1Inumwj472S9r4_Views,0.34334680286227987
13y7CgLHjMVRMDqxdx0Xdo_Problems (feat. Young Thug),0.34645915487522017
7o95ZoZt5ZYn31e9z1Hc0a_Were All Mad In Our Way,0.3558363990904216
0QHgL1lAIqAw0HtD7YldmP_Blackball,0.3578194351165338
1l8Fu6IkuTP0U5QetQJ5Xt_Can You See,0.3595939319614758
1sBkRIssrMs1AbVkOJbc7a_Lay Back,0.3620878290380178
7HV2RI2qNug4EcQqLbCAKS_This Is Me - The Reimagined Remix,0.3642350314498746
57MtJQ6Sc4tIxrXIhrqVJL_Avery,0.36633952828735844
6wPhSqRtPu1UhRCDX5yaDJ_Stickwitu,0.3688981384479523
31TPClRtHm23RisEBtV3X7_Señorita,0.370363821965935
0EmeFodog0BfCgMzAIvKQp_Rules,0.38634114805339187
1SupJlEpv7RS2tPNRaHViT_Sacando Chispa (feat. Trebol Clan & David Deambulante),0.3865567778940689
0cQbJU1aAzvbEmTuljWLlF_Underneath It All,0.38918201819513204
