,4ly0VtIYiDYVA4q6ry0NUk_Lessons
4ly0VtIYiDYVA4q6ry0NUk_Lessons,0.0
2SUvSee1ooyCzwAnsUdu2K_Like Minded,0.30452115170073585
6C403AR4y6PjN0xNNGh42m_Love in the time of Kanye,0.42120831167581346
45Yw2N9NT7JApvmKcARV5z_Swagger Back,0.4435572169389722
4jBzsLJTOXDWXf5AWmPeh6_Revolution,0.45466795269308036
5snNHNlYT2UrtZo5HCJkiw_Harajuku Days,0.4599180809755765
5MkIifBOV94xvm2tr6XliJ_Low Key,0.46861007154266004
45Yw2N9NT7JApvmKcARV5z_Regulate (feat. Duck Sauce),0.4771886659039612
3tBtdC4EFE4bNqkt7JP0Co_Theres More to Life,0.48127442026048406
1Lob5ZTK0uEbHahkP6PYCW_Hustling Man,0.48475776407377674
17D4XhKTcpssfBwEITytUb_Soul Sounds - Mixed,0.48489904848634563
1RyvyyTE3xzB2ZywiAwp0i_All Shooters,0.4931696501773016
4xPR9p75zzDlisJvvhEYl2_Reality (Philosophical Sessions),0.49689053811692063
4TH4BHy0LdBi3dpBW4P2UX_Like This,0.5030736728864352
5vngPClqofybhPERIqQMYd_Christmas Cookies,0.503153586051603
7cVZApDoQZpS447nHTsNqu_Special,0.5119549613307162
10AY17ALos2o3akPqrPydw_Dragons,0.5136945654072735
6vWDO969PvNqNYHIOW5v0m_Disappear,0.5139628186632735
4Z8W4fKeB5YxbusRsdQVPb_TKOL (Altrice Rmx),0.522386989687194
2YZyLoL8N0Wb9xBt1NhZWg_LUST.,0.5319720291024533
