,4NgNsOXSwIzXlUIJcpnNUp_Huron Carol
4NgNsOXSwIzXlUIJcpnNUp_Huron Carol,0.0
3CjlHNtplJyTf9npxaPl5w_Get Out - Hansa Session,0.25559785156185055
2MG46ekjBSFwPgzoIZvHFU_Coming Up Roses,0.27777439749175586
0du5cEVh5yTK9QJze8zA0C_Natalie,0.2866205632434992
5oOhM2DFWab8XhSdQiITry_See,0.28873499700397365
3Caot8EtHX6wLpNF2wRzS0_Lucky Man,0.3022521136549816
2WX2uTcsvV5OnS0inACecP_Strange Birds,0.3065267128717763
4NgNsOXSwIzXlUIJcpnNUp_Fallen,0.3107194501226878
4NgNsOXSwIzXlUIJcpnNUp_Building A Mystery,0.31892427355091685
4Ui2kfOqGujY81UcPrb5KE_Kept Me Crying,0.3217976387854782
7LLcRttKjV6PeJOlCNCYon_Ditches,0.326734479324823
3Ayl7mCk0nScecqOzvNp6s_Cut,0.32819596816948543
5UT1mOF7JAjcc7e3wen8vw_Snorkeling 스노클링,0.3287915628470015
5K4W6rqBFWDnAN6FQUkS6x_Devil In A New Dress,0.3336079660459261
0QrowybipCKUDnq5y10PD2_One Lonely Light,0.3363088137487023
3Ayl7mCk0nScecqOzvNp6s_The End Is Beautiful,0.3372667976374716
38zTZcuN7nFvVJ6auhc6V3_Carrion,0.3397341944780522
3PhoLpVuITZKcymswpck5b_Tambourine,0.3408694760049002
3DiDSECUqqY1AuBP8qtaIa_Fallin - Unplugged,0.34186416829717997
4phGZZrJZRo4ElhRtViYdl_The World as I See It,0.34352347533610056
