,4NgNsOXSwIzXlUIJcpnNUp_Beautiful Girl
4NgNsOXSwIzXlUIJcpnNUp_Beautiful Girl,0.0
02rd0anEWfMtF7iMku9uor_O Holy Night,0.3531891136626971
12VaqyEhgwDRuFfEqbnrpz_A Dog Called Money,0.4231577372259602
02rd0anEWfMtF7iMku9uor_O Little Town Of Bethlehem,0.4378393821799342
5zaXYwewAXedKNCff45U5l_Morning (Bom Dia),0.45009205977056954
4NgNsOXSwIzXlUIJcpnNUp_In a Bleak Mid Winter,0.45712865479496456
7cVZApDoQZpS447nHTsNqu_Because,0.45760682111433426
02rd0anEWfMtF7iMku9uor_Jingle Bells,0.4620090376460683
6G7OerKc3eBO9sVkRNopFC_The Moon,0.4665193643078829
4WLoEXu4C2C2YZshOvGL0O_Revel,0.46910612489385795
5I0EPnV9gwrZYTbScjnaOk_Jet-Samba,0.4756549564672812
3DiDSECUqqY1AuBP8qtaIa_One Thing,0.4769632940304265
2Sqr0DXoaYABbjBo9HaMkM_Someone Who Loves Me,0.4915696019052453
5zeCSgiRyezbfLiGOpKAsR_She Drives Me Crazy,0.4937840961729642
0hEurMDQu99nJRq8pTxO14_The Heart of Life,0.4938690351232848
4O5EDKGt6YC5IXkOArVqk3_Ill Be Home For Christmas,0.500933873938455
7HeVXdOdMhLslVputGTZFQ_Western Questions,0.5147395648187246
74ASZWbe4lXaubB36ztrGX_Roll on John,0.5167635520361359
4Z8W4fKeB5YxbusRsdQVPb_4 Minute Warning,0.5181864448331255
0K2uwmxSdZBPHmtBz54ELR_Veinte Años,0.519222248117379
