,4NgNsOXSwIzXlUIJcpnNUp_The Christmas Song
4NgNsOXSwIzXlUIJcpnNUp_The Christmas Song,0.0
5I0EPnV9gwrZYTbScjnaOk_Selva de Pedra,0.34665921591741783
0CPjzkzea6UfhppcuwojxG_She Wanty Wanty,0.38108812861791236
6jJ0s89eD6GaHleKKya26X_The One That Got Away - Acoustic,0.39595352032748293
4phGZZrJZRo4ElhRtViYdl_No Plans,0.39875376069204893
3HqSLMAZ3g3d5poNaI7GOU_잠 못 드는 밤 비는 내리고 [Jam Mot Deuneun Bam Bineun Naeligo] : Sleepless rainy night,0.434325282015
21pMSs2JHWwwy2kp1QIIVB_I Am A Geddion,0.45513622306510604
4S9EykWXhStSc15wEx8QFK_Plus quailleurs,0.458280116662399
0LyfQWJT6nXafLPZqxe9Of_Kingly Character,0.46369996525474605
2YZyLoL8N0Wb9xBt1NhZWg_untitled 02 | 06.23.2014.,0.4655692258713259
31IZdHrCZ5pRhLz4zBxN3o_Haters Make It Hard,0.4712715284972256
7n2wHs1TKAczGzO7Dd2rGr_Roses - MTV Unplugged,0.4735230450772705
5K4W6rqBFWDnAN6FQUkS6x_Ill Fly Away,0.48064522067845245
2YZyLoL8N0Wb9xBt1NhZWg_untitled 07 | levitate,0.4806861032395344
3miNucraVWk4hdVsIxn7id_Spill The Wine,0.4837183041507011
5a2EaR3hamoenG9rDuVn8j_Walk In Sand,0.48711813117703995
6XpaIBNiVzIetEPCWDvAFP_Somebody Bigger Than You And I,0.493693540471255
4gzpq5DPGxSnKTe4SA8HAU_We Never Change,0.5003146609525974
5I0EPnV9gwrZYTbScjnaOk_Faz de Conta,0.5036919341609422
5yqWHaDl8ZrYgeKANLyIv8_Redemption Song,0.5045177648123487
