,4NgNsOXSwIzXlUIJcpnNUp_Fallen
4NgNsOXSwIzXlUIJcpnNUp_Fallen,0.0
4NgNsOXSwIzXlUIJcpnNUp_Building A Mystery,0.25573733922089426
0du5cEVh5yTK9QJze8zA0C_Natalie,0.2753702518691302
1Cs0zKBU1kc0i8ypK3B9ai_One Love (feat. Estelle),0.27878580717880097
6G7OerKc3eBO9sVkRNopFC_Cherokee,0.27983166995677594
3Ayl7mCk0nScecqOzvNp6s_The End Is Beautiful,0.28083582044277783
7zsin6IgVsR1rqSRCNYDwq_Hero - Acoustic,0.2809770784108191
4phGZZrJZRo4ElhRtViYdl_The World as I See It,0.29574987401068137
3CjlHNtplJyTf9npxaPl5w_Get Out - Hansa Session,0.3032527521719814
6jJ0s89eD6GaHleKKya26X_The One That Got Away,0.3046679827139046
7jODCOa0FcBJyrcUocGq0p_Blame Fiction,0.3053603485769085
5o206eFLx38glA2bb4zqIU_Soul Singer In A Session Band,0.30788257408325936
4gzpq5DPGxSnKTe4SA8HAU_Viva La Vida,0.308281567088773
3DiDSECUqqY1AuBP8qtaIa_Fallin - Unplugged,0.3084250865866082
4NgNsOXSwIzXlUIJcpnNUp_Huron Carol,0.3107194501226878
1HY2Jd0NmPuamShAr6KMms_Your Song,0.31467110015717
5K4W6rqBFWDnAN6FQUkS6x_Devil In A New Dress,0.31516938335870726
12Chz98pHFMPJEknJQMWvI_Explorers,0.3154608721815184
5p7f24Rk5HkUZsaS3BLG5F_Hell Nos And Headphones,0.3157111223475682
6wKxOKEA3K6R2UZ3COLXEY_Sensations,0.31610259675935476
