,4nZbOHYEypqHtWwTPQu8Fl_Journal of Ardency
4nZbOHYEypqHtWwTPQu8Fl_Journal of Ardency,0.0
6clbbhnIqpHnqxwtOWcilg_Someone,0.2924947355160305
1Xyo4u8uXC1ZmMpatF05PJ_Nothing Without You,0.3066725244093351
3VNITwohbvU5Wuy5PC6dsI_I Love the Holidays,0.32216286454257936
7aFTOGFDEqDtJUCziLVsVC_Saturn (feat. Kwabs) - Live from Air Studios,0.3276631457964492
3zD5liDjbqljSRorrrcEjs_Outside,0.3293143829130976
59oA5WbbQvomJz2BuRG071_Platoon,0.3437506452670339
5sUrlPAHlS9NEirDB8SEbF_Te Canto Un Son - Mezcla Binaural,0.3497209427734843
5pKCCKE2ajJHZ9KAiaK11H_Good Girl Gone Bad,0.3516407443753294
2ht3wxeT69CzyKFChNnNAB_Da Next Day (feat. Big Rube),0.3540255885013701
2pTCZ9C1fXdaVlv6d5EIXM_Send the Pain On,0.35990206902018934
1sBkRIssrMs1AbVkOJbc7a_Sorry,0.3613485217331327
5rSXSAkZ67PYJSvpUpkOr7_Its True,0.3633329089126316
4O5EDKGt6YC5IXkOArVqk3_Now or Never,0.3652636498605319
1kUQ8DVWHDiMQ7LAciyzYT_Like a Soldier,0.36852933784196257
1sBkRIssrMs1AbVkOJbc7a_For Da Low,0.36947261556903604
0grdhNhiRLFBaFVyybqsj6_The Edge of Forever,0.36976736738857974
1RyvyyTE3xzB2ZywiAwp0i_Karate Chop 2013,0.3761384819614313
3qNVuliS40BLgXGxhdBdqu_쌍둥이자리 Gemini,0.3765783556313933
74ASZWbe4lXaubB36ztrGX_Rollin and Tumblin,0.38013784128992584
