,4nZbOHYEypqHtWwTPQu8Fl_Let Me Take You Out
4nZbOHYEypqHtWwTPQu8Fl_Let Me Take You Out,0.0
4NgNsOXSwIzXlUIJcpnNUp_Dont Give up on Us,0.300026767596986
5o206eFLx38glA2bb4zqIU_God Rest Ye Merry Gentlemen,0.30255229011346324
7K3zpFXBvPcvzhj7zlGJdO_Empathy,0.31117828745418963
2HcwFjNelS49kFbfvMxQYw_The Road To Mandalay,0.31695118589549715
5o206eFLx38glA2bb4zqIU_Coat Check Dream Song,0.3269449616788539
4aEnNH9PuU1HF3TsZTru54_Leave House,0.33205489800499555
7JgXEHI1oEiQICAMeCsKTj_Cloudy,0.3442821678646757
5INjqkS1o8h1imAzPqGZBb_Nangs,0.34465915520712626
4yvcSjfu4PC0CYQyLy4wSq_Youth,0.3460783098483726
3PhoLpVuITZKcymswpck5b_A Good Heart,0.3499851428563873
5irzxXsgVQ3WBljY1jokPB_Overboard,0.35377649980943704
3OUN7gnsDijEfvaHpXAAzI_The Last Prom On Earth,0.3572596032793163
0hEurMDQu99nJRq8pTxO14_All We Ever Do Is Say Goodbye,0.3614666024245224
1Xyo4u8uXC1ZmMpatF05PJ_Shameless,0.3619555999248324
21mKp7DqtSNHhCAU2ugvUw_Echoes (feat. Py),0.36456154271060576
5YkBrE0wF8cAlq3GCOw5Eu_Better Girl,0.36487826978372967
0c173mlxpT3dSFRgMO8XPh_100,0.36498960867800684
5INjqkS1o8h1imAzPqGZBb_Borderline,0.36569271204281495
4yvcSjfu4PC0CYQyLy4wSq_Agnes,0.36695271863421475
