,4O5EDKGt6YC5IXkOArVqk3_Crazy
4O5EDKGt6YC5IXkOArVqk3_Crazy,0.0
"4UXqAaa6dQYAk18Lv7PEgX_A Little Less Sixteen Candles, A Little More Touch Me",0.22792680085496234
5zeCSgiRyezbfLiGOpKAsR_Along the Way,0.24964836239834504
3Ayl7mCk0nScecqOzvNp6s_Big Casino,0.2840284291966734
4UXqAaa6dQYAk18Lv7PEgX_The Pros and Cons of Breathing,0.2864866054691053
5v61OSg53KaQxGMpErkBNp_Never Take Friendship Personal,0.2873756222784768
5P5FTygHyx2G57oszR3Wot_Sorry,0.2991096747135166
0C8ZW7ezQVs4URX5aX7Kqx_Forget Forever,0.29954860190242943
5v61OSg53KaQxGMpErkBNp_Downtown Song,0.29991681861594044
3Z02hBLubJxuFJfhacLSDc_Summer Of '69,0.30137252071640935
5Rl15oVamLq7FbSb0NNBNy_Everything I Didnt Say,0.30817100943927794
0cQbJU1aAzvbEmTuljWLlF_Spiderwebs,0.31036528864102564
7gAppWoH7pcYmphCVTXkzs_Boy Without A Car,0.3116376967346133
6s22t5Y3prQHyaHWUN1R1C_Its On Us (Benefiting the Its On Us Campaign),0.3135954048931101
5rSXSAkZ67PYJSvpUpkOr7_Unmistakable,0.32176235035936324
5v61OSg53KaQxGMpErkBNp_We Owe This To Ourselves,0.32283836240601493
7zsin6IgVsR1rqSRCNYDwq_OMG Its Xmas,0.3241255137037963
5P5FTygHyx2G57oszR3Wot_Life After You,0.32663026145433555
4AK6F7OLvEQ5QYCBNiQWHq_Shes Not Afraid,0.32970919993167175
4RddZ3iHvSpGV4dvATac9X_The Ending,0.3307479475757159
