,4phGZZrJZRo4ElhRtViYdl_Curbside Prophet
4phGZZrJZRo4ElhRtViYdl_Curbside Prophet,0.0
7CajNmpbOovFoOoasH2HaY_Prayers Up (feat. Travis Scott & A-Trak),0.28180353400986596
7o95ZoZt5ZYn31e9z1Hc0a_Smell The Roses,0.29152151618225514
1r4hJ1h58CWwUQe3MxPuau_Felices los 4,0.30163286812836065
6vegVGmooGxzRFxTD5RPTS_Doors To Manual,0.3374540985153821
4RXxwBtdt6k1YNyyAyiOng_La Invitación (feat. Maluma),0.33756449500011904
60NNvDqsif0u40CXMV6jDQ_Haircut,0.3417544419523122
7n2wHs1TKAczGzO7Dd2rGr_No Promises,0.3483194469079206
5v61OSg53KaQxGMpErkBNp_The Promise,0.3570814681593025
5enwJ9yOnKlCP91ov4Dqhv_Blue Hawaii (Prod. by 0channel),0.35792433492352066
5K4W6rqBFWDnAN6FQUkS6x_Spaceship,0.35945167564764924
31IZdHrCZ5pRhLz4zBxN3o_Orions Belt,0.36610337016898775
0du5cEVh5yTK9QJze8zA0C_Gorilla,0.37097040389473596
5o206eFLx38glA2bb4zqIU_Lover I Dont Have To Love,0.3778051349012143
1r4hJ1h58CWwUQe3MxPuau_Borro Cassette,0.37934338094079667
1SupJlEpv7RS2tPNRaHViT_Travesuras,0.3809474615475695
7CajNmpbOovFoOoasH2HaY_Hard to Love (feat. Jessie Reyez),0.3839251710575076
5GtMEZEeFFsuHY8ad4kOxv_Heavenly... - Good Feeling,0.38432660556164194
5a2EaR3hamoenG9rDuVn8j_BREAKDOWN,0.3854957279212626
6G7OerKc3eBO9sVkRNopFC_Ruin,0.38561223346529744
