,4PJbP0dXALttfo1PFPY1Pt_Ears Ring
4PJbP0dXALttfo1PFPY1Pt_Ears Ring,0.0
2P560DaOMNDUACoH8ZhOCR_The Place I Love,0.33843156999781004
0ukgSx1gUt5rUihbNh46qy_Nobodys Business,0.39570269442334427
49Y7e5rckQEu2xym4L2QJe_Please Keep Away From Me,0.403212322963614
74ASZWbe4lXaubB36ztrGX_Jolene,0.42065289078325857
1nDqTUspmq8IXhcEZT93iq_All This Love,0.42109079022095375
74ASZWbe4lXaubB36ztrGX_Dignity - Outtake from Oh Mercy sessions,0.421801553747244
6LEeAFiJF8OuPx747e1wxR_Nappy Wonder,0.4362934783652705
3VNITwohbvU5Wuy5PC6dsI_Do Not Be Afraid - Bonus Track,0.44746106114058537
3HqSLMAZ3g3d5poNaI7GOU_Every Sweet Day,0.44776514944514434
6ewMqjrF31lC8ywRsvm073_On And On,0.44871079979145617
3miNucraVWk4hdVsIxn7id_Jazzman,0.45276663864928607
1WHoAjAWGx5qLsgzpaOk7W_Painted Eyes,0.45323207142165267
2BTZIqw0ntH9MvilQ3ewNY_Youre The Reason Our Kids Are Ugly (feat. Vince Gill),0.456324958630776
1GAS0rb4L8VTPvizAx2O9J_Let Me Know That You Know What You Want Now - Instrumental Version,0.4572606562796107
5zeCSgiRyezbfLiGOpKAsR_California,0.4588815324459664
450o9jw6AtiQlQkHCdH6Ru_Be My Beach,0.4671650598070376
1AWNf5CLnHH4oM1hcHiVeV_Westside Connections,0.46721229927122787
2Db7ptW0CZ4tUMlrzyoQb7_O2,0.46898666396873995
42q4Ivs7tAiCZ5C7eG5q4c_Cat's in the Cradle,0.47011999443035674
