,4RddZ3iHvSpGV4dvATac9X_Life Is A Bullet
4RddZ3iHvSpGV4dvATac9X_Life Is A Bullet,0.0
0grdhNhiRLFBaFVyybqsj6_Like Heaven,0.3197572080833946
0p4nmQO2msCgU4IF37Wi3j_Tomorrow,0.32461805851791037
0cQbJU1aAzvbEmTuljWLlF_Dont Speak,0.326224388011261
3E3xrZtBU5ORqcmX78v5YZ_Are You Alone,0.32985568753554667
4AqIRTZF6DDmKmdorgFug6_Stop Smiling,0.3563631626955596
0grdhNhiRLFBaFVyybqsj6_Christmas Spirit,0.3567691921129545
7o95ZoZt5ZYn31e9z1Hc0a_If Youre Gonna Jump,0.3569256561223813
1tqZaCwM57UFKjWoYwMLrw_My Favourite Game,0.35867494901631386
58XGUNsRNu3cVOIOYk5chx_Baby Big Man (I Want a Mommy),0.3628631716886584
1tqZaCwM57UFKjWoYwMLrw_Marvel Hill,0.3630859600563415
5CG9X521RDFWCuAhlo6QoR_Eko,0.3634500878434397
0grdhNhiRLFBaFVyybqsj6_Nothing Left To Say,0.3728271326322646
4RddZ3iHvSpGV4dvATac9X_lovehatetragedy,0.37437511235587984
5zaXYwewAXedKNCff45U5l_I Only Want To Be With You - Mono,0.37545565822957677
0yNLKJebCb8Aueb54LYya3_People On The High Line,0.37621641401742134
0KydPQPUUoTNhmiHKOg5Er_Suns Irrupt,0.38786862097650404
13YoXxZt6SLg96dQE1vkHy_Drive South,0.38921261353960424
4AqIRTZF6DDmKmdorgFug6_An Idea For A Movie,0.3907474555932728
0B1fOLrRTsxPUzYhCi64su_On Our Way To Tomorrow,0.39215534217000114
