,4RddZ3iHvSpGV4dvATac9X_Between Angels And Insects
4RddZ3iHvSpGV4dvATac9X_Between Angels And Insects,0.0
4RddZ3iHvSpGV4dvATac9X_Blood Brothers,0.22893662778929758
5BtHciL0e0zOP7prIHn3pP_Close Your Eyes,0.2928334799923682
40Yq4vzPs9VNUrIBG5Jr2i_Being Beige,0.323382932494727
4UXqAaa6dQYAk18Lv7PEgX_G.I.N.A.S.F.S.,0.32749549480398277
4UXqAaa6dQYAk18Lv7PEgX_Rat A Tat,0.3346902788721241
4UXqAaa6dQYAk18Lv7PEgX_27,0.3373720635674743
4UXqAaa6dQYAk18Lv7PEgX_I Dont Care,0.3476925073297326
4RddZ3iHvSpGV4dvATac9X_The World Around You,0.35607925783133776
5v61OSg53KaQxGMpErkBNp_Haight St,0.3567438103670881
4UXqAaa6dQYAk18Lv7PEgX_The Carpal Tunnel Of Love,0.3572316797467153
4UXqAaa6dQYAk18Lv7PEgX_I Slept With Someone In Fall Out Boy And All I Got Was This Stupid Song Written About Me,0.35945025980485107
7KnaZr690xW0sCihF9Z8oP_Going Underground,0.36090040372367604
4UXqAaa6dQYAk18Lv7PEgX_Im Like A Lawyer With The Way Im Always Trying To Get You Off (Me & You),0.3622305455839562
4RddZ3iHvSpGV4dvATac9X_What Do You Do?,0.36472767887130475
40Yq4vzPs9VNUrIBG5Jr2i_One and All,0.36479840355015714
4UXqAaa6dQYAk18Lv7PEgX_(Coffees For Closers),0.3649165260011355
"4UXqAaa6dQYAk18Lv7PEgX_What A Catch, Donnie",0.36614368368523914
"4UXqAaa6dQYAk18Lv7PEgX_Youre Crashing, But Youre No Wave",0.3672584708738047
4RddZ3iHvSpGV4dvATac9X_...To Be Loved,0.36742530837458587
