,4S9EykWXhStSc15wEx8QFK_Je cherche lombre
4S9EykWXhStSc15wEx8QFK_Je cherche lombre,0.0
4RddZ3iHvSpGV4dvATac9X_Lennys,0.3519025297443744
4iHNK0tOyZPYnBU7nGAgpQ_Silent Night,0.36034369515910764
3CjlHNtplJyTf9npxaPl5w_Really Gone - Hansa Session,0.3604976486059835
5zaXYwewAXedKNCff45U5l_Never Love Again,0.37503659496774855
"74ASZWbe4lXaubB36ztrGX_Queen Jane Approximately - Live at Autzen Stadium, Eugne, OR - July 1987",0.37797371769592614
7G1GBhoKtEPnP86X2PvEYO_The Gal From Joes,0.3943014041040019
5MlfccEEOw6kihsT8eQtbh_Guaguancó De Los Barrios,0.3952217055764485
0MponVSpW81oLvJZ53vYZH_Way Over There,0.3965930842624125
3KH7WsR2JZQ94Ik8SyabU6_Chérie,0.40074457585505563
74ASZWbe4lXaubB36ztrGX_Youre Gonna Make Me Lonesome When You Go - Take 5,0.41261879084163944
0x83OBqixqdCHnStP5VMcn_Around The World,0.42244335011461265
450o9jw6AtiQlQkHCdH6Ru_Lets Take It To The Stage,0.425175208790439
2BTZIqw0ntH9MvilQ3ewNY_Rain On Me,0.42704552056383205
7GaxyUddsPok8BuhxN6OUW_All About My Girl,0.4421265789616816
7G1GBhoKtEPnP86X2PvEYO_The Folks Who Live on the Hill - Remastered,0.45299252213717894
5zaXYwewAXedKNCff45U5l_Jingle Bells,0.4557638832939367
3zunDAtRDg7kflREzWAhxl_Oh So Lovely,0.4567216190154179
0x83OBqixqdCHnStP5VMcn_Will You Love Me Tomorrow,0.4567649757628965
2BTZIqw0ntH9MvilQ3ewNY_Who Let In The Rain,0.45735774236577775
