,4S9EykWXhStSc15wEx8QFK_Map To My Heart
4S9EykWXhStSc15wEx8QFK_Map To My Heart,0.0
3LjhVl7GzYsza1biQjTpaN_Wild & Wicked World,0.3326582341020255
"3zD5liDjbqljSRorrrcEjs_Annie, Lets Not Wait",0.34374527746940275
6gQnbY1egUGK5llcWsrwgE_DC Classics Medley,0.3507033985721335
5zeCSgiRyezbfLiGOpKAsR_Satellite,0.35395522144356695
0grdhNhiRLFBaFVyybqsj6_Waiting on Your Love,0.35904812389631774
7Ln80lUS6He07XvHI8qqHH_Black Treacle,0.35967873196617517
5zaXYwewAXedKNCff45U5l_You Are The Storm,0.36295210973342795
6jJ0s89eD6GaHleKKya26X_Firework,0.3643462717806176
77AiFEVeAVj2ORpC85QVJs_Hysteria (feat. Matthew Koma),0.3652366782477797
4ntkql3f3ect7NDRUJ7aAY_Strut - From The Cheetah Girls 2,0.36889134945356994
5Z1CCuBsyhEHngq3U5IraY_Bop Bop Baby,0.37326765534232076
0TF2NxkJZPQoX1H53rEFM1_If You Ever Get Your Hands On Love,0.373553180751388
6wKxOKEA3K6R2UZ3COLXEY_flagpole sitta,0.37423585750568295
1uNFoZAHBGtllmzznpCI3s_Overboard,0.3744288765543801
0EmeFodog0BfCgMzAIvKQp_Poem to a Horse,0.37567652458916706
7x3Y6pFeDGLJjv1V5uToHv_JOY,0.3757660005683925
360IAlyVv4PCEVjgyMZrxK_Use Me,0.3821819045714237
0TJB3EE2efClsYIDQ8V2Jk_What Time Do You Call This?,0.38394376392637825
4S9EykWXhStSc15wEx8QFK_This Time,0.3868345942791469
