,4S9EykWXhStSc15wEx8QFK_Overjoyed
4S9EykWXhStSc15wEx8QFK_Overjoyed,0.0
10LWM1mJDpchLIvyrnmbNz_Caught Up,0.25619704223399986
6ewMqjrF31lC8ywRsvm073_Youre The Only Place,0.31763459965624197
5y2Xq6xcjJb2jVM54GHK3t_Number One,0.32304288210361265
1Xyo4u8uXC1ZmMpatF05PJ_Ordinary Life,0.3385478918079673
2UiCM3Q6qun7IFgNlxhF7N_02. Picture Me Rollin,0.3447736600326366
4phGZZrJZRo4ElhRtViYdl_Frank D. Fixer,0.34863330010523447
1Xylc3o4UrD53lo9CvFvVg_One Mississippi,0.3624571588836185
2YZyLoL8N0Wb9xBt1NhZWg_Backseat Freestyle,0.36720292855374526
0jQlt8C2OuW3ZwHTSvTDI5_Gronlandic Edit,0.36789397620970926
15iVAtD3s3FsQR4w1v6M0P_Top In The Trash,0.3716286742796121
1uNFoZAHBGtllmzznpCI3s_Drummer Boy,0.3725217515585389
"4phGZZrJZRo4ElhRtViYdl_Tonight, Not Again",0.37343733520910116
0EmeFodog0BfCgMzAIvKQp_Rules,0.37404706599006826
0grdhNhiRLFBaFVyybqsj6_Boy Next Door,0.37500694924289735
2WX2uTcsvV5OnS0inACecP_Light Me Up,0.38035623463325036
4O5EDKGt6YC5IXkOArVqk3_You Are Loved,0.3814663271061107
1sBkRIssrMs1AbVkOJbc7a_Bossy Lady,0.38271900178492957
6M2wZ9GZgrQXHCFfjv46we_Swan Song (From the Motion Picture Alita: Battle Angel),0.38686896056596937
6D6rjLdxyE5vwhMlkuQq0E_Genius Of Love,0.38944413496259556
