,4S9EykWXhStSc15wEx8QFK_Taking Chances - Montreal Show
4S9EykWXhStSc15wEx8QFK_Taking Chances - Montreal Show,0.0
4S9EykWXhStSc15wEx8QFK_I Drove All Night - Montreal Show,0.3248345138061562
4TPWj56uIO4N5puju96P0J_A Shoulder to Cry On,0.40081756228241006
2BTZIqw0ntH9MvilQ3ewNY_Early Christmas Morning,0.4018292812203569
4S9EykWXhStSc15wEx8QFK_Jirai ou tu iras - Montreal Show,0.4180112294219574
4S9EykWXhStSc15wEx8QFK_Dans un autre monde - Montreal Show,0.41909613137706175
4S9EykWXhStSc15wEx8QFK_All By Myself - Montreal Show,0.4253902091770312
2HcwFjNelS49kFbfvMxQYw_King Of Bloke & Bird,0.42838823763364864
5Z1CCuBsyhEHngq3U5IraY_Flying Without Wings,0.43425235419504443
2sBPVEeMBXKNsZtYaJixnJ_The Other Side,0.43880558395751773
391oLRVmoTkumiN79HkTWu_Long Way To Happy,0.4392962170067798
5o206eFLx38glA2bb4zqIU_From A Balance Beam,0.44427980968917924
12VaqyEhgwDRuFfEqbnrpz_Medicinals,0.4491254412410427
450o9jw6AtiQlQkHCdH6Ru_By Way Of The Drum - Extended Version,0.4499338765778022
7qG3b048QCHVRO5Pv1T5lw_Alguien Como Tú,0.45066452347702207
0cQbJU1aAzvbEmTuljWLlF_Different People,0.4541735321082481
1RyvyyTE3xzB2ZywiAwp0i_Any Many Miny Mo,0.45819053187651343
0c173mlxpT3dSFRgMO8XPh_How It Feel,0.45852897179701835
0QrowybipCKUDnq5y10PD2_Stranger,0.46544694425098554
72OaDtakiy6yFqkt4TsiFt_I Found Someone,0.4734618886111529
