,4T2k9bgIoC8bbqjqiEl9vZ_Bad Timing
4T2k9bgIoC8bbqjqiEl9vZ_Bad Timing,0.0
5zeCSgiRyezbfLiGOpKAsR_Watchin' My World Walk By,0.2587081220687802
5zeCSgiRyezbfLiGOpKAsR_Watchin My World Walk By,0.2587081220687802
5g3uG8zZZANGT6YOssgjfC_Sad Song,0.2666626363591058
28j8lBWDdDSHSSt5oPlsX2_Good Life,0.2822643152346264
04gDigrS5kc9YWfZHwBETP_Harder To Breathe - Acoustic,0.3183603688662262
6fLrPFLWLSCrp7gcTZXcKb_Turn Me Up,0.32241704641144187
3qnGvpP8Yth1AqSBMqON5x_Better Man,0.3369543028679216
5Z1CCuBsyhEHngq3U5IraY_Cant Lose What You Never Had,0.3391501615933873
31W5EY0aAly4Qieq6OFu6I_Artist,0.34012892374924397
6hYlDSXfjs7cPYHbU044y0_This Wont Take Long,0.34022054937005275
5sUrlPAHlS9NEirDB8SEbF_Back In The City,0.3443123160795781
3VNITwohbvU5Wuy5PC6dsI_Friends,0.34576367986620654
0c173mlxpT3dSFRgMO8XPh_Nothing Is Stopping You,0.34782143651088476
6XpaIBNiVzIetEPCWDvAFP_Like I Never Left,0.3495209106275784
5sUrlPAHlS9NEirDB8SEbF_No Tengo Nada,0.35254656669834444
6H4lieipng8aGu3Hbd1UeJ_I Never Said,0.35295437010209546
3BmGtnKgCSGYIUhmivXKWX_Please Come Home for Christmas (Bells Will Be Ringing),0.3546109258568088
3miNucraVWk4hdVsIxn7id_Let The Good Times Roll,0.3550936971298892
1RyvyyTE3xzB2ZywiAwp0i_Damage,0.3578561200245358
