,4TnGh5PKbSjpYqpIdlW5nz_Ex Girl
4TnGh5PKbSjpYqpIdlW5nz_Ex Girl,0.0
59pWgeY26Q6yJy37QvJflh_Lightning Turns Sawdust Gold,0.3055134453303344
2kCcBybjl3SAtIcwdWpUe3_Ive Been Waiting (w  ILoveMakonnen & Fall Out Boy),0.3094575678246396
5cYcI546S8Lf97m4mNdYLD_Its been a long time,0.31153193971460236
2gsggkzM5R49q6jpPvazou_Seal Me With A Kiss,0.3206370557156717
4GMgdB3vwbBOc42hbXEi9p_Oye Mi Canto,0.3213455259745403
1SupJlEpv7RS2tPNRaHViT_Im Not Your Husband   Tu Marido,0.32268434812613095
5p7f24Rk5HkUZsaS3BLG5F_Starving,0.3252706597647829
1IueXOQyABrMOprrzwQJWN_Just Got Paid,0.3261624392321141
4AK6F7OLvEQ5QYCBNiQWHq_What a Feeling,0.33113677777462114
2HcwFjNelS49kFbfvMxQYw_Good Doctor,0.3377409033056775
3qNVuliS40BLgXGxhdBdqu_Something New,0.3387615244745168
7gjAu1qr5C2grXeQFFOGeh_Whole Life Story,0.34926039487038096
1KCSPY1glIKqW2TotWuXOR_Can We Pretend (feat. Cash Cash),0.3512249847873567
1r4hJ1h58CWwUQe3MxPuau_Vámonos de Fuga,0.3558010477492128
3HqSLMAZ3g3d5poNaI7GOU_Crayon,0.3572113537089758
1Cs0zKBU1kc0i8ypK3B9ai_Dangerous (feat. Sam Martin),0.3573021905863786
0XATRDCYuuGhk0oE7C0o5G_Egotistic,0.35959608210740096
3HqSLMAZ3g3d5poNaI7GOU_lost child,0.3651255850471942
3BmGtnKgCSGYIUhmivXKWX_The War Is Over,0.3669230130591031
