,4UXqAaa6dQYAk18Lv7PEgX_Ive Got A Dark Alley And A Bad Idea That Says You Should Shut Your Mouth (Summer Song)
4UXqAaa6dQYAk18Lv7PEgX_Ive Got A Dark Alley And A Bad Idea That Says You Should Shut Your Mouth (Summer Song),0.0
4UXqAaa6dQYAk18Lv7PEgX_I've Got A Dark Alley And A Bad Idea That Says You Should Shut Your Mouth (Summer Song),4.76837158203125e-07
6yhD1KjhLxIETFF7vIRf8B_Infinity,0.27577061096704514
6DIS6PRrLS3wbnZsf7vYic_Ghostbusters,0.30156129448799496
0q8J3Yj810t5cpAYEJ7gxt_Ring Me,0.3129440003356257
6yhD1KjhLxIETFF7vIRf8B_Fireproof,0.313977362553915
0q8J3Yj810t5cpAYEJ7gxt_Radio Stereo,0.3165875918811027
5v61OSg53KaQxGMpErkBNp_Naive Orleans,0.3180292515482399
6AyATGg7mDgBlZ4N5uNog0_Clean Eyes,0.31897053910601697
5juOkIIy18sFw9L30syt1Z_Dont Wanna,0.3219637361500726
5Z1CCuBsyhEHngq3U5IraY_Hello My Love,0.32681862630037306
4RddZ3iHvSpGV4dvATac9X_Not The Only One,0.33240684500471157
12Chz98pHFMPJEknJQMWvI_The Globalist,0.34845751866912417
4gUFNJiPHa3kbkoT7N0Nu8_Get This Party Started,0.3564494803801742
3YQKmKGau1PzlVlkL1iodx_Ode To Sleep,0.3573073830530356
3Ayl7mCk0nScecqOzvNp6s_Work,0.36114273298653465
5g3uG8zZZANGT6YOssgjfC_Trouble Is a Friend - RAC Maury Mix,0.3636381001610383
4RddZ3iHvSpGV4dvATac9X_Maniac,0.36617060607222585
"5p7f24Rk5HkUZsaS3BLG5F_Let Me Go (with Alesso, Florida Georgia Line & watt)",0.3815829309736145
5INjqkS1o8h1imAzPqGZBb_Runway Houses City Clouds,0.38179023436592924
