,4xPR9p75zzDlisJvvhEYl2_Secrets
4xPR9p75zzDlisJvvhEYl2_Secrets,0.0
7CajNmpbOovFoOoasH2HaY_Thinking About You (feat. Ayah Marar),0.2738911091030257
5CCwRZC6euC8Odo6y9X8jr_Love And War,0.29591229120988033
4hyF8Vtc73RYJr3RgTE2Zf_Between,0.30144502642614834
2ysnwxxNtSgbb9t1m2Ur4j_Get Away,0.30813316656027756
"4WN5naL3ofxrVBgFpguzKo_These Days (feat. Jess Glynne, Macklemore & Dan Caplen)",0.32737321721728646
1HBjj22wzbscIZ9sEb5dyf_Perfect Strangers,0.32762596467866073
70ptvBQye3QMlbuTKrF1qb_If Not Me Who,0.3282829095275374
7gAppWoH7pcYmphCVTXkzs_Its A Lie,0.33492407733835833
0UWZUmn7sybxMCqrw9tGa7_A Dios Le Pido,0.33596225392866175
7CajNmpbOovFoOoasH2HaY_Blue,0.3450296982005158
4AK6F7OLvEQ5QYCBNiQWHq_What a Feeling,0.34679012059088693
5juOkIIy18sFw9L30syt1Z_Burn out Blues,0.3475478851264781
3HqSLMAZ3g3d5poNaI7GOU_Crayon,0.35294170269806135
3YQKmKGau1PzlVlkL1iodx_Isle Of Flightless Birds,0.3547922229661525
33crDRqANd3NQHJagZkQ7O_emotions,0.3567100789576
3QSQFmccmX81fWCUSPTS7y_Need You Now,0.35794622853953484
5nki7yRhxgM509M5ADlN1p_Summer Lover (feat. Devin & Nile Rodgers),0.3677128510555955
2HcwFjNelS49kFbfvMxQYw_Shes Madonna,0.36854869668691015
7uMh23xWiuR7zsNkuNcm2G_Paradise,0.37221882620980057
