,4xXCRXOfQKQ2gjWxNhNzYW_All Out of Love
4xXCRXOfQKQ2gjWxNhNzYW_All Out of Love,0.0
6clbbhnIqpHnqxwtOWcilg_Long Way There,0.3122392742723648
2BTZIqw0ntH9MvilQ3ewNY_That's What I Think,0.35274139211116956
2BTZIqw0ntH9MvilQ3ewNY_Thats What I Think,0.35274139211116956
3miNucraVWk4hdVsIxn7id_I Will Be with You Again,0.3546295988397286
4iHNK0tOyZPYnBU7nGAgpQ_Against All Odds (Take a Look at Me Now) (feat. Westlife),0.3595034574851297
7qG3b048QCHVRO5Pv1T5lw_Cosas Del Amor,0.36186580151071357
450o9jw6AtiQlQkHCdH6Ru_Yadadada,0.3714145362694755
0cQbJU1aAzvbEmTuljWLlF_Blue In The Face,0.3722217545505593
2VIoWte1HPDbZ2WqHd2La7_Story of Rock and Roll,0.3727019354161143
6mQfAAqZGBzIfrmlZCeaYT_So Naughty,0.3739115805528506
0cQbJU1aAzvbEmTuljWLlF_Rock Steady - 2003 Live,0.3761530339411828
12VaqyEhgwDRuFfEqbnrpz_Near The Memorials To Vietnam And Lincoln,0.3778815436994256
40Yq4vzPs9VNUrIBG5Jr2i_Inkless,0.38543618621433023
5Igpc9iLZ3YGtKeYfSrrOE_Nothing Better,0.3901586743884168
450o9jw6AtiQlQkHCdH6Ru_By Way Of The Drum - Extended Version,0.39205828028776185
2eogQKWWoohI3BSnoG7E2U_No More Tears (Enough Is Enough),0.39563182242105893
4QYDxx5VDqINxMtUapyF9q_The Lord Is My Shepherd,0.3962400837597976
12VaqyEhgwDRuFfEqbnrpz_Medicinals,0.3976472477303047
3RGLhK1IP9jnYFH4BRFJBS_Julies Been Working for the Drug Squad,0.40315050334893426
