,4YrKBkKSVeqDamzBPWVnSJ_Jump 'N Shout
4YrKBkKSVeqDamzBPWVnSJ_Jump 'N Shout,0.0
6dJeKm76NjfXBNTpHmOhfO_Round & Round,0.3159346919851584
0cQbJU1aAzvbEmTuljWLlF_Open The Gate,0.38248121941027413
0QHgL1lAIqAw0HtD7YldmP_They Ready,0.38509501736025903
3qNVuliS40BLgXGxhdBdqu_Baram X 3,0.39010109673262794
71WAGa6lzYIgOOvGwifQtk_Ghost in the Shell,0.3936877883990585
1Xylc3o4UrD53lo9CvFvVg_Aint My Fault - J HUS & FRED VIP Mix,0.40638359890383546
5YGY8feqx7naU7z4HrwZM6_Thinkin,0.42320096840568144
0quKBMxFPX36JhyGmNOZKa_You Know Me So Well,0.42946565998585134
5pUo3fmmHT8bhCyHE52hA6_Familiar,0.43544084120413745
66CXWjxzNUsdJxJ2JdwvnR_The Way,0.4367712204728377
07QEuhtrNmmZ0zEcqE9SF6_Good Time,0.4386751387611049
5WUlDfRSoLAfcVSX1WnrxN_Never Gonna Leave Me,0.44554691144346736
5snNHNlYT2UrtZo5HCJkiw_High Skool Dropout (반항하지마 Great Teacher Mithra),0.45058766708841697
3EiLUeyEcA6fbRPSHkG5kb_Cójelo pa ti (feat. Plan B),0.45261660762029665
2siHvYaxjaW5rKVRiIrMYH_Love Is Alive,0.4541526347174092
3EiLUeyEcA6fbRPSHkG5kb_Recuerdo,0.45822507729891465
0XATRDCYuuGhk0oE7C0o5G_Cat Fight,0.45892683057933925
2HcwFjNelS49kFbfvMxQYw_Bodies,0.4610433558426508
0QHgL1lAIqAw0HtD7YldmP_A Million Lights,0.4662885604613798
