,4Z8W4fKeB5YxbusRsdQVPb_Separator (Four Tet RMX)
4Z8W4fKeB5YxbusRsdQVPb_Separator (Four Tet RMX),0.0
5I0EPnV9gwrZYTbScjnaOk_Tudo De Voce (Original Mix),0.4270833885683331
3kjuyTCjPG1WMFCiyc5IuB_Neighborhood #4 (7 Kettles),0.45416392109136083
0nGVcywnIqgGsLUuMwOP4s_Cascade,0.4587608017484743
6G7OerKc3eBO9sVkRNopFC_Top Expert,0.46284922197793765
5zaXYwewAXedKNCff45U5l_Morning Please Don't Come,0.46368707599441666
5zaXYwewAXedKNCff45U5l_Morning Please Dont Come,0.46368707599441666
5I0EPnV9gwrZYTbScjnaOk_Sonho De Maria - Original Mix,0.4656823496565375
5I0EPnV9gwrZYTbScjnaOk_Sonho De Maria (Original Mix),0.4656950176884577
19BGdnPfeXHTVUEa5QjRvj_Let It Go,0.4668620297752377
12VaqyEhgwDRuFfEqbnrpz_Silence,0.4738829794591445
74ASZWbe4lXaubB36ztrGX_Arthur McBride,0.4854157982469156
7jwr4u2dosje3G0DbmLxtz_Darling - Mixed,0.4887166289098548
7G1GBhoKtEPnP86X2PvEYO_Love Me Or Leave Me,0.48980936090849864
7MhMgCo0Bl0Kukl93PZbYS_No Distance Left to Run,0.492263758366081
5I0EPnV9gwrZYTbScjnaOk_Crickets Sing For Annamaria - Ao Vivo,0.4934458246650427
0ukgSx1gUt5rUihbNh46qy_Everywhere You Knew,0.49930714616799887
12VaqyEhgwDRuFfEqbnrpz_The Pocket Knife,0.500017756833989
74ASZWbe4lXaubB36ztrGX_Blackjack Davey,0.5015773165860409
51Blml2LZPmy7TTiAg47vQ_Grace,0.5059284466439011
