,50co4Is1HCEo8bhOyUWKpn_She Wanna Party (feat. Millie Go Lightly)
50co4Is1HCEo8bhOyUWKpn_She Wanna Party (feat. Millie Go Lightly),0.0
5snNHNlYT2UrtZo5HCJkiw_아까워 You Dont Deserve her,0.33107447634207704
6sFIWsNpZYqfjUpaCgueju_Warm Blood,0.3351160280822574
2cJyZ3relxSBT15LIGBjLL_Same Ones,0.33797722565843424
68kEuyFKyqrdQQLLsmiatm_Get Paid,0.34149532728350235
6clbbhnIqpHnqxwtOWcilg_We Call It Christmas,0.36193157776922663
0C8ZW7ezQVs4URX5aX7Kqx_B.E.A.T.,0.3747656135475696
"0rW6fVd3yuW2CF2sLYWQtE_In My Whip (feat. Jay Park, Superbee & The Quiett)",0.37945796908565077
6VuMaDnrHyPL1p4EHjYLi7_Marvin Gaye (feat. Meghan Trainor),0.38428784671129557
3Z02hBLubJxuFJfhacLSDc_Kiss And Say Goodbye,0.3848783613146352
3YQKmKGau1PzlVlkL1iodx_Smithereens,0.3854901788904703
1GAS0rb4L8VTPvizAx2O9J_Wont Look Back (feat. Kim Manning),0.3876401485034396
0B3N0ZINFWvizfa8bKiz4v_Boys & Girls,0.39118383617720376
10AY17ALos2o3akPqrPydw_Lotto (feat. ABRA),0.39329988779081326
0XATRDCYuuGhk0oE7C0o5G_Words Don’t Come Easy,0.3948096800531969
15iVAtD3s3FsQR4w1v6M0P_Glory Bridge (feat. A Boogie Wit da Hoodie),0.3981015054772773
1URnnhqYAYcrqrcwql10ft_monster,0.400330540907842
28j8lBWDdDSHSSt5oPlsX2_Money,0.40088180560961467
7o95ZoZt5ZYn31e9z1Hc0a_Unexpected Hero,0.40319371482752503
"13ubrt8QOOCPljQ2FL1Kca_Black Tux, White Collar",0.4052385094941758
