,50co4Is1HCEo8bhOyUWKpn_Icey
50co4Is1HCEo8bhOyUWKpn_Icey,0.0
6TIYQ3jFPwQSRmorSezPxX_Everyday,0.4044095411759935
3f9if5rJj7moycBZLcOdYG_Doggin (feat. Rae Sremmurd),0.41709002567795955
7yO4IdJjCEPz7YgZMe25iS_Walk On Water,0.4383906165941789
1cNDP5yjU5vjeR8qMf4grg_City Girls,0.45893223129439764
50co4Is1HCEo8bhOyUWKpn_January 1st (feat. Jacquees & Trap Boy Freddy),0.46373087948073993
6oMuImdp5ZcFhWP0ESe6mG_Wrist Game,0.4665845813404084
6Yv6OBXD6ZQakEljaGaDAk_25.22,0.47228146044826674
4HzKw8XcD0piJmDrrPRCYk_OG Heartthrob,0.4728830906634663
50co4Is1HCEo8bhOyUWKpn_Family Dont Matter (feat. Millie Go Lightly),0.4777373510385951
0UF5mrABjNwzMZ1WoyLCFi_CANT GET ENOUGH,0.48041113783721673
1DvtabXAjfrMihPP6JQdHs_Glizzy (feat. Young Thug & Peewee Longway),0.5010601808800847
3CjlHNtplJyTf9npxaPl5w_Empty Threat - Big Wild Remix,0.5015050248148774
3TVXtAsR1Inumwj472S9r4_With You,0.50350542303614
6icQOAFXDZKsumw3YXyusw_OOPS,0.5371874197845622
1URnnhqYAYcrqrcwql10ft_Wow,0.5379936222342533
5snNHNlYT2UrtZo5HCJkiw_Cipher (feat. Beatbox DG),0.5656165188914763
28j8lBWDdDSHSSt5oPlsX2_Stardust (Intro),0.5665730368246269
69GGBxA162lTqCwzJG5jLp_Side Effects - The Magician Remix,0.5668268113031868
10AY17ALos2o3akPqrPydw_On One (feat. Rico Nasty),0.5730624646109456
