,50co4Is1HCEo8bhOyUWKpn_Why Order
50co4Is1HCEo8bhOyUWKpn_Why Order,0.0
6XpaIBNiVzIetEPCWDvAFP_Im Every Woman,0.4019471653979052
0jnrgkvyi8Mv2hryBgC35d_EQ,0.41111148651428775
2SUvSee1ooyCzwAnsUdu2K_What You Know,0.45742670007816316
41MozSoPIsD1dJM0CLPjZF_Kiss and Make Up - BLACKPINK ARENA TOUR 2018 SPECIAL FINAL IN KYOCERA DOME OSAKA,0.4770736667652252
50co4Is1HCEo8bhOyUWKpn_We On,0.48616807599951173
0RGwDw7utw9jyhSf2TySBv_Foreign,0.48871801718560304
1SupJlEpv7RS2tPNRaHViT_Yo No Sé Que Esperas Tú,0.4963758644126528
5MeE4TWsiXrro0aScppJb8_Young x Mars,0.4965304490523413
77HthcNFa6SbicRaQKdhyy_Padlock - Larry Levan Mix,0.4986585232155864
2MwbiW5alh5hvh64SOOWMh_Camrons New Color (Part 3),0.4995204752705699
2AAxtLXjbgQxzF3oPTY0jE_Tadoww,0.5093276944712161
50co4Is1HCEo8bhOyUWKpn_Dont Tell Her Nothing,0.5142743525651076
3miNucraVWk4hdVsIxn7id_Don't Me Down,0.5164322233778165
3miNucraVWk4hdVsIxn7id_Dont Me Down,0.5164322233778165
6edGSAX5dVpeJVwu1Q0NwJ_Keep Remembering,0.5177023034019833
34ewhZ2QRt7Zb7SqmgRZXr_Boo Billz Back,0.5205080211754054
15iVAtD3s3FsQR4w1v6M0P_Traumatized,0.5211280416103653
4iHNK0tOyZPYnBU7nGAgpQ_Babydoll,0.5276610023863095
7qG3b048QCHVRO5Pv1T5lw_Muñeca Cruel,0.5366766724027459
