,51Blml2LZPmy7TTiAg47vQ_Elevation
51Blml2LZPmy7TTiAg47vQ_Elevation,0.0
5pKCCKE2ajJHZ9KAiaK11H_Numb,0.32276418805265333
3KH7WsR2JZQ94Ik8SyabU6_Massa Allah,0.39158828269458906
3Z02hBLubJxuFJfhacLSDc_Down On The Corner,0.40446232345570765
3HqSLMAZ3g3d5poNaI7GOU_Well… (feat.Mario),0.41066565943899325
3kjuyTCjPG1WMFCiyc5IuB_We Used to Wait,0.4192031063062587
7MC5zmK3iZHzPqGZEVSROe_Your Clothes,0.4266425329293005
4phGZZrJZRo4ElhRtViYdl_Unlonely,0.42821038181825644
1JYg8U6q46MYYZ4sq2O031_Generosity,0.4282769071513388
31TPClRtHm23RisEBtV3X7_Say Something,0.42854448602408357
0EmeFodog0BfCgMzAIvKQp_Loca,0.432738854283376
4Rxn7Im3LGfyRkY2FlHhWi_Introducing Me - From Camp Rock 2: The Final Jam,0.43299611017296685
6VuMaDnrHyPL1p4EHjYLi7_How Long (feat. French Montana) - Remix,0.43749805470928993
5Z1CCuBsyhEHngq3U5IraY_Difference In Me,0.4380725856753465
7EQ0qTo7fWT7DPxmxtSYEc_Flaws,0.4430752913260153
5a2EaR3hamoenG9rDuVn8j_Big City,0.4458261009221241
4S9EykWXhStSc15wEx8QFK_Le miracle,0.44827022921327714
5szdY7KaSi7epwyffrbV8c_Just Fall In Love,0.4490753653436118
"2pTCZ9C1fXdaVlv6d5EIXM_Doubt, No",0.4500071409349581
5snNHNlYT2UrtZo5HCJkiw_Street Lovin,0.45351419436049323
