,51Blml2LZPmy7TTiAg47vQ_Get On Your Boots
51Blml2LZPmy7TTiAg47vQ_Get On Your Boots,0.0
7o95ZoZt5ZYn31e9z1Hc0a_Little Too Much,0.3085611527488064
2sBPVEeMBXKNsZtYaJixnJ_Bleeding Blue,0.32331482356684116
3Ayl7mCk0nScecqOzvNp6s_Night Drive,0.32355497625407503
3Caot8EtHX6wLpNF2wRzS0_Didnt He Ramble,0.3235755860274417
3Ayl7mCk0nScecqOzvNp6s_Mixtape,0.3277791704590724
4O5EDKGt6YC5IXkOArVqk3_Hesitate,0.3343798399380833
12Chz98pHFMPJEknJQMWvI_Shine - Acoustic,0.34251959321695
2ysnwxxNtSgbb9t1m2Ur4j_Spectacular Rival,0.35022672386660203
0yNLKJebCb8Aueb54LYya3_Dracula's Castle - 2015 Remaster,0.35125970141084945
0yNLKJebCb8Aueb54LYya3_Draculas Castle - 2015 Remaster,0.35125970141084945
0yNLKJebCb8Aueb54LYya3_Krafty (Live at Bestival 2012),0.3524401130334802
5zzrJD2jXrE9dZ1AklRFcL_Lost,0.3529556486278042
4O5EDKGt6YC5IXkOArVqk3_24 7,0.35483114216126543
12Chz98pHFMPJEknJQMWvI_MK Ultra,0.35526163092403423
06HL4z0CvFAxyc27GXpf02_Style - Karaoke Version,0.3589995868688893
51Blml2LZPmy7TTiAg47vQ_Magnificent,0.3634582109885233
6fEO1r9Y9TYL9O4w5kVPmc_Ordinary,0.3653339905369433
4gzpq5DPGxSnKTe4SA8HAU_Paradise - Live In Buenos Aires,0.367095623942245
4kI8Ie27vjvonwaB2ePh8T_How The Leopard Got Its Spots,0.36896236331263316
