,51Blml2LZPmy7TTiAg47vQ_Lights Of Home - St Peter's String Version
51Blml2LZPmy7TTiAg47vQ_Lights Of Home - St Peter's String Version,0.0
5CCwRZC6euC8Odo6y9X8jr_Been Lying,0.24856095386565907
"3YQKmKGau1PzlVlkL1iodx_Friend, Please",0.2685130261566124
5I0EPnV9gwrZYTbScjnaOk_Página Central,0.28457075403738896
2siHvYaxjaW5rKVRiIrMYH_Lifeline,0.2847553710801008
2pTCZ9C1fXdaVlv6d5EIXM_Attack Sustain Release,0.2861924429994827
4RddZ3iHvSpGV4dvATac9X_Roses On My Grave,0.2877236731786239
6H4lieipng8aGu3Hbd1UeJ_Someone To Love,0.2932162858897062
3Z02hBLubJxuFJfhacLSDc_All For Love - From The Three Musketeers,0.2939634765995069
3kjuyTCjPG1WMFCiyc5IuB_Awful Sound (Oh Eurydice),0.2976806679369409
0hEurMDQu99nJRq8pTxO14_Why Georgia,0.2990966209180674
4gzpq5DPGxSnKTe4SA8HAU_Trouble,0.30070301074913547
12VaqyEhgwDRuFfEqbnrpz_One Line,0.301862536689724
3miNucraVWk4hdVsIxn7id_Water,0.3030479254728301
6yhD1KjhLxIETFF7vIRf8B_Something You Need,0.304293307125287
1RyvyyTE3xzB2ZywiAwp0i_Any Many Miny Mo,0.3120547505784142
0grdhNhiRLFBaFVyybqsj6_O Come All Ye Faithful,0.3123050501159855
6H4lieipng8aGu3Hbd1UeJ_My Heart Would Take You Back,0.3142624275059246
3miNucraVWk4hdVsIxn7id_Cant Kill The Boogieman,0.31613930894451464
4phGZZrJZRo4ElhRtViYdl_If It Kills Me,0.31621674366868674
