,53XhwfbYqKCa1cC15pYq2q_Tokyo
53XhwfbYqKCa1cC15pYq2q_Tokyo,0.0
51Blml2LZPmy7TTiAg47vQ_Wild Honey,0.3243144909113099
3zD5liDjbqljSRorrrcEjs_I Lie Down,0.3460730766911884
58XGUNsRNu3cVOIOYk5chx_Whos Producing You?,0.35129418029346293
58XGUNsRNu3cVOIOYk5chx_The Clock,0.3599734315955329
"0hEurMDQu99nJRq8pTxO14_83 - Live in Philadelphia, PA & Hartford, CT",0.37182757075373146
4Z8W4fKeB5YxbusRsdQVPb_Karma Police,0.37212482819768655
7x3Y6pFeDGLJjv1V5uToHv_TEMPLE,0.3723694671548845
5juOkIIy18sFw9L30syt1Z_Eyes Be Closed - Lovelock Remix,0.3835925517752432
4gzpq5DPGxSnKTe4SA8HAU_Life in Technicolor,0.38754952562582995
0NIPkIjTV8mB795yEIiPYL_Do Not Wait,0.39603364112420925
5v61OSg53KaQxGMpErkBNp_Armageddon,0.39619795672920133
4kI8Ie27vjvonwaB2ePh8T_The Dead Dog,0.39953274097221975
1EcRE2Nnqg2spdn2otakhg_Naked Eye,0.40092587334083907
3Z02hBLubJxuFJfhacLSDc_How Do Ya Feel Tonight,0.4038599922171481
4S9EykWXhStSc15wEx8QFK_Love Can Move Mountains - New Edit,0.40525322511310236
63MQldklfxkjYDoUE4Tppz_Moon Crystal,0.41015218963660616
5oOhM2DFWab8XhSdQiITry_PBS,0.41793296350753184
1Xylc3o4UrD53lo9CvFvVg_What They Say,0.42222778957713736
5zeCSgiRyezbfLiGOpKAsR_Make It Through,0.42229727271900047
