,53XhwfbYqKCa1cC15pYq2q_Believer (feat. Lil Wayne)
53XhwfbYqKCa1cC15pYq2q_Believer (feat. Lil Wayne),0.0
0q8J3Yj810t5cpAYEJ7gxt_Barbra Streisand,0.3657539703291364
6DIS6PRrLS3wbnZsf7vYic_Ghostbusters,0.38266079034414385
"5p7f24Rk5HkUZsaS3BLG5F_Let Me Go (with Alesso, Florida Georgia Line & watt)",0.39233518914379745
540vIaP2JwjQb9dm3aArA4_Magenta Riddim,0.4026924897703568
4MoAOfV4ROWofLG3a3hhBN_Heartache On The Dance Floor,0.40458960332363897
5YGY8feqx7naU7z4HrwZM6_Liberty Walk,0.42049399943786486
1vCWHaC5f2uS3yhpwWbIA6_Ten More Days,0.4252498966257886
77AiFEVeAVj2ORpC85QVJs_Anything More (feat. Era Istrefi),0.4341806766275362
4RddZ3iHvSpGV4dvATac9X_Not The Only One,0.4361099471918249
1uNFoZAHBGtllmzznpCI3s_Love Me,0.44529405848593157
0QHgL1lAIqAw0HtD7YldmP_Fed Up,0.44639768561181603
5v61OSg53KaQxGMpErkBNp_Naive Orleans,0.4534612899250255
0cQbJU1aAzvbEmTuljWLlF_Artificial Sweetener,0.4542875328681189
50lhyY7UVI9NyVHl79rVgk_Sensitive Guy,0.454351286712954
2siHvYaxjaW5rKVRiIrMYH_Higher Livin,0.4563417670820736
2gsggkzM5R49q6jpPvazou_Masterpiece,0.45963534354804125
0q8J3Yj810t5cpAYEJ7gxt_Radio Stereo,0.4597197287132586
2pvCf5g7XBReiPIvcq7W18_RAINBOW CAR,0.46007450956402807
3YQKmKGau1PzlVlkL1iodx_Ode To Sleep,0.4620169502794085
