,56ZTgzPBDge0OvCGgMO3OY_Days of Candy
56ZTgzPBDge0OvCGgMO3OY_Days of Candy,0.0
1WvvwcQx0tj6NdDhZZ2zZz_Swept Inside,0.3681578933143114
5o206eFLx38glA2bb4zqIU_I Know You,0.41930722805546805
2g3PKH7Z1Ofn5oGR6oDjLy_Bony Moronie,0.4418437589905707
4NgNsOXSwIzXlUIJcpnNUp_O Holy Night,0.4457924697293075
5YkBrE0wF8cAlq3GCOw5Eu_Wasted Time,0.4676083819159313
31TPClRtHm23RisEBtV3X7_Pusher Love Girl,0.4739719042989739
56ZTgzPBDge0OvCGgMO3OY_LInconnue,0.47885514888668324
5YkBrE0wF8cAlq3GCOw5Eu_Feeling Of Love,0.4805494870786173
59oA5WbbQvomJz2BuRG071_Mama Oh No,0.4857667190010221
6ltzsmQQbmdoHHbLZ4ZN25_The Night We Met (feat. Phoebe Bridgers),0.5127177098574731
1Xyo4u8uXC1ZmMpatF05PJ_Privilege,0.5132958370434267
56ZTgzPBDge0OvCGgMO3OY_Space Song,0.5239425876954331
23NIwARd4vPbxt3wwNnJ6k_Caster of Worthless Spells,0.53094872071657
56ZTgzPBDge0OvCGgMO3OY_10:37,0.5345492177125314
3Caot8EtHX6wLpNF2wRzS0_The Closing Door,0.5471732455144772
32r72WOqqRO1DtSznId7Lr_So Long - Single Version,0.5478677925334793
77SW9BnxLY8rJ0RciFqkHh_1 of those Weaks,0.5484022212148069
2Sqr0DXoaYABbjBo9HaMkM_Satellite Call,0.5518805803745215
1tqZaCwM57UFKjWoYwMLrw_The Road,0.557870972020996
