,56ZTgzPBDge0OvCGgMO3OY_Wherever You Go
56ZTgzPBDge0OvCGgMO3OY_Wherever You Go,0.0
5NLeBktPpw4QO31tMiSO2I_Welcome Possession,0.28228800174806645
4Z8W4fKeB5YxbusRsdQVPb_Bloom (Harmonic 313 Rmx),0.3085034983287176
5WUlDfRSoLAfcVSX1WnrxN_Moon,0.4012603443256891
0QrowybipCKUDnq5y10PD2_Till You Come Back Through,0.41370241041967154
64NhyHqRKYhV0IZylrElWu_Colossal,0.4417338100156954
3YQKmKGau1PzlVlkL1iodx_Leave The City,0.4561156816662155
4x6kNCpQ9veqQ17vllEJUR_Pipeline,0.4565019274141592
5juOkIIy18sFw9L30syt1Z_A Dedication,0.46332615675061994
5YkBrE0wF8cAlq3GCOw5Eu_Over The Ocean,0.4673140903024062
63MQldklfxkjYDoUE4Tppz_Let me burn stars,0.46973846973162403
5g3uG8zZZANGT6YOssgjfC_Homo Sapien,0.4710210429790819
2g3PKH7Z1Ofn5oGR6oDjLy_Just Pickin,0.47787634674410184
12VaqyEhgwDRuFfEqbnrpz_This Mess Were In,0.5087655720385323
7ia4FaCVsbXvhVwagCJk7l_Body Reprise,0.5098089520532326
63MQldklfxkjYDoUE4Tppz_To Sudden Silence,0.5105041127472156
2g3PKH7Z1Ofn5oGR6oDjLy_Sac O Woe,0.5106045908607828
1PMiXPKjsgXEDDcfIRNVaq_alive,0.5130897882117759
38zTZcuN7nFvVJ6auhc6V3_Basement Scene,0.5252861702278921
1PMiXPKjsgXEDDcfIRNVaq_the beauty of it all,0.5281839614539622
