,57MtJQ6Sc4tIxrXIhrqVJL_It May Get Bad When Youre Lonely and Cold
57MtJQ6Sc4tIxrXIhrqVJL_It May Get Bad When Youre Lonely and Cold,0.0
7n2wHs1TKAczGzO7Dd2rGr_Something Big,0.33579738425293026
1f5GqyOPo0CkotzzRwviBu_2 Banditos,0.44978688697427116
1KCSPY1glIKqW2TotWuXOR_Runaway,0.45094712412148186
3YdT8QvV4QvY4DfVJhxdcZ_So Much More Than This,0.48074066562998646
5lKZWd6HiSCLfnDGrq9RAm_One More Sleep,0.48145619556430364
3HqSLMAZ3g3d5poNaI7GOU_Boo,0.5149390386277682
7gAppWoH7pcYmphCVTXkzs_Shades On,0.5487103811370262
4UXqAaa6dQYAk18Lv7PEgX_Chicago Is so Two Years Ago,0.5540437843673899
4RddZ3iHvSpGV4dvATac9X_Elevate,0.5659769230202647
5zeCSgiRyezbfLiGOpKAsR_Gravity,0.5754632297305992
7DMveApC7UnC2NPfPvlHSU_Home,0.580530535895595
3yDIp0kaq9EFKe07X1X2rz_Do You Wanna Party,0.5879924238052918
7K3zpFXBvPcvzhj7zlGJdO_Suffocation,0.6156269564582859
1Cs0zKBU1kc0i8ypK3B9ai_Sun Goes Down (feat. MAGIC! & Sonny Wilson),0.620400061936266
1l8Fu6IkuTP0U5QetQJ5Xt_Leave My Heart Out Of This,0.6209280191223984
5P5FTygHyx2G57oszR3Wot_Waiting for Superman,0.6242444804439314
5a2EaR3hamoenG9rDuVn8j_If Eye Was the Man In Ur Life,0.6396733009940087
5pKCCKE2ajJHZ9KAiaK11H_Shut Up And Drive,0.6496535345572914
6yhD1KjhLxIETFF7vIRf8B_I Like The Way,0.6529288779525841
