,58XGUNsRNu3cVOIOYk5chx_Watching You
58XGUNsRNu3cVOIOYk5chx_Watching You,0.0
58XGUNsRNu3cVOIOYk5chx_Youre Not Me,0.4493309908256474
7ia4FaCVsbXvhVwagCJk7l_Painted Faces and Long Hair,0.8248003295926106
58XGUNsRNu3cVOIOYk5chx_Pretty Baby (Youre So Ugly),0.8616786947603751
3zunDAtRDg7kflREzWAhxl_Whats A Fella Gotta Do,0.9355667125871927
7ia4FaCVsbXvhVwagCJk7l_Hallway Homicide,0.9469929486558427
64KEffDW9EtZ1y2vBYgq8T_BIBA,0.9708608630475927
58XGUNsRNu3cVOIOYk5chx_Untitled,1.0281130472631457
58XGUNsRNu3cVOIOYk5chx_So Alone,1.0301260059369228
58XGUNsRNu3cVOIOYk5chx_Dating,1.0470370075256161
5YkBrE0wF8cAlq3GCOw5Eu_Jealousy,1.0483252249850057
6QobJ3vnalBTlsdOrvQTIt_See It My Way,1.05021500525763
5YkBrE0wF8cAlq3GCOw5Eu_In My Eyes,1.0509770456573584
2HcwFjNelS49kFbfvMxQYw_Gold,1.0732551771679437
7rRz5zPounzREHN0cIrYhS_Freak On a Cloud,1.0768290199695127
3zunDAtRDg7kflREzWAhxl_Paradise Blues,1.0986794954582162
58XGUNsRNu3cVOIOYk5chx_Dont Do It,1.1006600722642044
58XGUNsRNu3cVOIOYk5chx_Girlfriend,1.1294369303852663
7ia4FaCVsbXvhVwagCJk7l_Lays At Rest,1.141872601641634
3zunDAtRDg7kflREzWAhxl_Lilac Breeze,1.1607865102341939
