,58XGUNsRNu3cVOIOYk5chx_Caesar
58XGUNsRNu3cVOIOYk5chx_Caesar,0.0
6ewMqjrF31lC8ywRsvm073_On Your Own,0.23633659631008222
5Rl15oVamLq7FbSb0NNBNy_Ghost Of You - Live,0.28195852892407763
7gAppWoH7pcYmphCVTXkzs_Wild Heart,0.2916869839435486
1HY2Jd0NmPuamShAr6KMms_Monster,0.29429342930024355
7gAppWoH7pcYmphCVTXkzs_Held By Me,0.30033617697722903
3BmGtnKgCSGYIUhmivXKWX_If I Can't Have You,0.3010051793740299
3BmGtnKgCSGYIUhmivXKWX_If I Cant Have You,0.3010051793740299
06HL4z0CvFAxyc27GXpf02_Style - Karaoke Version,0.32233254003793904
5y2Xq6xcjJb2jVM54GHK3t_Preach,0.32688330752056843
0q8J3Yj810t5cpAYEJ7gxt_Time Waits For No-One,0.33129265786451856
6fLrPFLWLSCrp7gcTZXcKb_To the Top,0.3318870052177547
58XGUNsRNu3cVOIOYk5chx_Archangel Thunderbird,0.3378993764184124
6jJ0s89eD6GaHleKKya26X_Teenage Dream - Kaskade Club Remix,0.3383275506343653
5tFRohaO5yEsuJxmMnlCO9_Golden Dandelions,0.3450002571611281
4O5EDKGt6YC5IXkOArVqk3_24 7,0.349329376099072
2HcwFjNelS49kFbfvMxQYw_Superblind,0.35016545585754705
5vBSrE1xujD2FXYRarbAXc_King,0.35193132799282145
3YQKmKGau1PzlVlkL1iodx_Heavydirtysoul (feat. MUTEMATH),0.35730292295362376
5WUlDfRSoLAfcVSX1WnrxN_The Co-Dependent,0.3597204224202808
