,58XGUNsRNu3cVOIOYk5chx_Fine
58XGUNsRNu3cVOIOYk5chx_Fine,0.0
3DiDSECUqqY1AuBP8qtaIa_If I Aint Got You (feat. Usher),0.3614647155573279
5o206eFLx38glA2bb4zqIU_Lover I Dont Have To Love,0.3614669185872844
0rW6fVd3yuW2CF2sLYWQtE_WTF (Who The Fuck),0.3746315888886948
4kI8Ie27vjvonwaB2ePh8T_Tommy,0.3770989218124768
2siHvYaxjaW5rKVRiIrMYH_Pain,0.38058766450452614
7gAppWoH7pcYmphCVTXkzs_Black And Blue,0.38950161416128015
1WvvwcQx0tj6NdDhZZ2zZz_Inch of Dust,0.3896313154264216
1GAS0rb4L8VTPvizAx2O9J_Hope,0.39536973512851004
5zaXYwewAXedKNCff45U5l_In The Middle Of Nowhere - BBC Saturday Club 5 7 65,0.40693926489599924
2EO3E3yodzVOLxWdiOwQGl_01778,0.4077535438627527
0XATRDCYuuGhk0oE7C0o5G_Double Trouble Couple,0.4143585597396388
1U0sIzpRtDkvu1hXXzxh60_Truth Or Dare,0.4157839467014937
0MponVSpW81oLvJZ53vYZH_Beechwood 4-5789,0.41949299231522297
1HBjj22wzbscIZ9sEb5dyf_Supernova,0.42012145296464976
7o95ZoZt5ZYn31e9z1Hc0a_Smell The Roses,0.4203199205766526
3ApUX1o6oSz321MMECyIYd_Life Must Go On,0.4233535078328005
5o206eFLx38glA2bb4zqIU_Make War,0.42565152776147547
"3PhoLpVuITZKcymswpck5b_Look Ma, No Hands",0.42974354648092705
1r4hJ1h58CWwUQe3MxPuau_Unfollow,0.44241312725250637
