,58XGUNsRNu3cVOIOYk5chx_Inside Your Heart
58XGUNsRNu3cVOIOYk5chx_Inside Your Heart,0.0
2WX2uTcsvV5OnS0inACecP_Keeping Your Head Up,0.35831312739938
3Caot8EtHX6wLpNF2wRzS0_Wheels on Fire,0.3890376555677525
5pKCCKE2ajJHZ9KAiaK11H_The Last Song,0.40624569005902755
4O5EDKGt6YC5IXkOArVqk3_Between Here and Now,0.4309568957049366
3Z02hBLubJxuFJfhacLSDc_Black Pearl,0.4345075340536612
55LHFEtIplWhsfyWZUwkf4_Waitin 4 U,0.4362238041606205
3zD5liDjbqljSRorrrcEjs_Were Here,0.438329589266085
4O5EDKGt6YC5IXkOArVqk3_Stars,0.44277625676630955
3kjuyTCjPG1WMFCiyc5IuB_Neighborhood #2 (Laika),0.45152561401451546
4aEnNH9PuU1HF3TsZTru54_Jamelia,0.45686401915949276
6fLrPFLWLSCrp7gcTZXcKb_Beg for the Night,0.46516333453906444
3fmMaLC5jjf2N4EC2kTx0u_Flood,0.4732837902921752
3Z02hBLubJxuFJfhacLSDc_Room Service,0.47619671929430124
6clbbhnIqpHnqxwtOWcilg_Who Speaks for Me,0.47884408216345536
3Z02hBLubJxuFJfhacLSDc_Brand New Day,0.4788776204392483
7ia4FaCVsbXvhVwagCJk7l_Last Call (Go Home),0.4802326414756998
3kjuyTCjPG1WMFCiyc5IuB_Crown of Love,0.48310749360711214
3kjuyTCjPG1WMFCiyc5IuB_Neighborhood #1 (Tunnels),0.4842376782279916
53XhwfbYqKCa1cC15pYq2q_Warriors,0.48475983738585465
