,58XGUNsRNu3cVOIOYk5chx_6th Street
58XGUNsRNu3cVOIOYk5chx_6th Street,0.0
7MC5zmK3iZHzPqGZEVSROe_Loveline,0.29296636101785867
2GLf7iaOOujAem5R87xwto_Slowdance,0.33142841532740475
58XGUNsRNu3cVOIOYk5chx_Cat Black,0.35216182659230594
5szdY7KaSi7epwyffrbV8c_Summer Friends,0.36192899418298957
6H4lieipng8aGu3Hbd1UeJ_My Heart Would Take You Back,0.3648378388529556
5szdY7KaSi7epwyffrbV8c_Heat,0.37593583198598424
13YoXxZt6SLg96dQE1vkHy_Drive South,0.38125070337164857
7bu3H8JO7d0UbMoVzbo70s_Lovesong,0.38242157221949097
7gAppWoH7pcYmphCVTXkzs_Shout About It,0.38918416858832444
7bu3H8JO7d0UbMoVzbo70s_Inbetween Days,0.39397677563932826
7AKznuvHmbW7uZbUkLY4Je_A Beautiful Sea,0.40092337312879234
4AqIRTZF6DDmKmdorgFug6_My Girlfriends Dead,0.40720656247606773
7Ln80lUS6He07XvHI8qqHH_A Certain Romance,0.4099729272981568
3miNucraVWk4hdVsIxn7id_Boom Boom (Out Goes The Light),0.4145272918395088
5Z1CCuBsyhEHngq3U5IraY_Dont Say Its Too Late,0.41552487174851327
5Z1CCuBsyhEHngq3U5IraY_Change the World,0.4212407963684672
5SjNVG3L9mgWQPsfp1sFDB_The Tower (Drew Swinbourne Remix),0.4224887902005352
1DFr97A9HnbV3SKTJFu62M_Stay Clean,0.42602447437739105
2gsggkzM5R49q6jpPvazou_Winter Wonderland (feat. Boyz II Men),0.4291669825504036
