,58XGUNsRNu3cVOIOYk5chx_Imaginary Person
58XGUNsRNu3cVOIOYk5chx_Imaginary Person,0.0
3YQKmKGau1PzlVlkL1iodx_Ode To Sleep,0.2438938618984667
0q8J3Yj810t5cpAYEJ7gxt_Radio Stereo,0.2878108121416954
4phGZZrJZRo4ElhRtViYdl_Butterfly - Live on Earth Version,0.3232011803447314
5WUlDfRSoLAfcVSX1WnrxN_Hostage,0.3241864155040176
1ECKbPx4YhCU4SgKq8pfAc_Standing (feat. ASTR),0.34476247818727623
4RddZ3iHvSpGV4dvATac9X_Maniac,0.34956223669742686
4AK6F7OLvEQ5QYCBNiQWHq_History,0.34998666963530184
5P5FTygHyx2G57oszR3Wot_Back In Time,0.3511724818641506
1HY2Jd0NmPuamShAr6KMms_G.U.Y.,0.3623366916742421
6yhD1KjhLxIETFF7vIRf8B_Paralyzed - Acoustic,0.36820880554097557
"3Ayl7mCk0nScecqOzvNp6s_My Enemy (30 Days, 30 Songs)",0.37398439439009173
7qG3b048QCHVRO5Pv1T5lw_Can You Hear Me,0.37977459776642325
0cQbJU1aAzvbEmTuljWLlF_Comforting Lie,0.38369028854316645
4AK6F7OLvEQ5QYCBNiQWHq_Moments,0.38591680291535324
7qG3b048QCHVRO5Pv1T5lw_Heartbeat,0.39009723990863565
12Chz98pHFMPJEknJQMWvI_Revolt,0.3916048889613735
56mV6FhCrg12O6mOTLxo73_Dont move,0.39288300958404826
34v5MVKeQnIo0CWYMbbrPf_Easy,0.39315295390109406
0XATRDCYuuGhk0oE7C0o5G_No more drama,0.3952974629760829
