,58XGUNsRNu3cVOIOYk5chx_Freedom
58XGUNsRNu3cVOIOYk5chx_Freedom,0.0
51Blml2LZPmy7TTiAg47vQ_Until The End Of The World,0.34664698343604117
"776Uo845nYHJpNaStv1Ds4_All Along the Watchtower - Live at the Isle of Wight, UK",0.37069878103720877
58XGUNsRNu3cVOIOYk5chx_Love Fuzz,0.4126407964006056
58XGUNsRNu3cVOIOYk5chx_When Mommy Kills You,0.4423519045463607
4AqIRTZF6DDmKmdorgFug6_Tastes Like Chicken,0.44905718318214854
58XGUNsRNu3cVOIOYk5chx_Break a Guitar,0.47332739475603935
58XGUNsRNu3cVOIOYk5chx_Finger,0.48403701225928475
4AqIRTZF6DDmKmdorgFug6_Its a Fact,0.4869464745719299
51Blml2LZPmy7TTiAg47vQ_Discotheque,0.49086691566356727
5BtHciL0e0zOP7prIHn3pP_Ashes of Eden,0.49348411420786237
4AqIRTZF6DDmKmdorgFug6_Moving Up,0.4942319343477238
3DticUgqdMWLy0AFtUr4my_Call Me When Youre Sober,0.5030060446580549
6LvUT0nQphy4BzdzKbdOpx_Hbg - Live,0.5248748006336044
3PhoLpVuITZKcymswpck5b_Wicked Dreams,0.5279552742662181
58XGUNsRNu3cVOIOYk5chx_Warm Hands,0.5311590866273644
23NIwARd4vPbxt3wwNnJ6k_Prison Conversion,0.5346090821609258
58XGUNsRNu3cVOIOYk5chx_Stick Around,0.5404469091109363
776Uo845nYHJpNaStv1Ds4_Foxey Lady,0.5405539973798289
4gzpq5DPGxSnKTe4SA8HAU_Life in Technicolor,0.5447188638452961
