,58XGUNsRNu3cVOIOYk5chx_Every 1s a Winner
58XGUNsRNu3cVOIOYk5chx_Every 1s a Winner,0.0
2siHvYaxjaW5rKVRiIrMYH_Overdue Goodbye,0.3004754243830387
3RGLhK1IP9jnYFH4BRFJBS_Wrong Em Boyo,0.30521514609058503
3VNITwohbvU5Wuy5PC6dsI_Life In The 90s,0.3301819508673438
1sBkRIssrMs1AbVkOJbc7a_Rich Off Cocaine,0.3307531361537139
7qG3b048QCHVRO5Pv1T5lw_Sirena,0.33807771473488235
3fMbdgg4jU18AjLCKBhRSm_I Just Can't Stop Loving You (feat. Siedah Garrett) - 2012 Remaster,0.3419869460510603
3RGLhK1IP9jnYFH4BRFJBS_Im Not Down,0.34870883001001435
4NgNsOXSwIzXlUIJcpnNUp_Mary,0.35069879182469305
5GtMEZEeFFsuHY8ad4kOxv_Let Me Roll,0.35090613465826065
74ASZWbe4lXaubB36ztrGX_Its All Good,0.3519359147701933
1uNFoZAHBGtllmzznpCI3s_Only Thing I Ever Get For Christmas,0.35230020558186514
15iVAtD3s3FsQR4w1v6M0P_Shorty,0.3530631585085419
"6H4lieipng8aGu3Hbd1UeJ_Crying, Lying Eyes",0.35568573111013946
55LHFEtIplWhsfyWZUwkf4_Follow the Leader,0.3556943752175082
58XGUNsRNu3cVOIOYk5chx_Im Free,0.3578714783574429
7x3Y6pFeDGLJjv1V5uToHv_WORK,0.361552040660805
5GtMEZEeFFsuHY8ad4kOxv_This Christmas,0.36255144833421077
5p2DOkwlRuUgPuHNUp9ZKz_Do You Really Want To Hurt Me,0.3659100714170906
2Sqr0DXoaYABbjBo9HaMkM_If I Cant Have You,0.37487442016845707
