,59oA5WbbQvomJz2BuRG071_Platoon
59oA5WbbQvomJz2BuRG071_Platoon,0.0
4O5EDKGt6YC5IXkOArVqk3_Now or Never,0.30985615765672914
4qWnlmXWuGv2TtuxtIWlJX_Someone To You - Acoustic,0.317265126965783
5sUrlPAHlS9NEirDB8SEbF_Back In The City,0.3394091596658361
4nZbOHYEypqHtWwTPQu8Fl_Journal of Ardency,0.3437506452670339
4phGZZrJZRo4ElhRtViYdl_Lets See What The Night Can Do,0.34472548637569717
1sBkRIssrMs1AbVkOJbc7a_For Da Low,0.3550142170707153
6H4lieipng8aGu3Hbd1UeJ_Too Much to Lose,0.357447024951087
74ASZWbe4lXaubB36ztrGX_Rollin and Tumblin,0.36132956098690594
6eUKZXaKkcviH0Ku9w2n3V_Lego House,0.36594228104620513
3zunDAtRDg7kflREzWAhxl_The Deconstruction,0.3698977910068879
59oA5WbbQvomJz2BuRG071_Happy Man,0.37277168436894753
2HcwFjNelS49kFbfvMxQYw_Starstruck,0.37622182540963606
2ht3wxeT69CzyKFChNnNAB_Da Next Day (feat. Big Rube),0.3771105033302854
5K4W6rqBFWDnAN6FQUkS6x_Last Call,0.3817364686732106
3qnGvpP8Yth1AqSBMqON5x_Smooth Sailin,0.3855707674641388
50co4Is1HCEo8bhOyUWKpn_For Y'all (feat. Jacquees),0.3884652734134885
50co4Is1HCEo8bhOyUWKpn_For Yall (feat. Jacquees),0.3884652734134885
3GJhraAgCA8s8XHENnDsXq_Sad!,0.39213862167308605
74ASZWbe4lXaubB36ztrGX_Workingmans Blues #2,0.3938129619281916
