,59pWgeY26Q6yJy37QvJflh_I Know Not To Count On You
59pWgeY26Q6yJy37QvJflh_I Know Not To Count On You,0.0
2LRoIwlKmHjgvigdNGBHNo_Que Raro,0.3992340626625868
1vCWHaC5f2uS3yhpwWbIA6_Gonna Love Ya,0.4100827439230036
1KCSPY1glIKqW2TotWuXOR_Better Life,0.41467366128171207
5CG9X521RDFWCuAhlo6QoR_Coffin For Head Of State,0.44633513257218227
3miNucraVWk4hdVsIxn7id_I Believe To My Soul,0.44775703432143693
1U0sIzpRtDkvu1hXXzxh60_Send Me Out (Prod. Kingdom),0.4578525873878805
3qnGvpP8Yth1AqSBMqON5x_Shine,0.46216849394099896
1tqZaCwM57UFKjWoYwMLrw_Overload,0.467235756039305
64PJHZDQTPPVBCdwnv22Wz_Till I Found You,0.48940814981009834
2vm8GdHyrJh2O2MfbQFYG0_Have Yourself a Merry Little Christmas,0.49299083112966063
4nDoRrQiYLoBzwC5BhVJzF_Real Friends,0.4952195557085243
2YZyLoL8N0Wb9xBt1NhZWg_YAH.,0.4963186212837728
1AWNf5CLnHH4oM1hcHiVeV_Gr8Full,0.5017944840279133
2YZyLoL8N0Wb9xBt1NhZWg_PRIDE.,0.5026307230300314
13saZpZnCDWOI9D4IJhp1f_Cake,0.5045316283730122
3DiDSECUqqY1AuBP8qtaIa_Love Is Blind,0.5107582948711584
1vyhD5VmyZ7KMfW5gqLgo5_Si Tu Novio Te Deja Sola,0.5132201084729492
755pQSGUy6rtPrUCbnJTvi_Hypertension,0.5133944955732738
6nB0iY1cjSY1KyhYyuIIKH_Good to Love,0.5145283702377257
