,5bOD7SS2RP7gzcNstJeCuF_lost ma love
5bOD7SS2RP7gzcNstJeCuF_lost ma love,0.0
3qBKjEOanahMxlRojwCzhI_Redemption (with Babes Wodumo),0.25979983246180793
1RyvyyTE3xzB2ZywiAwp0i_Promise U That,0.3415822294026746
0XATRDCYuuGhk0oE7C0o5G_Double Trouble Couple,0.3721431742820655
7CajNmpbOovFoOoasH2HaY_Rollin (feat. Future & Khalid),0.37952257437819065
5pUo3fmmHT8bhCyHE52hA6_Strip That Down,0.38611943444890373
1r4hJ1h58CWwUQe3MxPuau_Unfollow,0.38664391567400946
6MDME20pz9RveH9rEXvrOM_Baby (feat. MARINA & Luis Fonsi),0.3954980734261003
6MDME20pz9RveH9rEXvrOM_Mama (feat. Ellie Goulding),0.3980329324592898
1r4hJ1h58CWwUQe3MxPuau_El Perdedor,0.40413848978582867
0NGAZxHanS9e0iNHpR8f2W_Bella Ciao (feat. Andre Sarate & Adolfo Celdran),0.40962688047278273
5a2EaR3hamoenG9rDuVn8j_Xpedition,0.4103152401471648
4phGZZrJZRo4ElhRtViYdl_A Beautiful Mess,0.41067204903511495
2Sqr0DXoaYABbjBo9HaMkM_Little Black Dress,0.41719507931381244
0QrowybipCKUDnq5y10PD2_Violin,0.42038554720958127
2WX2uTcsvV5OnS0inACecP_Lifted,0.42408694210439885
2GVC9lDkEJJ6vGfvNM5lR9_Working For It,0.42469911674189
3ApUX1o6oSz321MMECyIYd_Life Must Go On,0.4279441770832661
0du5cEVh5yTK9QJze8zA0C_Gorilla,0.4283120963102346
6VuMaDnrHyPL1p4EHjYLi7_One Call Away,0.4335236366229675
