,5BtHciL0e0zOP7prIHn3pP_Believe
5BtHciL0e0zOP7prIHn3pP_Believe,0.0
594LqcHtMvKoR0URmSiYJB_Cant Shake Your Love - Larry Levan Mix,0.405786618213871
594LqcHtMvKoR0URmSiYJB_Can't Shake Your Love - Larry Levan Mix,0.405786618213871
2symoMqtyRiF68u99vkSOR_Can You Feel It (Reach To The Top),0.4926109318882856
5rSXSAkZ67PYJSvpUpkOr7_Lets Have a Party,0.4935297695336806
5I0EPnV9gwrZYTbScjnaOk_O Cafona,0.5346615882782746
3VNITwohbvU5Wuy5PC6dsI_Rags To Riches,0.5661526585104343
7GaxyUddsPok8BuhxN6OUW_Time to Get Busy - Single Version,0.5775413964397458
4RddZ3iHvSpGV4dvATac9X_Blanket Of Fear,0.578356600512165
166Dz1GX3xonSQ3Z6CQW26_Killing,0.5861219507059791
6XpaIBNiVzIetEPCWDvAFP_Love Is a Contact Sport,0.5943369068850914
7GaxyUddsPok8BuhxN6OUW_Real - Full Force Hyped-Up Mix,0.611537314667744
1SupJlEpv7RS2tPNRaHViT_Si Tú Guayas,0.6124215120367378
0LyfQWJT6nXafLPZqxe9Of_Hard Time Pressure,0.6128336409201726
1SupJlEpv7RS2tPNRaHViT_Si Tú Guayas (feat. Plan B),0.6175000504836463
4EENT7N7rCBwrddM3s0vFS_Far Away,0.6227116747308442
4S9EykWXhStSc15wEx8QFK_Somebody Loves Somebody,0.6469335156302662
450o9jw6AtiQlQkHCdH6Ru_Come Back,0.648730997552415
5CG9X521RDFWCuAhlo6QoR_Observation No Crime,0.6585102605640789
0vUTfcBDZZo2OUQJci5UNZ_Whatever I Want,0.6648132494000265
