,5CG9X521RDFWCuAhlo6QoR_Mr. Follow Follow
5CG9X521RDFWCuAhlo6QoR_Mr. Follow Follow,0.0
3zunDAtRDg7kflREzWAhxl_Novocaine For The Soul,0.36427254624386946
5zaXYwewAXedKNCff45U5l_In The Middle Of Nowhere - BBC Saturday Club 5 7 65,0.37880975896694896
5o206eFLx38glA2bb4zqIU_Make War,0.4106394979478978
"3PhoLpVuITZKcymswpck5b_Look Ma, No Hands",0.4133667514558304
5zaXYwewAXedKNCff45U5l_Wishin And Hopin - BBC Top Gear 10 11 64,0.414310341575718
1WvvwcQx0tj6NdDhZZ2zZz_Inch of Dust,0.4199803588100003
1l7ZsJRRS8wlW3WfJfPfNS_Accelerate,0.44371767461323736
5CG9X521RDFWCuAhlo6QoR_Confusion Break Bones (C.B.B),0.44504187673392553
6WXpplxbfcLvaAlhDbfEyO_You've Got To Change Your Mind - Single Version,0.4451324075790598
355SqtHY4qKt2wIXrWku0c_California Numb,0.4535563217174832
3RGLhK1IP9jnYFH4BRFJBS_Remote Control,0.4600712161506936
2GuYQVqrxCbLnYGVHXFCG0_Love,0.46235892069904977
46UMQ0cW8ToR8egkBRwAxZ_Hold On Im Coming,0.46661379671368625
6s22t5Y3prQHyaHWUN1R1C_Overture,0.4692206164142886
2g3PKH7Z1Ofn5oGR6oDjLy_Im Right - Band Track,0.4700059276487941
1HY2Jd0NmPuamShAr6KMms_Million Reasons,0.4713155918419403
0B2SlMW40Hs9mijOi1cDyf_Dont Run,0.4780801944305982
5Z1CCuBsyhEHngq3U5IraY_Come Fly with Me,0.4794793004980451
12VaqyEhgwDRuFfEqbnrpz_You Said Something,0.4849751101087113
