,5CG9X521RDFWCuAhlo6QoR_Africa-Centre of the World
5CG9X521RDFWCuAhlo6QoR_Africa-Centre of the World,0.0
3miNucraVWk4hdVsIxn7id_16 Tons,0.5047339368497583
3miNucraVWk4hdVsIxn7id_Sixteen Tons,0.5050929302555434
05sIdEkXAYDbDDdv3T56Oj_Sweet Talkin Guy,0.5916193379184608
57MtJQ6Sc4tIxrXIhrqVJL_Our Time - 2 Shine,0.5994911524886055
41MozSoPIsD1dJM0CLPjZF_AS IF IT’S YOUR LAST - BLACKPINK ARENA TOUR 2018 SPECIAL FINAL IN KYOCERA DOME OSAKA,0.6099594743832414
5snNHNlYT2UrtZo5HCJkiw_High Skool,0.6266744830464802
0cQbJU1aAzvbEmTuljWLlF_Open The Gate,0.6278639557520855
5Fe1EofQMZ9XilaYmSAKHr_This is Moscow Not L.A. - Bonus,0.65629013560566
5Rl15oVamLq7FbSb0NNBNy_She Looks So Perfect - Mikey Demo Vocal,0.662783923566272
7GaxyUddsPok8BuhxN6OUW_Stone Cold Drag,0.66692436971
7fGhUgW2TDm5bkaUrFz8qP_All I Need,0.6679856924928927
1f5GqyOPo0CkotzzRwviBu_We Are A Crowd,0.6853509394713957
7GaxyUddsPok8BuhxN6OUW_Star Generation,0.6861635918028333
67qogtRNI0GjUr8PlaG6Zh_DNA,0.7012194537208722
3BmGtnKgCSGYIUhmivXKWX_You Found Me,0.701630210294438
6sFIWsNpZYqfjUpaCgueju_Drive,0.7017491814579191
2g3PKH7Z1Ofn5oGR6oDjLy_Night Time Is the Right Time,0.7044818927769094
4YrKBkKSVeqDamzBPWVnSJ_Jump 'N Shout,0.7059123223788769
3qNVuliS40BLgXGxhdBdqu_Baram X 3,0.7080959424900491
