,5CG9X521RDFWCuAhlo6QoR_Water No Get Enemy
5CG9X521RDFWCuAhlo6QoR_Water No Get Enemy,0.0
23fQmd3dbJn46kqpkzecA2_Mean Mean Man,0.34064445613457905
5zaXYwewAXedKNCff45U5l_Sunny,0.3588954464375598
3miNucraVWk4hdVsIxn7id_Frisco Queen,0.3751087269284639
4wucqyuotyHg3kBk1aMTTN_Dreamers   Little Cassette Deaths,0.38534138296079207
450o9jw6AtiQlQkHCdH6Ru_Wake Up,0.3895014429370237
0EmeFodog0BfCgMzAIvKQp_Back In Black - Live,0.3939419006461419
7AKznuvHmbW7uZbUkLY4Je_Drive It Like You Stole It,0.40169580610910866
5zaXYwewAXedKNCff45U5l_Will You Love Me Tomorrow,0.4078474359623883
7qG3b048QCHVRO5Pv1T5lw_Para De Jugar,0.4102676077385029
2P560DaOMNDUACoH8ZhOCR_Slow Down,0.4103941874753024
"51Blml2LZPmy7TTiAg47vQ_Fire - Live, Hammersmith Palais - December 1982",0.4111841727663955
3RGLhK1IP9jnYFH4BRFJBS_48 Hours,0.4170677503879684
2P560DaOMNDUACoH8ZhOCR_Non-Stop Dancing,0.4176777705658621
0lZoBs4Pzo7R89JM9lxwoT_Rio,0.42352963572758756
2VIoWte1HPDbZ2WqHd2La7_Love In The City,0.42902865223674413
6XpaIBNiVzIetEPCWDvAFP_After We Make Love,0.4303494039362954
2siHvYaxjaW5rKVRiIrMYH_Youll Never Be Alone,0.43108635399985773
3miNucraVWk4hdVsIxn7id_Night Fighter,0.4311124235374927
5v61OSg53KaQxGMpErkBNp_Cadence - Acoustic,0.4323024104015377
