,5e4Dhzv426EvQe3aDb64jL_Youve Got A Way
5e4Dhzv426EvQe3aDb64jL_Youve Got A Way,0.0
5zaXYwewAXedKNCff45U5l_Arrested by You,0.2966694840288354
6XpaIBNiVzIetEPCWDvAFP_Lover for Life,0.3390699212212428
5zaXYwewAXedKNCff45U5l_Broken Blossoms,0.3455838000153653
5GtMEZEeFFsuHY8ad4kOxv_Deep Water,0.3592177589767652
2VIoWte1HPDbZ2WqHd2La7_Too Young To Be One,0.3657249809471674
3tpobJxn6RQfhiPZiIJsVT_Big Ass Liar,0.369220618551108
6XpaIBNiVzIetEPCWDvAFP_I Know Him So Well - from Chess,0.37378810374455046
2VIoWte1HPDbZ2WqHd2La7_Bachelor Mother,0.3768759707733325
5I0EPnV9gwrZYTbScjnaOk_Eu Vou,0.38136704173556973
5g3uG8zZZANGT6YOssgjfC_All My Bells Are Ringing,0.3828348011127605
5I0EPnV9gwrZYTbScjnaOk_Baião Maracatú,0.3935637960856967
74ASZWbe4lXaubB36ztrGX_Dreamin of You - Outtake from Time Out Of Mind sessions,0.3976193226237384
7rRz5zPounzREHN0cIrYhS_So Down,0.39790227376465837
5rSXSAkZ67PYJSvpUpkOr7_Spanish Eyes,0.40956851829240454
1sBkRIssrMs1AbVkOJbc7a_Hold Me Down,0.412837881362361
6clbbhnIqpHnqxwtOWcilg_We Three Kings,0.4147408609674133
2BTZIqw0ntH9MvilQ3ewNY_Heartaches by the Number - Live From Spotify NYC,0.4185369386432598
6clbbhnIqpHnqxwtOWcilg_Hold On,0.41892552777886277
2olXFp5y1AwrgJA9YSV4Sn_Love In Fear,0.42041472224789295
