,5GtMEZEeFFsuHY8ad4kOxv_Half a Heart
5GtMEZEeFFsuHY8ad4kOxv_Half a Heart,0.0
3E3xrZtBU5ORqcmX78v5YZ_The Night Life - AOL Music Interface,0.2689850294043878
74ASZWbe4lXaubB36ztrGX_Floater (Too Much to Ask),0.29270831486970306
3HqSLMAZ3g3d5poNaI7GOU_ugly duckling,0.2979033969065234
5Rl15oVamLq7FbSb0NNBNy_Stay - Recorded at Spotify Studios NYC,0.3005387733482095
2gsggkzM5R49q6jpPvazou_Let It Snow,0.3016706758621979
5I0EPnV9gwrZYTbScjnaOk_Corrida de Jangada,0.3137269114452117
31IZdHrCZ5pRhLz4zBxN3o_Diamond Child,0.3159783807166305
2WX2uTcsvV5OnS0inACecP_1901,0.3171024781442875
5GtMEZEeFFsuHY8ad4kOxv_Mad World,0.3214894505493012
3miNucraVWk4hdVsIxn7id_Don’t Let Me Be Misunderstood,0.32408407990885274
2GLf7iaOOujAem5R87xwto_Headcage,0.3340916719264541
2GLf7iaOOujAem5R87xwto_Don and Sherri,0.3352342098904044
7zsin6IgVsR1rqSRCNYDwq_Chugjug,0.3364395414868893
2YZyLoL8N0Wb9xBt1NhZWg_Opposites Attract (Tomorrow W O Her),0.3409771161803693
3rHl3rSgCnHhOlVB87ZxyF_What Happened To,0.3458187717644006
0cQbJU1aAzvbEmTuljWLlF_Marry Me,0.35052924584689016
5a2EaR3hamoenG9rDuVn8j_affirmation III,0.3548121017729752
4phGZZrJZRo4ElhRtViYdl_Coyotes,0.35672114141535033
5y2Xq6xcjJb2jVM54GHK3t_Maxine,0.3581261454048902
