,5GuBtuEK94QityfePS0h5g_Dance With Me Henry
5GuBtuEK94QityfePS0h5g_Dance With Me Henry,0.0
7GaxyUddsPok8BuhxN6OUW_Return To Me,0.606016542319187
6XpaIBNiVzIetEPCWDvAFP_The Greatest Love Of All (Remastered) - Live,0.6403915710623889
5snNHNlYT2UrtZo5HCJkiw_Sunrise (Interlude),0.762752471460159
3VNITwohbvU5Wuy5PC6dsI_Stone Love,0.7832214573109709
30R9paG1c5BGtNGle59VPq_Stop Loving You,0.7970370583198623
0MponVSpW81oLvJZ53vYZH_Im Gonna Hold On As Long As I Can,0.8051333387948275
74ASZWbe4lXaubB36ztrGX_Tomorrow Night,0.8197362641388808
6oMuImdp5ZcFhWP0ESe6mG_Skurt (feat. Yah Stupid),0.8334344550794863
5MlfccEEOw6kihsT8eQtbh_La Lapa,0.8478112335728754
5MlfccEEOw6kihsT8eQtbh_Tremendo Coco,0.8479549150029443
3miNucraVWk4hdVsIxn7id_Street Walker,0.849047667090372
6vXTefBL93Dj5IqAWq6OTv_The Life,0.8855440260776897
2CuzDPkRD6BJBvdWqCrt2I_Shes Trouble,0.9148250502734485
2CuzDPkRD6BJBvdWqCrt2I_Air Taxi,0.9369934283641458
4fbubCUHZTOBfdDCsGWQXL_Y Wanna Get to Know You Better,0.9456071639868147
05sIdEkXAYDbDDdv3T56Oj_My Block,0.9463839958632424
3k5CKYmmh2MjzAl9Xo5tpt_La Basse - DJ 4 Set,0.9512332332301139
2CuzDPkRD6BJBvdWqCrt2I_Youth Of Today,0.9540490256137284
0mghlE5HVccvrGrPGYRelH_You Blow It,0.956807374891309
