,5I0EPnV9gwrZYTbScjnaOk_Papo de Maluco
5I0EPnV9gwrZYTbScjnaOk_Papo de Maluco,0.0
0MponVSpW81oLvJZ53vYZH_He Was Really Sayin Somethin,0.3466650503473537
45Yw2N9NT7JApvmKcARV5z_Click Clack Gang (feat. Matt Blaque),0.4207343180066011
5I0EPnV9gwrZYTbScjnaOk_Parabéns,0.4223603760137575
5I0EPnV9gwrZYTbScjnaOk_Vem,0.4270641294900907
6V3F8MZrOKdT9fU686ybE9_Crazy - DJ Pulse & Professor Stretch Main Mix,0.4802333761166829
19BGdnPfeXHTVUEa5QjRvj_Plenty of Time,0.4825993654941679
31IZdHrCZ5pRhLz4zBxN3o_CODEiNE Water FOUNTAiN (feat. Ghetty),0.49286416973716823
6V3F8MZrOKdT9fU686ybE9_Trippin - C&J Mix,0.5002853267297674
6oMuImdp5ZcFhWP0ESe6mG_Money Going In,0.5144604283416123
6vXTefBL93Dj5IqAWq6OTv_All Night,0.5264246876929857
5I0EPnV9gwrZYTbScjnaOk_O Índio e o Brasil,0.5361853342936354
1Bhw1NGkIlsdVb8NXOymzk_Push Pull,0.5388572373077267
"450o9jw6AtiQlQkHCdH6Ru_You and Your Folks, Me and My Folks",0.5393507301132969
72qs8dHxUfn7lB9cYxQvIF_After Sunday Mass,0.5403757938477618
5Xh0e6sCvMXJUNVa4oynvx_I Heard The Bells On Christmas Day,0.5440817106360207
5Mhu08c0ez3D8usQzZeW03_Stella Matutina (feat. Gayngs),0.5543980222767108
1eYhYunlNJlDoQhtYBvPsi_Im Movin On,0.5629920352556108
6XpaIBNiVzIetEPCWDvAFP_Take Good Care of My Heart (with Jermaine Jackson),0.5641128283598229
5zaXYwewAXedKNCff45U5l_Love Me By Name,0.5656334783611239
