,5I0EPnV9gwrZYTbScjnaOk_Ilusão À Toa
5I0EPnV9gwrZYTbScjnaOk_Ilusão À Toa,0.0
7G1GBhoKtEPnP86X2PvEYO_Little Girl Blue,0.3744557254799557
5I0EPnV9gwrZYTbScjnaOk_Tudo de Você,0.3883970634754053
5I0EPnV9gwrZYTbScjnaOk_Canção Pequenina,0.45589463526565366
64NhyHqRKYhV0IZylrElWu_Divine,0.45877179621352726
2sBPVEeMBXKNsZtYaJixnJ_Wouldnt Waste,0.4764075484950516
6ewMqjrF31lC8ywRsvm073_Sleepy Eyes,0.4974841176755028
0LyOADBjj28cbvJWTXUEGA_Never Enough (Reprise),0.5268966948209316
5I0EPnV9gwrZYTbScjnaOk_Ainda Mais Lindo,0.5410353415864803
5zzrJD2jXrE9dZ1AklRFcL_Carried,0.5523068232861632
2GLf7iaOOujAem5R87xwto_Reason and Responsibility,0.5633121733648282
5I0EPnV9gwrZYTbScjnaOk_Nova Bossa Nova,0.5703056905693765
4awtkia1cywuwJ2OrxNw6j_When You Wish Upon a Star,0.5730848899715598
74ASZWbe4lXaubB36ztrGX_Skylark,0.576997958583496
31IZdHrCZ5pRhLz4zBxN3o_LEANiNNN (CHOPPEDxSCREWED),0.5780190653878049
"6ewMqjrF31lC8ywRsvm073_Hush, Little Baby",0.5892815306251775
5I0EPnV9gwrZYTbScjnaOk_Campina Grande,0.6011321646590165
1eYhYunlNJlDoQhtYBvPsi_Just for a Thrill - 2016 Mono Remaster,0.6241169720240528
4NgNsOXSwIzXlUIJcpnNUp_Blue,0.637525381526925
1eYhYunlNJlDoQhtYBvPsi_Undecided,0.6397696932337835
