,5I0EPnV9gwrZYTbScjnaOk_Pra Tocar Assim
5I0EPnV9gwrZYTbScjnaOk_Pra Tocar Assim,0.0
5I0EPnV9gwrZYTbScjnaOk_Wanda Vidal,0.32305955392693364
3IaqL9bsZtYJkqNLiovVho_Better Off,0.34677713281149014
1Xyo4u8uXC1ZmMpatF05PJ_Professional,0.35337526130276165
3PhoLpVuITZKcymswpck5b_Recover Your Soul,0.36117079001865643
3YR92OLKlvkK5oKNekSqXe_Let Me Love You,0.3626708421137959
74ASZWbe4lXaubB36ztrGX_Floater (Too Much to Ask),0.3632342267588737
5zzrJD2jXrE9dZ1AklRFcL_Golden Frames,0.36404645264691876
5GtMEZEeFFsuHY8ad4kOxv_People Asking Why,0.36949063183977693
6H4lieipng8aGu3Hbd1UeJ_Make It Simple,0.37057234546940704
74ASZWbe4lXaubB36ztrGX_Tempest,0.37414011201435443
5I0EPnV9gwrZYTbScjnaOk_O Amor É Chama - 1995 Remaster,0.3787398710892002
6eUKZXaKkcviH0Ku9w2n3V_U.N.I.,0.37890865226710657
"3zunDAtRDg7kflREzWAhxl_Woman Driving, Man Sleeping",0.3845827067613328
5L6tkH3jDmFBX9dYdFFQXy_Before the Weekend Comes - Mixed,0.39298182365305984
4S9EykWXhStSc15wEx8QFK_Thank You,0.39353901113948725
3DiDSECUqqY1AuBP8qtaIa_Harlems Nocturne,0.39655247527364806
74ASZWbe4lXaubB36ztrGX_Scarlet Town,0.3994578149371279
3ApUX1o6oSz321MMECyIYd_Matches,0.40082548516791205
3HqSLMAZ3g3d5poNaI7GOU_ugly duckling,0.40326361784348114
