,5INjqkS1o8h1imAzPqGZBb_Runway Houses City Clouds
5INjqkS1o8h1imAzPqGZBb_Runway Houses City Clouds,0.0
7vk5e3vY1uw9plTHJAMwjN_Alone,0.33346035113770367
4RddZ3iHvSpGV4dvATac9X_Not The Only One,0.34182547465105195
0grdhNhiRLFBaFVyybqsj6_Wouldnt Let Me Love You,0.34230076194390424
69GGBxA162lTqCwzJG5jLp_Young - Midnight Kids Remix,0.34247622719141424
0Y2AcMPMpeuPXtPQGVvRBq_GO HIGH,0.3590002084007085
5st4KKihmnSMLRsxWOs2x3_Long Way Home,0.3642752760687617
26AHtbjWKiwYzsoGoUZq53_Ghostbusters,0.3690363139822907
7IVgVM49Z4ztdmOqOIxhvP_Move,0.3794177426802759
4UXqAaa6dQYAk18Lv7PEgX_I've Got A Dark Alley And A Bad Idea That Says You Should Shut Your Mouth (Summer Song),0.38179023436592924
4UXqAaa6dQYAk18Lv7PEgX_Ive Got A Dark Alley And A Bad Idea That Says You Should Shut Your Mouth (Summer Song),0.38179023436592924
4GMgdB3vwbBOc42hbXEi9p_Oye Mi Canto,0.3818634225385157
6DIS6PRrLS3wbnZsf7vYic_Ghostbusters,0.3837080008248583
3YQKmKGau1PzlVlkL1iodx_We Dont Believe Whats on TV,0.38734026611466954
1uNFoZAHBGtllmzznpCI3s_Love Me,0.38758878214443604
0cQbJU1aAzvbEmTuljWLlF_Home Now,0.3905222257152194
7uMh23xWiuR7zsNkuNcm2G_Colour,0.3954605893491325
7eaa5bidliPI0djFYv166f_Set On Fire,0.397102387642861
4TnGh5PKbSjpYqpIdlW5nz_Sweetheart,0.3983715670337396
3HqSLMAZ3g3d5poNaI7GOU_Red Queen,0.3986310187172482
