,5JZ7CnR6gTvEMKX4g70Amv_Paris in the Rain
5JZ7CnR6gTvEMKX4g70Amv_Paris in the Rain,0.0
7c0XG5cIJTrrAgEC3ULPiq_Love U Better (feat. Lil Wayne & The-Dream),0.35219651520731104
6V3F8MZrOKdT9fU686ybE9_Time To Creep,0.35475136066810053
5a2EaR3hamoenG9rDuVn8j_WAY BACK HOME,0.3791260261965384
3bykTIvfobPwvgbrqh777j_Cuando Tudo Se Complica,0.3797728862889692
7n2wHs1TKAczGzO7Dd2rGr_Lost In Japan,0.382289334615732
"59oA5WbbQvomJz2BuRG071_Heavy, California",0.3834666946860736
5pKCCKE2ajJHZ9KAiaK11H_Loveeeeeee Song,0.3885628258233365
4phGZZrJZRo4ElhRtViYdl_Im Yours,0.39394404154861096
3HqSLMAZ3g3d5poNaI7GOU_꿍따리 샤바라 (Kkungttari-Shabara) (feat.Clon) : Boom Ladi Dadi,0.39571794582737563
"13ubrt8QOOCPljQ2FL1Kca_Black Tux, White Collar",0.39600154982121716
4eDh4HoDKIf8FamPE2IGbq_Musicalma,0.39683286380357585
1Xyo4u8uXC1ZmMpatF05PJ_A Lonely Night,0.40140647203874075
3qnGvpP8Yth1AqSBMqON5x_Bad Bad News,0.4065104919466487
31W5EY0aAly4Qieq6OFu6I_Love Drugs and Sex,0.40766140441779003
1r4hJ1h58CWwUQe3MxPuau_Mala Mía,0.40831580530908174
5CG9X521RDFWCuAhlo6QoR_Go Slow - Edit,0.41362103713125853
31W5EY0aAly4Qieq6OFu6I_Get to You,0.4158483641413122
0EmeFodog0BfCgMzAIvKQp_Long Time,0.4198595946198914
5rSXSAkZ67PYJSvpUpkOr7_Madeleine,0.41999370609555536
