,5K4W6rqBFWDnAN6FQUkS6x_Facts (Charlie Heat Version)
5K4W6rqBFWDnAN6FQUkS6x_Facts (Charlie Heat Version),0.0
4ehtJnVumNf6xzSCDk8aLB_Miracles (feat. Bjørnskov) - Charlie Who Remix,0.3176764179467446
15iVAtD3s3FsQR4w1v6M0P_Selfish,0.3204830513037042
6JL8zeS1NmiOftqZTRgdTz_CANT DANCE,0.3581847425629817
1f5GqyOPo0CkotzzRwviBu_Hunter The Hungry Is Gon’ Eat,0.3640796469568766
5lBUWrTWtJewTgS394y0m9_Good Time - From “Teen Spirit” Soundtrack,0.3758535358851171
"738wLrAtLtCtFOLvQBXOXp_Boom (feat. MOTi, Ty Dolla $ign, Wizkid & Kranium)",0.381261877118579
2mV8aJphiSHYJf43DxL7Gt_Juice,0.3826298892955651
67qogtRNI0GjUr8PlaG6Zh_Where The Wild Things Are - Cozway Remix,0.38264874942939997
1Cs0zKBU1kc0i8ypK3B9ai_I Wanna Go Crazy (feat. will.i.am),0.38281523936136397
4phGZZrJZRo4ElhRtViYdl_Love Is Still The Answer,0.38296292125755843
2pvCf5g7XBReiPIvcq7W18_OVERZONE - EXTENDED,0.3932890027770867
2NdeV5rLm47xAvogXrYhJX_Set,0.3952824155062758
1GAS0rb4L8VTPvizAx2O9J_No Biggie,0.39841902155968256
4S9EykWXhStSc15wEx8QFK_Save Your Soul,0.3991052032827998
2HcwFjNelS49kFbfvMxQYw_Knutsford City Limits,0.39966419554689003
3QSQFmccmX81fWCUSPTS7y_Lose My Mind,0.40130515236452907
11oNY5LROxHrmYBHjzOr42_GoodTime (feat. Lorine Chia & Machine Gun Kelly),0.40258715092517783
6yhD1KjhLxIETFF7vIRf8B_Talk - Acoustic,0.4029345841366654
5snNHNlYT2UrtZo5HCJkiw_Mithras Word,0.40439758478123095
