,5K4W6rqBFWDnAN6FQUkS6x_Ill Fly Away
5K4W6rqBFWDnAN6FQUkS6x_Ill Fly Away,0.0
4gzpq5DPGxSnKTe4SA8HAU_We Never Change,0.4137447124152164
04gDigrS5kc9YWfZHwBETP_Let’s Stay Together,0.4334726478628518
4S9EykWXhStSc15wEx8QFK_Les petits pieds de Léa,0.43702727514583595
6H4lieipng8aGu3Hbd1UeJ_I Let You Get Away,0.4392087171205426
4WLoEXu4C2C2YZshOvGL0O_A Great Time,0.441365453066902
5I0EPnV9gwrZYTbScjnaOk_Selva de Pedra,0.4502429910341196
3Z02hBLubJxuFJfhacLSDc_Ill Always Be Right There,0.45170881522171624
4S9EykWXhStSc15wEx8QFK_Plus quailleurs,0.45182008107552335
7n2wHs1TKAczGzO7Dd2rGr_Roses - MTV Unplugged,0.4551624354818828
6jJ0s89eD6GaHleKKya26X_The One That Got Away - Acoustic,0.46045064619295895
"0vEsuISMWAKNctLlUAhSZC_Sullivan Street - 1994 Live At Elysée Montmartre, Paris",0.4643795449795223
4NgNsOXSwIzXlUIJcpnNUp_The Christmas Song,0.48064522067845245
6s22t5Y3prQHyaHWUN1R1C_Growing Old on Bleecker Street,0.48873489152784744
7G1GBhoKtEPnP86X2PvEYO_Let It Be Me - Remastered,0.49246335916777423
0CPjzkzea6UfhppcuwojxG_She Wanty Wanty,0.4930324423459608
2YKp8Odp8GGbAkVU60Yk2Y_Is This Sound Okay?,0.4947322800219447
3aGFCoR8xGN6DKwvdzeSja_I Loved You,0.4955255207907562
6UMQSuwr0OSN62Dxh5Y9mE_Midnight Special,0.4956818231606063
4phGZZrJZRo4ElhRtViYdl_Details in the Fabric (feat. James Morrison),0.5001511729892044
