,5KPJMJR9PCfMWSfco8i4W4_One Dance Hasta El Amanecer - Mashup
5KPJMJR9PCfMWSfco8i4W4_One Dance Hasta El Amanecer - Mashup,0.0
0UF5mrABjNwzMZ1WoyLCFi_CANT GET ENOUGH,0.4063156396012807
6TIYQ3jFPwQSRmorSezPxX_Everyday,0.451316842662493
3TVXtAsR1Inumwj472S9r4_With You,0.4532532782952036
54LQat54lf4yjegCGmRopP_Dancing Shoes,0.4591128791743449
1RyvyyTE3xzB2ZywiAwp0i_Might as Well,0.4809164561628705
5lHRUCqkQZCIWeX7xG4sYT_Brain Nichols,0.48475266808439077
3gIRvgZssIb9aiirIg0nI3_Keep My Head Afloat,0.5113258643876911
5Z1CCuBsyhEHngq3U5IraY_Lost In You,0.5149303591029468
4EENT7N7rCBwrddM3s0vFS_Rendezvous,0.5178738187319277
3ApUX1o6oSz321MMECyIYd_Tough (feat. Noah Kahan),0.5290883565869816
0rW6fVd3yuW2CF2sLYWQtE_I Dont Know,0.5323646214277041
0r0KdmVS1Er3kaFnl1KPog_Cheating On Me (feat. Zak Abel) - Tom Misch refix,0.5336435040313849
3DiDSECUqqY1AuBP8qtaIa_Work On It,0.5347675514936464
3HqSLMAZ3g3d5poNaI7GOU_A Gloomy Clock (feat.Jong-hyun of SHINee),0.5381483685332208
0HjoyITAvSVktTCjXUa40Q_Over It,0.5396192591202471
6xQvQwZQQuq9R3TdPNbcR8_Bang Like A,0.540895225755585
5JZ7CnR6gTvEMKX4g70Amv_I Like Me Better,0.5415180085587241
6suYB5xIEUuKo1wJWKfwvF_Release Me (DJ-Kicks),0.5480176882383939
1r4hJ1h58CWwUQe3MxPuau_Corazón (feat. Nego do Borel),0.5525014467086543
