,5LA9eBtrAmkfQveuJZLH5h_Move Together
5LA9eBtrAmkfQveuJZLH5h_Move Together,0.0
"3TVXtAsR1Inumwj472S9r4_Hold On, Were Going Home",0.31888065988283953
3TVXtAsR1Inumwj472S9r4_Jumpman,0.3586485765466587
6MDME20pz9RveH9rEXvrOM_A+E (feat. Kandaka Moore & Nikki Cislyn),0.36646180753969476
6icQOAFXDZKsumw3YXyusw_love me forever,0.37677458086829846
1cNDP5yjU5vjeR8qMf4grg_Melly the Menace,0.38744014019119755
3zD5liDjbqljSRorrrcEjs_Fleet,0.4062073267054951
64M6ah0SkkRsnPGtGiRAbb_Knees,0.41138211220766524
28j8lBWDdDSHSSt5oPlsX2_Drowning,0.41294944494516206
2qUNVIgjpwhQ3gGpM1Nrok_Meteorology,0.4134463775371829
3f9if5rJj7moycBZLcOdYG_Oh Yeah,0.4136294389378815
1AWNf5CLnHH4oM1hcHiVeV_The Motion,0.41493441444288703
5K4W6rqBFWDnAN6FQUkS6x_Gone,0.41501389739029465
6fLrPFLWLSCrp7gcTZXcKb_Sympathy (feat. Rainsford),0.4152133271675712
4TRb5erKfZEVUp67D14r2S_Stay,0.42287670489203266
3TVXtAsR1Inumwj472S9r4_Hotline Bling,0.4253088294473411
1RyvyyTE3xzB2ZywiAwp0i_WIFI LIT,0.43439373865867287
3EiLUeyEcA6fbRPSHkG5kb_Amantes (feat. Zion & Lennox),0.4350762242265879
"2ht3wxeT69CzyKFChNnNAB_Mic Jack (feat. Adam Levine, Scar & Sleepy Brown)",0.4490271136926563
3TVXtAsR1Inumwj472S9r4_One Dance,0.4511645323124377
