,5lHRUCqkQZCIWeX7xG4sYT_Mister
5lHRUCqkQZCIWeX7xG4sYT_Mister,0.0
6oMuImdp5ZcFhWP0ESe6mG_Trap Funk,0.3455229790828887
5QDNC7d83GlaTl7Jy9djQ1_Who Can You Trust,0.3555136035623846
31IZdHrCZ5pRhLz4zBxN3o_Triple Beam Dream Team,0.3608258639697552
6oMuImdp5ZcFhWP0ESe6mG_Spray The Champagne,0.3676745462166379
2NdeV5rLm47xAvogXrYhJX_Set,0.38040437991046516
6oMuImdp5ZcFhWP0ESe6mG_Chapter 1,0.3958964009587083
2HcwFjNelS49kFbfvMxQYw_Knutsford City Limits,0.3986379138994227
6extd4B6hl8VTmnlhpl2bY_Eye 2 Eye,0.3986786192635351
1Xylc3o4UrD53lo9CvFvVg_Ain't My Fault,0.4009253977285213
1Xylc3o4UrD53lo9CvFvVg_Aint My Fault,0.4009253977285213
15iVAtD3s3FsQR4w1v6M0P_Sumn Sumn,0.4013928290333706
1DvtabXAjfrMihPP6JQdHs_Get it Again (feat. Dave East),0.4071214650849805
1DvtabXAjfrMihPP6JQdHs_Problems (feat. Quando Rondo & Lil Durk),0.41339823178646584
6icQOAFXDZKsumw3YXyusw_Up Next 3,0.4244375002694755
7tzJgRZNKA2u3ntZ43DHP0_Curious,0.4261804409704805
5CCwRZC6euC8Odo6y9X8jr_Crazy Girl,0.4287431872024306
"0c173mlxpT3dSFRgMO8XPh_Win Some, Lose Some",0.4307096260296216
3aGFCoR8xGN6DKwvdzeSja_Maneuvering,0.4391376435212762
77AiFEVeAVj2ORpC85QVJs_Are You Lonely (feat. ISÁK),0.44218070169984425
