,5LX6oeHA1d2YNCyqJO1jfw_Skyfall (Arr. A. Turley for Choir)
5LX6oeHA1d2YNCyqJO1jfw_Skyfall (Arr. A. Turley for Choir),0.0
10joHEaSnw5eRXQnQUlZwQ_Jubilate Deo,0.3880875621985885
4Hyf62CRYjP1b7KemGahkA_Erforsche mich Gott,0.6375064715065542
3zunDAtRDg7kflREzWAhxl_Funeral Parlor,0.7367490600445863
7ulc1OGm7ZhdziG5vr35sa_Cantate Domino,0.7786421480649252
31TPClRtHm23RisEBtV3X7_As Dreamers Still Do,0.8021903887278422
3MblbJw8sIsp03qboRPeUJ_Strange Mood,0.9152527270233503
0x83OBqixqdCHnStP5VMcn_My Willow Tree,0.917554091392418
0YC192cP3KPCRWx8zr8MfZ_There He Is,0.9319545610493879
5928hF4c1MriHfAgpFf8ya_Notting Hill,0.9530016474757272
3VNITwohbvU5Wuy5PC6dsI_September Love,0.955659932582608
7G1GBhoKtEPnP86X2PvEYO_If I Should Lose You,0.9642951304643832
3VNITwohbvU5Wuy5PC6dsI_As One,1.018954048362387
0x83OBqixqdCHnStP5VMcn_A Thing Of The Past,1.031472714792844
7G1GBhoKtEPnP86X2PvEYO_For Myself,1.0404843490206466
4RddZ3iHvSpGV4dvATac9X_Engage,1.054778502965217
4DKmYaapNsBb5IG3YPukL0_Let It Go (From Frozen),1.0611030672354447
"6nZiWg5ZB511S24WmB7TCV_4 Preludes, Op. 37 No. 3 in B Major: Andante",1.0695265168250323
3zunDAtRDg7kflREzWAhxl_True Original,1.072013990145311
1eYhYunlNJlDoQhtYBvPsi_Crazy Old Soldier,1.1003758495852158
