,5Mhu08c0ez3D8usQzZeW03_Parental Advisory
5Mhu08c0ez3D8usQzZeW03_Parental Advisory,0.0
2P560DaOMNDUACoH8ZhOCR_When Youre Young,0.3551107938008619
6vXTefBL93Dj5IqAWq6OTv_Gettin Money,0.36657029454466955
"6f4XkbvYlXMH0QgVRzW0sM_War (feat. DJ Whoo Kid, Neon Dreams & Stokes)",0.3833143488001003
31IZdHrCZ5pRhLz4zBxN3o_Summer of Surf,0.3989913871499899
2ob8z52WBoonqFdFga4AJI_Oh La La - The Satin Extended Mix,0.4160233508856122
6oMuImdp5ZcFhWP0ESe6mG_Locked In The Game,0.484577573403009
6vXTefBL93Dj5IqAWq6OTv_They Not Ready,0.48683819617852436
0grdhNhiRLFBaFVyybqsj6_Shouldve Known Better,0.4874552390472591
6vXTefBL93Dj5IqAWq6OTv_Have It All,0.49078688563816897
0MponVSpW81oLvJZ53vYZH_Barefootin,0.491325919475319
6C403AR4y6PjN0xNNGh42m_Youlogy,0.4916160220424742
6vwFR7NilfrQ4AX0d41fWu_It Takes Two,0.49332314267287275
5JsdVATHNPE0XdMFMRoSuf_In Our Lifetime,0.4937050356214415
3Z02hBLubJxuFJfhacLSDc_Hey Honey - Im Packin You In,0.5064485206513488
05Q11J9q3h346FXEufTK2H_Ghetto Heaven,0.5362543299150678
450o9jw6AtiQlQkHCdH6Ru_You Cant Miss What You Cant Measure (Alton Miller Mix),0.5373858081070242
2VIoWte1HPDbZ2WqHd2La7_Person Without A Care,0.5495610314805857
1qekCz7F0WsQICLJSVlmpy_Eso Esta Bueno,0.5529147626397078
6vXTefBL93Dj5IqAWq6OTv_Nothing to Me,0.5564473769914188
