,5MlfccEEOw6kihsT8eQtbh_El Hueso
5MlfccEEOw6kihsT8eQtbh_El Hueso,0.0
5MlfccEEOw6kihsT8eQtbh_Que Va,0.3484494245725321
0x83OBqixqdCHnStP5VMcn_Abra Ka Dabra,0.4112674572179688
0grdhNhiRLFBaFVyybqsj6_The Flame Of Love,0.43029951427088065
2CuzDPkRD6BJBvdWqCrt2I_Shanty Town (007),0.46116380729113987
1eYhYunlNJlDoQhtYBvPsi_Rock and Roll Shoes (with B.J. Thomas),0.4613326851825926
1tqZaCwM57UFKjWoYwMLrw_Cloudy Sky,0.4661631332230749
4ly0VtIYiDYVA4q6ry0NUk_Threshold,0.4690137583378416
3CsPxFJGyNa9ep79CFWN77_El Ladrón,0.47547732291135947
0irOOIGUdqRu9sIHtCJB3v_Instruments,0.47734325932434696
3ceOFG1q86nQVpJliylpgA_Thinking - Mark Knight Remix,0.4799321583036855
5MlfccEEOw6kihsT8eQtbh_Medley Part 2,0.4801316533415138
6clbbhnIqpHnqxwtOWcilg_Hold On,0.48158745434864064
5Mhu08c0ez3D8usQzZeW03_Windows to the Soul,0.49296395398062703
74ASZWbe4lXaubB36ztrGX_Broke Down Engine,0.4963822277368881
5I0EPnV9gwrZYTbScjnaOk_Festeira,0.4990079810709373
6V3F8MZrOKdT9fU686ybE9_Horny - D-Influence Mix,0.5050360685834313
450o9jw6AtiQlQkHCdH6Ru_Music For My Mother (Andres Wo Ahh Ay Vocal Mix),0.5052213165210926
1eYhYunlNJlDoQhtYBvPsi_I've Got a Woman (Live),0.5057351461988464
4TH4BHy0LdBi3dpBW4P2UX_Over,0.511379774918896
