,5NLeBktPpw4QO31tMiSO2I_Shake Em Up
5NLeBktPpw4QO31tMiSO2I_Shake Em Up,0.0
0MponVSpW81oLvJZ53vYZH_Twistin The Night Away,0.4932415313592156
7G1GBhoKtEPnP86X2PvEYO_Work Song,0.5185185163550003
0MponVSpW81oLvJZ53vYZH_You Dont Want Me No More,0.5432603222810741
0cQbJU1aAzvbEmTuljWLlF_Doormat,0.5442724170164974
7G1GBhoKtEPnP86X2PvEYO_Introduction - Remastered,0.5547369729037175
5MlfccEEOw6kihsT8eQtbh_Sock It To Me,0.5607120370871647
5zaXYwewAXedKNCff45U5l_Tossin And Turnin - BBC Top Gear 16 7 64,0.5645316550842203
7GAADbJqCNRqVVBeo8QZgx_Que Feliz,0.5661597621644561
0cQbJU1aAzvbEmTuljWLlF_Ache,0.5670692925900839
0x83OBqixqdCHnStP5VMcn_What A Sweet Thing That Was,0.5742606923231286
4AqIRTZF6DDmKmdorgFug6_Gator Hide,0.5878812622710485
0MponVSpW81oLvJZ53vYZH_Lover Please,0.6010333597316095
2g3PKH7Z1Ofn5oGR6oDjLy_Secret Agent,0.6108408573895567
0cQbJU1aAzvbEmTuljWLlF_Sinking,0.6193334022004708
2g3PKH7Z1Ofn5oGR6oDjLy_Staggerlee,0.659690342305996
5zaXYwewAXedKNCff45U5l_No Easy Way Down,0.6695495507935652
5zaXYwewAXedKNCff45U5l_So Much Love - Mono (original),0.6700245704617142
0Je74SitssvJg1w4Ra2EK7_Drifting,0.6716365178304881
5zaXYwewAXedKNCff45U5l_You Really Got A Hold On Me,0.6866077031295893
