,5NLeBktPpw4QO31tMiSO2I_Night Seances
5NLeBktPpw4QO31tMiSO2I_Night Seances,0.0
5oOhM2DFWab8XhSdQiITry_Rings,0.2783096884914831
6GNWPphcJ5CtIwCJVV1lLT_Circadia,0.2833878193290914
5YgywwMtbWxXKwqnCOZoms_Kissing The Ring,0.3096504198704181
21mKp7DqtSNHhCAU2ugvUw_Say My Name - Instrumental,0.33096572994965295
6HdYUuBeK3g2MA2wGVCDcn_Sirènes De La Fête,0.33917977474962246
4NgNsOXSwIzXlUIJcpnNUp_Stupid - Hyper Remix,0.34999094478365206
3Z02hBLubJxuFJfhacLSDc_Lie To Me,0.35981706000047425
5K4W6rqBFWDnAN6FQUkS6x_Through The Wire,0.3599423752107761
6O4EGCCb6DoIiR6B1QCQgp_Causers Of This,0.3642401363816893
7JgXEHI1oEiQICAMeCsKTj_Blooming,0.37576699610429654
1bPxKZtCdjB1aj1csBJpdS_Brazy (feat. Chief Keef),0.3775720173671834
5UT1mOF7JAjcc7e3wen8vw_Our Younger Days 깊은 우리 젊은 날,0.3780765635413933
2GLf7iaOOujAem5R87xwto_Fighting Is Futile,0.3798180194218094
7aFTOGFDEqDtJUCziLVsVC_Saturn (feat. Kwabs) - Live from Air Studios,0.3833900118309936
15iVAtD3s3FsQR4w1v6M0P_Baby Daddy Broke,0.3849583031361225
4aEnNH9PuU1HF3TsZTru54_Leave House,0.38610847193542125
5ZsFI1h6hIdQRw2ti0hz81_A Whole New World (End Title) - From Aladdin,0.39501914113774694
6Qm9stX6XO1a4c7BXQDDgc_Christen My Ship,0.39673363430906006
6fEO1r9Y9TYL9O4w5kVPmc_Slipping,0.3971223128361966
