,5nLYd9ST4Cnwy6NHaCxbj8_Horny
5nLYd9ST4Cnwy6NHaCxbj8_Horny,0.0
5Rl15oVamLq7FbSb0NNBNy_The Space Between A Rock And A Hard Place,0.28083682983512404
26dSoYclwsYLMAKD3tpOr4_Cinderella,0.3003159430262771
0QHgL1lAIqAw0HtD7YldmP_Put Your Hands Up,0.3015862652825177
4RddZ3iHvSpGV4dvATac9X_Getting Away With Murder - (Live) Explicit Version,0.30180166428217364
0C8ZW7ezQVs4URX5aX7Kqx_Like A Champion,0.3222871551841507
5snNHNlYT2UrtZo5HCJkiw_Fly (feat. Amin. J),0.3284794031110452
5snNHNlYT2UrtZo5HCJkiw_Fly,0.32929885365409506
5BtHciL0e0zOP7prIHn3pP_Breaking the Silence,0.3295878440570822
5Rl15oVamLq7FbSb0NNBNy_Safety Pin,0.33092184495275184
5Rl15oVamLq7FbSb0NNBNy_Youngblood - R3HAB Remix,0.3367874999524695
77AiFEVeAVj2ORpC85QVJs_Hoovela,0.33993197783298024
5v61OSg53KaQxGMpErkBNp_Hearing Voices,0.3432005634635514
7eaa5bidliPI0djFYv166f_Set On Fire,0.3433511143855179
5rSXSAkZ67PYJSvpUpkOr7_One in a Million,0.3445006166475974
5Rl15oVamLq7FbSb0NNBNy_Good Girls,0.34661417381381976
7qG3b048QCHVRO5Pv1T5lw_Do You Know? (The Ping Pong Song),0.34772889291688336
4UXqAaa6dQYAk18Lv7PEgX_My Songs Know What You Did In The Dark (Light Em Up),0.3491113512010077
5Rl15oVamLq7FbSb0NNBNy_500 Years Of Winter - Pizza Song,0.3525548541912354
3pFCERyEiP5xeN2EsPXhjI_Space Captain,0.3528210782995014
