,5o206eFLx38glA2bb4zqIU_Shell Games
5o206eFLx38glA2bb4zqIU_Shell Games,0.0
0grdhNhiRLFBaFVyybqsj6_Forgot to Remember,0.2697190432687481
3E3xrZtBU5ORqcmX78v5YZ_Photography,0.27756752619476666
06HL4z0CvFAxyc27GXpf02_I Did Something Bad,0.2990515528684511
0B3N0ZINFWvizfa8bKiz4v_Ex,0.30497491629280166
63MQldklfxkjYDoUE4Tppz_Walkway Blues,0.30738679533058005
3VNITwohbvU5Wuy5PC6dsI_My Body,0.31669653589443103
7Ln80lUS6He07XvHI8qqHH_A Certain Romance,0.31686810678348726
5o206eFLx38glA2bb4zqIU_Jejune Stars,0.31701220965186
3fmMaLC5jjf2N4EC2kTx0u_Frayed (feat. Steve Clisby),0.3178623992602565
4kI8Ie27vjvonwaB2ePh8T_Atomic Man,0.32042518496800726
6jJ0s89eD6GaHleKKya26X_Ur So Gay,0.3215360977138014
7qG3b048QCHVRO5Pv1T5lw_I Have Always Loved You,0.3218938819729972
5vBSrE1xujD2FXYRarbAXc_If Youre Over Me,0.32434389998937485
6ewMqjrF31lC8ywRsvm073_Open Your Eyes,0.3335623151038041
2Sqr0DXoaYABbjBo9HaMkM_Vegas,0.3346572571492221
3LjhVl7GzYsza1biQjTpaN_Better Than Love,0.3354089074786361
6clbbhnIqpHnqxwtOWcilg_Marys Christmas,0.3371861179012926
3PhoLpVuITZKcymswpck5b_Claw Hammer,0.337651307741308
1tqZaCwM57UFKjWoYwMLrw_Marvel Hill,0.33774255224346444
