,5o206eFLx38glA2bb4zqIU_Classic Cars
5o206eFLx38glA2bb4zqIU_Classic Cars,0.0
7ia4FaCVsbXvhVwagCJk7l_Who Needs You,0.27312418846773173
4O5EDKGt6YC5IXkOArVqk3_Catch Me If You Can,0.27808849722521234
1sxRcl7G7tpQvuQkMyAWau_Candy,0.29122737365808216
3Z6IRCo7umuk8K2XQy0ZDj_You Said No,0.2991531624798413
7gAppWoH7pcYmphCVTXkzs_Be With You,0.29992586632547824
13saZpZnCDWOI9D4IJhp1f_Take My Place,0.3011964718993798
58XGUNsRNu3cVOIOYk5chx_Squealer,0.31389690497525746
4RddZ3iHvSpGV4dvATac9X_Never Enough,0.3162373693838476
0grdhNhiRLFBaFVyybqsj6_Love Goes On,0.32181052936026167
7Ln80lUS6He07XvHI8qqHH_Evil Twin,0.32455952300462626
4c4aEmXU6Hx95REbIZ3S82_Painkiller,0.32740234585348643
4UXqAaa6dQYAk18Lv7PEgX_Reinventing the Wheel to Run Myself Over,0.32792554107496075
5INjqkS1o8h1imAzPqGZBb_Solitude Is Bliss,0.3281196304985696
7Ln80lUS6He07XvHI8qqHH_Shes Thunderstorms,0.32985143859645855
5WUlDfRSoLAfcVSX1WnrxN_Pictures,0.33249287516946174
6SPpCqM8gOzrtICAxN5NuX_Que Paso,0.33640158186947144
5WUlDfRSoLAfcVSX1WnrxN_The Co-Dependent,0.3368214822024542
3Z02hBLubJxuFJfhacLSDc_East Side Story,0.34323141083490505
6edGSAX5dVpeJVwu1Q0NwJ_Wish,0.34362707257355807
