,5oOhM2DFWab8XhSdQiITry_Horizon
5oOhM2DFWab8XhSdQiITry_Horizon,0.0
3vAaWhdBR38Q02ohXqaNHT_Close Your Eyes,0.2930184416157016
74ASZWbe4lXaubB36ztrGX_Mississippi,0.2956307226195983
4phGZZrJZRo4ElhRtViYdl_Everywhere,0.30540185821423377
49tQo2QULno7gxHutgccqF_okay,0.3773658343211714
4O5EDKGt6YC5IXkOArVqk3_Now or Never,0.379626460176997
6H4lieipng8aGu3Hbd1UeJ_Too Much to Lose,0.39047267550361475
2FMOHE79X98yptp4RpPrt7_Trade It All,0.391832414411278
3GJhraAgCA8s8XHENnDsXq_Sad!,0.39759516080903445
0ukgSx1gUt5rUihbNh46qy_Music of My Heart,0.3993277959125878
28j8lBWDdDSHSSt5oPlsX2_Generationwhy,0.3994787832654501
6C403AR4y6PjN0xNNGh42m_#CAKE,0.3998581607241841
50co4Is1HCEo8bhOyUWKpn_For Y'all (feat. Jacquees),0.40255015104129355
50co4Is1HCEo8bhOyUWKpn_For Yall (feat. Jacquees),0.40255015104129355
6O4EGCCb6DoIiR6B1QCQgp_Ordinary Pleasure,0.40400981621300064
4GNC7GD6oZMSxPGyXy4MNB_Fade,0.4052177633423288
5oOhM2DFWab8XhSdQiITry_Dictaphone’s Lament,0.40559143673375764
5CiGnKThu5ctn9pBxv7DGa_Eastside (with Halsey & Khalid),0.4063733448482451
3qnGvpP8Yth1AqSBMqON5x_Smooth Sailin,0.40712334690014956
74ASZWbe4lXaubB36ztrGX_Cry a While,0.40818405884247017
