,5pKCCKE2ajJHZ9KAiaK11H_Cockiness (Love It)
5pKCCKE2ajJHZ9KAiaK11H_Cockiness (Love It),0.0
1l7ZsJRRS8wlW3WfJfPfNS_Falsas Esperanzas - Tropical Mix,0.4157453113755948
31W5EY0aAly4Qieq6OFu6I_Somebody (feat. Don Q),0.41960712586137994
77SW9BnxLY8rJ0RciFqkHh_To,0.43851078617331163
6nB0iY1cjSY1KyhYyuIIKH_Kicks,0.45062608726769643
7MC5zmK3iZHzPqGZEVSROe_Soldier - reMMix,0.4556975617305955
0c173mlxpT3dSFRgMO8XPh_I Do It,0.46020487494964796
6vWDO969PvNqNYHIOW5v0m_Single Ladies (Put a Ring on It),0.46403583444328445
2gsggkzM5R49q6jpPvazou_Daydreamin,0.46505435718566496
6vWDO969PvNqNYHIOW5v0m_Sweet Dreams,0.4665821195872785
5pKCCKE2ajJHZ9KAiaK11H_If Its Lovin That You Want,0.4691753104590616
2BTZIqw0ntH9MvilQ3ewNY_Give It Up,0.4704720085503838
2QMMktUMtwMSwUZATX1cRO_Possum Kingdom,0.47156835165506406
6aLdhHUqgdKE86xbtNmY8g_RYO,0.4742108485902764
3EiLUeyEcA6fbRPSHkG5kb_Como ella baila,0.4767485255770873
5zeCSgiRyezbfLiGOpKAsR_Stronger,0.4899979000420537
6auWB5YAlcKaHyrbTH66nd_Pink,0.4914966935352209
6GPW5yNucfvcl0OgVBUaOC_Feel Free,0.4949426722668732
1zN5lriVnJLEWPOO98aCYM_Ghetto Superstar,0.5030581433420404
3qut5mt0Kcj6ka8fiOGLCy_Motsaenggyeodo Gwaenchanha.,0.5068342883514753
