,5pKCCKE2ajJHZ9KAiaK11H_Diamonds
5pKCCKE2ajJHZ9KAiaK11H_Diamonds,0.0
04gDigrS5kc9YWfZHwBETP_The Man Who Never Lied,0.261667789539906
26VFTg2z8YR0cCuwLzESi2_New Americana,0.26343303779757227
6yhD1KjhLxIETFF7vIRf8B_Gravity - Acoustic,0.31227976769706317
2VAnyOxzJuSAj7XIuEOT38_Turn Up The Love,0.31371260617452396
6jJ0s89eD6GaHleKKya26X_Part Of Me,0.3253485303980695
0XATRDCYuuGhk0oE7C0o5G_Decalcomanie - Japanese ver.,0.33265380423844393
0cQbJU1aAzvbEmTuljWLlF_Platinum Blonde Life,0.334693687356321
1d6dwipPrsFSJVmFTTdFSS_Boys Will Be Boys,0.3353903469181016
0XATRDCYuuGhk0oE7C0o5G_DAB DAB,0.33695561762444587
5snNHNlYT2UrtZo5HCJkiw_UP,0.33970412797343286
3CjlHNtplJyTf9npxaPl5w_Make Them Gold,0.3409449469956628
5CCwRZC6euC8Odo6y9X8jr_Crazy Girl,0.3487633002282973
4amygxBAoYo3ssaXK5C72k_Help Our Souls,0.35457779412760737
04gDigrS5kc9YWfZHwBETP_Lucky Strike,0.35616893539379807
4O5EDKGt6YC5IXkOArVqk3_Morning Star,0.35768005589084173
0NIPkIjTV8mB795yEIiPYL_Treacherous Doctor,0.3596780361310448
7qG3b048QCHVRO5Pv1T5lw_Amigo Vulnerable,0.3630081626613306
2FMOHE79X98yptp4RpPrt7_Never Get Over You,0.36311330834128674
5snNHNlYT2UrtZo5HCJkiw_New Beautiful,0.36335913243578505
