,5pKCCKE2ajJHZ9KAiaK11H_Kisses Dont Lie
5pKCCKE2ajJHZ9KAiaK11H_Kisses Dont Lie,0.0
1HY2Jd0NmPuamShAr6KMms_Disco Heaven,0.32706582842818416
5pKCCKE2ajJHZ9KAiaK11H_Raining Men,0.34082314950440085
0m6mgQ6oL0vNUXCuwjOmxY_Get Funky,0.36935506341407975
3JhNCzhSMTxs9WLGJJxWOY_Soldiers,0.37755325968162945
13saZpZnCDWOI9D4IJhp1f_Fuck You,0.39167332046297015
1HY2Jd0NmPuamShAr6KMms_Money Honey,0.39624962732952473
0p4nmQO2msCgU4IF37Wi3j_Girlfriend - The Submarines' Time Warp '66 Mix - Spanish,0.404685305199063
0p4nmQO2msCgU4IF37Wi3j_Girlfriend - The Submarines Time Warp 66 Mix - Spanish,0.404685305199063
2VIoWte1HPDbZ2WqHd2La7_Ooops,0.4071503910067468
2siHvYaxjaW5rKVRiIrMYH_I Call It Love,0.4116499032474958
3BmGtnKgCSGYIUhmivXKWX_I Want You,0.412755735577798
6JL8zeS1NmiOftqZTRgdTz_IM DOWN,0.4141514222001591
5snNHNlYT2UrtZo5HCJkiw_잡음,0.41544780630981637
1uNFoZAHBGtllmzznpCI3s_Favorite Girl,0.4210082873379626
0p4nmQO2msCgU4IF37Wi3j_Girlfriend - The Submarines Time Warp 66 Mix - Portugese,0.4224793100869441
1Cs0zKBU1kc0i8ypK3B9ai_Get Up,0.42763042416413816
7qG3b048QCHVRO5Pv1T5lw_You Rock Me,0.4300003715791534
5pKCCKE2ajJHZ9KAiaK11H_SOS,0.43306927491213204
59pWgeY26Q6yJy37QvJflh_Favorite Transgressions,0.4342919150416478
