,5qcb6WxG2BD7duZEa3K1Vw_Loose Lips
5qcb6WxG2BD7duZEa3K1Vw_Loose Lips,0.0
6qbCuiHIWsiQxNhqXgc7mz_Lil Boy,0.35297277126134374
"1DvtabXAjfrMihPP6JQdHs_30s, 50s, 100s",0.36865362112053374
50co4Is1HCEo8bhOyUWKpn_Knocked Off (feat. Birdman),0.3749362337602956
6vXTefBL93Dj5IqAWq6OTv_No Pressure,0.38083333976305794
"50co4Is1HCEo8bhOyUWKpn_Guwop (feat. Quavo, Offset and Young Scooter)",0.39828493029867323
3TVXtAsR1Inumwj472S9r4_Sooner Than Later,0.39878204794397676
5snNHNlYT2UrtZo5HCJkiw_Lesson 4 (Tablos Word),0.3998376945664473
4HzKw8XcD0piJmDrrPRCYk_Gave Your Love Away,0.4128272928907485
3JhNCzhSMTxs9WLGJJxWOY_Drug Dealer (feat. Ariana DeBoo),0.41570152024851004
15iVAtD3s3FsQR4w1v6M0P_3rd Person,0.4159988368945416
1DvtabXAjfrMihPP6JQdHs_Panicking,0.4240117774350703
3TVXtAsR1Inumwj472S9r4_Live From The Gutter,0.4262253102624918
50co4Is1HCEo8bhOyUWKpn_Kanye West (feat. Wyclef Jean),0.4303380182529052
3TVXtAsR1Inumwj472S9r4_Hotline Bling,0.4336636797444517
1RyvyyTE3xzB2ZywiAwp0i_Extra Luv,0.4461418422571326
"2ht3wxeT69CzyKFChNnNAB_Mic Jack (feat. Adam Levine, Scar & Sleepy Brown)",0.4525430199811802
1GAS0rb4L8VTPvizAx2O9J_When The Lights Go Out (feat. DOOM & Kool Keith),0.45447358208204114
5SyGEPymt1G2uto47tVWvZ_Jump,0.45952172684093356
4HzKw8XcD0piJmDrrPRCYk_Her,0.4623994476210359
