,5Rl15oVamLq7FbSb0NNBNy_End Up Here
5Rl15oVamLq7FbSb0NNBNy_End Up Here,0.0
05yTXOuvkxmyysDA95WYOc_Another Round,0.26062627234000024
3kjuyTCjPG1WMFCiyc5IuB_Empty Room,0.266114342673231
5Rl15oVamLq7FbSb0NNBNy_Beside You,0.29775349100895665
12Chz98pHFMPJEknJQMWvI_Futurism,0.30919817566452384
4UXqAaa6dQYAk18Lv7PEgX_Grenade Jumper,0.31082925501000574
7Ln80lUS6He07XvHI8qqHH_Thats Where Youre Wrong,0.3124729039411141
4RddZ3iHvSpGV4dvATac9X_No Matter What,0.3161451223350953
5v61OSg53KaQxGMpErkBNp_Blame Me! Blame Me!,0.31822052116803007
4UXqAaa6dQYAk18Lv7PEgX_The (After) Life Of The Party,0.3264926073211029
3Ayl7mCk0nScecqOzvNp6s_Just Tonight,0.33419143028635817
5v61OSg53KaQxGMpErkBNp_miserabile visu {ex malo bonum},0.3359529883874726
5a2EaR3hamoenG9rDuVn8j_Dreamer,0.3369712038167462
0yNLKJebCb8Aueb54LYya3_Working Overtime - 2015 Remaster,0.34031413770622787
5BtHciL0e0zOP7prIHn3pP_I Will Not Bow,0.34658259497473326
5v61OSg53KaQxGMpErkBNp_Orpheum,0.3470769472338192
4AqIRTZF6DDmKmdorgFug6_Soccer Mom,0.3501678974449205
55Wkf9WgtQnufHl52xB1dp_Through the Darkness,0.35095050978229436
0p4nmQO2msCgU4IF37Wi3j_Unwanted,0.35105183601166184
4Z8W4fKeB5YxbusRsdQVPb_Electioneering,0.3559951768730858
