,5Rl15oVamLq7FbSb0NNBNy_Disconnected
5Rl15oVamLq7FbSb0NNBNy_Disconnected,0.0
0NIPkIjTV8mB795yEIiPYL_Ground,0.2570663668208942
51Blml2LZPmy7TTiAg47vQ_Cedarwood Road,0.26065898316341735
1HY2Jd0NmPuamShAr6KMms_Speechless,0.2607983312708718
0aqrM7Fo3Ml66Kc5JAzmjt_Boogie Woogie Santa,0.26233705948636876
5o206eFLx38glA2bb4zqIU_Rollerskating,0.2634221488046659
55LHFEtIplWhsfyWZUwkf4_The Thing Is,0.2639519073752116
4EENT7N7rCBwrddM3s0vFS_No Fixed Destination,0.26567397496549944
1Cs0zKBU1kc0i8ypK3B9ai_If We Ever (feat. Makeba),0.26935176830981306
7Ln80lUS6He07XvHI8qqHH_Four Out Of Five,0.2755136541938695
7n2wHs1TKAczGzO7Dd2rGr_Bad Reputation - MTV Unplugged,0.2757711561323752
3BmGtnKgCSGYIUhmivXKWX_I Hate Myself For Losing You,0.2759639546837193
06HL4z0CvFAxyc27GXpf02_Back To December,0.28739383316754585
2MG46ekjBSFwPgzoIZvHFU_Tell Me If You Wanna Go Home,0.29030843153042324
4O5EDKGt6YC5IXkOArVqk3_Here,0.2920105544790025
4AK6F7OLvEQ5QYCBNiQWHq_Summer Love,0.29231232478297253
4Z8W4fKeB5YxbusRsdQVPb_A Wolf At the Door,0.29318816120132196
0grdhNhiRLFBaFVyybqsj6_Loved,0.2940305066174348
2HcwFjNelS49kFbfvMxQYw_Something Beautiful,0.2968997852062073
6O4EGCCb6DoIiR6B1QCQgp_The Flight,0.3002337618321437
