,5Rl15oVamLq7FbSb0NNBNy_Killer Queen
5Rl15oVamLq7FbSb0NNBNy_Killer Queen,0.0
1gkSl4XpHIHI4I1WQbfXOE_Rock Show,0.352838962570556
05uheFGPahVh2nHIZK1KuB_This Ain’t Me,0.38878792046756616
0fLTK12xF2IMaNmKMSue6g_Mad Citizens - Extended Mix,0.41861441054019666
31IZdHrCZ5pRhLz4zBxN3o_MAYBE YOU LOVE ME (feat. MIKE POSNER) - CHOP NOT SLOP REMiX,0.4439563262935102
0c173mlxpT3dSFRgMO8XPh_Marvin & Chardonnay,0.4553744523187105
7CajNmpbOovFoOoasH2HaY_Summer,0.47014531631557044
7qG3b048QCHVRO5Pv1T5lw_Everythings Gonna Be Alright,0.47141461519155503
64KEffDW9EtZ1y2vBYgq8T_Power,0.47359396284675304
"77AiFEVeAVj2ORpC85QVJs_$4,000,000 (feat. Ma$e & Big Gigantic)",0.4753875568334523
053q0ukIDRgzwTr4vNSwab_Flesh without Blood,0.47721049713103264
64KEffDW9EtZ1y2vBYgq8T_Paralyzed,0.47843189371647915
1vCWHaC5f2uS3yhpwWbIA6_True Believer,0.4810134953816039
5rSXSAkZ67PYJSvpUpkOr7_My Beautiful Woman,0.49110112057237454
738wLrAtLtCtFOLvQBXOXp_Too Original (feat. Elliphant & Jovi Rockwell),0.49690682186798935
1JPy5PsJtkhftfdr6saN2i_Ping Pong,0.4994020582567816
0QHgL1lAIqAw0HtD7YldmP_Im Thuggin,0.5034220265632385
3BmGtnKgCSGYIUhmivXKWX_Run Run Rudolph,0.5038042143117426
3CjlHNtplJyTf9npxaPl5w_Playing Dead,0.5045825561219834
7fIvjotigTGWqjIz6EP1i4_I Got A Feeling,0.5088885442934907
