,5rSXSAkZ67PYJSvpUpkOr7_Chances
5rSXSAkZ67PYJSvpUpkOr7_Chances,0.0
4dpARuHxo51G3z768sgnrY_Water Under The Bridge,0.25576918755198347
7gAppWoH7pcYmphCVTXkzs_Stolen Moments,0.28091489483157817
3YQKmKGau1PzlVlkL1iodx_Levitate,0.2844770868148933
31TPClRtHm23RisEBtV3X7_Sauce,0.29069223141992634
6fLrPFLWLSCrp7gcTZXcKb_Littlest Things,0.2931626541259406
7qG3b048QCHVRO5Pv1T5lw_Heartbreaker,0.30232295871203846
2Sqr0DXoaYABbjBo9HaMkM_Eden,0.3023791508401771
1sBkRIssrMs1AbVkOJbc7a_Mafia Music,0.31657818420119016
1WvvwcQx0tj6NdDhZZ2zZz_Beauty of the Road,0.32305339449451514
50lhyY7UVI9NyVHl79rVgk_The Names,0.3298110496954644
1KCSPY1glIKqW2TotWuXOR_Happy,0.3303694968455259
63cvWayCvPbWYNDi537w0z_Tear drops,0.33523270832110463
7qG3b048QCHVRO5Pv1T5lw_Tres Palabras,0.3357354644486103
7yjWDiLDpsHxobHP1fWYh8_No One Like U (feat. No Rome),0.3386358543671736
0NIPkIjTV8mB795yEIiPYL_These Days,0.33951122348375284
5M0lbkGluOPXLeFjApw8r8_Campfire (with DRAM & Neil Young),0.34050254437703675
0hEurMDQu99nJRq8pTxO14_83,0.3444977651923526
0UWZUmn7sybxMCqrw9tGa7_Fuego,0.34546251817223933
7vk5e3vY1uw9plTHJAMwjN_Lost Control,0.3454903272238829
