,5rSXSAkZ67PYJSvpUpkOr7_Boys Will Be Boys
5rSXSAkZ67PYJSvpUpkOr7_Boys Will Be Boys,0.0
3HqSLMAZ3g3d5poNaI7GOU_Graduation Day,0.2691709308937106
3miNucraVWk4hdVsIxn7id_No More War,0.3208780619170648
5zaXYwewAXedKNCff45U5l_Wherever Would I Be?,0.3267652635013036
1sBkRIssrMs1AbVkOJbc7a_This Is The Life,0.35021575996886023
0QHgL1lAIqAw0HtD7YldmP_S On My Chest,0.3508055053641835
59oA5WbbQvomJz2BuRG071_Busy Earnin,0.3607261571621479
5rSXSAkZ67PYJSvpUpkOr7_Hey Mr. DJ (Keep Playin This Song),0.3657244245523427
5rSXSAkZ67PYJSvpUpkOr7_I Wanna Be with You,0.3697600119043595
0e2fMEJlAuBo3iYh118cKI_Beads,0.380348203837856
31TPClRtHm23RisEBtV3X7_Cry Me A River - Dirty Vegas Vocal Mix,0.38873163565581415
1bPxKZtCdjB1aj1csBJpdS_Lil Reese So Fast,0.39321216617022653
0QHgL1lAIqAw0HtD7YldmP_Defend Dade,0.39954191927110333
5rSXSAkZ67PYJSvpUpkOr7_Ill Never Break Your Heart,0.40263628313053085
5rSXSAkZ67PYJSvpUpkOr7_I'll Never Break Your Heart,0.40263628313053085
3TVXtAsR1Inumwj472S9r4_Legend,0.40386325725263705
69GGBxA162lTqCwzJG5jLp_Sick Boy,0.4060551627539173
3Z6IRCo7umuk8K2XQy0ZDj_Year 3000,0.4061020207330198
6RQkaOWddQmiLLJqSgnTbm_Twist And Shout - Straight Mix 2,0.40682517075935937
1TY8JzETLheB4vm5QblKsF_Talisa,0.40738846999770145
