,5SK75gxwqKq5Zc1mdLfwv9_Stand Up
5SK75gxwqKq5Zc1mdLfwv9_Stand Up,0.0
69GGBxA162lTqCwzJG5jLp_Sick Boy - neutral. Remix,0.3391751865012327
1vCWHaC5f2uS3yhpwWbIA6_Friend Of Mine (feat. Vargas & Lagola),0.3800889718132057
6vXTefBL93Dj5IqAWq6OTv_Freaks,0.38610826329956743
4ehtJnVumNf6xzSCDk8aLB_16 Steps - Club Edit,0.41547335115063055
5a2EaR3hamoenG9rDuVn8j_Take Me with U - 2015 Paisley Park Remaster,0.41609425065698
7JgXEHI1oEiQICAMeCsKTj_On The Regular (Joel Ford Extended Edit),0.42055978912433745
2HcwFjNelS49kFbfvMxQYw_Tripping,0.4247165437989034
31IZdHrCZ5pRhLz4zBxN3o_Fuck Em All,0.4321924755305712
3qNVuliS40BLgXGxhdBdqu_Good Thing,0.4349368899114718
7rewR1TVjhisjI6gauUamf_Rescue Me,0.440074718092337
2Sqr0DXoaYABbjBo9HaMkM_Love On the Rocks,0.4436609591836632
6HdYUuBeK3g2MA2wGVCDcn_Le Territoire,0.44467471351260596
3Z02hBLubJxuFJfhacLSDc_Do To You,0.4455047988115736
5snNHNlYT2UrtZo5HCJkiw_따라해 Wannabe (feat. Mellow),0.44565290779262845
1sBkRIssrMs1AbVkOJbc7a_3 Kings,0.44767830100188544
07YUOmWljBTXwIseAUd9TW_Alguien Robo,0.4567069676921765
4ehtJnVumNf6xzSCDk8aLB_Pull Up,0.46045015744676915
3VNITwohbvU5Wuy5PC6dsI_Salute To The Ladies,0.46170353305972167
7rewR1TVjhisjI6gauUamf_The Boy Im Gonna Marry,0.46272149790377276
