,5snNHNlYT2UrtZo5HCJkiw_쉿
5snNHNlYT2UrtZo5HCJkiw_쉿,0.0
6kNhMKH2RIQ8XbpQiMmEVg_Week End with Rossella,0.3385780064884862
60NNvDqsif0u40CXMV6jDQ_Speed,0.34475440498878623
2SUvSee1ooyCzwAnsUdu2K_2 Big 2 Fail,0.4004156064284157
5K4W6rqBFWDnAN6FQUkS6x_Family Business,0.40084829565872526
1RyvyyTE3xzB2ZywiAwp0i_Twilight Zone,0.4210505644361221
5lHRUCqkQZCIWeX7xG4sYT_Never Made,0.4279680367693783
5szdY7KaSi7epwyffrbV8c_Lost At Last,0.4410735614231767
0NGAZxHanS9e0iNHpR8f2W_Epitáfio,0.4561805238583471
"2weMnYqCmtNUrSLAJq5dD8_Baby, Its Cold Outside",0.4578550657305457
3DiDSECUqqY1AuBP8qtaIa_Slow Down,0.4691347774084578
4dYQmk5ma04mZ1KJ9KkAQK_Cruel,0.4725889849503591
4cMtnnGdRvh8KIi2RA7ZeU_~lonely birds~,0.478693304136115
3ZPRZDAAuBrvx1tsIjeFxh_True Power - Mixed,0.4790300060819399
0c173mlxpT3dSFRgMO8XPh_In Tune (& Metro Boomin),0.4845915511342678
50co4Is1HCEo8bhOyUWKpn_Oh Yeah (feat. HiDoraah),0.4907338706304795
1pQISwZDvQj06y2DzYECJo_Couldnt Be More Wrong,0.49105714869375233
053q0ukIDRgzwTr4vNSwab_Life in the Vivid Dream,0.49492191966784027
0vUTfcBDZZo2OUQJci5UNZ_Eyes on Me,0.49734984090041723
4eDh4HoDKIf8FamPE2IGbq_Poupe Tempo (feat. Vandals),0.49822338740015026
