,5snNHNlYT2UrtZo5HCJkiw_Funkdamental (feat. unknownDJs)
5snNHNlYT2UrtZo5HCJkiw_Funkdamental (feat. unknownDJs),0.0
5snNHNlYT2UrtZo5HCJkiw_Funkdamental,0.011400966725121569
6prmLEyn4LfHlD9NnXWlf7_Think,0.3235881098821346
3XlIhgydjvC4EniPFZT20j_The Lady is a Tramp,0.3293954394738876
3zxKH0qp3nBCuPZCZT5Vaf_Firewater,0.3436658354233552
6Dd3NScHWwnW6obMFbl1BH_Legendary,0.3543983667597395
4O5EDKGt6YC5IXkOArVqk3_All Free,0.35519664804849616
0XATRDCYuuGhk0oE7C0o5G_Friday Night,0.35656061304733755
5snNHNlYT2UrtZo5HCJkiw_Let It Rain,0.3693421673324634
1KCSPY1glIKqW2TotWuXOR_What About Us,0.3795908931301692
3JhNCzhSMTxs9WLGJJxWOY_Firebreather (feat. Reignwolf),0.37976642639475855
1sBkRIssrMs1AbVkOJbc7a_Free Mason,0.3992221810250758
6fEO1r9Y9TYL9O4w5kVPmc_Batter Up,0.40012714910059494
1HY2Jd0NmPuamShAr6KMms_I Like It Rough,0.420938740850406
5snNHNlYT2UrtZo5HCJkiw_Street Lovin,0.4210364362303654
5y2Xq6xcjJb2jVM54GHK3t_Bring Me Love,0.42108409075884
"2tFN9ubMXEhdAQvdQxcsma_Let It Snow, Let It Snow, Let It Snow",0.42198341908895065
3XlIhgydjvC4EniPFZT20j_They All Laughed,0.4271760406566967
3RGLhK1IP9jnYFH4BRFJBS_Guns On the Roof,0.428197981532396
5a2EaR3hamoenG9rDuVn8j_Laydown,0.43204413126989194
