,5snNHNlYT2UrtZo5HCJkiw_Innisfree (Intro)
5snNHNlYT2UrtZo5HCJkiw_Innisfree (Intro),0.0
0hEurMDQu99nJRq8pTxO14_Moving On and Getting Over,0.3713579511923598
5zzbSFZMVpvxSlWAkqqtHP_The Messenger,0.3958092395466669
5zzbSFZMVpvxSlWAkqqtHP_Wrong Black Mare,0.39844987002574644
4gzpq5DPGxSnKTe4SA8HAU_We Never Change,0.4049163287314088
3iYkEpcZTOmJZ20sbpSFxS_Strangers (feat. Watsky & Leah Goldman),0.41497935109798584
5zzbSFZMVpvxSlWAkqqtHP_Bow for Blade,0.41996395088155236
3WSChyqcOHlCQfpf9Oy9U0_Bump with You,0.42088144186310916
3qnGvpP8Yth1AqSBMqON5x_So Long - From The Motion Picture Concussion,0.42202331728500764
5MkIifBOV94xvm2tr6XliJ_Light Up Ahead (Time Mirage),0.4296032461193589
13saZpZnCDWOI9D4IJhp1f_Higher,0.43334378224631287
1Xylc3o4UrD53lo9CvFvVg_I Cant Fall in Love Without You,0.43491340461011446
0hEurMDQu99nJRq8pTxO14_Paper Doll,0.43915515484886314
2Sqr0DXoaYABbjBo9HaMkM_Saint Honesty,0.44143140506240824
2vm8GdHyrJh2O2MfbQFYG0_Giving Up,0.44225563268134793
1l8Fu6IkuTP0U5QetQJ5Xt_Who Are You - Acoustic,0.4444174560303211
5zzbSFZMVpvxSlWAkqqtHP_Sickle and Hood,0.44517413108053244
2BTZIqw0ntH9MvilQ3ewNY_Romance In The Dark,0.44556799520597457
2wY79sveU1sp5g7SokKOiI_Burning,0.44701373338279576
3PhoLpVuITZKcymswpck5b_When Love Is Dying,0.44749094712683973
