,5snNHNlYT2UrtZo5HCJkiw_Ignition (feat. 나윤권)
5snNHNlYT2UrtZo5HCJkiw_Ignition (feat. 나윤권),0.0
3bykTIvfobPwvgbrqh777j_Zona Surto,0.31039222756146134
4EENT7N7rCBwrddM3s0vFS_Live,0.3246007487091233
1r4hJ1h58CWwUQe3MxPuau_Mala,0.3537385618768377
"4xRYI6VqpkE3UwrDrAZL8L_The Adventures Of Stoney Bob (ft. Kajo, Slaydro, Big Lenbo)",0.35433102206523037
4gzpq5DPGxSnKTe4SA8HAU_High Speed,0.3580043463938152
3JhNCzhSMTxs9WLGJJxWOY_Remember High School,0.3580256979539556
5snNHNlYT2UrtZo5HCJkiw_뒷담화,0.3647245328461559
4iHNK0tOyZPYnBU7nGAgpQ_Im That Chick,0.36613093063752883
1AWNf5CLnHH4oM1hcHiVeV_Swimsuits,0.3688568674166759
6HdYUuBeK3g2MA2wGVCDcn_Looking for Love,0.3699279322400536
2YZyLoL8N0Wb9xBt1NhZWg_These Walls,0.3825801078676638
74ASZWbe4lXaubB36ztrGX_I Feel a Change Comin On,0.383438443899433
1OO2uAMcUCXUkFzDdsr7x7_Whats Real,0.384420808432612
5QDNC7d83GlaTl7Jy9djQ1_Whale Mafi,0.38641223628012944
5snNHNlYT2UrtZo5HCJkiw_The Will,0.3886547473606195
3fmMaLC5jjf2N4EC2kTx0u_Bloodshot,0.3912913848266296
31IZdHrCZ5pRhLz4zBxN3o_Tonka Toy Freestyle,0.3919933891228584
4iHNK0tOyZPYnBU7nGAgpQ_Say Somethin,0.3961807775126642
50co4Is1HCEo8bhOyUWKpn_Memo,0.3977315399060472
