,5U31e4XWZJlh0yn6xzEFFK_Amar Jawan Tribute
5U31e4XWZJlh0yn6xzEFFK_Amar Jawan Tribute,0.0
4Rxn7Im3LGfyRkY2FlHhWi_Remember I Told You - Acoustic,0.3903805935519161
4uEjHTgnKEdfFg50K6fAU1_Rolling thru the City,0.4636346700389005
0LyfQWJT6nXafLPZqxe9Of_Unto Zion,0.47512525885609297
5Ps98Uqh1xWAhaSQG1XRZX_This One,0.4810120170681339
0hEurMDQu99nJRq8pTxO14_Home Life - Acoustic (Live at the Shoreline Amphitheater),0.4878680098081905
10AY17ALos2o3akPqrPydw_Spit or Swallow (feat. Micah Freeman),0.4960318907897827
5CG9X521RDFWCuAhlo6QoR_Egbe Mi O (Carry Me),0.5330269235494939
450o9jw6AtiQlQkHCdH6Ru_You and Your Folks (Claude Young Jr Club Mix),0.550894437174315
1tqZaCwM57UFKjWoYwMLrw_03.45 : No Sleep,0.5524281367036906
31W5EY0aAly4Qieq6OFu6I_Jungle,0.5619155260495804
58XGUNsRNu3cVOIOYk5chx_Low Rider,0.5745423808266613
7oDjuab7uVdRk9Ism8pFIc_Ev'rybody Wants to Be a Cat - From The Aristocats,0.5791530161418286
5Mhu08c0ez3D8usQzZeW03_inWaves,0.5812401995852104
7o95ZoZt5ZYn31e9z1Hc0a_Size Matters,0.5855572347143224
1eYhYunlNJlDoQhtYBvPsi_Rock and Roll Shoes (with B.J. Thomas),0.5859501670822523
2CuzDPkRD6BJBvdWqCrt2I_Marys Boy Child   Oh My Lord,0.5874805693403523
6clbbhnIqpHnqxwtOWcilg_Great Unknown,0.598208722311563
0bmF1w9eyJrY4CHyjpTQOW_Negative Vibes,0.5984207379928784
31IZdHrCZ5pRhLz4zBxN3o_Kindergarten,0.6020798505775306
