,5UT1mOF7JAjcc7e3wen8vw_Mutual
5UT1mOF7JAjcc7e3wen8vw_Mutual,0.0
0XATRDCYuuGhk0oE7C0o5G_Memory,0.27218311095767134
4kI8Ie27vjvonwaB2ePh8T_Mr Lonely (feat. Fat Lip),0.276729907491461
31TPClRtHm23RisEBtV3X7_Livin Off the Land,0.3052472713086153
2YZyLoL8N0Wb9xBt1NhZWg_Keishas Song (Her Pain),0.3221885657858206
7qG3b048QCHVRO5Pv1T5lw_Mentiroso,0.3336178893677201
6oF8gXhgD5ZTQ0biyaw4Cm_Little Thing Called Love,0.33863931671285313
0BqRGrwqndrtNkojXiqIzL_Shadow(inst.),0.3388549871213838
3qnGvpP8Yth1AqSBMqON5x_Bad Bad News - Rickys Vibe Tape,0.34171252534125834
3qnGvpP8Yth1AqSBMqON5x_Bad Bad News - Ricky's Vibe Tape,0.34171252534125834
3PhoLpVuITZKcymswpck5b_Hearts Have Turned To Stone,0.3589731204450088
3KH7WsR2JZQ94Ik8SyabU6_La Fête au Village,0.35932566646286074
6HdYUuBeK3g2MA2wGVCDcn_Balla Balla - Bombay Dub Orchestra's Boys of Summer Remix,0.3621665577665115
4Wk0MW9d5uu6WbAgRCuH4O_Hoy,0.37294418256770195
7JgXEHI1oEiQICAMeCsKTj_Demon,0.3736378744555261
0NIIxcxNHmOoyBx03SfTCD_No Drama,0.37428038692800253
6s22t5Y3prQHyaHWUN1R1C_Normal,0.37968431334437597
4gSTRpmeyYppvIXuFKjfAL_Do Right,0.38072870103996015
7zsin6IgVsR1rqSRCNYDwq_Raw Honey,0.3829330262684437
4ht1mwP4ouSu79jOOktCY3_Us On A Young Night,0.38749045897272877
