,5UT1mOF7JAjcc7e3wen8vw_Drive 드라이브
5UT1mOF7JAjcc7e3wen8vw_Drive 드라이브,0.0
0QrowybipCKUDnq5y10PD2_Windows Are Rolled Down,0.26638100068565523
7qG3b048QCHVRO5Pv1T5lw_Stay Here Tonight,0.27538318932751427
4phGZZrJZRo4ElhRtViYdl_Clockwatching,0.27834640877691497
4gzpq5DPGxSnKTe4SA8HAU_Trouble,0.29538016041354265
56mV6FhCrg12O6mOTLxo73_City of Angel,0.2967135311144748
2pMWBsdUdf3c0azFkysWT9_Questions,0.2998177621255263
3KH7WsR2JZQ94Ik8SyabU6_Djuru,0.30281702422893886
5zeCSgiRyezbfLiGOpKAsR_The One I Love,0.31284721314508607
3Z02hBLubJxuFJfhacLSDc_Sunny,0.3150570964946152
3t61q4MDXG8a22cRCv1ghZ_Saints & Sinners,0.31615121546958413
5rSXSAkZ67PYJSvpUpkOr7_Trust Me,0.31677252330775396
5o206eFLx38glA2bb4zqIU_Take It Easy (Love Nothing),0.3193792196023299
3Z02hBLubJxuFJfhacLSDc_All For Love - From The Three Musketeers,0.32371668077051324
5y2Xq6xcjJb2jVM54GHK3t_Used to Love U,0.32655812573202225
4dpARuHxo51G3z768sgnrY_Dont You Remember,0.3381629240521933
2HcwFjNelS49kFbfvMxQYw_Revolution,0.3414684967172945
3zD5liDjbqljSRorrrcEjs_I Dont Feel Amazing Now,0.34210118300434766
6G7OerKc3eBO9sVkRNopFC_Nothin But Time,0.3422846744649346
57MtJQ6Sc4tIxrXIhrqVJL_Reviver,0.3480801917880307
