,5v61OSg53KaQxGMpErkBNp_Time & Confusion
5v61OSg53KaQxGMpErkBNp_Time & Confusion,0.0
7gAppWoH7pcYmphCVTXkzs_Smile,0.2470151643400986
3E3xrZtBU5ORqcmX78v5YZ_Anyways,0.25862215583117837
0yNLKJebCb8Aueb54LYya3_Turn - 2015 Remaster,0.2675794279120113
3BmGtnKgCSGYIUhmivXKWX_Since U Been Gone,0.27803289156582284
5INjqkS1o8h1imAzPqGZBb_It Is Not Meant To Be,0.2833730272798359
1HY2Jd0NmPuamShAr6KMms_MANiCURE,0.2842747369233144
"3Ayl7mCk0nScecqOzvNp6s_No, Never",0.2858729677534322
38zTZcuN7nFvVJ6auhc6V3_Snakeskin,0.29476880291225915
3E3xrZtBU5ORqcmX78v5YZ_Luck,0.29526241951903537
5v61OSg53KaQxGMpErkBNp_Impossible,0.2979358500369974
4AqIRTZF6DDmKmdorgFug6_I Am Crushed,0.29879365579834105
5Rl15oVamLq7FbSb0NNBNy_English Love Affair,0.30073911749713883
2HcwFjNelS49kFbfvMxQYw_Superblind,0.30277071060164595
1KCSPY1glIKqW2TotWuXOR_Is This Thing On?,0.30605117231053786
6clbbhnIqpHnqxwtOWcilg_Forever You Forever Me,0.3083503852555056
"6yhD1KjhLxIETFF7vIRf8B_Closer, Faster",0.3094333502159587
6fLrPFLWLSCrp7gcTZXcKb_To the Top,0.3120607699290959
4kI8Ie27vjvonwaB2ePh8T_Hip Hop Kids,0.31392239313915954
3YQKmKGau1PzlVlkL1iodx_The Hype,0.314936156491601
