,5y2Xq6xcjJb2jVM54GHK3t_Show Me
5y2Xq6xcjJb2jVM54GHK3t_Show Me,0.0
51Blml2LZPmy7TTiAg47vQ_Wake Up Dead Man,0.3474872939824476
7n2wHs1TKAczGzO7Dd2rGr_Three Empty Words,0.3874732249520171
6soPpJHlCtN6SY8pWlfbC6_Koman Le Héros,0.39243727794658595
7rRz5zPounzREHN0cIrYhS_Remember,0.3925182243255146
0ukgSx1gUt5rUihbNh46qy_Lysandre,0.39980800051706256
51RfVK8q11xKW7bi7bcMpJ_West End Sky,0.40863198129055334
4gzpq5DPGxSnKTe4SA8HAU_Sparks,0.4089975366217377
4phGZZrJZRo4ElhRtViYdl_The Forecast,0.4208951287498952
74ASZWbe4lXaubB36ztrGX_Red River Shore - Outtake from Time Out Of Mind sessions,0.4286137780536656
3HqSLMAZ3g3d5poNaI7GOU_ugly duckling,0.4290167737274366
5a2EaR3hamoenG9rDuVn8j_Te Amo Corazón,0.4311008305546212
3YR92OLKlvkK5oKNekSqXe_Let Me Love You,0.43167087321453274
0uGk2czvcpWQA383Im6ajf_Would I,0.4326097507924745
6MDME20pz9RveH9rEXvrOM_Baby (feat. MARINA & Luis Fonsi) - Luca Schreiner Remix,0.4392152171852334
755pQSGUy6rtPrUCbnJTvi_Better Change Your Mind,0.4400086915635152
74ASZWbe4lXaubB36ztrGX_Scarlet Town,0.4407670751421597
5zeCSgiRyezbfLiGOpKAsR_For Who I Am,0.441512465472725
6H4lieipng8aGu3Hbd1UeJ_Make It Simple,0.44433850211382325
5a2EaR3hamoenG9rDuVn8j_From the Lotus...,0.44621452734876005
