,5y2Xq6xcjJb2jVM54GHK3t_Satisfaction
5y2Xq6xcjJb2jVM54GHK3t_Satisfaction,0.0
64M6ah0SkkRsnPGtGiRAbb_I Got You - Cheat Codes Remix,0.27593995489363804
2BTZIqw0ntH9MvilQ3ewNY_Same Ol Story,0.2952040751441597
0C8ZW7ezQVs4URX5aX7Kqx_Save The Day,0.29655078563022286
0pz4FXVMZ2ncXAjgHGOcMw_Name One,0.2998013475806077
04gDigrS5kc9YWfZHwBETP_Lucky Strike,0.30208274884169073
1sBkRIssrMs1AbVkOJbc7a_Very Best,0.3057214947462407
4IJczjB0fJ04gs4uvP0Fli_Under The Bridge,0.308978890290194
7o95ZoZt5ZYn31e9z1Hc0a_Happy,0.3099805595134313
1l7ZsJRRS8wlW3WfJfPfNS_Just Be Free,0.3115688914023603
1Cs0zKBU1kc0i8ypK3B9ai_Love Dont Let Me Go,0.3189324237896088
1eBGyqw9kLsidL0q2dimWF_Cruisin for a Bruisin - From Teen Beach Movie,0.320789782653051
0c173mlxpT3dSFRgMO8XPh_Its Time,0.32286873849108383
6H4lieipng8aGu3Hbd1UeJ_Just Be Good To Me,0.3266371248621888
5zzrJD2jXrE9dZ1AklRFcL_Push That Knot Away,0.32900173368121005
6H4lieipng8aGu3Hbd1UeJ_The Way You Were (Radio Edit),0.32939638431797436
6H4lieipng8aGu3Hbd1UeJ_Moving Target,0.3300861427256585
1d6dwipPrsFSJVmFTTdFSS_Boys Will Be Boys,0.33198452098908793
04gDigrS5kc9YWfZHwBETP_This Love,0.3346430136876224
53XhwfbYqKCa1cC15pYq2q_Start Over,0.3377098563007154
