,5y2Xq6xcjJb2jVM54GHK3t_This Time
5y2Xq6xcjJb2jVM54GHK3t_This Time,0.0
3Z02hBLubJxuFJfhacLSDc_Never My Love,0.27232582574097575
2sBPVEeMBXKNsZtYaJixnJ_Morning Light,0.30030734820212723
6vWDO969PvNqNYHIOW5v0m_All Night,0.32917497857146416
6ydoSd3N2mwgwBHtF6K7eX_No Matter What,0.3557584335214651
6LuN9FCkKOj5PcnpouEgny_Motion,0.3577785084460578
5IH6FPUwQTxPSXurCrcIov_Outrunning Karma,0.360157960209379
3Caot8EtHX6wLpNF2wRzS0_Drive All Night,0.3709682534198948
74ASZWbe4lXaubB36ztrGX_Thunder on the Mountain,0.377020909161517
7grGoDIxuUQFN3OwCuPXmN_Sweet Bunch,0.37942265533429315
6QobJ3vnalBTlsdOrvQTIt_Breathe,0.38450393417919926
3HqSLMAZ3g3d5poNaI7GOU_너의 의미 (Neoui uimi) (feat.Kim Chang-Wan) : Meaning of you,0.38907408053202786
3HqSLMAZ3g3d5poNaI7GOU_A Lost Child,0.39415254981275966
77SW9BnxLY8rJ0RciFqkHh_Sweater Weather,0.3964691044381999
5o206eFLx38glA2bb4zqIU_Someones Love,0.39794613607247964
3PhoLpVuITZKcymswpck5b_Old 67,0.4019294106916597
2Sqr0DXoaYABbjBo9HaMkM_Satellite Call,0.40366977063373477
2Sqr0DXoaYABbjBo9HaMkM_The Light,0.40533965961607754
0QrowybipCKUDnq5y10PD2_Spirit,0.40668517185565045
6H4lieipng8aGu3Hbd1UeJ_Stand by Me,0.40756436274771596
