,5y2Xq6xcjJb2jVM54GHK3t_Burning Down The House
5y2Xq6xcjJb2jVM54GHK3t_Burning Down The House,0.0
2jku7tDXc6XoB6MO2hFuqg_48 Floors (feat. Mansa),0.3110996983129749
1tqhsYv8yBBdwANFNzHtcr_Bruh...,0.32500949703076504
1AWNf5CLnHH4oM1hcHiVeV_Boomin,0.34632985681017314
5a2EaR3hamoenG9rDuVn8j_High,0.35023671394123507
5y2Xq6xcjJb2jVM54GHK3t_The Wrong Way,0.3566569119162364
3PhoLpVuITZKcymswpck5b_The Emperors New Clothes,0.363732390611925
32r72WOqqRO1DtSznId7Lr_I Got You (I Feel Good),0.36740504241274236
4V8LLVI7PbaPR0K2TGSxFF_Lights On (feat. Ryan Beatty & Santigold),0.38712532750621326
74ASZWbe4lXaubB36ztrGX_Jolene,0.39592232749359396
1AWNf5CLnHH4oM1hcHiVeV_Get Right,0.3964165749760278
6icQOAFXDZKsumw3YXyusw_FWM,0.4013609148547945
2eogQKWWoohI3BSnoG7E2U_I Remember Yesterday,0.40230320352447185
31TPClRtHm23RisEBtV3X7_(Oh No) What You Got,0.4034478852109268
1cjZk1xXn3YCToNg3uJpA7_My Guy,0.41020167039457184
1tqZaCwM57UFKjWoYwMLrw_Tomorrow,0.41030215761049194
31TPClRtHm23RisEBtV3X7_Rock Your Body - Sander Kleinenbergs Just In The Club Mix,0.4200233009031603
23NIwARd4vPbxt3wwNnJ6k_These Boots Are Made for Walkin,0.4315405324736755
7C0lSOS41UnTbnF7bMSEWN_MAN JUST WANNA GET PAID,0.4323864908512397
5g3uG8zZZANGT6YOssgjfC_Heart Skips A Beat,0.43260016549450425
