,5YGY8feqx7naU7z4HrwZM6_Goodbye
5YGY8feqx7naU7z4HrwZM6_Goodbye,0.0
06HL4z0CvFAxyc27GXpf02_The Story Of Us - Live 2011,0.2189039072758767
4UXqAaa6dQYAk18Lv7PEgX_The Patron Saint of Liars and Fakes,0.23241723410210713
4UXqAaa6dQYAk18Lv7PEgX_The Pros and Cons of Breathing,0.25758028512740894
12Chz98pHFMPJEknJQMWvI_Dead Inside,0.2593214155355778
7gAppWoH7pcYmphCVTXkzs_Boy Without A Car,0.2602930095926853
5Rl15oVamLq7FbSb0NNBNy_Everything I Didnt Say,0.2844432758047893
3LjhVl7GzYsza1biQjTpaN_Given It All,0.28663085094483043
7zsin6IgVsR1rqSRCNYDwq_OMG Its Xmas,0.29005965011570967
2HcwFjNelS49kFbfvMxQYw_Old Before I Die,0.2920308245087481
5v61OSg53KaQxGMpErkBNp_We Owe This To Ourselves,0.29239063567704593
3Ayl7mCk0nScecqOzvNp6s_Precision Auto,0.2974902188747072
3EQW0765q2DFGkkY7vqdXC_2 Much Love for 1 Woman,0.2980965125210194
4RddZ3iHvSpGV4dvATac9X_Revenge,0.3008446202532804
5v61OSg53KaQxGMpErkBNp_Disappear,0.3030522833022127
3Ayl7mCk0nScecqOzvNp6s_Sweetness,0.30451007946140024
5v61OSg53KaQxGMpErkBNp_Never Take Friendship Personal,0.3066922338624615
12Chz98pHFMPJEknJQMWvI_Escape,0.30909834313326967
5o206eFLx38glA2bb4zqIU_The Calendar Hung Itself…,0.3110318775618532
3E3xrZtBU5ORqcmX78v5YZ_A Goodnights Sleep,0.31364107397379837
