,5yqWHaDl8ZrYgeKANLyIv8_Rodeo
5yqWHaDl8ZrYgeKANLyIv8_Rodeo,0.0
6VuMaDnrHyPL1p4EHjYLi7_How Long,0.36996031296539245
5a2EaR3hamoenG9rDuVn8j_Dance 4 Me,0.3772455610692865
3TVXtAsR1Inumwj472S9r4_Energy,0.38163513845537145
2FMOHE79X98yptp4RpPrt7_First Sight,0.39251163237369424
5GtMEZEeFFsuHY8ad4kOxv_Stand by Me,0.3950857859797155
26dSoYclwsYLMAKD3tpOr4_Circus - Remastered,0.4037320994286798
5a2EaR3hamoenG9rDuVn8j_On the Couch,0.40892600533624685
2TImI3DW7o5MdRXJs4D37h_Paramedic!,0.4091970786167803
1Cs0zKBU1kc0i8ypK3B9ai_Missing You (feat. Novel),0.41142504011306813
7GaxyUddsPok8BuhxN6OUW_Down And Out In New York City,0.41198725449500506
5a2EaR3hamoenG9rDuVn8j_CLOUDS,0.41336215981369695
5a2EaR3hamoenG9rDuVn8j_2 Y. 2 D.,0.41417903587108673
2auiVi8sUZo17dLy1HwrTU_Locked in Closets,0.4346878244235887
6LuN9FCkKOj5PcnpouEgny_Lets Go,0.439617151476868
1SupJlEpv7RS2tPNRaHViT_Mango Piña (feat. Falo),0.4473023488605726
50co4Is1HCEo8bhOyUWKpn_For My People (feat. Duke),0.4476461104126607
5CG9X521RDFWCuAhlo6QoR_Original Sufferhead,0.4480687956766119
1SupJlEpv7RS2tPNRaHViT_La Vamos a Montar,0.4498607408630284
5snNHNlYT2UrtZo5HCJkiw_Wordkill,0.4511394031522251
