,5Z1CCuBsyhEHngq3U5IraY_Im Already There
5Z1CCuBsyhEHngq3U5IraY_Im Already There,0.0
6H4lieipng8aGu3Hbd1UeJ_Someone To Love,0.28822785340995044
5Z1CCuBsyhEHngq3U5IraY_Talk Me Down,0.2889392127595274
6yhD1KjhLxIETFF7vIRf8B_Something You Need,0.2906234230983407
3kjuyTCjPG1WMFCiyc5IuB_Awful Sound (Oh Eurydice),0.30173104182607435
5Z1CCuBsyhEHngq3U5IraY_Desperado,0.31520228864206895
5zaXYwewAXedKNCff45U5l_Row Row Row,0.3174448367293111
58XGUNsRNu3cVOIOYk5chx_Slowboat,0.32702948305920665
3HqSLMAZ3g3d5poNaI7GOU_Taking a traing,0.327038834495284
3BmGtnKgCSGYIUhmivXKWX_My Favorite Things,0.3317561858188008
51Blml2LZPmy7TTiAg47vQ_Lights Of Home - St Peter's String Version,0.33415866356091456
7CajNmpbOovFoOoasH2HaY_I Need Your Love (feat. Ellie Goulding),0.33580721312051837
0grdhNhiRLFBaFVyybqsj6_O Come All Ye Faithful,0.33673443308492707
5I0EPnV9gwrZYTbScjnaOk_Página Central,0.3402722559779144
0vEsuISMWAKNctLlUAhSZC_Scarecrow,0.34742040997723667
3XlIhgydjvC4EniPFZT20j_Powerful Thing,0.3493233591091186
3Z02hBLubJxuFJfhacLSDc_All For Love - From The Three Musketeers,0.3497488897723333
"4S9EykWXhStSc15wEx8QFK_River Deep, Mountain High - Montreal Show",0.35218060632935755
2siHvYaxjaW5rKVRiIrMYH_Lifeline,0.3587915965935593
0EmeFodog0BfCgMzAIvKQp_Objection (Tango),0.3608749289411329
