,5Z1CCuBsyhEHngq3U5IraY_Clementine
5Z1CCuBsyhEHngq3U5IraY_Clementine,0.0
5rSXSAkZ67PYJSvpUpkOr7_Back to Your Heart,0.3159132341737364
738wLrAtLtCtFOLvQBXOXp_Live and Die in Afrika - Mixed,0.32541446501225463
2siHvYaxjaW5rKVRiIrMYH_Overdue Goodbye - Reprise,0.3267154576722484
3miNucraVWk4hdVsIxn7id_Roadrunner,0.34536222295358115
7o95ZoZt5ZYn31e9z1Hc0a_Unwritten,0.3629608528122619
5y2Xq6xcjJb2jVM54GHK3t_Set It Off,0.3664093732094413
4xPR9p75zzDlisJvvhEYl2_Nevermind (Philosophical Sessions),0.3690205552227349
6XpaIBNiVzIetEPCWDvAFP_Its Not Right But Its Okay,0.3712789031033948
4NgNsOXSwIzXlUIJcpnNUp_Hold On,0.3795294668148191
6vXTefBL93Dj5IqAWq6OTv_Whatchu Want,0.3826004600077577
450o9jw6AtiQlQkHCdH6Ru_Primal Instinct,0.38359330603063124
0EmeFodog0BfCgMzAIvKQp_Eyes Like Yours (Ojos Así),0.3847342591897436
7LTzUnZaptYfAFmvqW5M6D_Never Ending Story,0.38768240382827923
5zaXYwewAXedKNCff45U5l_Roll Away,0.38861838492239603
1Xyo4u8uXC1ZmMpatF05PJ_XO   The Host,0.3936858508624292
31IZdHrCZ5pRhLz4zBxN3o_Marc Jacobs,0.39444752119648113
3miNucraVWk4hdVsIxn7id_Once Upon A Time,0.3947689860715917
0EmeFodog0BfCgMzAIvKQp_Si Te Vas,0.39599823467939915
360IAlyVv4PCEVjgyMZrxK_Teach Me,0.39619828721154715
