,5Z1CCuBsyhEHngq3U5IraY_All Out of Love (feat. Delta Goodrem)
5Z1CCuBsyhEHngq3U5IraY_All Out of Love (feat. Delta Goodrem),0.0
30GIF9g2UJ1ifn45kSMTFf_Show Me Heaven - From Days Of Thunder,0.29164537670358504
2gsggkzM5R49q6jpPvazou_Casualty Of Love,0.29917871441434335
"391oLRVmoTkumiN79HkTWu_Lord, If Youre A Woman",0.3090634825866885
7o95ZoZt5ZYn31e9z1Hc0a_Let Go,0.315588972472717
4iHNK0tOyZPYnBU7nGAgpQ_Dedicated,0.3255298313584734
13saZpZnCDWOI9D4IJhp1f_Friend of Mine,0.3285167281877211
4S9EykWXhStSc15wEx8QFK_A cause,0.33656866754637393
5GtMEZEeFFsuHY8ad4kOxv_This Christmas,0.3403999073765806
3n56keJG2tvxItowgzpXow_Falseparklocation,0.3431640726918598
2BTZIqw0ntH9MvilQ3ewNY_Ill Be Your River (feat. Vivian Green),0.3483943616764219
5o206eFLx38glA2bb4zqIU_We Are Nowhere And Its Now,0.34960380399062524
5zeCSgiRyezbfLiGOpKAsR_Baby Dont You Change,0.35466413230262195
391oLRVmoTkumiN79HkTWu_Why Do Lovers Break Each Others Hearts?,0.35721146207991167
4phGZZrJZRo4ElhRtViYdl_Love for a Child,0.35726787039492613
4aHjY4sENbgTPFCttJKMzC_Shake That Booty,0.35881046550104595
3PhoLpVuITZKcymswpck5b_Love Letters,0.3607737109797742
4S9EykWXhStSc15wEx8QFK_On sest aimé à cause,0.36341964292604284
1WHoAjAWGx5qLsgzpaOk7W_Athene,0.36472507420837835
3DiDSECUqqY1AuBP8qtaIa_Put It In a Love Song (feat. Beyoncé Knowles),0.3650706910667526
