,5Z1CCuBsyhEHngq3U5IraY_Turn Around
5Z1CCuBsyhEHngq3U5IraY_Turn Around,0.0
7Ln80lUS6He07XvHI8qqHH_The View From The Afternoon,0.3060953094200021
3BmGtnKgCSGYIUhmivXKWX_I Hate Myself For Losing You,0.31008830868522613
7vk5e3vY1uw9plTHJAMwjN_Diamond Heart,0.31362913322916874
4O5EDKGt6YC5IXkOArVqk3_Here,0.3148777169899596
55LHFEtIplWhsfyWZUwkf4_The Thing Is,0.31846913367136437
6HdYUuBeK3g2MA2wGVCDcn_Go Out More Often,0.3226308351253626
0yNLKJebCb8Aueb54LYya3_Krafty - 2015 Remaster,0.3265279902349764
5v61OSg53KaQxGMpErkBNp_Uncanny,0.32870610633957864
7HV2RI2qNug4EcQqLbCAKS_This Is Me,0.3369768553237215
4iHNK0tOyZPYnBU7nGAgpQ_All I Want For Christmas Is You,0.3435315474380422
0EmeFodog0BfCgMzAIvKQp_Ojos Así - Live Version,0.34626649930922077
5o206eFLx38glA2bb4zqIU_Rollerskating,0.352570925358724
12Chz98pHFMPJEknJQMWvI_Unnatural Selection,0.3542703930159655
12Chz98pHFMPJEknJQMWvI_MK Ultra,0.35591137637580805
63MQldklfxkjYDoUE4Tppz_Road Blaster - MAPS Remix,0.35707387356363607
4EENT7N7rCBwrddM3s0vFS_Standing In The Middle Of The Field,0.3590247545569134
1Cs0zKBU1kc0i8ypK3B9ai_If We Ever (feat. Makeba),0.3596105685525649
5v61OSg53KaQxGMpErkBNp_Stranger Ways,0.3603726269587167
4kI8Ie27vjvonwaB2ePh8T_Keep On,0.36405299622188925
