,5zaXYwewAXedKNCff45U5l_Where Is A Woman To Go
5zaXYwewAXedKNCff45U5l_Where Is A Woman To Go,0.0
5Ryxgm3uLvQOsw4H5ZpHDn_Nasty Gal,0.43542043034456834
2YZyLoL8N0Wb9xBt1NhZWg_untitled 08 | 09.06.2014.,0.4927787457167072
738wLrAtLtCtFOLvQBXOXp_Pakisha - Mixed,0.508133521749042
1eYhYunlNJlDoQhtYBvPsi_Heartbreaker,0.5083232861581252
01rQYa6FsEMcNyAm8eR8ae_Gold,0.5511897546808402
31IZdHrCZ5pRhLz4zBxN3o_Bo Jackson Freestyle,0.5579797582058683
2h93pZq0e7k5yf4dywlkpM_White Ferrari,0.5758159039373945
1eYhYunlNJlDoQhtYBvPsi_I Wonder Who,0.580810317939796
3bDIZFCsTX61pQjaByqiw7_You Cant Hide (Your Love From Me) - Larry Levan Mix,0.5870702727341308
3bDIZFCsTX61pQjaByqiw7_You Can't Hide (Your Love From Me) - Larry Levan Mix,0.5870702727341308
31IZdHrCZ5pRhLz4zBxN3o_Kindergarten,0.5884374582973829
2QsynagSdAqZj3U9HgDzjD_Kaya,0.5946807922673589
"7G1GBhoKtEPnP86X2PvEYO_No Woman, No Cry - Outtake",0.5957917409255472
5zaXYwewAXedKNCff45U5l_Mockingbird,0.5985716199409076
2O8VlquQPITO4tT3SWs95W_A Little Bit Of Love,0.5987149380480771
1l7ZsJRRS8wlW3WfJfPfNS_Xtinas Xmas (Interlude),0.5992588832760377
2BTZIqw0ntH9MvilQ3ewNY_Detour (feat. Emmylou Harris),0.60002792849189
7G1GBhoKtEPnP86X2PvEYO_Do I Move You? - Outtake,0.6007998420430428
5juOkIIy18sFw9L30syt1Z_Title Card,0.6019563872454011
