,5zeCSgiRyezbfLiGOpKAsR_Lean On
5zeCSgiRyezbfLiGOpKAsR_Lean On,0.0
7al781lgi4qF927X0fFVXj_Life Of A Mack,0.3949128313885285
78ZAhjUg8188d7xH1PkMym_Crazy,0.39968979335418536
5zeCSgiRyezbfLiGOpKAsR_Christmas at Home,0.4093636892208483
1GAS0rb4L8VTPvizAx2O9J_Earring (feat. Musab),0.40986837574827273
6vXTefBL93Dj5IqAWq6OTv_Trippin,0.4265247525756033
"5zeCSgiRyezbfLiGOpKAsR_O Come, O Come, Emmanuel",0.4286472016898067
1sBkRIssrMs1AbVkOJbc7a_Pray For Us,0.4291218411134174
31TPClRtHm23RisEBtV3X7_Filthy,0.4301056968527817
1tqZaCwM57UFKjWoYwMLrw_Communication,0.4305344549538062
3JhNCzhSMTxs9WLGJJxWOY_Excavate (feat. Saint Claire),0.43812091738052494
1cNDP5yjU5vjeR8qMf4grg_Beat A N*gga Block,0.4469520644694169
5lHRUCqkQZCIWeX7xG4sYT_Up Up And Away,0.4484521578938615
5jkcIAzNJfptzIC9lMTEEF_Life In A Northern Town,0.4509752642857981
1tqZaCwM57UFKjWoYwMLrw_Couldnt Care Less,0.4517740474392247
4phGZZrJZRo4ElhRtViYdl_Lucky,0.45454005470133907
0XKPHX4BZDrtSEr3Pd1Q4k_Gold Dust Woman,0.45640010670504505
5y2Xq6xcjJb2jVM54GHK3t_Again,0.45879815076876684
3VNITwohbvU5Wuy5PC6dsI_The Christmas Song (Chestnuts Roasting on an Open Fire),0.45910324069103375
1uNFoZAHBGtllmzznpCI3s_All Bad,0.45913654330636905
