,5ZsFI1h6hIdQRw2ti0hz81_No Candle No Light (feat. Nicki Minaj)
5ZsFI1h6hIdQRw2ti0hz81_No Candle No Light (feat. Nicki Minaj),0.0
0NWbwDZY1VkRqFafuQm6wk_Fate (with Young Thug & Swae Lee),0.27553443399464433
6oMuImdp5ZcFhWP0ESe6mG_Danger (with Migos & Marshmello),0.27634877024095966
1HY2Jd0NmPuamShAr6KMms_Diggin My Grave,0.301951690100543
0UWZUmn7sybxMCqrw9tGa7_Fuego,0.3109535936179406
2ysnwxxNtSgbb9t1m2Ur4j_Sugarcoat,0.313348815218688
4f9iBmdUOhQWeP7dcAn1pf_Human,0.3145861143364624
"0NWbwDZY1VkRqFafuQm6wk_Runnin (with A$AP Rocky, A$AP Ferg & Nicki Minaj)",0.31875387642997527
7CajNmpbOovFoOoasH2HaY_One Kiss (with Dua Lipa),0.3203776672080822
7hssUdpvtY5oiARaUDgFZ3_Favela,0.3244195483841299
5snNHNlYT2UrtZo5HCJkiw_Go,0.3278067794558918
5szdY7KaSi7epwyffrbV8c_Feel Alright Nashville,0.34923727894715406
4T2k9bgIoC8bbqjqiEl9vZ_End Like This,0.3519069419084821
360IAlyVv4PCEVjgyMZrxK_Wheres the Fun in Forever,0.3551052594518833
0C8ZW7ezQVs4URX5aX7Kqx_Back To You - From 13 Reasons Why – Season 2 Soundtrack,0.3554986515815408
1r4hJ1h58CWwUQe3MxPuau_Mi Declaración (feat. Timbaland & Sid),0.35734871821494807
6EyCwIp7Sb3oTXXaCxoYbz_Buss Down,0.3606031445154739
1WvvwcQx0tj6NdDhZZ2zZz_Ran,0.3628378168220352
2pvCf5g7XBReiPIvcq7W18_OVERZONE - EXTENDED,0.36858491528194853
738wLrAtLtCtFOLvQBXOXp_Blow That Smoke (feat. Tove Lo),0.3706023446193968
