,5zzbSFZMVpvxSlWAkqqtHP_A Ghost of Myself
5zzbSFZMVpvxSlWAkqqtHP_A Ghost of Myself,0.0
6qqNVTkY8uBg9cP3Jd7DAH_when the partys over,0.6693782607094135
6qqNVTkY8uBg9cP3Jd7DAH_8,0.7695350281534871
3gIRvgZssIb9aiirIg0nI3_scared,0.8102379994774254
2h93pZq0e7k5yf4dywlkpM_Godspeed,0.8223627926580753
2qg65aLixfdExljOpqKJm3_sleeping in my room,0.8430071880631189
6qqNVTkY8uBg9cP3Jd7DAH_COPYCAT,0.9023211302489689
4TrraAsitQKl821DQY42cZ_Strangers - Acoustic,0.916664484944147
3qnGvpP8Yth1AqSBMqON5x_Lions,0.9302670122768197
3YQKmKGau1PzlVlkL1iodx_Before You Start Your Day,0.9441658832294064
3tRpfIc1rrKhcQ0501yzL5_Colours,0.9546573516920124
7G1GBhoKtEPnP86X2PvEYO_I Want a Little Sugar in My Bowl - Live (Remastered),0.989361464609481
0QrowybipCKUDnq5y10PD2_Soul Suckers,0.998146635404109
28j8lBWDdDSHSSt5oPlsX2_Light It Up,1.0001728738230387
3YdT8QvV4QvY4DfVJhxdcZ_Beautiful Thing,1.05158499935296
7FDlvgcodNfC0IBdWevl4u_Cavalier,1.0517479339470275
7G1GBhoKtEPnP86X2PvEYO_Marry Me - Remastered,1.0871657083206194
4HzKw8XcD0piJmDrrPRCYk_Intro,1.1230879041713357
3DiDSECUqqY1AuBP8qtaIa_101,1.1398950332799538
2WX2uTcsvV5OnS0inACecP_Words,1.1474820088698197
