,63cvWayCvPbWYNDi537w0z_Tear drops
63cvWayCvPbWYNDi537w0z_Tear drops,0.0
0c173mlxpT3dSFRgMO8XPh_High,0.2037649305778791
5y2Xq6xcjJb2jVM54GHK3t_Used to Love U,0.23591490411862293
"1HY2Jd0NmPuamShAr6KMms_Eh, Eh (Nothing Else I Can Say)",0.2516602289092054
0EmeFodog0BfCgMzAIvKQp_Islands,0.2767572934251017
738wLrAtLtCtFOLvQBXOXp_Blow That Smoke (feat. Tove Lo),0.28013554044723327
0EmeFodog0BfCgMzAIvKQp_Las de la Intuición,0.28217578646289054
3miNucraVWk4hdVsIxn7id_Circuit Rider,0.2839534081596772
1RyvyyTE3xzB2ZywiAwp0i_Blood Sweat Tears,0.285916200690458
31TPClRtHm23RisEBtV3X7_Sauce,0.28617378162084073
64M6ah0SkkRsnPGtGiRAbb_Self Control,0.28793648993497845
7vk5e3vY1uw9plTHJAMwjN_On My Way,0.2894599030602426
4c4aEmXU6Hx95REbIZ3S82_Crazy Ass B*tch,0.28967919036462064
0UWZUmn7sybxMCqrw9tGa7_Fuego,0.2952981111810964
6HdYUuBeK3g2MA2wGVCDcn_We Stopped,0.29800627405412927
1sBkRIssrMs1AbVkOJbc7a_Tears Of Joy,0.29883277409968695
5rSXSAkZ67PYJSvpUpkOr7_Trust Me,0.2989253269781901
2LRoIwlKmHjgvigdNGBHNo_911,0.2996009260237251
66CXWjxzNUsdJxJ2JdwvnR_Daydreamin,0.3006629317767033
7qG3b048QCHVRO5Pv1T5lw_Heartbreaker,0.30071586452987287
