,63MQldklfxkjYDoUE4Tppz_Violet Tree
63MQldklfxkjYDoUE4Tppz_Violet Tree,0.0
0pqGj6vO9YHsXuZmaJaP2Y_California Girls,0.5032350051958138
7CgDMHHa5A909CYA6gqt8r_Sparkle Me,0.5146127834013373
0VrYYSLc5DsP2rlIzTGy0H_SkyFall,0.5440077433808844
3zD5liDjbqljSRorrrcEjs_Slow Train,0.5552538758371391
5zeCSgiRyezbfLiGOpKAsR_Where We Meet (Instrumental),0.5704595509950559
5zeCSgiRyezbfLiGOpKAsR_All Broken Hearts,0.5744785811512885
3Z02hBLubJxuFJfhacLSDc_Broken Wings,0.5750980580287403
1tqZaCwM57UFKjWoYwMLrw_Drip Drop Teardrop,0.5978535981247621
5Z1CCuBsyhEHngq3U5IraY_Shadows,0.611240308689964
63MQldklfxkjYDoUE4Tppz_Im Getting Closer,0.619118480254887
3PhoLpVuITZKcymswpck5b_Something About The Way You Look Tonight,0.6224073793711139
6X9aYHnQ75YI8o08aoa0iS_Love Me For A Reason,0.6245777338460399
5HjQF3JxGmwvLYz06WemNn_Summer Jets,0.630210702020411
0HPYq59fVz3oLWHCEYycIA_Cavedweller (Instrumental Version),0.6329961099837053
53XhwfbYqKCa1cC15pYq2q_On Top Of The World,0.6420500262848818
450o9jw6AtiQlQkHCdH6Ru_Maggot Brain,0.6497366842563836
5v61OSg53KaQxGMpErkBNp_The Runaways,0.6594689637775437
776Uo845nYHJpNaStv1Ds4_Lover Man,0.6613081352869654
3RGLhK1IP9jnYFH4BRFJBS_Stop the World,0.6724690447534744
