,64M6ah0SkkRsnPGtGiRAbb_Mine
64M6ah0SkkRsnPGtGiRAbb_Mine,0.0
1WHoAjAWGx5qLsgzpaOk7W_Iris,0.3696382015187212
2h93pZq0e7k5yf4dywlkpM_Solo (Reprise),0.3912661148362423
4S9EykWXhStSc15wEx8QFK_Always Be Your Girl,0.3939029431128986
0X2BH1fck6amBIoJhDVmmJ_Hollow Crown,0.4000360994186981
1U0sIzpRtDkvu1hXXzxh60_All the Way Down,0.41208810854802796
2jku7tDXc6XoB6MO2hFuqg_TAlk tO Me (with Rich The Kid),0.4121158061295821
1Xylc3o4UrD53lo9CvFvVg_Sundown (feat. WizKid),0.4122019327663862
31IZdHrCZ5pRhLz4zBxN3o_Diamond Child,0.4134885826856122
4XxCuxkBeoJUdzaVRGJjrJ_Better Days,0.4188671423967996
5K4W6rqBFWDnAN6FQUkS6x_Heard Em Say,0.4215645041572728
31IZdHrCZ5pRhLz4zBxN3o_Back Against the Wall (feat. Ponce De Leioun),0.42505227996007966
4phGZZrJZRo4ElhRtViYdl_Coyotes,0.43437432140527826
1cNDP5yjU5vjeR8qMf4grg_Mixed Personalities (feat. Kanye West),0.435091986350151
1RyvyyTE3xzB2ZywiAwp0i_Jet Lag (feat. Young Scooter),0.4462799868932731
3rHl3rSgCnHhOlVB87ZxyF_What Happened To,0.44743847925464975
4GOLM43zBIVnCdkTOvmHux_Behind Kurtins,0.4496502864641265
0NIIxcxNHmOoyBx03SfTCD_Ghetto Boy,0.45442822808391814
2cWZOOzeOm4WmBJRnD5R7I_Slow Down (with Calvin Harris),0.4601139812762895
5szdY7KaSi7epwyffrbV8c_Take A Chance,0.4603452964412223
