,66CXWjxzNUsdJxJ2JdwvnR_December
66CXWjxzNUsdJxJ2JdwvnR_December,0.0
"3mJ9GlkLzj8Ka7Z7EQaCMi_Tiny Glowing Screens, Pt. 2",0.3610930933278533
0EmeFodog0BfCgMzAIvKQp_En Tus Pupilas,0.38001342960157153
7Ln80lUS6He07XvHI8qqHH_Fire And The Thud,0.3804866146054675
2SUvSee1ooyCzwAnsUdu2K_This One,0.38234694153096604
7MC5zmK3iZHzPqGZEVSROe_On And On (Reprise),0.3830671075530486
0c173mlxpT3dSFRgMO8XPh_I Know,0.42232003149656505
5vngPClqofybhPERIqQMYd_Christmas Cookies,0.42296874174455446
1U0sIzpRtDkvu1hXXzxh60_Hallucinogen,0.4230287267291451
2qc41rNTtdLK0tV3mJn2Pm_When The Stars Go Blue,0.42421774056314066
50co4Is1HCEo8bhOyUWKpn_Family (feat. Dora and Dolly),0.4243273697924389
2r1d0isPFggU8QaBzvAWmG_Tem Do - Ao Vivo,0.430820072972384
0x83OBqixqdCHnStP5VMcn_Zip-A-Dee-Doo-Dah,0.4454035250080859
3VNITwohbvU5Wuy5PC6dsI_Too Hot,0.4599334432174909
3fmMaLC5jjf2N4EC2kTx0u_Hazy Love (feat. Chloe Kaul),0.4625874752244278
1eYhYunlNJlDoQhtYBvPsi_Thats Enough,0.46576454852207394
7zsin6IgVsR1rqSRCNYDwq_No Good At Nothing,0.4689457438168332
5Z1CCuBsyhEHngq3U5IraY_I Left My Heart in San Francisco,0.4698525466591146
1bPxKZtCdjB1aj1csBJpdS_Gang,0.47206587881411277
2BTZIqw0ntH9MvilQ3ewNY_Detour (feat. Emmylou Harris),0.4728097814973243
