,66CXWjxzNUsdJxJ2JdwvnR_NASA
66CXWjxzNUsdJxJ2JdwvnR_NASA,0.0
26dSoYclwsYLMAKD3tpOr4_Showdown,0.4245666337823293
1URnnhqYAYcrqrcwql10ft_a&t,0.49615964484834296
66CXWjxzNUsdJxJ2JdwvnR_pete davidson,0.5050309602052757
1gkSl4XpHIHI4I1WQbfXOE_Set It Off (Radio Mix by Tobi Neumann),0.5358602913245195
6MDME20pz9RveH9rEXvrOM_Rather Be (feat. Jess Glynne),0.540298280305788
2eogQKWWoohI3BSnoG7E2U_On The Radio,0.5410654307089154
5a2EaR3hamoenG9rDuVn8j_S&M Groove,0.5414053679669751
7n2wHs1TKAczGzO7Dd2rGr_Dont Be A Fool,0.5469780236656581
5a2EaR3hamoenG9rDuVn8j_2 Y. 2 D.,0.5503366366322016
0rW6fVd3yuW2CF2sLYWQtE_We Gotta Know,0.5566178469332744
"5WUlDfRSoLAfcVSX1WnrxN_Angel in Your Eyes (feat. Sia, Diplo, and Labrinth)",0.5610907533121123
5pKCCKE2ajJHZ9KAiaK11H_The Last Time,0.5646550076268451
32r72WOqqRO1DtSznId7Lr_Get It Together - Pt. 2,0.5656857892799506
5snNHNlYT2UrtZo5HCJkiw_낙화 (落花),0.567073493683517
6fLrPFLWLSCrp7gcTZXcKb_Truly,0.5734731556802652
0B3N0ZINFWvizfa8bKiz4v_Torn - Bonus Track,0.5757720973617332
5zeCSgiRyezbfLiGOpKAsR_Run Away With Me,0.5759604488209992
5CCwRZC6euC8Odo6y9X8jr_Cashmere,0.5820781584861735
0B3N0ZINFWvizfa8bKiz4v_Torn,0.5826002445633842
