,67qogtRNI0GjUr8PlaG6Zh_This Is Me
67qogtRNI0GjUr8PlaG6Zh_This Is Me,0.0
02kJSzxNuaWGqwubyUba0Z_Saw It Coming (from the Ghostbusters Original Motion Picture Soundtrack),0.2465043153774567
0rW6fVd3yuW2CF2sLYWQtE_You Don’t Know,0.29836655609547325
"5GtMEZEeFFsuHY8ad4kOxv_If Its in My Mind, Its on My Face",0.30902331069318506
69GGBxA162lTqCwzJG5jLp_Something Just Like This - Jai Wolf Remix,0.3364947903841716
77AiFEVeAVj2ORpC85QVJs_Why Are We So Broken (feat. blink-182),0.34009425762271556
6ewMqjrF31lC8ywRsvm073_Carry On,0.3473531881306212
7o95ZoZt5ZYn31e9z1Hc0a_These Words - Lenny B Radio Mix,0.3733557443240608
6yhD1KjhLxIETFF7vIRf8B_Friendly Reminder,0.373669960910538
7o95ZoZt5ZYn31e9z1Hc0a_These Words - Lenny B Extended Mix,0.37716618719690503
40Yq4vzPs9VNUrIBG5Jr2i_Anaise!,0.3807507925138057
1vCWHaC5f2uS3yhpwWbIA6_You Make Me - Avicii By Avicii,0.38502773492030995
3YQKmKGau1PzlVlkL1iodx_Car Radio,0.38985231101482315
2ysnwxxNtSgbb9t1m2Ur4j_Cassy O,0.39239213503051384
6MDME20pz9RveH9rEXvrOM_Show Me Love (feat. Elisabeth Troy),0.39967881895114077
17QNmctREztyoGJ2noPa5X_Youngsunwi,0.40184281661357263
4RddZ3iHvSpGV4dvATac9X_My Medication,0.4106677086067377
0X2BH1fck6amBIoJhDVmmJ_Guns And Horses,0.4135382304327985
191Koh7PSIi28IrGAGoINO_Place Your Hands,0.41778196355745895
7o95ZoZt5ZYn31e9z1Hc0a_These Words - Ford Club Mix,0.4224680980516979
