,69GGBxA162lTqCwzJG5jLp_My Type
69GGBxA162lTqCwzJG5jLp_My Type,0.0
64M6ah0SkkRsnPGtGiRAbb_Self Control,0.28616746614107713
4phGZZrJZRo4ElhRtViYdl_Have It All,0.33665931582300634
1uNFoZAHBGtllmzznpCI3s_Stuck In The Moment,0.3643816246105601
0p4nmQO2msCgU4IF37Wi3j_It Was In Me,0.3667246454476855
4NgNsOXSwIzXlUIJcpnNUp_Flesh And Blood,0.36723141236910145
6nB0iY1cjSY1KyhYyuIIKH_Ultraviolet,0.3676941952440654
1l8Fu6IkuTP0U5QetQJ5Xt_I'm In Love With a Monster,0.37155645455258873
1l8Fu6IkuTP0U5QetQJ5Xt_Im In Love With a Monster,0.37516801554270873
5WUlDfRSoLAfcVSX1WnrxN_Footprints,0.37564696714317625
1l8Fu6IkuTP0U5QetQJ5Xt_All I Want for Christmas Is You,0.3757832531041659
6Dd3NScHWwnW6obMFbl1BH_Thirsty,0.37598506031878565
"738wLrAtLtCtFOLvQBXOXp_Know No Better (feat. Travis Scott, Camila Cabello & Quavo)",0.37639553204713666
6TIYQ3jFPwQSRmorSezPxX_All We Have,0.37672592698653506
7uMh23xWiuR7zsNkuNcm2G_Correct,0.3768017934600005
0p4nmQO2msCgU4IF37Wi3j_Tell Me Its Over,0.3774138026642094
3Jq7bBEptoqWjGQwrkLTWp_Stuck,0.3791151902179966
7DMveApC7UnC2NPfPvlHSU_Only You (with Little Mix),0.3794632367901324
2siHvYaxjaW5rKVRiIrMYH_Reckless,0.38128808010892457
6mpxgK8EZh8VDoe6trGF0f_Air & Water,0.38261180169369036
