,69GGBxA162lTqCwzJG5jLp_Wake Up Alone
69GGBxA162lTqCwzJG5jLp_Wake Up Alone,0.0
31IZdHrCZ5pRhLz4zBxN3o_Hit Me Up,0.31592760767086786
6vWDO969PvNqNYHIOW5v0m_Schoolin Life,0.33774428648539256
3JhNCzhSMTxs9WLGJJxWOY_Willy Wonka (feat. Offset),0.34371214505984665
6icQOAFXDZKsumw3YXyusw_Out Late,0.3587203639040719
1RyvyyTE3xzB2ZywiAwp0i_Three,0.3626225260749584
"6oMuImdp5ZcFhWP0ESe6mG_New Atlanta (feat. Rich Homie Quan, Young Thug, Jermaine Dupri)",0.36932571956663407
64M6ah0SkkRsnPGtGiRAbb_F.F.F. (feat. G-Eazy),0.3798100559030257
2YZyLoL8N0Wb9xBt1NhZWg_King Kunta,0.38743574917430346
1sBkRIssrMs1AbVkOJbc7a_Cant Say No,0.39351422035432393
1sBkRIssrMs1AbVkOJbc7a_Can't Say No,0.39351422035432393
1sBkRIssrMs1AbVkOJbc7a_Bossy Lady,0.394236644458493
6D6rjLdxyE5vwhMlkuQq0E_Genius Of Love,0.40287803700557956
31IZdHrCZ5pRhLz4zBxN3o_Working Everyday,0.405286746942389
0c173mlxpT3dSFRgMO8XPh_Mona Lisa,0.40979566769459785
"0QHgL1lAIqAw0HtD7YldmP_Forgive Me Father (feat. Meghan Trainor, Wiz Khalifa & Wale)",0.4117008537551017
6M2wZ9GZgrQXHCFfjv46we_Swan Song (From the Motion Picture Alita: Battle Angel),0.42049524405334937
77SW9BnxLY8rJ0RciFqkHh_Cry Baby,0.4229056598734513
5snNHNlYT2UrtZo5HCJkiw_사랑한다면 해선 안될 말 Wrong,0.4240680670527268
6oMuImdp5ZcFhWP0ESe6mG_You Better,0.4293450237328952
