,69GGBxA162lTqCwzJG5jLp_This Feeling
69GGBxA162lTqCwzJG5jLp_This Feeling,0.0
7gAppWoH7pcYmphCVTXkzs_Risk It All,0.2536604538670822
69GGBxA162lTqCwzJG5jLp_Somebody - Naderi Remix,0.29682680704843467
6XpaIBNiVzIetEPCWDvAFP_Heartbreak Hotel (feat. Faith Evans & Kelly Price) - Hex Hector Radio Mix,0.3081123676834673
6V3F8MZrOKdT9fU686ybE9_Innocent Man Feat. Dmx - Feat. Dmx - Moto Blanco Vocal Mix,0.3132497484773455
5INjqkS1o8h1imAzPqGZBb_Patience,0.3161453576813605
3DiDSECUqqY1AuBP8qtaIa_New Day,0.32345501946281596
4O5EDKGt6YC5IXkOArVqk3_Lose It,0.3238151876099827
1sBkRIssrMs1AbVkOJbc7a_Super High,0.3250825835659842
6kBjAFKyd0he7LiA5GQ3Gz_Barbie Girl,0.32833455133178885
6jV25rzTKQ2zMgrqHha1V5_We Young - Chinese Version,0.33769330256074276
5K4W6rqBFWDnAN6FQUkS6x_Bring Me Down,0.33889387514960084
2SUvSee1ooyCzwAnsUdu2K_Sincerely,0.34257715469614625
13saZpZnCDWOI9D4IJhp1f_Everyones At It,0.342702576545388
2cBh5lVMg222FFuRU7EfDE_Music Gets The Best Of Me,0.34379175253111927
13saZpZnCDWOI9D4IJhp1f_Silver Spoon,0.3471879770444272
3sgFRtyBnxXD5ESfmbK4dl_Party Rock Anthem,0.3500370317994568
1MMzI6WUvOVsmZMNiD3Lqc_I See,0.35221201921334955
360IAlyVv4PCEVjgyMZrxK_Sky Walker - Recorded Live at Austin City Limits,0.35333892276992707
0X2BH1fck6amBIoJhDVmmJ_Under The Sheets,0.35489572745296405
