,6a3Mfrn2XBR1DfPg1QGa1d_From the Star
6a3Mfrn2XBR1DfPg1QGa1d_From the Star,0.0
5zzbSFZMVpvxSlWAkqqtHP_Gallows,0.42037482434361445
7CajNmpbOovFoOoasH2HaY_Prayers Up (feat. Travis Scott & A-Trak),0.42244652844820524
305pg6Bs6Mz9Tm2zK66psY_Resembling What I Hate (feat. OLNL),0.4265295049806184
7CajNmpbOovFoOoasH2HaY_Rollin (feat. Future & Khalid),0.42682005208410745
0XATRDCYuuGhk0oE7C0o5G_I love too,0.42792077313794524
5a2EaR3hamoenG9rDuVn8j_Call My Name,0.42959273144682103
6wKxOKEA3K6R2UZ3COLXEY_running,0.4408784027004786
7c1HgFDe8ogy5NOZ1ANCJQ_Dont Leave Me Alone,0.44448065889468963
1uNFoZAHBGtllmzznpCI3s_Flatline,0.4471048974607083
1HY2Jd0NmPuamShAr6KMms_Look What I Found,0.45066280129839104
0XATRDCYuuGhk0oE7C0o5G_Recipe,0.4538107001917117
5enwJ9yOnKlCP91ov4Dqhv_Blue Hawaii (Prod. by 0channel),0.45504102619951836
4phGZZrJZRo4ElhRtViYdl_Curbside Prophet,0.4664461523507879
1w5Kfo2jwwIPruYS2UWh56_Last Kiss,0.4734038567229579
7c1HgFDe8ogy5NOZ1ANCJQ_Sarah,0.4802712007503879
5bOD7SS2RP7gzcNstJeCuF_lost ma love,0.4885450419972366
0XATRDCYuuGhk0oE7C0o5G_Double Trouble Couple,0.49879496249627564
2mV8aJphiSHYJf43DxL7Gt_Over Your Shoulder,0.5035362785750506
3zunDAtRDg7kflREzWAhxl_Flyswatter,0.5049909903871554
