,6clbbhnIqpHnqxwtOWcilg_Theres Not Another You
6clbbhnIqpHnqxwtOWcilg_Theres Not Another You,0.0
31IZdHrCZ5pRhLz4zBxN3o_Sold the House,0.3670805513108433
2g3PKH7Z1Ofn5oGR6oDjLy_Lucille,0.37214999937977006
3miNucraVWk4hdVsIxn7id_See See Rider Blues,0.372421897272312
50co4Is1HCEo8bhOyUWKpn_We On,0.38770700660222146
50co4Is1HCEo8bhOyUWKpn_Picture Baby,0.39493144566588334
4S9EykWXhStSc15wEx8QFK_Somebody Loves Somebody,0.3969043610323315
3VNITwohbvU5Wuy5PC6dsI_Rags To Riches,0.40733651492128914
5Z1CCuBsyhEHngq3U5IraY_Change Your Mind,0.410838861891858
3miNucraVWk4hdVsIxn7id_Dont Me Down,0.4194661578144073
3miNucraVWk4hdVsIxn7id_Don't Me Down,0.4194661578144073
1SupJlEpv7RS2tPNRaHViT_Yo No Sé Que Esperas Tú,0.42400757565149866
7qG3b048QCHVRO5Pv1T5lw_Muñeca Cruel,0.43318674760697756
0MponVSpW81oLvJZ53vYZH_Here I Am Baby - Stereo Version,0.4398078791291872
0jnrgkvyi8Mv2hryBgC35d_EQ,0.4403976415684753
3VNITwohbvU5Wuy5PC6dsI_Open Sesame,0.44422668934685
0EmeFodog0BfCgMzAIvKQp_Quiero,0.46038894158413624
2VIoWte1HPDbZ2WqHd2La7_Come Back,0.46798738136142914
1sBkRIssrMs1AbVkOJbc7a_Yacht Club,0.4773665088109495
0ZrpamOxcZybMHGg1AYtHP_Give It 2 U,0.48165984812636
