,6clbbhnIqpHnqxwtOWcilg_Hold On
6clbbhnIqpHnqxwtOWcilg_Hold On,0.0
6XpaIBNiVzIetEPCWDvAFP_Hold Me (with Teddy Pendergrass),0.2860571702532135
6clbbhnIqpHnqxwtOWcilg_Cant Get You Outta My Heart,0.32295863283790455
4Z8W4fKeB5YxbusRsdQVPb_Thinking About You,0.33868322063800577
5zaXYwewAXedKNCff45U5l_Arrested by You,0.3424373721251518
0x83OBqixqdCHnStP5VMcn_Abra Ka Dabra,0.3424856816714387
74ASZWbe4lXaubB36ztrGX_Dreamin of You - Outtake from Time Out Of Mind sessions,0.3582062156754129
3tpobJxn6RQfhiPZiIJsVT_Big Ass Liar,0.37140273502486293
6clbbhnIqpHnqxwtOWcilg_Til the Season Comes Round Again,0.3724343073422776
2siHvYaxjaW5rKVRiIrMYH_Im Outta Love - Mattys Soulflower Mix,0.37313018353519556
1sBRcMH8DDR8Nsk2RoJmjS_Contact,0.3782794695021551
"0x83OBqixqdCHnStP5VMcn_Oh, What A Waste Of Love",0.3848764073825308
7G1GBhoKtEPnP86X2PvEYO_If You Pray Right,0.3880041144958409
6XpaIBNiVzIetEPCWDvAFP_Jesus Loves Me,0.388836320977366
3miNucraVWk4hdVsIxn7id_Going Back To Memphis,0.3896016741626372
0irOOIGUdqRu9sIHtCJB3v_Instruments,0.38981374644919703
3KH7WsR2JZQ94Ik8SyabU6_Combattants,0.3968136446410302
"74ASZWbe4lXaubB36ztrGX_Lily, Rosemary and the Jack of Hearts - Take 2",0.4031785583138101
6xnvNmSzmeOE1bLKnYXKW3_Longshot Kick De Bucket,0.40437083614931596
6clbbhnIqpHnqxwtOWcilg_We Three Kings,0.4091129426115447
