,6clbbhnIqpHnqxwtOWcilg_Til the Season Comes Round Again
6clbbhnIqpHnqxwtOWcilg_Til the Season Comes Round Again,0.0
6clbbhnIqpHnqxwtOWcilg_Cant Get You Outta My Heart,0.318532805944935
6XpaIBNiVzIetEPCWDvAFP_Lover for Life,0.3267622553150729
0uUNzXylqsZdmFDwdxaP1V_I Cant Help It (If Im Still In Love With You),0.33781296066199806
6clbbhnIqpHnqxwtOWcilg_We Three Kings,0.3416963460695705
7G1GBhoKtEPnP86X2PvEYO_If You Pray Right,0.3431556642186639
"74ASZWbe4lXaubB36ztrGX_Lily, Rosemary and the Jack of Hearts - Take 2",0.354253898339567
2ruMkdO4e1tJWDHsYSEtxr_100% Of Love,0.36653508979378274
6clbbhnIqpHnqxwtOWcilg_Hold On,0.3724343073422776
57ALvbCBaCkNlgTOSiUPdT_Hercules,0.3798315635509519
6XpaIBNiVzIetEPCWDvAFP_Hold Me (with Teddy Pendergrass),0.3902517741197844
6vWDO969PvNqNYHIOW5v0m_Disappear,0.39774779770489865
7G1GBhoKtEPnP86X2PvEYO_If I Should Lose You - Remastered,0.3986007573497437
5JXJBj97owJoqiqkd3bQOb_Psyô,0.40861531819484626
2jS7I1u7BpgWT9ssG62Zr1_Someday (Im Coming Back),0.4087776944535196
5zaXYwewAXedKNCff45U5l_Arrested by You,0.4122579532383732
6G7OerKc3eBO9sVkRNopFC_Enough,0.41417969043206265
7o95ZoZt5ZYn31e9z1Hc0a_Love Like This,0.41527127936599684
3KH7WsR2JZQ94Ik8SyabU6_Combattants,0.41575065379910126
3PhoLpVuITZKcymswpck5b_When I Think About Love (I Think About You),0.4248401311742528
