,6clbbhnIqpHnqxwtOWcilg_The Lost and the Lonely
6clbbhnIqpHnqxwtOWcilg_The Lost and the Lonely,0.0
4AqIRTZF6DDmKmdorgFug6_Oi To The World!,0.294735555853559
5a2EaR3hamoenG9rDuVn8j_Fury,0.29770055745810176
3kjuyTCjPG1WMFCiyc5IuB_Rebellion (Lies),0.3020942999516206
5fMUXHkw8R8eOP2RNVYEZX_Look Back (feat. DRAM),0.3040130238980518
5Z1CCuBsyhEHngq3U5IraY_Us Against the World,0.30821715164817426
2sBPVEeMBXKNsZtYaJixnJ_Suffering Season,0.31007632849467454
3E3xrZtBU5ORqcmX78v5YZ_Island,0.3114571103284603
7o95ZoZt5ZYn31e9z1Hc0a_Pocketful of Sunshine,0.3158627237390536
6clbbhnIqpHnqxwtOWcilg_Forever You Forever Me,0.3214491165246852
7MC5zmK3iZHzPqGZEVSROe_Dont Ever Look Back,0.3244260815422638
5Rl15oVamLq7FbSb0NNBNy_18,0.3306132465117565
2siHvYaxjaW5rKVRiIrMYH_Rearview,0.33199762510653524
0vEsuISMWAKNctLlUAhSZC_Dislocation,0.3337015583321744
0p4nmQO2msCgU4IF37Wi3j_Wish You Were Here,0.3387957773643296
3E3xrZtBU5ORqcmX78v5YZ_Anyways,0.3394560892562169
0KydPQPUUoTNhmiHKOg5Er_Era ExtraÃ±a,0.3430609666415589
04gDigrS5kc9YWfZHwBETP_Harder To Breathe,0.3435251321659767
7Ln80lUS6He07XvHI8qqHH_Piledriver Waltz,0.3437693692454047
34v5MVKeQnIo0CWYMbbrPf_Easy,0.34470339110171544
