,6clbbhnIqpHnqxwtOWcilg_Enlighten Me
6clbbhnIqpHnqxwtOWcilg_Enlighten Me,0.0
2g3PKH7Z1Ofn5oGR6oDjLy_Maintaining My Cool,0.30254161163471355
3Z02hBLubJxuFJfhacLSDc_Rebel,0.32413270954476703
51Blml2LZPmy7TTiAg47vQ_Elvis Presley And America - Remastered 2009,0.33673862444944924
2P560DaOMNDUACoH8ZhOCR_Strange Town,0.34253467550375305
0yNLKJebCb8Aueb54LYya3_Sugarcane,0.36304612296968536
3Z02hBLubJxuFJfhacLSDc_Somethin To Believe In,0.3642668788988855
2P560DaOMNDUACoH8ZhOCR_All Around The World,0.39842471339527896
3Z02hBLubJxuFJfhacLSDc_Home Again,0.4122989342215868
3zD5liDjbqljSRorrrcEjs_I Must Be A Lover,0.4157645550700381
5GxyeQagayzZOg4UwffQlD_Bruised Water,0.4220658127371341
6clbbhnIqpHnqxwtOWcilg_We Two   Down on the Border,0.43617994408161803
2ysnwxxNtSgbb9t1m2Ur4j_Did You Hear the Rain?,0.44089416656826574
5r4WtKKD3Q59UHZrGyA9t4_The Mind to be Set Free,0.44929642557725996
4AqIRTZF6DDmKmdorgFug6_Susanville,0.45994981550912295
63MQldklfxkjYDoUE4Tppz_Staring at Me,0.46361016370751607
2g3PKH7Z1Ofn5oGR6oDjLy_On The Road Again,0.4648654512092483
2VIoWte1HPDbZ2WqHd2La7_Get Away,0.48276181764006915
7o95ZoZt5ZYn31e9z1Hc0a_Stumble,0.4848303297188472
7IVVt6Y0R75H4tfpL4EWmz_The Perfect Kiss,0.4864662207750731
