,6clbbhnIqpHnqxwtOWcilg_Ive Met Love Before
6clbbhnIqpHnqxwtOWcilg_Ive Met Love Before,0.0
3RGLhK1IP9jnYFH4BRFJBS_48 Hours,0.3468306477786294
23fQmd3dbJn46kqpkzecA2_Mean Mean Man,0.36540930080358697
5SHQUMAmEK5KmuSb0aDvsn_Celebrity Skin,0.3829152544728756
6XpaIBNiVzIetEPCWDvAFP_After We Make Love,0.3986059845436235
450o9jw6AtiQlQkHCdH6Ru_Wake Up,0.3990476094647102
3PhoLpVuITZKcymswpck5b_Made In England,0.39968907406610965
3miNucraVWk4hdVsIxn7id_Frisco Queen,0.4017141340960714
5zaXYwewAXedKNCff45U5l_Bring Him Back,0.41588355334245936
"1iL8p9yzijWY1XnqVgHF5P_Have Love, Will Travel",0.4269682318250054
5CG9X521RDFWCuAhlo6QoR_Water No Get Enemy,0.4347767353991592
51Blml2LZPmy7TTiAg47vQ_All I Want Is You,0.4373448297579926
0HLOP0AdsaWe5Pt5TNueGC_Youre Easy On The Eyes,0.4453773200879496
391oLRVmoTkumiN79HkTWu_A Marshmallow World,0.4524527648964708
0lZoBs4Pzo7R89JM9lxwoT_Rio,0.4525815765133567
4wucqyuotyHg3kBk1aMTTN_Dreamers   Little Cassette Deaths,0.45745604150357627
4AqIRTZF6DDmKmdorgFug6_I Have a Date - Originally Performed By The Simpletones,0.4582838277262345
776Uo845nYHJpNaStv1Ds4_Lullaby For The Summer,0.45909367991300704
391oLRVmoTkumiN79HkTWu_Christmas (Baby Please Come Home),0.4599441065882872
0grdhNhiRLFBaFVyybqsj6_I Get No Sleep,0.46010098817820283
