,6eiHpA39MSZGDRbYk2navb_Dr. Strange
6eiHpA39MSZGDRbYk2navb_Dr. Strange,0.0
1tqZaCwM57UFKjWoYwMLrw_Last Song,0.6932657949293674
3rHl3rSgCnHhOlVB87ZxyF_The Plastic Cup Boyz,0.8085482598284052
5MlfccEEOw6kihsT8eQtbh_Mercy,0.8492430052934385
0hEurMDQu99nJRq8pTxO14_On The Way Home,0.8843890548838004
3PhoLpVuITZKcymswpck5b_Belfast,0.9477359163371109
0x83OBqixqdCHnStP5VMcn_Lonely Teardrops,0.9874469111729315
"4MnpNtb1z463VnWL27oP17_Merry Christmas, Bitches (Jfl 2007)",0.9900913170611234
3rHl3rSgCnHhOlVB87ZxyF_Talking Dirty,0.9993565690820421
"74ASZWbe4lXaubB36ztrGX_John Brown - Live at Town Hall, New York, NY - April 1963",1.016536200388191
5MlfccEEOw6kihsT8eQtbh_Te Adoro,1.031560310253615
0x83OBqixqdCHnStP5VMcn_What Is Love,1.03962370324803
776Uo845nYHJpNaStv1Ds4_Voodoo Chile - Demo,1.0396440126307644
6JL8zeS1NmiOftqZTRgdTz_About My Selfish Heart - Commentary,1.0666820841970515
0c173mlxpT3dSFRgMO8XPh_Freaky,1.0677616811830608
1l7ZsJRRS8wlW3WfJfPfNS_Primer Amor Interlude,1.0684244787226536
3DiDSECUqqY1AuBP8qtaIa_Elevate (Interlude),1.0688801532532564
3VNITwohbvU5Wuy5PC6dsI_I Sweat,1.077349732500671
1eYhYunlNJlDoQhtYBvPsi_Get on the Right Track Baby - 2016 Mono Remaster,1.078514647682343
7c0XG5cIJTrrAgEC3ULPiq_Nate Howard Intro,1.0858760470861586
