,6fLrPFLWLSCrp7gcTZXcKb_Watch Me Go
6fLrPFLWLSCrp7gcTZXcKb_Watch Me Go,0.0
1l9d7B8W0IHy3LqWsxP2SH_Someday,0.26060254010893463
0B3N0ZINFWvizfa8bKiz4v_My Somebody,0.27560710268232314
5K4W6rqBFWDnAN6FQUkS6x_Guilt Trip,0.27698393775547075
360IAlyVv4PCEVjgyMZrxK_Wheres the Fun in Forever,0.3022315261383254
7LLcRttKjV6PeJOlCNCYon_Backstroke,0.3057368666932891
6s22t5Y3prQHyaHWUN1R1C_Finale (Cant Wait To See What You Do Next),0.32649767416607717
1WvvwcQx0tj6NdDhZZ2zZz_Beauty of the Road,0.33060613975063646
4phGZZrJZRo4ElhRtViYdl_Cant Hold Out on Love,0.3383002268670987
5JZ7CnR6gTvEMKX4g70Amv_Come Back Home,0.338962987005507
7LLcRttKjV6PeJOlCNCYon_Ayawa kya,0.34100293817475935
738wLrAtLtCtFOLvQBXOXp_Blow That Smoke (feat. Tove Lo),0.3443904797539825
0grdhNhiRLFBaFVyybqsj6_Inside,0.3490184538094937
0UWZUmn7sybxMCqrw9tGa7_Fuego,0.35008129483887085
7LLcRttKjV6PeJOlCNCYon_Dancing at the Blue Lagoon,0.35421563948579743
4c4aEmXU6Hx95REbIZ3S82_Crazy Ass B*tch,0.3552708000128512
7o95ZoZt5ZYn31e9z1Hc0a_(No More) What Ifs,0.3562488586521574
6clbbhnIqpHnqxwtOWcilg_Marys Christmas,0.36041899488468
1AWNf5CLnHH4oM1hcHiVeV_Connect 4,0.36131116661761664
0du5cEVh5yTK9QJze8zA0C_The Lazy Song,0.36313417647050006
