,6fLrPFLWLSCrp7gcTZXcKb_Too Many Colors
6fLrPFLWLSCrp7gcTZXcKb_Too Many Colors,0.0
2mV8aJphiSHYJf43DxL7Gt_Dont Sleep (feat. French Montana & Stefflon Don),0.28469569015717827
6HdYUuBeK3g2MA2wGVCDcn_Tourist Trap,0.3962416741514653
0X2BH1fck6amBIoJhDVmmJ_Codes,0.39751928643960655
3fmMaLC5jjf2N4EC2kTx0u_Bloodshot,0.3982042508508401
5GtMEZEeFFsuHY8ad4kOxv_I Cant Stand the Rain,0.39924380751787386
7Lt4a0ZtQ0hKwh9VPwQ6Qu_Hyeokmyeong (Revolution),0.3999321667365568
5a2EaR3hamoenG9rDuVn8j_S&M Groove,0.40217317432552585
1r4hJ1h58CWwUQe3MxPuau_Tu Cariño,0.4076458845147123
3JhNCzhSMTxs9WLGJJxWOY_Remember High School,0.410710092757805
1Cs0zKBU1kc0i8ypK3B9ai_This is Not a Love Song (feat. JD Davis),0.41516421702129447
5szdY7KaSi7epwyffrbV8c_Just Fall In Love,0.4197911793925042
6yhD1KjhLxIETFF7vIRf8B_Almost Forgot,0.4268153003147951
3ApUX1o6oSz321MMECyIYd_Autopilot,0.4305971899992293
1vCWHaC5f2uS3yhpwWbIA6_Taste The Feeling (Avicii Vs. Conrad Sewell),0.43173464294470915
7CajNmpbOovFoOoasH2HaY_Merrymaking at My Place,0.4336477403362457
3WGpXCj9YhhfX11TToZcXP_Bloom,0.43614563044515486
5Z1CCuBsyhEHngq3U5IraY_Why Do I Love You,0.43688904524047767
0b59cVa1STVENq3i7wkcHV_Sleeping Beauty (End of the World x EPIK HIGH),0.43753005372415144
2Sqr0DXoaYABbjBo9HaMkM_When He Sees Me,0.4397575170695675
