,6G7OerKc3eBO9sVkRNopFC_Woman
6G7OerKc3eBO9sVkRNopFC_Woman,0.0
355SqtHY4qKt2wIXrWku0c_Dont Forget About Me,0.4433324947383964
5zzbSFZMVpvxSlWAkqqtHP_Avalon,0.4967883832500256
2EO3E3yodzVOLxWdiOwQGl_Tidal,0.5837334676580492
5g3uG8zZZANGT6YOssgjfC_Disappear,0.5941265011687136
0B3N0ZINFWvizfa8bKiz4v_Right Into Your Love,0.604871080812053
2HcwFjNelS49kFbfvMxQYw_Blasphemy,0.6066633057437866
7MC5zmK3iZHzPqGZEVSROe_Cold Winds - Avatar Sessions,0.6213805462457397
2Sqr0DXoaYABbjBo9HaMkM_Tightrope,0.638786266575879
3WGpXCj9YhhfX11TToZcXP_Somebody To Love,0.6553901942364303
5GtMEZEeFFsuHY8ad4kOxv_Just Like You Said,0.6556547972069894
7p0BlEIc8u88hMrzTfWQhi_Bright Side (feat. Julia Church),0.6568435432851097
2auiVi8sUZo17dLy1HwrTU_Way to the Show,0.6577535378963759
1RyvyyTE3xzB2ZywiAwp0i_No Basic (Instrumental),0.7011905629371088
5GtMEZEeFFsuHY8ad4kOxv_You Get Me,0.7209009967737149
7n2wHs1TKAczGzO7Dd2rGr_Because I Had You,0.7376149069182808
2Sqr0DXoaYABbjBo9HaMkM_Manhattan,0.7850269188467727
60NNvDqsif0u40CXMV6jDQ_Crash,0.7880333877258451
0ZED1XzwlLHW4ZaG4lOT6m_Just Do It,0.7942124226716437
2FMOHE79X98yptp4RpPrt7_New Orleans,0.814485938279418
