,6G7OerKc3eBO9sVkRNopFC_Werewolf
6G7OerKc3eBO9sVkRNopFC_Werewolf,0.0
19BGdnPfeXHTVUEa5QjRvj_Affirmation,0.46450450700570245
4phGZZrJZRo4ElhRtViYdl_Common Pleasure,0.46761060456713105
3PhoLpVuITZKcymswpck5b_Its Getting Dark In Here,0.5089663636805193
5zzbSFZMVpvxSlWAkqqtHP_For The Hard Road,0.5226828971169467
1eYhYunlNJlDoQhtYBvPsi_Just for a Thrill,0.529633383896541
3kjuyTCjPG1WMFCiyc5IuB_Neon Bible,0.5392859799276694
2HcwFjNelS49kFbfvMxQYw_One For My Baby,0.543531876087718
5JMLG56F1X5mFmWNmS0iAp_please,0.5520313700837087
3QZKZBEmr54lAVI5XvmjnM_Love Potion #9,0.5532731513050279
3PhoLpVuITZKcymswpck5b_Dream # 3,0.5562099951550553
38zTZcuN7nFvVJ6auhc6V3_Sailing,0.5621134735136908
1eYhYunlNJlDoQhtYBvPsi_Tell All the World About You,0.5733972017088086
02rd0anEWfMtF7iMku9uor_Santa Claus Is Coming To Town,0.5867158023930152
7G1GBhoKtEPnP86X2PvEYO_Tanywey - Remastered,0.5874847756585966
4NgNsOXSwIzXlUIJcpnNUp_Do What You Have to Do,0.5924264277952724
6G7OerKc3eBO9sVkRNopFC_Keep On Runnin (Crawlin Black Spider),0.5926813366113756
12VaqyEhgwDRuFfEqbnrpz_When Under Ether,0.593847349926254
6G7OerKc3eBO9sVkRNopFC_The Sleepwalker,0.5979771934809304
6AyATGg7mDgBlZ4N5uNog0_Wheres My Love - Acoustic,0.5985611990649272
