,6h4ALbc1G80KRRG7THwHic_Tragedy (Piano Instrumental)
6h4ALbc1G80KRRG7THwHic_Tragedy (Piano Instrumental),0.0
6Fq6imxdg0bFQh41DbtcJB_Shut Up and Dance,0.48841001003844153
"5wTAi7QkpP6kp8a54lmTOq_7 Fantasies, Op. 116: No. 6, Intermezzo in E Major, Andantino teneramente",0.49563588109669104
53p9vByB4EPh4RCZLaYocj_Stitches,0.501244268490317
10Seq6nC17pZvZMBAECYyO_Budapest,0.5949717027927992
4NJhFmfw43RLBLjQvxDuRS_Viennese Sonatina No. 3 in D Major: II. Menuetto,0.6949156545505194
0vA9NkXT4OmKxg3udqLXXh_Hold My Girl,0.8535754196788635
"2UqjDAXnDxejEyE0CzfUrZ_Kinderszenen, Op. 15 No. 13 in G Major, Der Dichter spricht",0.8668041557317866
0YC192cP3KPCRWx8zr8MfZ_We Have A Job To Do,1.0187664268831391
5CzlICF8GCY0pRC82MKrhX_(Something Inside) So Strong (Piano Instrumental),1.0337741257573447
4NgNsOXSwIzXlUIJcpnNUp_Last Dance,1.0902313874650988
1GjWNGbMtHDQ7CNYf2d7cw_Eighty Grand,1.0922255513383967
"5aIqB5nVVvmFsvSdExz408_Little Prelude in C Minor, BWV 934",1.103362040137678
"5ihY290YPGc3aY2xTyx7Gy_Lyric Pieces Book VIII, Op. 65: II. Bondens Sang (Peasants Song)",1.118441980600081
0nGVcywnIqgGsLUuMwOP4s_Rest You Well,1.1540178048171503
1GjWNGbMtHDQ7CNYf2d7cw_Sin City (feat. Zach Galifianakis),1.1736065558963553
3PhoLpVuITZKcymswpck5b_Rocket Man,1.189159226764649
0qzzGu8qpbXYpzgV52wOFT_BRANCH LINE,1.2167033432579022
"5aIqB5nVVvmFsvSdExz408_French Suite No. 5 in G Major, BWV 816: IV. Gavotte",1.2180086567331319
5aKOPTKjOt9e1W2C34fnGj_America,1.2329044254412145
