,6HdYUuBeK3g2MA2wGVCDcn_Tourist Trap
6HdYUuBeK3g2MA2wGVCDcn_Tourist Trap,0.0
5a2EaR3hamoenG9rDuVn8j_ART OFFICIAL CAGE,0.3616957673050148
2mV8aJphiSHYJf43DxL7Gt_Dont Sleep (feat. French Montana & Stefflon Don),0.3705828244688809
6fLrPFLWLSCrp7gcTZXcKb_Too Many Colors,0.3962416741514653
7JgXEHI1oEiQICAMeCsKTj_If It Wasnt True,0.40022657327496286
4vdt8TD56jjQfmxFCmhubX_How Bizarre,0.40525069269569786
2Sqr0DXoaYABbjBo9HaMkM_When He Sees Me,0.40527771609633007
0p4nmQO2msCgU4IF37Wi3j_Love Me Insane,0.4085133141376905
7Ln80lUS6He07XvHI8qqHH_Dont Forget Whose Legs Youre On,0.4092552598461812
26VFTg2z8YR0cCuwLzESi2_Walls Could Talk,0.4093889503880743
790FomKkXshlbRYZFtlgla_A Ella,0.41201696071704935
6yhD1KjhLxIETFF7vIRf8B_Almost Forgot,0.41900703649835314
5snNHNlYT2UrtZo5HCJkiw_Swan Song,0.4192148781440843
0X2BH1fck6amBIoJhDVmmJ_Codes,0.41979377413837293
0du5cEVh5yTK9QJze8zA0C_Chunky,0.4205948673082356
5snNHNlYT2UrtZo5HCJkiw_Swan Song (feat. TBNY),0.4208212501991656
55LHFEtIplWhsfyWZUwkf4_Flag at Half-Mast,0.42092234964946446
1Cs0zKBU1kc0i8ypK3B9ai_Its Alright (Preaching Paris),0.4226297958302236
1gkSl4XpHIHI4I1WQbfXOE_Set It Off (Radio Mix by Tobi Neumann),0.42752152699668905
23LskvW8ErKu8v1teU7xFZ_Global Extinction - Instrumental,0.4276573074421037
