,6icQOAFXDZKsumw3YXyusw_BABY DADDY
6icQOAFXDZKsumw3YXyusw_BABY DADDY,0.0
50co4Is1HCEo8bhOyUWKpn_Cruise Ship,0.3567687534029253
6TIYQ3jFPwQSRmorSezPxX_Moonwalkers (feat. DubXX),0.40890840297427455
3hcs9uc56yIGFCSy9leWe7_Alotta Lotta,0.4395043284834611
1RyvyyTE3xzB2ZywiAwp0i_Aint No Time,0.44325380549897037
68kEuyFKyqrdQQLLsmiatm_No Bleedin,0.44394110190221125
6oMuImdp5ZcFhWP0ESe6mG_Memoirs,0.45800166140744253
7iZtZyCzp3LItcw1wtPI3D_We,0.46064095770925184
1RyvyyTE3xzB2ZywiAwp0i_Poppin Tags,0.46963456148812593
3TVXtAsR1Inumwj472S9r4_Im The Plug,0.470738622492564
6oMuImdp5ZcFhWP0ESe6mG_Bad and Boujee (feat. Lil Uzi Vert),0.4762627820071477
1RyvyyTE3xzB2ZywiAwp0i_No Cap,0.48711331740286257
1RyvyyTE3xzB2ZywiAwp0i_All da Smoke,0.5128234764087065
68kEuyFKyqrdQQLLsmiatm_SAMO,0.5164630984029233
1RyvyyTE3xzB2ZywiAwp0i_Seven Rings,0.5193142900956584
1RyvyyTE3xzB2ZywiAwp0i_200,0.51943950091449
1RyvyyTE3xzB2ZywiAwp0i_Real Love,0.5236893553866944
3JhNCzhSMTxs9WLGJJxWOY_Ten Million,0.5548287466421877
50co4Is1HCEo8bhOyUWKpn_Harambe,0.5604999313153858
1RyvyyTE3xzB2ZywiAwp0i_Group Home,0.5631751301470515
