,6icQOAFXDZKsumw3YXyusw_Not My Bro
6icQOAFXDZKsumw3YXyusw_Not My Bro,0.0
6oMuImdp5ZcFhWP0ESe6mG_Rich Then Famous (Intro),0.45567617070317673
7mDU6nMUJnOSY2Hkjz5oqM_Involved,0.4652025405171974
1DvtabXAjfrMihPP6JQdHs_Huh,0.4711185781080162
1RyvyyTE3xzB2ZywiAwp0i_Who (feat. Young Thug),0.48847654251513817
3f9if5rJj7moycBZLcOdYG_Oh Yeah,0.492257623147032
0qzzGu8qpbXYpzgV52wOFT_Why So Serious?,0.5002355017631064
1RyvyyTE3xzB2ZywiAwp0i_Comin Out Strong,0.5114894255141222
31IZdHrCZ5pRhLz4zBxN3o_Downer (feat. Lil Windex & Lil HBK),0.5229235195911375
2LRoIwlKmHjgvigdNGBHNo_Que Raro,0.5262881422020569
6UL7BodGc5iVmQGlMwHR0g_Bun Dem,0.5288251405575014
31IZdHrCZ5pRhLz4zBxN3o_Tim Hardaway (feat. Ghetty),0.5296617106852168
1Xyo4u8uXC1ZmMpatF05PJ_Attention,0.532874236257966
7n2wHs1TKAczGzO7Dd2rGr_Where Were You In The Morning?,0.5343528371265065
15iVAtD3s3FsQR4w1v6M0P_F What The Opp Said,0.5355935689360678
1RyvyyTE3xzB2ZywiAwp0i_My Collection,0.5382580308265937
31TPClRtHm23RisEBtV3X7_Until the End of Time,0.5510330712512581
3qnGvpP8Yth1AqSBMqON5x_Shy,0.5556095238341189
1cNDP5yjU5vjeR8qMf4grg_Melly the Menace,0.5558211974709157
5ZsFI1h6hIdQRw2ti0hz81_I Don’t Wanna Live Forever (Fifty Shades Darker),0.5609991826147186
