,6JL8zeS1NmiOftqZTRgdTz_TREAT MYSELF
6JL8zeS1NmiOftqZTRgdTz_TREAT MYSELF,0.0
1Xylc3o4UrD53lo9CvFvVg_I Would Like,0.3469722101624975
6JL8zeS1NmiOftqZTRgdTz_NO EXCUSES,0.3740802174427578
6sFIWsNpZYqfjUpaCgueju_Guitar String   Wedding Ring,0.47148256743409594
5a2EaR3hamoenG9rDuVn8j_If Eye Was the Man In Ur Life,0.4716363064945383
4RddZ3iHvSpGV4dvATac9X_Elevate,0.4746803739919165
3HqSLMAZ3g3d5poNaI7GOU_Boo,0.4779802571480762
26dSoYclwsYLMAKD3tpOr4_Cant Make You Love Me,0.49052274838796384
7gjAu1qr5C2grXeQFFOGeh_Make Light,0.504373997050152
5snNHNlYT2UrtZo5HCJkiw_부르즈 할리파 Burj Khalifa,0.5077867845017664
2mV8aJphiSHYJf43DxL7Gt_One Track Mind,0.5243825580531075
3YdT8QvV4QvY4DfVJhxdcZ_So Much More Than This,0.5314038022955799
34v5MVKeQnIo0CWYMbbrPf_Called It Off,0.5387890980119358
6jJ0s89eD6GaHleKKya26X_California Gurls,0.5435337088005164
2qxJFvFYMEDqd7ui6kSAcq_The Middle,0.5519751241092059
31IZdHrCZ5pRhLz4zBxN3o_YES i DONT PLAY GAMES,0.5628163934649163
57MtJQ6Sc4tIxrXIhrqVJL_You Say It Too,0.5666357764720027
1OO2uAMcUCXUkFzDdsr7x7_I Dont Try,0.5732284496136458
0qzzGu8qpbXYpzgV52wOFT_Take Off Your Shirt,0.5751406987790306
7gAppWoH7pcYmphCVTXkzs_Just My Type,0.5769131077912593
