,6JL8zeS1NmiOftqZTRgdTz_Ill Be Home
6JL8zeS1NmiOftqZTRgdTz_Ill Be Home,0.0
4GNC7GD6oZMSxPGyXy4MNB_Grace,0.3701779231871668
"738wLrAtLtCtFOLvQBXOXp_Tied Up (feat. Mr Eazi, RAYE and Jake Gosling)",0.494585782129534
3QSQFmccmX81fWCUSPTS7y_A Place We Knew,0.5158967457735264
3crnzLy8R4lVwaigKEOz7V_Who You Talking to,0.5205266787839986
5IH6FPUwQTxPSXurCrcIov_1994,0.5310239489707993
4nDoRrQiYLoBzwC5BhVJzF_Crying in the Club,0.5316172948092867
4phGZZrJZRo4ElhRtViYdl_Butterfly,0.5469671216799389
6Dd3NScHWwnW6obMFbl1BH_Insomnia,0.5486233500457355
3HqSLMAZ3g3d5poNaI7GOU_삐에로는 우릴 보고 웃지 (Pierrot-neun Uril bogo utji) : Pierrot laughs at us,0.563169123004225
0grdhNhiRLFBaFVyybqsj6_Whatever We Started,0.5697636104020152
5o206eFLx38glA2bb4zqIU_False Advertising,0.5711611516142281
3YQKmKGau1PzlVlkL1iodx_My Blood,0.573260411082768
7vk5e3vY1uw9plTHJAMwjN_Intro,0.5734917059185121
0NIIxcxNHmOoyBx03SfTCD_Wildfire,0.5849883070715746
38zTZcuN7nFvVJ6auhc6V3_Don’t Cry,0.5950506700143774
3QSQFmccmX81fWCUSPTS7y_Stay Awake,0.603457818941854
3YdT8QvV4QvY4DfVJhxdcZ_Insane Sometimes,0.6039225041594553
3qNVuliS40BLgXGxhdBdqu_I Got Love,0.6171359908629155
6MDME20pz9RveH9rEXvrOM_Outro Movement III,0.6199494398364284
