,6Jrxnp0JgqmeUX1veU591p_Wha You Feel Like
6Jrxnp0JgqmeUX1veU591p_Wha You Feel Like,0.0
68kEuyFKyqrdQQLLsmiatm_New earlsweatshirt - Interlude,0.4852603761060037
31W5EY0aAly4Qieq6OFu6I_Stalking You,0.5226671357413077
2jku7tDXc6XoB6MO2hFuqg_4 Me,0.5236470839446151
6LuN9FCkKOj5PcnpouEgny_Lets Go,0.5305400858922413
74ASZWbe4lXaubB36ztrGX_My Wifes Home Town,0.5549112951625315
1l7ZsJRRS8wlW3WfJfPfNS_Right Moves (feat. Keida & Shenseea),0.5565291223489537
5a2EaR3hamoenG9rDuVn8j_CLOUDS,0.5602661559610853
13saZpZnCDWOI9D4IJhp1f_Knock Em Out,0.5666843609964464
1SupJlEpv7RS2tPNRaHViT_Mango Piña (feat. Falo),0.5737911117693827
2YZyLoL8N0Wb9xBt1NhZWg_Blow My High (Members Only),0.5740803932051496
0EmeFodog0BfCgMzAIvKQp_Addicted to You,0.5797071277952179
1Cs0zKBU1kc0i8ypK3B9ai_Missing You (feat. Novel),0.5799595857983476
31W5EY0aAly4Qieq6OFu6I_Still Think About You,0.5802167925338776
66CXWjxzNUsdJxJ2JdwvnR_goodnight n go,0.5803281640914834
5YGY8feqx7naU7z4HrwZM6_I Would Die For You,0.5875446582475358
5pKCCKE2ajJHZ9KAiaK11H_Needed Me,0.5918691169545345
2gsggkzM5R49q6jpPvazou_Queen,0.5924701772335789
6nB0iY1cjSY1KyhYyuIIKH_Papi Pacify,0.5948373573872451
1GAS0rb4L8VTPvizAx2O9J_Americareful,0.5980038367751518
