,6jV25rzTKQ2zMgrqHha1V5_SSFW
6jV25rzTKQ2zMgrqHha1V5_SSFW,0.0
2HcwFjNelS49kFbfvMxQYw_Bullet,0.23538609697830162
"4phGZZrJZRo4ElhRtViYdl_Tonight, Not Again",0.2723921071398913
7zsin6IgVsR1rqSRCNYDwq_Dead Poets,0.2766449243867169
2UiCM3Q6qun7IFgNlxhF7N_02. Picture Me Rollin,0.28730128702134305
2HcwFjNelS49kFbfvMxQYw_Grace,0.2937387830998956
5o206eFLx38glA2bb4zqIU_Coat Check Dream Song,0.30268413266938665
5Z1CCuBsyhEHngq3U5IraY_I Cry,0.30352296470399687
7K3zpFXBvPcvzhj7zlGJdO_Empathy,0.30363735289274796
5zaXYwewAXedKNCff45U5l_Say I Wont Be There,0.3170879700076414
5zzrJD2jXrE9dZ1AklRFcL_Love Is An Ocean,0.3199524194374591
4phGZZrJZRo4ElhRtViYdl_You and I Both,0.32735315369608775
6f1YthbbEpu9qHzOUW2UYI_When Galaxies Form,0.33376510904280693
4phGZZrJZRo4ElhRtViYdl_Frank D. Fixer,0.3358170493314156
31IZdHrCZ5pRhLz4zBxN3o_I'm Not Waiting on the Summer,0.3360363610969453
31IZdHrCZ5pRhLz4zBxN3o_Im Not Waiting on the Summer,0.3360363610969453
6LEeAFiJF8OuPx747e1wxR_By Ourselves,0.3408783912295364
5K4W6rqBFWDnAN6FQUkS6x_Through The Wire,0.3423520563364311
776Uo845nYHJpNaStv1Ds4_Valleys of Neptune,0.34319464238229275
5yH7EWFF9pIePeru3IeHD4_Faces Now - Caress Mix,0.34533861024545764
