,6jV25rzTKQ2zMgrqHha1V5_We Young - Chinese Version
6jV25rzTKQ2zMgrqHha1V5_We Young - Chinese Version,0.0
1dbp04JzZ81JXlMGupCnJ8_Tú Me Obligaste,0.2644207978387615
1sBkRIssrMs1AbVkOJbc7a_Super High,0.275714234750817
6jV25rzTKQ2zMgrqHha1V5_We Young,0.2764486442577425
6H4lieipng8aGu3Hbd1UeJ_Damaged,0.29665774677865137
6V3F8MZrOKdT9fU686ybE9_Innocent Man Feat. Dmx - Feat. Dmx - Moto Blanco Vocal Mix,0.2969114057226213
5Z1CCuBsyhEHngq3U5IraY_Dont Let Me Go,0.3025462560546006
4V8Sr092TqfHkfAA5fXXqG_Échame La Culpa,0.31140949690718234
6V3F8MZrOKdT9fU686ybE9_Innocent ManFeat. Dmx - Feat. Dmx - D.C. Joseph Mix,0.31886065104766104
2qxJFvFYMEDqd7ui6kSAcq_Get Low (with Liam Payne),0.32833159544160145
77AiFEVeAVj2ORpC85QVJs_Youth Dem (Turn Up) (feat. Snoop Lion),0.33132061908041005
5snNHNlYT2UrtZo5HCJkiw_Lesson 2,0.3357702095162742
166Dz1GX3xonSQ3Z6CQW26_Unbreakable,0.3367174266611993
69GGBxA162lTqCwzJG5jLp_This Feeling,0.33769330256074276
26dSoYclwsYLMAKD3tpOr4_Hot as Ice,0.33922367679658944
69GGBxA162lTqCwzJG5jLp_Somebody - Naderi Remix,0.34781750930716415
4O5EDKGt6YC5IXkOArVqk3_Lose It,0.3479942307039496
2HcwFjNelS49kFbfvMxQYw_Difficult For Weirdos,0.3497729027578755
6vWDO969PvNqNYHIOW5v0m_Don't Hurt Yourself (feat. Jack White),0.35180278183872726
6vWDO969PvNqNYHIOW5v0m_Dont Hurt Yourself (feat. Jack White),0.35180278183872726
