,6LEeAFiJF8OuPx747e1wxR_Hands Up
6LEeAFiJF8OuPx747e1wxR_Hands Up,0.0
7zsin6IgVsR1rqSRCNYDwq_Feel Good Track of Rosemead,0.35293132605688127
2P560DaOMNDUACoH8ZhOCR_To Be Someone (Didnt We Have A Nice Time),0.4158537993003727
5K4W6rqBFWDnAN6FQUkS6x_My Way Home,0.43418084804762586
2pTCZ9C1fXdaVlv6d5EIXM_Miss You (feat. Steffaloo),0.44805775602829273
5I0EPnV9gwrZYTbScjnaOk_Os Grilos (Crickets Sing For Ana Maria),0.46583076139536256
1SUz2JjWDXSVyAtWokVinQ_You and Me,0.4663113421751425
4iHNK0tOyZPYnBU7nGAgpQ_Clown,0.4683004363816018
2eogQKWWoohI3BSnoG7E2U_Hot Stuff - Ralphi Rosario And Erick Ibiza 2018 Rework,0.47731921601203303
1tqZaCwM57UFKjWoYwMLrw_Black Letter Day,0.47777875459275776
6V3F8MZrOKdT9fU686ybE9_Trippin - C&J Mix *,0.4803544354277015
31TPClRtHm23RisEBtV3X7_Lets Take A Ride,0.4881781661476995
31TPClRtHm23RisEBtV3X7_Take It From Here,0.5017454259786293
4aEnNH9PuU1HF3TsZTru54_Shes the One,0.50199649115395
6C403AR4y6PjN0xNNGh42m_100 Sph,0.5074446441758034
31TPClRtHm23RisEBtV3X7_Nothin Else,0.5123077371719934
738wLrAtLtCtFOLvQBXOXp_Sgicha - Mixed,0.5132150831531461
488kWXcnHvHwx9Kpa8A5Sd_I Need Somebody,0.5248360737104574
6LEeAFiJF8OuPx747e1wxR_Forget It,0.5269416371548005
6edGSAX5dVpeJVwu1Q0NwJ_Question Of Faith - 7 Mix,0.527773112994333
