,6MDME20pz9RveH9rEXvrOM_Last Goodbye (feat. Tove Styrke & Stefflon Don)
6MDME20pz9RveH9rEXvrOM_Last Goodbye (feat. Tove Styrke & Stefflon Don),0.0
31IZdHrCZ5pRhLz4zBxN3o_Root Beer Float Ghost,0.32957515094189727
1uNFoZAHBGtllmzznpCI3s_First Dance,0.3370724758706663
5pLpNAhR3YkasjtM8nmxRZ_#ihateyouhoes,0.34188228268960175
"66CXWjxzNUsdJxJ2JdwvnR_break up with your girlfriend, im bored",0.3495505741191451
50co4Is1HCEo8bhOyUWKpn_For Yall (feat. Jacquees),0.35034159024317824
50co4Is1HCEo8bhOyUWKpn_For Y'all (feat. Jacquees),0.35034159024317824
3TVXtAsR1Inumwj472S9r4_Emotionless,0.3530906446582114
3zD5liDjbqljSRorrrcEjs_Outside,0.36458892459380937
31W5EY0aAly4Qieq6OFu6I_The Reaper,0.36753040761869793
1sBkRIssrMs1AbVkOJbc7a_Sorry,0.3699739022690373
0NIIxcxNHmOoyBx03SfTCD_Thug Cry,0.37079787798020614
3YQKmKGau1PzlVlkL1iodx_Morph,0.37552522727451443
6Jrxnp0JgqmeUX1veU591p_My Superman,0.37588033276415844
0rW6fVd3yuW2CF2sLYWQtE_Plus 82 (feat. Bryan Chase),0.3770121263503276
2mV8aJphiSHYJf43DxL7Gt_Bedroom Calling pt. 1,0.3818617349703877
6wKxOKEA3K6R2UZ3COLXEY_metamorphine,0.39046370208698505
68kEuyFKyqrdQQLLsmiatm_Love Can Be...,0.3944598845965084
617EQDHXk73KsEbFTBNXOb_Rise Of The Wolves,0.3973454690360419
3GJhraAgCA8s8XHENnDsXq_Sad!,0.4006682845686702
