,6MDME20pz9RveH9rEXvrOM_Out at Night (feat. KYLE & Big Boi)
6MDME20pz9RveH9rEXvrOM_Out at Night (feat. KYLE & Big Boi),0.0
5snNHNlYT2UrtZo5HCJkiw_11월1일 (feat. 김재석),0.31549638569242394
74ASZWbe4lXaubB36ztrGX_Cant Escape from You - Studio Outtake - 2005,0.3305374639224813
6V3F8MZrOKdT9fU686ybE9_Time To Creep,0.3327493307575863
2GLf7iaOOujAem5R87xwto_I Cant Feel,0.33286853895379304
1J85H7up7KHulSSDMd3Tnp_Love Letter,0.3350156850824502
3bykTIvfobPwvgbrqh777j_Cuando Tudo Se Complica,0.33774660141945373
6G7OerKc3eBO9sVkRNopFC_Real Life,0.3461483759506551
5rSXSAkZ67PYJSvpUpkOr7_Madeleine,0.35155414651093075
1WHoAjAWGx5qLsgzpaOk7W_You Belong,0.35246429424476095
0NIIxcxNHmOoyBx03SfTCD_Cold Sweat,0.3641490009605046
2auiVi8sUZo17dLy1HwrTU_Some Things Never Seem to Fucking Work,0.37266343311329353
1GAS0rb4L8VTPvizAx2O9J_Wont Look Back (feat. Kim Manning),0.3782273897172142
15iVAtD3s3FsQR4w1v6M0P_Glory Bridge (feat. A Boogie Wit da Hoodie),0.3783974053950377
50co4Is1HCEo8bhOyUWKpn_Check,0.3804008168721553
6LuN9FCkKOj5PcnpouEgny_Hundred,0.380651585788441
5snNHNlYT2UrtZo5HCJkiw_Maze (feat. Dumbfoundead & MYK),0.3877259158028949
6TIYQ3jFPwQSRmorSezPxX_LIVEFASTDIEYOUNG,0.3886009460418632
1gPhS1zisyXr5dHTYZyiMe_Know Better,0.39147180404575127
"0rW6fVd3yuW2CF2sLYWQtE_In My Whip (feat. Jay Park, Superbee & The Quiett)",0.39277815592464005
