,6O4EGCCb6DoIiR6B1QCQgp_Pavement
6O4EGCCb6DoIiR6B1QCQgp_Pavement,0.0
5GtMEZEeFFsuHY8ad4kOxv_Tinsel Town,0.4287731002065445
1WvvwcQx0tj6NdDhZZ2zZz_Where I Found You,0.48212910789139696
4NZvixzsSefsNiIqXn0NDe_Alaska,0.492669017651056
6LEeAFiJF8OuPx747e1wxR_Jewelry,0.5083948411276344
5sUrlPAHlS9NEirDB8SEbF_Its OK,0.5281865713138016
4Z8W4fKeB5YxbusRsdQVPb_Good Evening Mrs Magpie (Modeselektor RMX),0.5291198670449596
38zTZcuN7nFvVJ6auhc6V3_Leather and Wood,0.5482005114891897
3yg8VEfEzpr8T9NkiEsycS_Keepyourbusinesstoyourself,0.5510929705364305
6G7OerKc3eBO9sVkRNopFC_After It All,0.553082685975133
3Caot8EtHX6wLpNF2wRzS0_Wedding Ring,0.5553080939080391
0ukgSx1gUt5rUihbNh46qy_Everywhere You Knew,0.5582145091793267
6C403AR4y6PjN0xNNGh42m_Endeavors for Never (The last time we spoke you said you were not here. I saw you though.),0.5676477977915974
0QrowybipCKUDnq5y10PD2_Out Of The Cold,0.5771764859199822
5szdY7KaSi7epwyffrbV8c_Hot In The Shade,0.5819920356891602
11nbBcaBk8uXBPQsc3Sq9p_Making All Things New,0.5833793019591865
2Sqr0DXoaYABbjBo9HaMkM_Miss Simone,0.6029173385759361
4uEjHTgnKEdfFg50K6fAU1_Gun Talk,0.6043540241789804
5I0EPnV9gwrZYTbScjnaOk_My Nightingale,0.6100310293445528
5vSQUyT33qxr1xAX2Tkf3A_32 Levels - Instrumental,0.62253621080052
