,6oMuImdp5ZcFhWP0ESe6mG_T-Shirt
6oMuImdp5ZcFhWP0ESe6mG_T-Shirt,0.0
1DvtabXAjfrMihPP6JQdHs_Thank You,0.4327001984792599
50co4Is1HCEo8bhOyUWKpn_Hot Boys,0.46211229283714333
6oMuImdp5ZcFhWP0ESe6mG_Nigga A Fool,0.46927874646782647
67qogtRNI0GjUr8PlaG6Zh_Already Done,0.4717820725483761
26dSoYclwsYLMAKD3tpOr4_The Hook Up,0.4818476354842748
0rW6fVd3yuW2CF2sLYWQtE_HIGH SPIRIT (Feat. Yoonmirae),0.48233232387020225
1HBjj22wzbscIZ9sEb5dyf_Mama,0.48288879059408857
7wg1qvie3KqDNQbAkTdbX0_LOVE (with Elohim) - TAILS Remix,0.49533188839559694
5GtMEZEeFFsuHY8ad4kOxv_Im Still in Love with You,0.4971606601248274
6wKxOKEA3K6R2UZ3COLXEY_The Universe Is Yours,0.4976745754437322
"5INjqkS1o8h1imAzPqGZBb_New Person, Same Old Mistakes",0.5004293251663816
5pKCCKE2ajJHZ9KAiaK11H_Rude Boy,0.5028921476773502
2kCcBybjl3SAtIcwdWpUe3_IDGAF,0.5047376478081423
31IZdHrCZ5pRhLz4zBxN3o_Punky Brewster (feat. Ghetty),0.5066842479053543
3qNVuliS40BLgXGxhdBdqu_Baram X 3,0.5111402760713963
1DvtabXAjfrMihPP6JQdHs_Rich Shooters (feat. Q Da Fool),0.518854562251857
6oMuImdp5ZcFhWP0ESe6mG_What A Feeling,0.5202188266663067
6PXS4YHDkKvl1wkIl4V8DL_Star Struck,0.5208640711228768
2HcwFjNelS49kFbfvMxQYw_The Actor,0.5281958439920961
