,6oMuImdp5ZcFhWP0ESe6mG_Bando
6oMuImdp5ZcFhWP0ESe6mG_Bando,0.0
6oMuImdp5ZcFhWP0ESe6mG_Alright,0.3602425258758388
5q9adPv91NFr8q2ZcKmX0V_You,0.3752133455208259
3ApUX1o6oSz321MMECyIYd_Right Where You Should Be (feat. Ashe & Louis Futon),0.3766462191133854
6EyCwIp7Sb3oTXXaCxoYbz_Buss Down,0.38531554117943906
0C8ZW7ezQVs4URX5aX7Kqx_Same Old Love,0.3911272034385747
5INjqkS1o8h1imAzPqGZBb_Disciples,0.4051718354441337
57MtJQ6Sc4tIxrXIhrqVJL_Hazel House,0.41095797631002584
6eUKZXaKkcviH0Ku9w2n3V_Happier,0.41351571064976145
7Ln80lUS6He07XvHI8qqHH_Batphone,0.4185762802056334
6TIYQ3jFPwQSRmorSezPxX_Alice In Wonderland,0.41932804966571063
23NIwARd4vPbxt3wwNnJ6k_Keep It Even,0.4272140883308103
5y2Xq6xcjJb2jVM54GHK3t_Love Me Now,0.42864256106856247
5ZsFI1h6hIdQRw2ti0hz81_No Candle No Light (feat. Nicki Minaj),0.42913644818155805
5rSXSAkZ67PYJSvpUpkOr7_The Way It Was,0.4337577890158087
7CajNmpbOovFoOoasH2HaY_Slide (feat. Frank Ocean & Migos),0.4338460653876688
6oMuImdp5ZcFhWP0ESe6mG_Danger (with Migos & Marshmello),0.43600778491993136
7gAppWoH7pcYmphCVTXkzs_If I Was Your Man,0.43748570767914424
3HqSLMAZ3g3d5poNaI7GOU_Palette (Feat. G-DRAGON),0.44115010972048124
7CajNmpbOovFoOoasH2HaY_One Kiss (with Dua Lipa),0.44228234529206756
