,6oMuImdp5ZcFhWP0ESe6mG_Stuntin I Bang
6oMuImdp5ZcFhWP0ESe6mG_Stuntin I Bang,0.0
0g9vAlRPK9Gt3FKCekk4TW_Bloody Waters (with Anderson .Paak & James Blake),0.34359777633265737
1cNDP5yjU5vjeR8qMf4grg_Beat A N*gga Block,0.34649776224133366
1RyvyyTE3xzB2ZywiAwp0i_My Collection,0.35219500469776915
1RyvyyTE3xzB2ZywiAwp0i_Aint Livin Right (feat. Gunna),0.36895204719282176
1bPxKZtCdjB1aj1csBJpdS_Team,0.38348801322026704
28j8lBWDdDSHSSt5oPlsX2_One Minute to Midnight,0.3910322290783108
15iVAtD3s3FsQR4w1v6M0P_Negro,0.40692014073980476
3JhNCzhSMTxs9WLGJJxWOY_Excavate (feat. Saint Claire),0.4137745678732214
1bPxKZtCdjB1aj1csBJpdS_Freestyle,0.41630500881272725
1AWNf5CLnHH4oM1hcHiVeV_Symptoms of a Down,0.4204271813405166
6fLrPFLWLSCrp7gcTZXcKb_Bombs Away (RLP),0.42466531993908196
31IZdHrCZ5pRhLz4zBxN3o_Stacking (feat. Project Pat),0.4298936699445456
1RyvyyTE3xzB2ZywiAwp0i_Feds Did a Sweep,0.43085144880052495
0qzzGu8qpbXYpzgV52wOFT_Why So Serious?,0.43220629150000545
5lHRUCqkQZCIWeX7xG4sYT_Up Up And Away,0.43905080906956595
4iHNK0tOyZPYnBU7nGAgpQ_With You,0.4405466742606997
2YZyLoL8N0Wb9xBt1NhZWg_Sherane a.k.a Master Splinter’s Daughter,0.44379006059763476
360IAlyVv4PCEVjgyMZrxK_My Piece,0.4450322624608098
31TPClRtHm23RisEBtV3X7_Filthy,0.4454498155559918
