,6PXS4YHDkKvl1wkIl4V8DL_About You (feat. M80)
6PXS4YHDkKvl1wkIl4V8DL_About You (feat. M80),0.0
1YHEWOOihLfFvJn3D3ybfL_One of Them Nights,0.2981966674690154
66CXWjxzNUsdJxJ2JdwvnR_Focus,0.3294552753721959
5nki7yRhxgM509M5ADlN1p_What The Funk,0.33768871199224076
7DMveApC7UnC2NPfPvlHSU_Activate,0.3770743316198691
6XpaIBNiVzIetEPCWDvAFP_My Love,0.3878041053354585
"1gM6j9hjPg1Mfkq0yPNRP3_Kill Em With Success (with Eearz, ScHoolboy Q & 2 Chainz)",0.392396096663071
0Y5tJX1MQlPlqiwlOH1tJY_CANT SAY,0.39823781219825677
26dSoYclwsYLMAKD3tpOr4_Outrageous,0.40407343595927186
2siHvYaxjaW5rKVRiIrMYH_Boom - Thunderpuss Tribe-a-pella Mix,0.40815024779561077
2BTZIqw0ntH9MvilQ3ewNY_Christmas Conga,0.4153993458409283
1TY8JzETLheB4vm5QblKsF_Pretty Prizes,0.4185606811036411
1l7ZsJRRS8wlW3WfJfPfNS_Falsas Esperanzas - Dance Radio Mix,0.42052898351177254
4uEjHTgnKEdfFg50K6fAU1_Everybody Knows,0.421470966169003
5rSXSAkZ67PYJSvpUpkOr7_PDA,0.42241183456605114
1WHoAjAWGx5qLsgzpaOk7W_Answers Come In Dreams,0.4228891772084567
4iHNK0tOyZPYnBU7nGAgpQ_Your Girl,0.4280060805743332
31IZdHrCZ5pRhLz4zBxN3o_Fresh Pair of Robins,0.43104806775304016
0c173mlxpT3dSFRgMO8XPh_Do What I Gotta Do,0.4314005179553246
450o9jw6AtiQlQkHCdH6Ru_Better By The Pound,0.43477303780593485
