,6PXS4YHDkKvl1wkIl4V8DL_Nobody Else
6PXS4YHDkKvl1wkIl4V8DL_Nobody Else,0.0
4iHNK0tOyZPYnBU7nGAgpQ_Subtle Invitation,0.3767633595970285
31TPClRtHm23RisEBtV3X7_Lets Take A Ride,0.3836225967071192
738wLrAtLtCtFOLvQBXOXp_Stay Shining - Mixed,0.4132540546751792
5rSXSAkZ67PYJSvpUpkOr7_If I Dont Have You,0.41466240195577175
2pMSfxqqpW87tzVwPQxeFw_I Am The Black Gold Of The Sun,0.4276768733686793
1MMzI6WUvOVsmZMNiD3Lqc_Long Long Road,0.4283600408414385
4WLoEXu4C2C2YZshOvGL0O_Out Here,0.43069268867007254
6EyCwIp7Sb3oTXXaCxoYbz_Trippin,0.432234612912233
6V3F8MZrOKdT9fU686ybE9_Trippin - C&J Mix *,0.443677367218583
2AAxtLXjbgQxzF3oPTY0jE_5 O Clock,0.4587879313444328
6vXTefBL93Dj5IqAWq6OTv_Drop a Gem On Em,0.4722860722412608
3RGLhK1IP9jnYFH4BRFJBS_Train in Vain - Remastered,0.47963157335086803
6PXS4YHDkKvl1wkIl4V8DL_Text Me (feat. Monty),0.48482005785858046
3f9if5rJj7moycBZLcOdYG_Baggz,0.48612307246907205
31IZdHrCZ5pRhLz4zBxN3o_iTs Snowing,0.4862712923429001
2pTCZ9C1fXdaVlv6d5EIXM_Miss You (feat. Steffaloo),0.48780781377949683
3f9if5rJj7moycBZLcOdYG_Gold,0.48887124184084885
6oMuImdp5ZcFhWP0ESe6mG_Thank You God,0.5034079514401354
6H4lieipng8aGu3Hbd1UeJ_Tell Him,0.5035052110561172
