,6qqNVTkY8uBg9cP3Jd7DAH_bitches broken hearts
6qqNVTkY8uBg9cP3Jd7DAH_bitches broken hearts,0.0
1r4hJ1h58CWwUQe3MxPuau_Intro - F.A.M.E.,0.4696485399692418
0hEurMDQu99nJRq8pTxO14_I Dont Trust Myself (With Loving You),0.482119580886306
26VFTg2z8YR0cCuwLzESi2_Tokyo Narita - Freestyle,0.5048748135917763
37SQDDbylULQMBCICskLdA_Nothing Arrived,0.5094896406951159
5zzbSFZMVpvxSlWAkqqtHP_Coward,0.5271960151660063
68kEuyFKyqrdQQLLsmiatm_Surf,0.547792504867679
0hEurMDQu99nJRq8pTxO14_Gravity,0.5523065117160987
6LEeAFiJF8OuPx747e1wxR_JUNE 12TH,0.5571283056001809
5I0EPnV9gwrZYTbScjnaOk_Ela é Aquela,0.5860707059394615
6aUGlRUfGKww4IwhbK7yjY_Too Bad - Acoustic,0.5915046758899006
0z7Yuv7DuDQ5SaVn4VSlLt_Little Bird,0.5945148591635778
0K2uwmxSdZBPHmtBz54ELR_Veinte Años,0.6008170947917356
5zzbSFZMVpvxSlWAkqqtHP_Mama Made a Man Out of Daddy,0.6092290413073559
0QrowybipCKUDnq5y10PD2_Jails & Bombs,0.6152361673986418
0eRbECAGCLLiTyVXPBRexU_Ohio,0.6176285448710045
0hEurMDQu99nJRq8pTxO14_Who You Love,0.6251566940995116
3TVXtAsR1Inumwj472S9r4_Redemption,0.6336153200252816
7LLcRttKjV6PeJOlCNCYon_Naked Shower Scene,0.6427262652475053
1URnnhqYAYcrqrcwql10ft_Still Serving,0.6575920584372413
