,6s22t5Y3prQHyaHWUN1R1C_No Grass Today
6s22t5Y3prQHyaHWUN1R1C_No Grass Today,0.0
4phGZZrJZRo4ElhRtViYdl_Have It All,0.3056598882915293
1Xyo4u8uXC1ZmMpatF05PJ_Love To Lay,0.31077409766545766
"450o9jw6AtiQlQkHCdH6Ru_Fish, Chips and Sweat",0.3116509005645862
6MDME20pz9RveH9rEXvrOM_Extraordinary (feat. Sharna Bass),0.31714482679586303
7gAppWoH7pcYmphCVTXkzs_If I Was Your Man,0.317301260384338
1l8Fu6IkuTP0U5QetQJ5Xt_I'm In Love With a Monster,0.3270134509497909
1l8Fu6IkuTP0U5QetQJ5Xt_Im In Love With a Monster,0.32861781466246226
1KCSPY1glIKqW2TotWuXOR_Beautiful Trauma,0.3291787939163118
4ScCswdRlyA23odg9thgIO_Gave Me Something,0.33689006943147287
6XpaIBNiVzIetEPCWDvAFP_Tell Me No,0.3410452955145954
0p4nmQO2msCgU4IF37Wi3j_Tell Me Its Over,0.3415024667076413
2Sqr0DXoaYABbjBo9HaMkM_Say Youre Sorry,0.3456646585173838
6mpxgK8EZh8VDoe6trGF0f_Air & Water,0.3511017443511449
"1r4hJ1h58CWwUQe3MxPuau_Intro, Magia",0.35253432895448245
0p4nmQO2msCgU4IF37Wi3j_Head Above Water,0.3537253948812554
4phGZZrJZRo4ElhRtViYdl_Have It All - Easy Star All-Stars & Michael Goldwasser Reggae Mix,0.35420377391322155
56mV6FhCrg12O6mOTLxo73_True Love,0.3595018294879864
3Z02hBLubJxuFJfhacLSDc_Lets Make A Night To Remember,0.3615190569137492
7uMh23xWiuR7zsNkuNcm2G_Correct,0.3633846363144319
