,6s22t5Y3prQHyaHWUN1R1C_The Green And The Town - Track Commentary
6s22t5Y3prQHyaHWUN1R1C_The Green And The Town - Track Commentary,0.0
1iTZU6L9ZZe0YvbSIjbcbZ_Take a Knee (dialogue),0.4599652176643862
3rHl3rSgCnHhOlVB87ZxyF_Dating White Girl,0.6283163371704807
2jku7tDXc6XoB6MO2hFuqg_Guns And Roses - Skit,0.689030131133396
3rHl3rSgCnHhOlVB87ZxyF_Dance Battle,0.6995984549427886
360IAlyVv4PCEVjgyMZrxK_About Don't Look Back - Commentary,0.7756246061326089
6vXTefBL93Dj5IqAWq6OTv_Outro,0.7772161174838694
3tVc31isarO5guX1jYDYt0_Food Lines (Jfl 2002),0.8129452740609309
5a2EaR3hamoenG9rDuVn8j_Avalanche - Live from One Nite Alone Tour 2002,0.8138504989839986
3rHl3rSgCnHhOlVB87ZxyF_Los Angeles,0.8663361921850047
3rHl3rSgCnHhOlVB87ZxyF_Holidays and Getting Married,0.8694744731070891
"6gYjIUFuKIBVJfxXnmrd5P_She's a Bad Mama Jama (She's Built, She's Stacked) [Instrumental Version]",0.895396482473389
1iTZU6L9ZZe0YvbSIjbcbZ_Take a Knee - Dialogue,0.8958451506037035
2Sqr0DXoaYABbjBo9HaMkM_About Red,1.0050552965511756
1sBkRIssrMs1AbVkOJbc7a_Dope B*tch Skit,1.0069091203829699
45q3ufd1IxTWhVS6JbLX9f_I Need You,1.0575634395756184
2h93pZq0e7k5yf4dywlkpM_Facebook Story,1.063941751145339
3DiDSECUqqY1AuBP8qtaIa_Elevate (Interlude),1.066308463821586
0kEfub5RzlZOB2zGomqVSU_Ive Been Me (Interlude),1.0855538957580717
7uMh23xWiuR7zsNkuNcm2G_Gibberish - Interlude,1.0911462190351964
