,6s22t5Y3prQHyaHWUN1R1C_Infinity
6s22t5Y3prQHyaHWUN1R1C_Infinity,0.0
5CCwRZC6euC8Odo6y9X8jr_How We Do (Party),0.2728892825646733
4UXqAaa6dQYAk18Lv7PEgX_The Last Of The Real Ones,0.34073799106058034
6jJ0s89eD6GaHleKKya26X_Peacock,0.37872088519868335
1f5GqyOPo0CkotzzRwviBu_Diaper Money,0.40372962926028005
6eUKZXaKkcviH0Ku9w2n3V_The City - Live at the Bedford,0.40393681576320783
4UXqAaa6dQYAk18Lv7PEgX_HOLD ME TIGHT OR DON’T,0.4142114129311593
1Db5GsIoVWYktPoD2nnPZZ_Cuando Un Hombre Te Enamora,0.4194589036364662
3E3xrZtBU5ORqcmX78v5YZ_Island - Cold Ending,0.43257253801004336
0NGAZxHanS9e0iNHpR8f2W_Pray (feat. Conor Maynard),0.4348934030104107
3BmGtnKgCSGYIUhmivXKWX_Behind These Hazel Eyes,0.4426180992841911
34v5MVKeQnIo0CWYMbbrPf_Try,0.44757592571233684
6vXTefBL93Dj5IqAWq6OTv_I Told Em,0.45610897024442415
26dSoYclwsYLMAKD3tpOr4_Stronger,0.46088460804537085
7o95ZoZt5ZYn31e9z1Hc0a_Try,0.4613115254857915
3EiLUeyEcA6fbRPSHkG5kb_Todo el amor (feat. Maluma y Wisin),0.46532141501206625
47mIJdHORyRerp4os813jD_Legends Never Die (Alan Walker Remix),0.4655598821585984
77AiFEVeAVj2ORpC85QVJs_Holding Up The World (feat. Harrison & Albin Myers),0.46585255720882485
"1Ffb6ejR6Fe5IamqA5oRUF_No Need For Introductions, Ive Read About Girls Like You On The Backs Of Toilet Doors",0.4666125575247505
2nzhgsYReQ4JyvM4hqCs9N_You Oughta Know,0.4691116823161219
