,6sFIWsNpZYqfjUpaCgueju_All That
6sFIWsNpZYqfjUpaCgueju_All That,0.0
1tqZaCwM57UFKjWoYwMLrw_For What Its Worth,0.29458660558920025
7CajNmpbOovFoOoasH2HaY_Hard to Love (feat. Jessie Reyez),0.3066835784840096
6XpaIBNiVzIetEPCWDvAFP_Like I Never Left,0.3152657495806821
0ukgSx1gUt5rUihbNh46qy_My Troubled Heart,0.3181481856820431
6fLrPFLWLSCrp7gcTZXcKb_Tether Beat,0.3200837055193288
13saZpZnCDWOI9D4IJhp1f_Friday Night,0.32598502966219994
5y2Xq6xcjJb2jVM54GHK3t_Little Ghetto Boy (feat. Black Thought),0.3261619084476799
0ukgSx1gUt5rUihbNh46qy_Me Oh My,0.3323683416975584
2wUjUUtkb5lvLKcGKsKqsR_All We Know,0.333169040937063
2GLf7iaOOujAem5R87xwto_You Put A Smell On Me,0.33634407388095294
2YZyLoL8N0Wb9xBt1NhZWg_Average Joe,0.34292311127115044
5o206eFLx38glA2bb4zqIU_A Machine Spiritual (in the Peoples Key),0.34346766974624043
3fmMaLC5jjf2N4EC2kTx0u_Cloud City,0.35233728264036185
3miNucraVWk4hdVsIxn7id_Let The Good Times Roll,0.3536630859603807
6vWDO969PvNqNYHIOW5v0m_Rather Die Young,0.3542189567845122
21mKp7DqtSNHhCAU2ugvUw_Line Of Sight (feat. WYNNE & Mansionair),0.35478414400882186
"66CXWjxzNUsdJxJ2JdwvnR_thank u, next",0.355536250877258
5GtMEZEeFFsuHY8ad4kOxv_Ive Been Loving You Too Long,0.3568919899348915
31TPClRtHm23RisEBtV3X7_Midnight Summer Jam,0.35764377261354946
