,6TIYQ3jFPwQSRmorSezPxX_RAP DEVIL
6TIYQ3jFPwQSRmorSezPxX_RAP DEVIL,0.0
2cJyZ3relxSBT15LIGBjLL_Dirty Work (feat. Lil Dicky),0.42742511613572365
31IZdHrCZ5pRhLz4zBxN3o_11 Hour Nap,0.4331087059095185
1AWNf5CLnHH4oM1hcHiVeV_Bundle Up,0.4447550108441925
5snNHNlYT2UrtZo5HCJkiw_Lovedrunk,0.4649529773903538
2YZyLoL8N0Wb9xBt1NhZWg_ELEMENT.,0.4831479593335548
6vXTefBL93Dj5IqAWq6OTv_I Think I Love Her,0.492774409374536
2jnIB6XdLvnJUeNTy5A0J2_Big Plans,0.49298130853696276
1NfuDqaHrPg4AOSuhCPv6Y_Need a little Love,0.49778159035139696
1gkSl4XpHIHI4I1WQbfXOE_Tent In Your Pants,0.49855982494667134
3fmMaLC5jjf2N4EC2kTx0u_Bloodshot,0.4995274971643865
31W5EY0aAly4Qieq6OFu6I_Way Too Fly (feat. DaVido),0.5004247989293938
31IZdHrCZ5pRhLz4zBxN3o_Teal Tone Lobster,0.501002014480737
31IZdHrCZ5pRhLz4zBxN3o_Word Around Town,0.5117933642244766
5a2EaR3hamoenG9rDuVn8j_Satisfied,0.5195636853835709
1r4hJ1h58CWwUQe3MxPuau_Tu Cariño,0.5198277714719879
1vyhD5VmyZ7KMfW5gqLgo5_Sigo Extrañándote,0.5232143824017865
4ehtJnVumNf6xzSCDk8aLB_Somebody Im Not,0.5240526832157107
"28j8lBWDdDSHSSt5oPlsX2_Stormy Love, NM.",0.5314226688368222
6oMuImdp5ZcFhWP0ESe6mG_Get Right Witcha,0.5364905388443899
