,6TIYQ3jFPwQSRmorSezPxX_Oz.
6TIYQ3jFPwQSRmorSezPxX_Oz.,0.0
1sBkRIssrMs1AbVkOJbc7a_We Shinin,0.37446002615627055
1sBkRIssrMs1AbVkOJbc7a_The Boss,0.3759334533728382
6TIYQ3jFPwQSRmorSezPxX_Merry Go Round,0.3891678368979612
1sBkRIssrMs1AbVkOJbc7a_Santorini Greece,0.40241178101997727
1RyvyyTE3xzB2ZywiAwp0i_Covered N Money,0.4223546390876646
1Z0mCciHgfF0HSKbCllE7K_Sun Tzu (feat. N.O.R.E. & Joell Ortiz),0.42604100738827905
31IZdHrCZ5pRhLz4zBxN3o_Cross My Heart,0.4296084824052745
2whRmdcse5SpmbRZAgQv03_Going Up (feat. Cario),0.4370320064229811
0QHgL1lAIqAw0HtD7YldmP_Brown Paper Bag,0.4425735819614905
75OcDAFGCzj0qehe1mADeM_H&M Girl,0.44718788009974736
0pz4FXVMZ2ncXAjgHGOcMw_The Outro,0.45315227139496944
7LLcRttKjV6PeJOlCNCYon_Jessica WJ,0.45359414056614317
04gDigrS5kc9YWfZHwBETP_This Love,0.46432326191173806
6oMuImdp5ZcFhWP0ESe6mG_Dennis Rodman (feat. Gucci Mane),0.46686399557772995
4ubKsFJjMgWkARG6w2Qlv8_Black Ghost,0.46706560647437345
6TIYQ3jFPwQSRmorSezPxX_Gone,0.46778558956696575
1HBjj22wzbscIZ9sEb5dyf_Perfect Strangers,0.46916504405226045
4dpARuHxo51G3z768sgnrY_Cold Shoulder,0.4739852786548218
77AiFEVeAVj2ORpC85QVJs_Do Not Disturb (feat. Bella Thorne),0.4749630415538833
