,6TIYQ3jFPwQSRmorSezPxX_D3MONS
6TIYQ3jFPwQSRmorSezPxX_D3MONS,0.0
31IZdHrCZ5pRhLz4zBxN3o_Always Up,0.3923497281932853
1sBkRIssrMs1AbVkOJbc7a_Trilla Intro,0.408292980905669
29XOeO6KIWxGthejQqn793_Stonecutters,0.41794258810951357
13y7CgLHjMVRMDqxdx0Xdo_Wake Up in the Sky,0.4204457769900522
7dPIbK3i30XVv1S02G2Xqy_Coming Home,0.4272399169932264
1bPxKZtCdjB1aj1csBJpdS_Day After Day,0.4333483423477431
6icQOAFXDZKsumw3YXyusw_Out Late,0.4358668418492684
15iVAtD3s3FsQR4w1v6M0P_Going Home,0.44479519636900094
4HzKw8XcD0piJmDrrPRCYk_Pacifico,0.4479687586232219
0c173mlxpT3dSFRgMO8XPh_Mona Lisa,0.4493722788958187
1Cs0zKBU1kc0i8ypK3B9ai_Obsession (feat. JD Davis & Miss B),0.4549206026968324
1U0sIzpRtDkvu1hXXzxh60_A Message - DJ Spinn Teklife Remix,0.458245695929417
7iZtZyCzp3LItcw1wtPI3D_Start A Party,0.4584057626729898
1sBkRIssrMs1AbVkOJbc7a_Free Enterprise,0.4707418000878817
1RyvyyTE3xzB2ZywiAwp0i_Transformer (feat. Nicki Minaj),0.4746280162307764
69GGBxA162lTqCwzJG5jLp_Wake Up Alone,0.47562027402890417
1sBkRIssrMs1AbVkOJbc7a_Money Make Me Come,0.47655677093486515
15iVAtD3s3FsQR4w1v6M0P_Worries,0.479160899143168
7tzJgRZNKA2u3ntZ43DHP0_Sad Shit,0.47938131705384257
