,6V3F8MZrOKdT9fU686ybE9_Lets Get Down
6V3F8MZrOKdT9fU686ybE9_Lets Get Down,0.0
6edGSAX5dVpeJVwu1Q0NwJ_Let It All Change,0.36254681936639344
33crDRqANd3NQHJagZkQ7O_Kitsuné Hot Stream Mixed By Slchld,0.3637000049116663
58XGUNsRNu3cVOIOYk5chx_Please Don’t Leave This Town,0.3686963036854921
1OO2uAMcUCXUkFzDdsr7x7_Foolish,0.37209549460657537
5a2EaR3hamoenG9rDuVn8j_affirmation III,0.3750911593555156
3KH7WsR2JZQ94Ik8SyabU6_Chantez Chantez,0.37730597303651586
2YZyLoL8N0Wb9xBt1NhZWg_Real,0.37909881737315115
5I0EPnV9gwrZYTbScjnaOk_Escape,0.39763554074629964
3RGLhK1IP9jnYFH4BRFJBS_Rudie Cant Fail,0.40150017204988153
3VNITwohbvU5Wuy5PC6dsI_Open Sesame,0.40720413288358864
0xTjrY68V2oc6mOUKXBvv8_Somewhere Feet Have Never Tread,0.41182272295915284
5zeCSgiRyezbfLiGOpKAsR_Vegas Or Bust,0.4121157888336245
5y2Xq6xcjJb2jVM54GHK3t_Maxine,0.41380629657362084
6edGSAX5dVpeJVwu1Q0NwJ_Once In A Blue Moon,0.4140282029321794
6V3F8MZrOKdT9fU686ybE9_Get High with Me,0.41768727536880945
4S9EykWXhStSc15wEx8QFK_Immensité,0.4205994444178993
5I0EPnV9gwrZYTbScjnaOk_Black Is Beautiful,0.42400502784667415
2vm8GdHyrJh2O2MfbQFYG0_All I Want for Christmas Is You,0.42451285767398944
439CDcYGqUBISFKLBaIsG5_Latin Swing,0.4261942982223238
