,6vXTefBL93Dj5IqAWq6OTv_Fuck What Happens Tonight
6vXTefBL93Dj5IqAWq6OTv_Fuck What Happens Tonight,0.0
6vXTefBL93Dj5IqAWq6OTv_**** What Happens Tonight,0.24916384486641605
4AK6F7OLvEQ5QYCBNiQWHq_Kiss You,0.36706355024694226
0QHgL1lAIqAw0HtD7YldmP_Bring The Money Out,0.38245448721477887
"1Enp9WKfk0aI9CFi2YGBq7_Bye, Bye, Bye",0.3955733733673362
57MtJQ6Sc4tIxrXIhrqVJL_Wildlife Sculpture,0.4127239894536112
5BtHciL0e0zOP7prIHn3pP_Bury Me Alive,0.42610401255862584
26VFTg2z8YR0cCuwLzESi2_Roman Holiday,0.4447145192865073
4UXqAaa6dQYAk18Lv7PEgX_The Mighty Fall,0.44990548628624843
0cc6vw3VN8YlIcvr1v7tBL_The Dirt (Est. 1981) [feat. Machine Gun Kelly],0.458229865690991
4UXqAaa6dQYAk18Lv7PEgX_Wilson (Expensive Mistakes),0.4626476137517709
4UXqAaa6dQYAk18Lv7PEgX_Our Lawyer Made Us Change The Name Of This Song So We Wouldnt Get Sued,0.46841689792247765
7fIvjotigTGWqjIz6EP1i4_I Got A Feeling,0.47873655755920785
4UXqAaa6dQYAk18Lv7PEgX_Favorite Record,0.48085764972797307
1KCSPY1glIKqW2TotWuXOR_So What,0.48101092109618926
4AqIRTZF6DDmKmdorgFug6_Im Becoming You,0.4858007350474917
04gDigrS5kc9YWfZHwBETP_Shiver,0.4859451853890116
0vEsuISMWAKNctLlUAhSZC_Los Angeles,0.4859880288435922
1KCSPY1glIKqW2TotWuXOR_My Signature Move,0.4870158452607562
1Ffb6ejR6Fe5IamqA5oRUF_heavy metal (feat. Rahzel),0.48964373836803105
