,6vXTefBL93Dj5IqAWq6OTv_I Aint No Loverboy
6vXTefBL93Dj5IqAWq6OTv_I Aint No Loverboy,0.0
4O5EDKGt6YC5IXkOArVqk3_Come Around,0.39278521663451993
5y2Xq6xcjJb2jVM54GHK3t_Hard Times (feat. Black Thought),0.4083813439329146
7IVVt6Y0R75H4tfpL4EWmz_The Perfect Kiss,0.41511165246623827
6clbbhnIqpHnqxwtOWcilg_My Grownup Christmas List,0.4185885802401476
"6clbbhnIqpHnqxwtOWcilg_Jesus, Oh What a Wonderful Child",0.4317661353953191
1tqZaCwM57UFKjWoYwMLrw_Great Divide,0.4368002078927202
6QobJ3vnalBTlsdOrvQTIt_Peace of Mind,0.4392950019454017
6clbbhnIqpHnqxwtOWcilg_Forever Blue,0.45198415748300674
51Blml2LZPmy7TTiAg47vQ_Elvis Presley And America - Remastered 2009,0.455050033818697
2g3PKH7Z1Ofn5oGR6oDjLy_On The Road Again,0.458419322209401
3Z02hBLubJxuFJfhacLSDc_Get Off My Back - Soundtrack Version,0.4670433510199339
3Z02hBLubJxuFJfhacLSDc_You Can't Take Me - Soundtrack Version,0.48533403126893143
7rRz5zPounzREHN0cIrYhS_Hallocrites,0.48872389038465996
0jnrgkvyi8Mv2hryBgC35d_Nuclear,0.4902996346817096
3XlIhgydjvC4EniPFZT20j_An Angel Gets Its Wings,0.49250270231591453
2VIoWte1HPDbZ2WqHd2La7_Can I Go On (From Shell Shock),0.4927206106173961
3KH7WsR2JZQ94Ik8SyabU6_Dogon - Live,0.49450635952289734
3PhoLpVuITZKcymswpck5b_Latitude,0.4995083237774936
0jnrgkvyi8Mv2hryBgC35d_Climax,0.5029567183281327
