,6vXTefBL93Dj5IqAWq6OTv_Weed & Drinks
6vXTefBL93Dj5IqAWq6OTv_Weed & Drinks,0.0
7qG3b048QCHVRO5Pv1T5lw_No Me Digas Que No,0.4127226232642756
1f5GqyOPo0CkotzzRwviBu_YOLO,0.47313101584829104
69GGBxA162lTqCwzJG5jLp_This Feeling - Afrojack & Disto Remix,0.512520813423919
7qG3b048QCHVRO5Pv1T5lw_I Like It,0.5160242731829127
6vXTefBL93Dj5IqAWq6OTv_I Want It,0.5226392204050733
5a2EaR3hamoenG9rDuVn8j_Chelsea Rodgers,0.5262835231681358
5CCwRZC6euC8Odo6y9X8jr_Fall In Love,0.5304775763281813
5YGY8feqx7naU7z4HrwZM6_Cant Be Tamed,0.5329572686222138
5P5FTygHyx2G57oszR3Wot_No Surprise,0.5331246378335198
1106z5vBDKCXowfWQmOLoX_MY WAY,0.5390251721306929
1Cs0zKBU1kc0i8ypK3B9ai_Open Your Eyes,0.5425136394330694
3TVXtAsR1Inumwj472S9r4_Best I Ever Had,0.5459349023948493
7qG3b048QCHVRO5Pv1T5lw_There Goes My Baby,0.5507710041197769
1vCWHaC5f2uS3yhpwWbIA6_Pure Grinding,0.552743731685573
77AiFEVeAVj2ORpC85QVJs_Lie To Me (feat. Ina Wroldsen),0.5563197150378316
5WUlDfRSoLAfcVSX1WnrxN_Sweet Design,0.557375051310713
1KCSPY1glIKqW2TotWuXOR_Bad Influence,0.5594493539144642
053q0ukIDRgzwTr4vNSwab_Artangels,0.5612001532417911
5YGY8feqx7naU7z4HrwZM6_7 Things,0.5633389090715577
