,6vXTefBL93Dj5IqAWq6OTv_Different Lane
6vXTefBL93Dj5IqAWq6OTv_Different Lane,0.0
5o206eFLx38glA2bb4zqIU_Beginners Mind,0.33960799733781505
5Z1CCuBsyhEHngq3U5IraY_I Did It For You,0.3776626939144793
0Grjlu7ncIuCaSYvCs9fcd_You Get What You Give,0.3976972778731981
6vXTefBL93Dj5IqAWq6OTv_You Gotta Feel Us,0.39826270704199884
51Blml2LZPmy7TTiAg47vQ_Last Night On Earth,0.39875313948061036
59pWgeY26Q6yJy37QvJflh_D.O.A.,0.39896388951591005
0C8ZW7ezQVs4URX5aX7Kqx_Bidi Bidi Bom Bom,0.4040399366614618
04gDigrS5kc9YWfZHwBETP_She Will Be Loved - Live,0.40787059245775625
2HcwFjNelS49kFbfvMxQYw_Ghosts,0.4131055193144034
3RGLhK1IP9jnYFH4BRFJBS_Magnificent Seven (Return) - Live at Shea Stadium,0.41436337020358716
2uH0RyPcX7fnCcT90HFDQX_Your Love Alone Is Not Enough (feat. Nina Persson),0.41919092910961975
5Rl15oVamLq7FbSb0NNBNy_Heartache On The Big Screen,0.4195864981671697
3Z02hBLubJxuFJfhacLSDc_East Side Story,0.4196559141022652
4ntkql3f3ect7NDRUJ7aAY_Strut - From The Cheetah Girls 2,0.4206326224694118
4EENT7N7rCBwrddM3s0vFS_Corner Of The Sky,0.42113187942305386
2qxJFvFYMEDqd7ui6kSAcq_I Want You To Know,0.4235021354718939
51Blml2LZPmy7TTiAg47vQ_Walk On,0.42473852733209333
4RddZ3iHvSpGV4dvATac9X_lovehatetragedy,0.429163290063273
51Blml2LZPmy7TTiAg47vQ_When I Look At The World,0.4299183838517326
