,6vXTefBL93Dj5IqAWq6OTv_Ya Heard Me
6vXTefBL93Dj5IqAWq6OTv_Ya Heard Me,0.0
0QHgL1lAIqAw0HtD7YldmP_Go Hard,0.4239387004639927
67qogtRNI0GjUr8PlaG6Zh_Blood Brother,0.4419748052271304
77AiFEVeAVj2ORpC85QVJs_No Time (feat. Jimmy October),0.45933934644844016
6sFIWsNpZYqfjUpaCgueju_Now That I Found You,0.4633598746698812
6yhD1KjhLxIETFF7vIRf8B_Friendly Reminder,0.48101471898752296
1HY2Jd0NmPuamShAr6KMms_Monster,0.48205864646724633
0KydPQPUUoTNhmiHKOg5Er_Future Sick,0.5036644390336443
2GLf7iaOOujAem5R87xwto_Bad Ones (feat. Tegan and Sara),0.5090422982281181
4Ui2kfOqGujY81UcPrb5KE_Days Are Gone,0.5147649741556507
40Yq4vzPs9VNUrIBG5Jr2i_Monuments,0.5159815643012968
6vXTefBL93Dj5IqAWq6OTv_Porno Star,0.5204365044150171
0QHgL1lAIqAw0HtD7YldmP_We Global,0.532615510141124
04gDigrS5kc9YWfZHwBETP_Moves Like Jagger - Live In Manchester,0.5345048950848268
3CjlHNtplJyTf9npxaPl5w_Clearest Blue,0.5377290143709857
6jJ0s89eD6GaHleKKya26X_Walking On Air,0.53835400290791
5P5FTygHyx2G57oszR3Wot_The World We Knew,0.5385845963825332
1Cs0zKBU1kc0i8ypK3B9ai_Choose (feat. Ne-Yo & Kelly Rowland),0.5409565971990216
7qG3b048QCHVRO5Pv1T5lw_Still Your King,0.5423511410209932
"6vXTefBL93Dj5IqAWq6OTv_No, No, No ( Hey We Love You)",0.5452853255909983
