,6vXTefBL93Dj5IqAWq6OTv_You Gotta Feel Us
6vXTefBL93Dj5IqAWq6OTv_You Gotta Feel Us,0.0
59pWgeY26Q6yJy37QvJflh_D.O.A.,0.33403466085927924
2HcwFjNelS49kFbfvMxQYw_Ghosts,0.36604347783023516
5o206eFLx38glA2bb4zqIU_Classic Cars,0.3675055115453513
6H4lieipng8aGu3Hbd1UeJ_My Heart Would Take You Back (JRMX Club Mix),0.37362070673674924
0X2BH1fck6amBIoJhDVmmJ_Wish I Stayed,0.3799483614460989
1vCWHaC5f2uS3yhpwWbIA6_Lay Me Down - Avicii By Avicii,0.3867393325438397
1KCSPY1glIKqW2TotWuXOR_Sober,0.3888160635404059
02kJSzxNuaWGqwubyUba0Z_Saw It Coming (from the Ghostbusters Original Motion Picture Soundtrack),0.3922214837875352
0c173mlxpT3dSFRgMO8XPh_Its Time,0.3928193334832688
0C8ZW7ezQVs4URX5aX7Kqx_Bidi Bidi Bom Bom,0.39409109265538295
5Rl15oVamLq7FbSb0NNBNy_Long Way Home,0.39555732355116024
6vXTefBL93Dj5IqAWq6OTv_Different Lane,0.39826270704199884
2qxJFvFYMEDqd7ui6kSAcq_I Want You To Know,0.40013756377871834
6edGSAX5dVpeJVwu1Q0NwJ_Wish,0.4078861963569381
4c4aEmXU6Hx95REbIZ3S82_Painkiller,0.41010841980486923
5o206eFLx38glA2bb4zqIU_I Must Belong Somewhere,0.4125246491017889
6vXTefBL93Dj5IqAWq6OTv_Actin Up,0.4172326365297681
3VNITwohbvU5Wuy5PC6dsI_Salute To The Ladies,0.4179423154327134
7o95ZoZt5ZYn31e9z1Hc0a_These Words - Lenny B Radio Mix,0.41879061476175317
