,6XpaIBNiVzIetEPCWDvAFP_Where Do Broken Hearts Go
6XpaIBNiVzIetEPCWDvAFP_Where Do Broken Hearts Go,0.0
6XpaIBNiVzIetEPCWDvAFP_Jesus Loves Me,0.29934790374402465
4iHNK0tOyZPYnBU7nGAgpQ_I Dont Wanna Cry,0.32551011012816766
6vXTefBL93Dj5IqAWq6OTv_Dopeman,0.3859713930697878
6vXTefBL93Dj5IqAWq6OTv_Dope Man,0.3859713930697878
6XpaIBNiVzIetEPCWDvAFP_You Give Good Love,0.3994487639488453
6XpaIBNiVzIetEPCWDvAFP_I Know Him So Well - from Chess,0.4033281845835385
2BTZIqw0ntH9MvilQ3ewNY_Heartaches by the Number - Live From Spotify NYC,0.4056387370529769
7G1GBhoKtEPnP86X2PvEYO_Jelly Roll - Remastered,0.410328450384009
3tpobJxn6RQfhiPZiIJsVT_Big Ass Liar,0.4176506465877928
"0x83OBqixqdCHnStP5VMcn_Oh, What A Waste Of Love",0.4191013073964522
5zaXYwewAXedKNCff45U5l_Never Love Again,0.4224135233337384
2sBPVEeMBXKNsZtYaJixnJ_Say Goodbye,0.42754404397038764
"74ASZWbe4lXaubB36ztrGX_Queen Jane Approximately - Live at Autzen Stadium, Eugne, OR - July 1987",0.42842383329389894
5g3uG8zZZANGT6YOssgjfC_All My Bells Are Ringing,0.433472590392689
6clbbhnIqpHnqxwtOWcilg_Cant Get You Outta My Heart,0.43516314905288
2g3PKH7Z1Ofn5oGR6oDjLy_The Witch,0.43694167524809757
0x83OBqixqdCHnStP5VMcn_Will You Love Me Tomorrow,0.43722856352653733
7G1GBhoKtEPnP86X2PvEYO_Com By HYere Good Lord - Remastered,0.4380194609872687
6clbbhnIqpHnqxwtOWcilg_Hold On,0.4393329437842041
