,6XpaIBNiVzIetEPCWDvAFP_Run to You
6XpaIBNiVzIetEPCWDvAFP_Run to You,0.0
4iHNK0tOyZPYnBU7nGAgpQ_Jesus Born on This Day,0.3431262266774847
"0MponVSpW81oLvJZ53vYZH_Someday, Someway",0.35570266037178044
3DiDSECUqqY1AuBP8qtaIa_Fire We Make,0.38355299940213705
2g3PKH7Z1Ofn5oGR6oDjLy_Youre In Love,0.38615022338993926
1eYhYunlNJlDoQhtYBvPsi_Hey Girl (with Michael McDonald),0.38941194557876846
4RddZ3iHvSpGV4dvATac9X_I Love Babies,0.41497692244701084
6XpaIBNiVzIetEPCWDvAFP_Where You Are,0.42701965680077614
3XlIhgydjvC4EniPFZT20j_Take A Walk Through Bethlehem,0.4334621964086963
4cPHsZM98sKzmV26wlwD2W_Jingle Bell Rock,0.43454843323179276
3z5dNUhKpvMAXqSz6WhoKc_Smilin,0.43598981519279917
1tqZaCwM57UFKjWoYwMLrw_Iron Man,0.43760279974084826
7G1GBhoKtEPnP86X2PvEYO_Poppies - Remastered,0.44459318689957467
5dKj3B0vI9B2sYxJx9Yfvz_Atrevete,0.4498861774537271
2BTZIqw0ntH9MvilQ3ewNY_Begging To You,0.4598326038198032
2VIoWte1HPDbZ2WqHd2La7_You Showed Me,0.46013181733910097
3XlIhgydjvC4EniPFZT20j_For the Last Time,0.4617430163856157
6ZW2WjjlDrwwEgT4ZexufR_Dougou Badia (feat. Santigold),0.4623418854062748
2g3PKH7Z1Ofn5oGR6oDjLy_Brown Eyed Girl,0.4627498397372918
3DiDSECUqqY1AuBP8qtaIa_If I Aint Got You - Kanye West Radio Mix #1,0.4630961291591646
