,6XpaIBNiVzIetEPCWDvAFP_I Have Nothing
6XpaIBNiVzIetEPCWDvAFP_I Have Nothing,0.0
7o95ZoZt5ZYn31e9z1Hc0a_Piece of Your Heart,0.36985510474755756
2BTZIqw0ntH9MvilQ3ewNY_I Want To Be A Cowboys Sweetheart (feat. Jewel),0.41578484974735996
2tFN9ubMXEhdAQvdQxcsma_Breath of Heaven (Marys Song),0.415929055785848
5MlfccEEOw6kihsT8eQtbh_La Tortilla,0.4576646409327281
3zD5liDjbqljSRorrrcEjs_Standing On The Last Star,0.4604615758915912
4cPHsZM98sKzmV26wlwD2W_Jingle Bell Rock,0.4634220876121473
7G1GBhoKtEPnP86X2PvEYO_O-o-h Child - Remastered,0.4772815383385329
1DVs21DjifVH0pgsjPlokN_96 Tears,0.481497303839088
450o9jw6AtiQlQkHCdH6Ru_Im Never Gonna Tell It,0.49010279161651066
2VIoWte1HPDbZ2WqHd2La7_On a Summer's Day - Remastered,0.4919200286577807
5zaXYwewAXedKNCff45U5l_I Cant Make It Alone,0.49740292456106483
3KH7WsR2JZQ94Ik8SyabU6_Sans Toi,0.4990813241825079
7rewR1TVjhisjI6gauUamf_What A Nice Way To Turn 17,0.4998606021245409
6iLtzRA7QzhDTpcZqd2trr_Othiawere,0.5006973408009124
5a2EaR3hamoenG9rDuVn8j_Electric Intercourse - Studio Version,0.500975984788065
5zaXYwewAXedKNCff45U5l_Another Night,0.5050341571380069
2O0Hw1WSMbskB5tD9aWah3_Lets Put It All Together,0.5070095681491035
3yiQL6Y61mT9RjKIM65lMH_Sarandonga,0.5183696358475387
1eYhYunlNJlDoQhtYBvPsi_You Dont Know Me (with Diana Krall),0.5184623119436428
