,6yhD1KjhLxIETFF7vIRf8B_Strangers Again
6yhD1KjhLxIETFF7vIRf8B_Strangers Again,0.0
0FWzNDaEu9jdgcYTbcOa4F_Starstrukk,0.27664785597414937
7MC5zmK3iZHzPqGZEVSROe_Ego Free Sex Free,0.2788402935850443
26VFTg2z8YR0cCuwLzESi2_Castle,0.33084980453965546
5K4W6rqBFWDnAN6FQUkS6x_The New Workout Plan,0.33965885599709666
3VNITwohbvU5Wuy5PC6dsI_Winter Wonderland,0.3431954469436024
2HcwFjNelS49kFbfvMxQYw_Bongo Bong And Je Ne TAime Plus,0.3436438135046413
0c173mlxpT3dSFRgMO8XPh_Memories (Part II),0.3439817035232991
7DMveApC7UnC2NPfPvlHSU_I Love It,0.35393175748071254
4gzpq5DPGxSnKTe4SA8HAU_Miracles (Someone Special),0.35597011910542903
0C8ZW7ezQVs4URX5aX7Kqx_Save The Day,0.36136580433496757
6sFIWsNpZYqfjUpaCgueju_More Than A Memory,0.362489607700894
7gAppWoH7pcYmphCVTXkzs_Its A Lie,0.36945518870109356
4RddZ3iHvSpGV4dvATac9X_Top of the World,0.37128140737447074
6HdYUuBeK3g2MA2wGVCDcn_Lets Make Love,0.3738175687320299
2kCcBybjl3SAtIcwdWpUe3_Leanin,0.3749083631817047
1Cs0zKBU1kc0i8ypK3B9ai_Love Dont Let Me Go,0.37532773475717224
7CajNmpbOovFoOoasH2HaY_Blue,0.37556536816503844
7MC5zmK3iZHzPqGZEVSROe_I Wanna Dance with Somebody,0.37695273220801523
1l7ZsJRRS8wlW3WfJfPfNS_Just Be Free,0.3791256012115371
