,74ASZWbe4lXaubB36ztrGX_I Feel a Change Comin On
74ASZWbe4lXaubB36ztrGX_I Feel a Change Comin On,0.0
3qnGvpP8Yth1AqSBMqON5x_Better Man - Live at SXSW 2015,0.2703728547681568
3MFw6mcZwQrpgVwyzVP4RB_Never Letting,0.29863945968453226
74ASZWbe4lXaubB36ztrGX_If You Ever Go to Houston,0.31009693374900105
5zeCSgiRyezbfLiGOpKAsR_Head Over Heels (Instrumental),0.32565140252897845
26dSoYclwsYLMAKD3tpOr4_(I Cant Get No) Satisfaction,0.34890303932715383
5zeCSgiRyezbfLiGOpKAsR_Stronger,0.35230291649590895
0PGB0xsAyDqHHlvNQcgq5S_Closer,0.36042494939515884
6JL8zeS1NmiOftqZTRgdTz_Better When Im Dancin,0.36978980785657
6HdYUuBeK3g2MA2wGVCDcn_Looking for Love,0.3730232199141742
1tqZaCwM57UFKjWoYwMLrw_Junk Of The Hearts,0.375356377021624
1AWNf5CLnHH4oM1hcHiVeV_Summer Jam,0.3758553307746372
5snNHNlYT2UrtZo5HCJkiw_Ignition (feat. 나윤권),0.383438443899433
2HcwFjNelS49kFbfvMxQYw_Good People,0.3835303819718808
77SW9BnxLY8rJ0RciFqkHh_To,0.38872200017276165
4EENT7N7rCBwrddM3s0vFS_Live,0.38892844300657675
2QMMktUMtwMSwUZATX1cRO_Possum Kingdom,0.3897855844162307
1AWNf5CLnHH4oM1hcHiVeV_Swimsuits,0.39063021410720267
1gkSl4XpHIHI4I1WQbfXOE_Trick Or Treat,0.39703760809687627
3HqSLMAZ3g3d5poNaI7GOU_Fairytale,0.3994960202859624
