,74ASZWbe4lXaubB36ztrGX_O Little Town of Bethlehem
74ASZWbe4lXaubB36ztrGX_O Little Town of Bethlehem,0.0
6s22t5Y3prQHyaHWUN1R1C_Growing Old on Bleecker Street,0.315975035402504
3JhNCzhSMTxs9WLGJJxWOY_Intentions (feat. Dan Caplen),0.3295506383600842
6QobJ3vnalBTlsdOrvQTIt_Blue Eyed Girl,0.346098912162951
3WGpXCj9YhhfX11TToZcXP_Animal,0.36937865868018616
7n2wHs1TKAczGzO7Dd2rGr_Dont Be A Fool - MTV Unplugged,0.37223731091691087
7n2wHs1TKAczGzO7Dd2rGr_Don't Be A Fool - MTV Unplugged,0.37223731091691087
3JhNCzhSMTxs9WLGJJxWOY_Miracle (feat. Dan Caplen),0.37238969287653984
5zzbSFZMVpvxSlWAkqqtHP_Sickle and Hood,0.3833995134664973
3JhNCzhSMTxs9WLGJJxWOY_Wednesday Morning,0.39254739022403934
5zeCSgiRyezbfLiGOpKAsR_Every Night,0.4096007690466366
"0vEsuISMWAKNctLlUAhSZC_Sullivan Street - 1994 Live At Elysée Montmartre, Paris",0.41754536508944
4WLoEXu4C2C2YZshOvGL0O_A Great Time,0.4187996550325056
4bYPcJP5jwMhSivRcqie2n_Yesterday - The Voice Performance,0.42865537645672896
2vm8GdHyrJh2O2MfbQFYG0_Giving Up,0.4319649792960321
4S9EykWXhStSc15wEx8QFK_Plus quailleurs,0.45323396314833114
6jJ0s89eD6GaHleKKya26X_The One That Got Away - Acoustic,0.4602167417325393
37eqxl8DyLd5sQN54wYJbE_Passing Clouds,0.46153410822919144
"0dTj3SqwE8kPnCzyzvYzhT_Cigarette (Feat. Tablo, MISO)",0.4629925088772383
5a2EaR3hamoenG9rDuVn8j_Walk In Sand,0.4761290967554864
