,74ASZWbe4lXaubB36ztrGX_Christmas Island
74ASZWbe4lXaubB36ztrGX_Christmas Island,0.0
5g3uG8zZZANGT6YOssgjfC_Unique,0.28987879086570145
4EENT7N7rCBwrddM3s0vFS_Living Upside Down,0.31336759966654426
4kI8Ie27vjvonwaB2ePh8T_Work All Day,0.32040093482544296
2HcwFjNelS49kFbfvMxQYw_Super Tony,0.3357592132307787
2sBPVEeMBXKNsZtYaJixnJ_Creature Comfort,0.34342444963829605
3fmMaLC5jjf2N4EC2kTx0u_Vector,0.35094148648661194
1RyvyyTE3xzB2ZywiAwp0i_Blood Sweat Tears,0.35335678608726123
2BTZIqw0ntH9MvilQ3ewNY_Rollin And Tumblin,0.3648233207402776
360IAlyVv4PCEVjgyMZrxK_Quickie,0.3673484711115634
55LHFEtIplWhsfyWZUwkf4_Oh Yeah,0.36761538624115836
7Ln80lUS6He07XvHI8qqHH_Anyways,0.3678853085905708
3PhoLpVuITZKcymswpck5b_Dark Diamond,0.37193676860041675
57xdnSVt4ahJCIXYLieQ25_Love Is All Around,0.37356570177297477
"5CG9X521RDFWCuAhlo6QoR_I.T.T. (International Thief Thief), Pt. 1 & 2",0.3739929024114903
6OiHleP2bHM18dXq4aZQWt_Dreaming of You,0.3740904599729771
5zzrJD2jXrE9dZ1AklRFcL_Backlash & Vinegar,0.37730346863058245
7lMgpN1tEBQKpRoUMKB8iw_Comme moi (feat. Shakira),0.379322059291664
4kI8Ie27vjvonwaB2ePh8T_Lay Me Back Down,0.3797894421123646
5snNHNlYT2UrtZo5HCJkiw_LOVE STORY,0.3798970609820175
