,74ASZWbe4lXaubB36ztrGX_All or Nothing at All
74ASZWbe4lXaubB36ztrGX_All or Nothing at All,0.0
74ASZWbe4lXaubB36ztrGX_All The Way,0.31301872877934844
74ASZWbe4lXaubB36ztrGX_Young At Heart,0.36442771396122864
74ASZWbe4lXaubB36ztrGX_Polka Dots And Moonbeams,0.38493119245735896
74ASZWbe4lXaubB36ztrGX_Nevertheless,0.3964986669914707
74ASZWbe4lXaubB36ztrGX_On a Little Street in Singapore,0.4000541007829443
74ASZWbe4lXaubB36ztrGX_It Had to be You,0.4413083117249206
5I0EPnV9gwrZYTbScjnaOk_Canção Pequenina - 2011 Remaster,0.47505881933916355
5I0EPnV9gwrZYTbScjnaOk_Parabéns - Misa Negra Remix,0.4959575457519085
74ASZWbe4lXaubB36ztrGX_Come Rain or Come Shine,0.49768281157659094
2ysnwxxNtSgbb9t1m2Ur4j_Angry Hill,0.5663710553403377
74ASZWbe4lXaubB36ztrGX_Maybe Youll Be There,0.5753797554947998
5MlfccEEOw6kihsT8eQtbh_Nostalgia Habanera,0.6403084395020229
5zzrJD2jXrE9dZ1AklRFcL_Honeydew,0.6917690005902877
7G1GBhoKtEPnP86X2PvEYO_For Myself,0.6972100065711933
7G1GBhoKtEPnP86X2PvEYO_Four Women,0.6998978737178266
0YC192cP3KPCRWx8zr8MfZ_There He Is,0.7132534592771766
5MlfccEEOw6kihsT8eQtbh_Whisper the Word Love Delirio,0.7285108850602369
0x83OBqixqdCHnStP5VMcn_Dedicated to the One I Love,0.7597386603337335
5MlfccEEOw6kihsT8eQtbh_Wabble-Cha,0.7651676048134479
