,74ASZWbe4lXaubB36ztrGX_Handy Dandy
74ASZWbe4lXaubB36ztrGX_Handy Dandy,0.0
2g3PKH7Z1Ofn5oGR6oDjLy_High Times,0.3561484150726086
3XlIhgydjvC4EniPFZT20j_Reindeer Boogie,0.3694807727470891
58XGUNsRNu3cVOIOYk5chx_Lovely One,0.3702155450221405
3RGLhK1IP9jnYFH4BRFJBS_Lost in the Supermarket,0.3728038566380549
7zsin6IgVsR1rqSRCNYDwq_I Played Drums On This,0.37598014511381195
5zaXYwewAXedKNCff45U5l_I Dont Want To Hear It Anymore,0.3850699763879139
0KydPQPUUoTNhmiHKOg5Er_Slumlord,0.39261835290093905
1pA5zFySxxDgq2AjFNyAE8_Liquiriquita,0.40241080871106555
1uNFoZAHBGtllmzznpCI3s_Christmas Eve,0.40719963325809194
3zunDAtRDg7kflREzWAhxl_Be Hurt,0.414002401886383
3zunDAtRDg7kflREzWAhxl_Bombs Away,0.41699170140958514
2VIoWte1HPDbZ2WqHd2La7_Aint Gonna Party No More,0.41733588227077356
3PhoLpVuITZKcymswpck5b_Loves Got A Lot To Answer For,0.42179073689467683
6clbbhnIqpHnqxwtOWcilg_Celebrate Me Home,0.4310151301863613
7G1GBhoKtEPnP86X2PvEYO_The Long and Winding Road - Outtake,0.43143198493953117
5zeCSgiRyezbfLiGOpKAsR_Run Away With Me (Instrumental),0.43446084063241586
0MponVSpW81oLvJZ53vYZH_Knock On My Door,0.43863257444674886
3PhoLpVuITZKcymswpck5b_House,0.4393240673364458
7rewR1TVjhisjI6gauUamf_Da Doo Ron Ron,0.44018858022233504
