,74ASZWbe4lXaubB36ztrGX_Lonesome Day Blues
74ASZWbe4lXaubB36ztrGX_Lonesome Day Blues,0.0
4phGZZrJZRo4ElhRtViYdl_O. Lover,0.2456410785777851
0EmeFodog0BfCgMzAIvKQp_Ojos Así,0.26374546254865094
3KH7WsR2JZQ94Ik8SyabU6_Unissons Nous (feat. Keziah Jones),0.26569596206542173
4yvcSjfu4PC0CYQyLy4wSq_Pork Soda,0.27008288185955975
6ewMqjrF31lC8ywRsvm073_This I Swear,0.27099771200183487
0B3N0ZINFWvizfa8bKiz4v_Ex,0.2828816782332062
06HL4z0CvFAxyc27GXpf02_I Did Something Bad,0.2835750261679266
7qG3b048QCHVRO5Pv1T5lw_La Chica De Ayer,0.29788374288300906
2GLf7iaOOujAem5R87xwto_Slowdance,0.2993317423713468
3PhoLpVuITZKcymswpck5b_Claw Hammer,0.30618482435377115
6TIYQ3jFPwQSRmorSezPxX_All We Have,0.307021673971759
4kI8Ie27vjvonwaB2ePh8T_Atomic Man,0.30845780608541584
74ASZWbe4lXaubB36ztrGX_Honest with Me,0.3099912387379015
3VNITwohbvU5Wuy5PC6dsI_My Body,0.3102411448511947
3BmGtnKgCSGYIUhmivXKWX_Heat - Niko The Kid Remix,0.311486668106119
5Z1CCuBsyhEHngq3U5IraY_The Difference,0.3123026385036524
63MQldklfxkjYDoUE4Tppz_Road Blaster,0.31288400531055816
5CG9X521RDFWCuAhlo6QoR_Eko,0.3187698478376458
34v5MVKeQnIo0CWYMbbrPf_All My Heart,0.32654815613335647
