,74ASZWbe4lXaubB36ztrGX_Standing in the Doorway
74ASZWbe4lXaubB36ztrGX_Standing in the Doorway,0.0
5zzbSFZMVpvxSlWAkqqtHP_Burden,0.3912062364421381
3zD5liDjbqljSRorrrcEjs_Take Me Home,0.4143647340705489
72qs8dHxUfn7lB9cYxQvIF_One Last Pay Day,0.4157342008403464
6G7OerKc3eBO9sVkRNopFC_The Sleepwalker,0.4223760800155028
5zzbSFZMVpvxSlWAkqqtHP_For The Hard Road,0.45139218727601
72qs8dHxUfn7lB9cYxQvIF_Whiskey Come to Me on Sunday,0.45153594334350977
2MG46ekjBSFwPgzoIZvHFU_Like A Fool,0.4672022892372093
7G1GBhoKtEPnP86X2PvEYO_Tanywey - Remastered,0.4755516130146595
6G7OerKc3eBO9sVkRNopFC_Mr. Gallo,0.49456789404804075
5I0EPnV9gwrZYTbScjnaOk_Que Que Tem,0.5023472821636252
12VaqyEhgwDRuFfEqbnrpz_To Talk To You,0.5033917741968715
3SzIzpOIDpgwKNWaKL4FG4_Jacks Speech,0.5074298500301967
3zunDAtRDg7kflREzWAhxl_Some Friend,0.5167302086500345
2g3PKH7Z1Ofn5oGR6oDjLy_Lucille Slippin And Slidin,0.5327945333717905
5snNHNlYT2UrtZo5HCJkiw_Goodbye (Outro),0.5455982996564105
10AY17ALos2o3akPqrPydw_Up Still,0.5498975796440314
6f1YthbbEpu9qHzOUW2UYI_Nebula,0.5543704574306049
4NgNsOXSwIzXlUIJcpnNUp_Drifting,0.557718766245783
5a2EaR3hamoenG9rDuVn8j_77 Beverly Park,0.5601297104647969
