,755pQSGUy6rtPrUCbnJTvi_Atomic Bomb - William Onyeabor vs. Hot Chip
755pQSGUy6rtPrUCbnJTvi_Atomic Bomb - William Onyeabor vs. Hot Chip,0.0
4kYvjCmlWP4qTj6WyJEues_I Will Never,0.3559790778772331
4V8LLVI7PbaPR0K2TGSxFF_Hot Chocolate (feat. Jerry Paper),0.38913809828822293
50co4Is1HCEo8bhOyUWKpn_On The Run (feat. Offset),0.39315200589200966
1WHoAjAWGx5qLsgzpaOk7W_The Key,0.3977393475562586
5snNHNlYT2UrtZo5HCJkiw_Over,0.4037189752794859
4phGZZrJZRo4ElhRtViYdl_Love Someone,0.408292325909847
5snNHNlYT2UrtZo5HCJkiw_말로맨 Maloman,0.421739700659061
7aLHneqCWeJ3CIHxF40znO_Fork in the Road,0.42634014444534457
"4EENT7N7rCBwrddM3s0vFS_Standing Up, Sitting Down",0.4344192093199124
738wLrAtLtCtFOLvQBXOXp_Midnight Starring - Mixed,0.4350578780264448
1RyvyyTE3xzB2ZywiAwp0i_Neva Missa Lost,0.43710281290474806
57MtJQ6Sc4tIxrXIhrqVJL_Would You Want Me,0.43975226106337156
7G1GBhoKtEPnP86X2PvEYO_Loves Been Good to Me - Remastered,0.44647656268074365
1DvtabXAjfrMihPP6JQdHs_Think About It,0.44996254894397
0ZED1XzwlLHW4ZaG4lOT6m_Anxiety (with Selena Gomez),0.4530070172704403
4S9EykWXhStSc15wEx8QFK_Si cétait à refaire,0.45939126003217085
5I0EPnV9gwrZYTbScjnaOk_The Answer (A Resposta) - Ao Vivo,0.459597222348095
3JhNCzhSMTxs9WLGJJxWOY_Zara (feat. Abir),0.47000481003540645
1Xyo4u8uXC1ZmMpatF05PJ_Attention,0.4709794982987447
