,776Uo845nYHJpNaStv1Ds4_Fire
776Uo845nYHJpNaStv1Ds4_Fire,0.0
2P560DaOMNDUACoH8ZhOCR_So Sad About Us - Live,0.31545461518780077
3RGLhK1IP9jnYFH4BRFJBS_Tommy Gun,0.33072000306179167
2sBPVEeMBXKNsZtYaJixnJ_Tomorrows Only Yesterday,0.34482924844325163
776Uo845nYHJpNaStv1Ds4_Foxey Lady - Afternoon Show,0.3558471660180364
3RGLhK1IP9jnYFH4BRFJBS_English Civil War,0.3593948420594783
67ea9eGLXYMsO2eYQRui3w_The Real Me,0.3677238303661982
450o9jw6AtiQlQkHCdH6Ru_Cosmic Slop,0.373417610532723
1LB8qB5BPb3MHQrfkvifXU_Surrender,0.38014308445715517
3Z02hBLubJxuFJfhacLSDc_When Youre Gone,0.3802872389009332
3Z02hBLubJxuFJfhacLSDc_When You're Gone,0.3802872389009332
776Uo845nYHJpNaStv1Ds4_I Dont Live Today,0.396803294308563
7Ln80lUS6He07XvHI8qqHH_Teddy Picker,0.4011401101714091
58XGUNsRNu3cVOIOYk5chx_Standing At The Station,0.4229412376607803
40Yq4vzPs9VNUrIBG5Jr2i_Violet Rays,0.4288618626097895
2QmLFuIDtNDmmJY3OtvinN_Bitch,0.4294667734865909
40Yq4vzPs9VNUrIBG5Jr2i_Panopticon,0.4305867834623962
776Uo845nYHJpNaStv1Ds4_Purple Haze,0.43916399605699036
2sBPVEeMBXKNsZtYaJixnJ_Leaves Like Glass,0.4403706744669547
2BTZIqw0ntH9MvilQ3ewNY_You Dont Know,0.44660128944788363
