,776Uo845nYHJpNaStv1Ds4_Foxey Lady - Live At Monterey
776Uo845nYHJpNaStv1Ds4_Foxey Lady - Live At Monterey,0.0
776Uo845nYHJpNaStv1Ds4_Wild Thing - Live At Monterey,0.26021159182691084
58XGUNsRNu3cVOIOYk5chx_Breakfast Eggs,0.31736049691280954
4Z8W4fKeB5YxbusRsdQVPb_(Nice Dream),0.335590697872977
776Uo845nYHJpNaStv1Ds4_Foxey Lady,0.3398590676668081
"0hEurMDQu99nJRq8pTxO14_Bold as Love - Live at the Nokia Theatre, Los Angeles, CA - December 2007",0.3442054785193987
58XGUNsRNu3cVOIOYk5chx_Finger,0.3547248970380071
3Z02hBLubJxuFJfhacLSDc_On A Day Like Today,0.3766255216808865
3Z02hBLubJxuFJfhacLSDc_If I Had You,0.3833849528205248
4AqIRTZF6DDmKmdorgFug6_Tastes Like Chicken,0.38447232176094004
0hEurMDQu99nJRq8pTxO14_A Face To Call Home,0.3887271685620865
2sBPVEeMBXKNsZtYaJixnJ_Only the Lonely,0.4005760401362583
776Uo845nYHJpNaStv1Ds4_Izabella,0.4015074936496205
51Blml2LZPmy7TTiAg47vQ_Every Breaking Wave,0.4101040187321364
776Uo845nYHJpNaStv1Ds4_Hey Joe,0.41085801963036184
2BFKqxYe94miaTJjT6qULZ_You Were There,0.41437500507542774
58XGUNsRNu3cVOIOYk5chx_Rain,0.41556281835485065
5o206eFLx38glA2bb4zqIU_Poison Oak,0.4191289600499458
23NIwARd4vPbxt3wwNnJ6k_The Map,0.4213567277637375
5FwydyGVcsQllnM4xM6jw4_Never Meant,0.42140952377183305
