,77AiFEVeAVj2ORpC85QVJs_All Night
77AiFEVeAVj2ORpC85QVJs_All Night,0.0
6vXTefBL93Dj5IqAWq6OTv_**** What Happens Tonight,0.3671066577304141
4UXqAaa6dQYAk18Lv7PEgX_The Mighty Fall,0.37492674191944386
0QHgL1lAIqAw0HtD7YldmP_Bring The Money Out,0.380676428373008
5BtHciL0e0zOP7prIHn3pP_Psycho,0.39292959394543553
4UXqAaa6dQYAk18Lv7PEgX_Death Valley,0.4060958921316788
1JPy5PsJtkhftfdr6saN2i_Paging Stereophonic,0.43114218961473133
5WUlDfRSoLAfcVSX1WnrxN_Sweet Design,0.46964726034765986
4UXqAaa6dQYAk18Lv7PEgX_Uma Thurman,0.4731815618255786
3NChzMpu9exTlNPiqUQ2DE_Send Me An Angel,0.4770426557889605
3yDIp0kaq9EFKe07X1X2rz_Dance With Me,0.47884619890386937
1KCSPY1glIKqW2TotWuXOR_Walk of Shame,0.4798644208124186
0fLTK12xF2IMaNmKMSue6g_Mad Citizens - Extended Mix,0.4848106380620216
4UXqAaa6dQYAk18Lv7PEgX_Favorite Record,0.487831031468667
7qG3b048QCHVRO5Pv1T5lw_Everythings Gonna Be Alright,0.49602486514920174
7qG3b048QCHVRO5Pv1T5lw_No Me Digas Que No,0.4990580111453265
1JPy5PsJtkhftfdr6saN2i_Whiplash (feat. Reeps One),0.5013047289600667
738wLrAtLtCtFOLvQBXOXp_Too Original (feat. Elliphant & Jovi Rockwell),0.5057400382316843
6vXTefBL93Dj5IqAWq6OTv_Fuck What Happens Tonight,0.5087710329833441
5eIbEEQnDM8yuDVB0bimSP_Light Me Up,0.5125786061558286
