,77SW9BnxLY8rJ0RciFqkHh_Unfair
77SW9BnxLY8rJ0RciFqkHh_Unfair,0.0
1AWNf5CLnHH4oM1hcHiVeV_Too Smooth,0.45084135780280404
68kEuyFKyqrdQQLLsmiatm_Get The Fuck Off My Dick,0.5061695152246144
31IZdHrCZ5pRhLz4zBxN3o_Lifted,0.5176442640203853
0qzzGu8qpbXYpzgV52wOFT_Artists Valley,0.5194926172469857
0hCNtLu0JehylgoiP8L4Gh_No Frauds,0.5253584560025263
6sFIWsNpZYqfjUpaCgueju_Black Heart,0.5404427805431412
2cWZOOzeOm4WmBJRnD5R7I_Slow Down (with Calvin Harris),0.5435848671563142
1RyvyyTE3xzB2ZywiAwp0i_Jet Lag (feat. Young Scooter),0.5436843870759352
0NIIxcxNHmOoyBx03SfTCD_How Many Times,0.5500089273742776
6icQOAFXDZKsumw3YXyusw_Worth It,0.5529613176318962
5yqWHaDl8ZrYgeKANLyIv8_On Ten,0.553893201466185
1GAS0rb4L8VTPvizAx2O9J_Pure Evil (feat. I.B.E),0.5613806327952375
1URnnhqYAYcrqrcwql10ft_Drinkin and Driving,0.5645586500815359
6vXTefBL93Dj5IqAWq6OTv_Soul Food,0.5721538920932747
1GAS0rb4L8VTPvizAx2O9J_Became,0.5752830108477115
2yEkeJoFOvm6qHuECSDHFg_Trippin On Me (Extended Mix),0.5759557347119443
31IZdHrCZ5pRhLz4zBxN3o_Back Against the Wall (feat. Ponce De Leioun),0.5764152045774712
5MeE4TWsiXrro0aScppJb8_Wave,0.5774695839994765
66CXWjxzNUsdJxJ2JdwvnR_successful,0.5821369330786855
