,77SW9BnxLY8rJ0RciFqkHh_Baby Came Home 2   Valentines
77SW9BnxLY8rJ0RciFqkHh_Baby Came Home 2   Valentines,0.0
56ZTgzPBDge0OvCGgMO3OY_Sparks,0.27737710861980447
0grdhNhiRLFBaFVyybqsj6_To My Senses,0.27845119141094876
66CXWjxzNUsdJxJ2JdwvnR_Thinking Bout You,0.34068312005417833
5D3h9ZoobhetjXw3dKhcaq_Your Love Is Enough,0.3634001335149273
56ZTgzPBDge0OvCGgMO3OY_Lose Your Smile,0.3639342551107514
4Z8W4fKeB5YxbusRsdQVPb_Climbing Up the Walls,0.3731500950626191
12Chz98pHFMPJEknJQMWvI_Butterflies and Hurricanes,0.37759953692047843
3kjuyTCjPG1WMFCiyc5IuB_Joan Of Arc,0.37776042827116374
3Ayl7mCk0nScecqOzvNp6s_Ten,0.37879148087937936
4Z8W4fKeB5YxbusRsdQVPb_Sit Down. Stand Up,0.38253069017195646
"3Caot8EtHX6wLpNF2wRzS0_Ill Be You, Be Me",0.38254137042237885
12Chz98pHFMPJEknJQMWvI_Exogenesis: SymphonyPt. 3 (Redemption),0.3855153024103629
0qzzGu8qpbXYpzgV52wOFT_Business Park,0.40093493788142964
4gzpq5DPGxSnKTe4SA8HAU_A Sky Full of Stars,0.41588996670301026
5v61OSg53KaQxGMpErkBNp_Harbinger,0.4275601472176126
63MQldklfxkjYDoUE4Tppz_We Own the Sky,0.43591517160516174
4gzpq5DPGxSnKTe4SA8HAU_Death and All His Friends,0.4361411359051416
7K3zpFXBvPcvzhj7zlGJdO_Pale Flesh,0.43848717166019635
5WUlDfRSoLAfcVSX1WnrxN_Sunday,0.44022953386699926
