,7A0awCXkE1FtSU8B0qwOJQ_SeeSaw
7A0awCXkE1FtSU8B0qwOJQ_SeeSaw,0.0
3Caot8EtHX6wLpNF2wRzS0_Mary,0.3696480332938357
5juOkIIy18sFw9L30syt1Z_Within and Without,0.4142496104586566
6O4EGCCb6DoIiR6B1QCQgp_Drive South,0.4513377769175397
0qzzGu8qpbXYpzgV52wOFT_Look at Orion!,0.4642890760647801
6HdYUuBeK3g2MA2wGVCDcn_Mano De Dios,0.4837549235218339
1U0sIzpRtDkvu1hXXzxh60_Cherry Coffee (Prod. Jam City),0.48392484563220034
5y2Xq6xcjJb2jVM54GHK3t_Lets Get Lifted Again,0.5066825756901018
2cCUtGK9sDU2EoElnk0GNB_I Need My Girl,0.5170687211504731
"1KsASRNugxU85T0u6zSg32_1,000 Oceans",0.5188917772375293
5a2EaR3hamoenG9rDuVn8j_Gamillah,0.5360332436620779
7A0awCXkE1FtSU8B0qwOJQ_Gosh,0.5479176969837171
6C403AR4y6PjN0xNNGh42m_The King’s new clothes were made by his own hands,0.551506140249554
12VaqyEhgwDRuFfEqbnrpz_The River,0.5589327968795409
7CajNmpbOovFoOoasH2HaY_5iliconeator,0.5642259005971508
7A0awCXkE1FtSU8B0qwOJQ_Obvs,0.5659270277898857
56ZTgzPBDge0OvCGgMO3OY_Saturn Song,0.566372638271988
3Caot8EtHX6wLpNF2wRzS0_Just to be the One,0.5957231662193258
6HdYUuBeK3g2MA2wGVCDcn_Nicotine,0.6005502397012641
6G7OerKc3eBO9sVkRNopFC_You Get,0.6125132298395507
