,7AZwAitWq1KcFoIJhRWb6V_Hi
7AZwAitWq1KcFoIJhRWb6V_Hi,0.0
3ngKsDXZAssmljeXCvEgOe_Save Tonight,0.3000830657071096
0yNLKJebCb8Aueb54LYya3_Regret (Live at Bestival 2012),0.3029973934634778
12VaqyEhgwDRuFfEqbnrpz_This Wicked Tongue - Peel 10.11.00,0.3127755285139095
58XGUNsRNu3cVOIOYk5chx_The Main Pretender,0.3178966555251199
0yNLKJebCb8Aueb54LYya3_Temptation,0.32004529651929986
0yNLKJebCb8Aueb54LYya3_Temptation (Live at Bestival 2012),0.32004529651929986
36gdsrHzKZ0Wyb3uH7ZbEv_Next of Kin,0.32980265366706935
0grdhNhiRLFBaFVyybqsj6_I Heard the Bells On Christmas Day,0.3367495982813333
3TsEEdpuuCN1G0dPxV4uOA_Sun,0.3442703596789527
0cc6vw3VN8YlIcvr1v7tBL_Home Sweet Home,0.34552504784211907
4AqIRTZF6DDmKmdorgFug6_Take It Back,0.3615123933359326
"3zunDAtRDg7kflREzWAhxl_Wonderful, Glorious",0.37119208723718916
5Z1CCuBsyhEHngq3U5IraY_Closer,0.37128522806089914
2P560DaOMNDUACoH8ZhOCR_Heatwave,0.3736203229637175
40Yq4vzPs9VNUrIBG5Jr2i_The Crying Tree Of Mercury,0.3818248786485734
4gzpq5DPGxSnKTe4SA8HAU_Fix You,0.38778137073585267
1tqZaCwM57UFKjWoYwMLrw_Youre The Storm,0.3913962260213972
"776Uo845nYHJpNaStv1Ds4_Driving South - alternate take, BBC Sessions",0.3943142658735452
0yNLKJebCb8Aueb54LYya3_586,0.3980929029120501
