,7c0XG5cIJTrrAgEC3ULPiq_Message In A Bottle
7c0XG5cIJTrrAgEC3ULPiq_Message In A Bottle,0.0
0c173mlxpT3dSFRgMO8XPh_So Good (& Metro Boomin),0.485713684564034
6V3F8MZrOKdT9fU686ybE9_Damn Damn Damn,0.5960483499612019
4aKnbbm21oXzvP2LYvLvq7_La Onda,0.5997993209970858
15iVAtD3s3FsQR4w1v6M0P_TT,0.6105922825551888
6QHu71f8LLeT8n0GzfbYFc_A Step Away from Your love,0.6108677689024665
6LEeAFiJF8OuPx747e1wxR_Holy Will,0.6345079306443935
3fmMaLC5jjf2N4EC2kTx0u_Searchlight Reprise (feat. Yeo),0.6385808907695958
10AY17ALos2o3akPqrPydw_Slide Thru,0.6510497705042272
50co4Is1HCEo8bhOyUWKpn_Constantly Hating (feat. Birdman),0.6540726690927096
50co4Is1HCEo8bhOyUWKpn_Me or Us,0.6582538539540465
0NIIxcxNHmOoyBx03SfTCD_Indigo Child (Interlude),0.6591966892548116
2auiVi8sUZo17dLy1HwrTU_Valentine's Day - Instrumental,0.6668340585724981
0qFGOYMp02kOJbHUXEMiXz_Fuck Up The Sheraton,0.6923619603786678
10AY17ALos2o3akPqrPydw_Wine (feat. meltycanon),0.6973363997112781
2kucQ9jQwuD8jWdtR9Ef38_Drinkin Too Much - 8pm,0.7002506417030518
10AY17ALos2o3akPqrPydw_BET Uncut (feat. Rich Po Slim),0.7056032936759288
6C403AR4y6PjN0xNNGh42m_An echo from the hosts that profess infinitum,0.7074413101397996
4Z8W4fKeB5YxbusRsdQVPb_Morning Mr Magpie (Pearson Sound Scavenger RMX),0.7278889595702251
4phGZZrJZRo4ElhRtViYdl_Zero Percent,0.7340572957100576
