,7c1HgFDe8ogy5NOZ1ANCJQ_Nothing Instrumental
7c1HgFDe8ogy5NOZ1ANCJQ_Nothing Instrumental,0.0
56ZTgzPBDge0OvCGgMO3OY_The Traveller,0.2683714473200762
5YkBrE0wF8cAlq3GCOw5Eu_Wish He Was You,0.31833622095511627
38zTZcuN7nFvVJ6auhc6V3_Cover Me (Slowly),0.3447049228737048
4gzpq5DPGxSnKTe4SA8HAU_All I Can Think About Is You,0.3730382206418821
3OUN7gnsDijEfvaHpXAAzI_Faded High,0.3992943050681691
0NIPkIjTV8mB795yEIiPYL_Worlds Apart,0.4050603342653678
16eRpMNXSQ15wuJoeqguaB_The First Time Ever I Saw Your Face (feat. Erykah Badu),0.4061392150139554
3kjuyTCjPG1WMFCiyc5IuB_Haiti,0.41974917067060813
3Z02hBLubJxuFJfhacLSDc_Do What Ya Gotta Do,0.4232160012400211
4Z8W4fKeB5YxbusRsdQVPb_Weird Fishes  Arpeggi,0.4316470889652844
23NIwARd4vPbxt3wwNnJ6k_Always Back In Town,0.4398715745516525
0TjAAwE04BeoSeOpJIakYH_Oh My My,0.44902381585858414
58XGUNsRNu3cVOIOYk5chx_Spiders,0.4538595345371436
5YkBrE0wF8cAlq3GCOw5Eu_Something In The Way,0.45597229594908284
55LHFEtIplWhsfyWZUwkf4_Oh No,0.4613996896155925
5WUlDfRSoLAfcVSX1WnrxN_Sunday,0.4644620698908665
4gzpq5DPGxSnKTe4SA8HAU_Hypnotised,0.4715553768559506
1Xyo4u8uXC1ZmMpatF05PJ_Adaptation,0.47823072490165236
56ZTgzPBDge0OvCGgMO3OY_Beyond Love,0.48509703586409675
