,7CajNmpbOovFoOoasH2HaY_Lets Go (feat. Ne-Yo)
7CajNmpbOovFoOoasH2HaY_Lets Go (feat. Ne-Yo),0.0
2Ah7S4oLgEBYRbz2V0cZzU_Brokenhearted,0.32445269446613006
7qG3b048QCHVRO5Pv1T5lw_Si Tú Te Vas,0.4368955943134727
1l8Fu6IkuTP0U5QetQJ5Xt_Que el Corazón No Hable por Mi - Leave My Heart Out Of This,0.43810599688526164
6WHCgS2g18qWw45K66DdRZ_Dons Rainbow (Dub),0.44138747914685766
2P560DaOMNDUACoH8ZhOCR_Town Called Malice,0.44317981388311867
2V0ryJRGIdudWKl27c806m_Denise - Live,0.45116567576177097
3miNucraVWk4hdVsIxn7id_Monterey,0.45931234529367415
7yNo78CAs5pOKeFSG9M124_Tears Of A Clown,0.4680007386133176
3miNucraVWk4hdVsIxn7id_Worlds Gone Insane,0.4695343779231397
1vCWHaC5f2uS3yhpwWbIA6_You Make Me,0.4730338693228914
7qG3b048QCHVRO5Pv1T5lw_Falta Tanto Amor,0.4754847990846328
2gsggkzM5R49q6jpPvazou_Alive,0.4841308921563324
59pWgeY26Q6yJy37QvJflh_Born to Lose,0.48588998132315
2VIoWte1HPDbZ2WqHd2La7_Down in Suburbia (Mono) - Remastered,0.48702823882322055
6vWDO969PvNqNYHIOW5v0m_I Been On - Homecoming Live,0.4880564171817725
63MQldklfxkjYDoUE4Tppz_America,0.49973174991143543
7rRz5zPounzREHN0cIrYhS_Konstantly,0.5037505922642486
450o9jw6AtiQlQkHCdH6Ru_Undisco Kidd,0.5055851456871817
2MwbiW5alh5hvh64SOOWMh_The Mountain,0.5064086669160689
