,7EQ0qTo7fWT7DPxmxtSYEc_World Gone Mad
7EQ0qTo7fWT7DPxmxtSYEc_World Gone Mad,0.0
6yhD1KjhLxIETFF7vIRf8B_Roses,0.32185693046915137
4gzpq5DPGxSnKTe4SA8HAU_Up&Up,0.3249632915674992
3qNVuliS40BLgXGxhdBdqu_Hands on Me,0.33527838051814185
4AQrqVz6BYwy29iMxcGtx7_Lucia,0.34702322982130857
4gJCFxvqKc43Ifk0UIBB42_Put Em Up,0.348898190619931
7zsin6IgVsR1rqSRCNYDwq_St. Croix,0.3649502515796515
2pvCf5g7XBReiPIvcq7W18_CIRCLE,0.37073022335842265
59pWgeY26Q6yJy37QvJflh_Crucible,0.37206851700993715
6jJ0s89eD6GaHleKKya26X_Fingerprints,0.3737406666985637
3kjuyTCjPG1WMFCiyc5IuB_Afterlife,0.3819493338136792
5WUlDfRSoLAfcVSX1WnrxN_Puppies Are Forever,0.38268763197950617
5INjqkS1o8h1imAzPqGZBb_Alter Ego,0.3853825382503159
7MC5zmK3iZHzPqGZEVSROe_Play by Play,0.3884975587108559
5rSXSAkZ67PYJSvpUpkOr7_I Still...,0.39199132817624516
0hEurMDQu99nJRq8pTxO14_Somethings Missing,0.3935065509553469
1l9d7B8W0IHy3LqWsxP2SH_Black Out Days,0.3935242533917693
2g3PKH7Z1Ofn5oGR6oDjLy_Bad Attitude,0.3959823404097415
7zsin6IgVsR1rqSRCNYDwq_She Wanted Someone Else,0.40250668882658347
53XhwfbYqKCa1cC15pYq2q_Bleeding Out,0.40339460165711566
