,7G1GBhoKtEPnP86X2PvEYO_Thats All I Want From You
7G1GBhoKtEPnP86X2PvEYO_Thats All I Want From You,0.0
5zaXYwewAXedKNCff45U5l_See All Her Faces,0.40258312980348926
2BTZIqw0ntH9MvilQ3ewNY_Silent Night,0.5079874677080479
3zunDAtRDg7kflREzWAhxl_What I Have To Offer,0.5107489361401002
5I0EPnV9gwrZYTbScjnaOk_Campina Grande,0.5191278426774139
5zaXYwewAXedKNCff45U5l_Have A Good Life Baby,0.5492296828920027
7G1GBhoKtEPnP86X2PvEYO_Little Girl Blue,0.5572645829659537
3zunDAtRDg7kflREzWAhxl_Kindred Spirit,0.5791992211464283
3qHE8ca6cuK1TGp5i4Wqig_Local Man Ruins Everything,0.5806007580241463
5zzbSFZMVpvxSlWAkqqtHP_Horse Hooves,0.5903971766298359
3kjuyTCjPG1WMFCiyc5IuB_The Suburbs (continued),0.6132286218989627
64NhyHqRKYhV0IZylrElWu_Divine,0.6170931495046902
0YC192cP3KPCRWx8zr8MfZ_My Son,0.6317423149928522
5I0EPnV9gwrZYTbScjnaOk_Tudo de Você,0.6374355518389283
5o206eFLx38glA2bb4zqIU_Smoke Without Fires,0.6441224353845977
45q3ufd1IxTWhVS6JbLX9f_You Are In The Demons House,0.6655348184936984
3zunDAtRDg7kflREzWAhxl_On the Ropes,0.6708188910800971
2P560DaOMNDUACoH8ZhOCR_English Rose,0.6732604530752215
5WUlDfRSoLAfcVSX1WnrxN_Death By Chocolate,0.6790251459064813
5zzrJD2jXrE9dZ1AklRFcL_Carried,0.6850535653534366
