,"7G1GBhoKtEPnP86X2PvEYO_To Be Young, Gifted and Black - Remastered"
"7G1GBhoKtEPnP86X2PvEYO_To Be Young, Gifted and Black - Remastered",0.0
6eUKZXaKkcviH0Ku9w2n3V_Perfect Duet (Ed Sheeran & Beyoncé),0.37076711857496186
3XlIhgydjvC4EniPFZT20j_Walkaway Joe,0.38309715474335265
3XlIhgydjvC4EniPFZT20j_For the Last Time,0.39138587691159693
7G1GBhoKtEPnP86X2PvEYO_I Love My Baby,0.40548194027560014
5Z1CCuBsyhEHngq3U5IraY_Too Hard To Say Goodbye,0.4162177245703904
7n2wHs1TKAczGzO7Dd2rGr_Patience - MTV Unplugged,0.41810541585062905
4WLoEXu4C2C2YZshOvGL0O_D.A.Z.E.,0.4301941682107577
3XlIhgydjvC4EniPFZT20j_Take A Walk Through Bethlehem,0.43121216208459484
0lO2c86rQmrRJArBxgw0v8_Prove Myself,0.4397511545717094
2sBPVEeMBXKNsZtYaJixnJ_Dont Pass On Me,0.44046775839240476
2BTZIqw0ntH9MvilQ3ewNY_Begging To You,0.4518570752543915
2VIoWte1HPDbZ2WqHd2La7_There You Sit Lonely,0.4582753481007328
"0MponVSpW81oLvJZ53vYZH_Someday, Someway",0.4609357104661185
3z5dNUhKpvMAXqSz6WhoKc_Smilin,0.46174710789752443
3z5dNUhKpvMAXqSz6WhoKc_Light Up,0.4633213413648464
51Blml2LZPmy7TTiAg47vQ_Sleep Like A Baby Tonight,0.46379301200435297
3PhoLpVuITZKcymswpck5b_Home Again,0.4662375861617235
1eYhYunlNJlDoQhtYBvPsi_Do I Ever Cross Your Mind? (with Bonnie Raitt),0.4715548064135994
2sBPVEeMBXKNsZtYaJixnJ_Til the Sun Rips,0.4727283380356178
