,7G1GBhoKtEPnP86X2PvEYO_The Other Woman - Remastered
7G1GBhoKtEPnP86X2PvEYO_The Other Woman - Remastered,0.0
2r1d0isPFggU8QaBzvAWmG_Viola Enluarada - Ao Vivo,0.4783370848788089
3zunDAtRDg7kflREzWAhxl_Agatha Chang,0.5201823582155152
5I0EPnV9gwrZYTbScjnaOk_Valeu,0.5358512278075945
4N8BwYTEC6XqykGvXXlmfv_This Masquerade,0.5479000468473323
5I0EPnV9gwrZYTbScjnaOk_Contrasts,0.5538710463524477
2r1d0isPFggU8QaBzvAWmG_Vagamente - Ao Vivo,0.584625266512882
72qs8dHxUfn7lB9cYxQvIF_Something in the Way She Moves,0.588897023717946
0grdhNhiRLFBaFVyybqsj6_Falling,0.5929933933487822
6ewMqjrF31lC8ywRsvm073_All Through the Night,0.5994627124695553
6a3Mfrn2XBR1DfPg1QGa1d_햇살이 아파,0.6013643825994517
2auiVi8sUZo17dLy1HwrTU_S McGregor (interlude),0.602514607914638
3zunDAtRDg7kflREzWAhxl_In Our Cathedral,0.6053178108227177
5I0EPnV9gwrZYTbScjnaOk_Moça Flor,0.6055871821266348
5zzrJD2jXrE9dZ1AklRFcL_Waiting On The Heart,0.6059373166353446
7G1GBhoKtEPnP86X2PvEYO_The Last Rose Of Summer,0.6121326984195254
0hEurMDQu99nJRq8pTxO14_Dear Marie,0.6168671713754712
3zunDAtRDg7kflREzWAhxl_Restraining Order Blues,0.6448482005719379
5zzbSFZMVpvxSlWAkqqtHP_Hardly A Man Of My Word,0.6485506598884239
1eYhYunlNJlDoQhtYBvPsi_Funny (But I Still Love You),0.6633555949643141
