,7gAppWoH7pcYmphCVTXkzs_Middle Of The Night
7gAppWoH7pcYmphCVTXkzs_Middle Of The Night,0.0
3aGFCoR8xGN6DKwvdzeSja_Maneuvering,0.30405822445797553
11oNY5LROxHrmYBHjzOr42_GoodTime (feat. Lorine Chia & Machine Gun Kelly),0.3168966796756427
0p4nmQO2msCgU4IF37Wi3j_Head Above Water,0.31924383424890074
4phGZZrJZRo4ElhRtViYdl_Have It All - Easy Star All-Stars & Michael Goldwasser Reggae Mix,0.31987748488460566
6yhD1KjhLxIETFF7vIRf8B_Gravity - Acoustic,0.3334902424885224
7gAppWoH7pcYmphCVTXkzs_If I Was Your Man,0.3383611737240687
2HcwFjNelS49kFbfvMxQYw_Viva Life On Mars,0.3387830656389125
1Cs0zKBU1kc0i8ypK3B9ai_I Wanna Go Crazy (feat. will.i.am),0.340812179380067
4iHNK0tOyZPYnBU7nGAgpQ_Here Comes Santa Claus (Right Down Santa Claus Lane) Housetop Celebration,0.3409290658603641
2gsggkzM5R49q6jpPvazou_Santa Claus Is Comin to Town,0.3447361591742852
4VMYDCV2IEDYJArk749S6m_La Rompe Corazones,0.3501916978565879
6M2wZ9GZgrQXHCFfjv46we_Bad Together,0.3508548706807044
2HcwFjNelS49kFbfvMxQYw_H.E.S.,0.3545692952422766
3qNVuliS40BLgXGxhdBdqu_Something New,0.3554381350691865
6eUKZXaKkcviH0Ku9w2n3V_Happier,0.3568705622473369
5pKCCKE2ajJHZ9KAiaK11H_S&M,0.35789014257983476
6TIYQ3jFPwQSRmorSezPxX_A Little More,0.35891081421956966
20j1uz7iDOtIvIzCr5S8nx_GG Be,0.36077788379444753
5p7f24Rk5HkUZsaS3BLG5F_Let Me Go,0.3612096032227887
