,7gAppWoH7pcYmphCVTXkzs_Personal - Cedric Gervais Remix
7gAppWoH7pcYmphCVTXkzs_Personal - Cedric Gervais Remix,0.0
5YFS41yoX0YuFY39fq21oN_Electrico Romantico (feat. Robbie Williams),0.34948519824532215
5FCF1SbJyriEYn8j41v0yn_Cali Shine (from we.MAKE20 #2),0.39171268761274236
23NIwARd4vPbxt3wwNnJ6k_Tenderness,0.42889393825399186
7CajNmpbOovFoOoasH2HaY_Here 2 China (feat. Dizzee Rascal),0.4469109573668543
7CajNmpbOovFoOoasH2HaY_The Rain,0.4700465283139163
5nki7yRhxgM509M5ADlN1p_Ibiza 77 (Can You Feel It),0.4717193232684848
5P5FTygHyx2G57oszR3Wot_Bad Habits,0.4741073424833274
4UXqAaa6dQYAk18Lv7PEgX_Heaven’s Gate,0.4745822977220628
6jJ0s89eD6GaHleKKya26X_International Smile,0.4787437138490312
1gkSl4XpHIHI4I1WQbfXOE_Hit It Hard,0.47905686161725924
1l2ekx5skC4gJH8djERwh1_Give Me Love,0.48677117827720895
6sFIWsNpZYqfjUpaCgueju_Your Type,0.4909400326940547
7hJp5xbq33plbkXmOpw4JX_Allepoca,0.49582435295033994
6s22t5Y3prQHyaHWUN1R1C_The Good Part,0.5007423575767829
31IZdHrCZ5pRhLz4zBxN3o_i SEE iCE iCY STUPiD iCE,0.5104302670998041
1vCWHaC5f2uS3yhpwWbIA6_Hey Brother,0.5112992244475099
6oMuImdp5ZcFhWP0ESe6mG_Bakers Man,0.5130426306502806
0qzzGu8qpbXYpzgV52wOFT_fire ant,0.5142192586430834
0Y5tJX1MQlPlqiwlOH1tJY_first take,0.5196145333291394
