,7gAppWoH7pcYmphCVTXkzs_All The Lies - Acoustic
7gAppWoH7pcYmphCVTXkzs_All The Lies - Acoustic,0.0
26VFTg2z8YR0cCuwLzESi2_Coming Down,0.2751462633948722
4Z8W4fKeB5YxbusRsdQVPb_Identikit,0.3211228520778178
3LjhVl7GzYsza1biQjTpaN_Pretty Girl,0.3468721635459131
1WvvwcQx0tj6NdDhZZ2zZz_An Apology,0.34894615800885903
3KH7WsR2JZQ94Ik8SyabU6_Fari Mandila,0.365516061824917
0hEurMDQu99nJRq8pTxO14_Roll it on Home,0.3713876137059089
5SjNVG3L9mgWQPsfp1sFDB_The Tower,0.37929239542369125
053q0ukIDRgzwTr4vNSwab_Entropy,0.38604917647134196
6dhfy4ByARPJdPtMyrUYJK_Maybe It’s Not Our Fault,0.39094852680784276
5WUlDfRSoLAfcVSX1WnrxN_Dont Bring Me Down,0.3913726330416646
5snNHNlYT2UrtZo5HCJkiw_Dear Me,0.3945578181157378
05ZgImABuAAgUw2gX4QB1U_The Whip A Rang,0.39745537553773863
4iHNK0tOyZPYnBU7nGAgpQ_GTFO,0.3982053923475129
0rW6fVd3yuW2CF2sLYWQtE_Lie Down (feat. Mr.Gordo & Satbyeol),0.39900746145831256
6Jrxnp0JgqmeUX1veU591p_Before The Fire,0.4099445924715319
2WX2uTcsvV5OnS0inACecP_Save Yourself,0.4130327368052874
3LjhVl7GzYsza1biQjTpaN_Expectations (Overture),0.4140857174023466
66CXWjxzNUsdJxJ2JdwvnR_Moonlight,0.4143826375819756
2YZyLoL8N0Wb9xBt1NhZWg_F*ck Your Ethnicity,0.41755072971092244
