,7GaxyUddsPok8BuhxN6OUW_Let The Funk Flow
7GaxyUddsPok8BuhxN6OUW_Let The Funk Flow,0.0
5bOD7SS2RP7gzcNstJeCuF_我还是,0.3920240446084128
26dSoYclwsYLMAKD3tpOr4_Oops!...I Did It Again,0.39537165604493296
26dSoYclwsYLMAKD3tpOr4_Where Are You Now,0.4366932565142298
1uNFoZAHBGtllmzznpCI3s_Bigger,0.44097169180548274
3RGLhK1IP9jnYFH4BRFJBS_Guns On the Roof,0.45688946501272976
13y7CgLHjMVRMDqxdx0Xdo_Sadam Usane (feat. Kourney Money),0.4576991657269594
7GaxyUddsPok8BuhxN6OUW_Regrets,0.4602973621518283
4iHNK0tOyZPYnBU7nGAgpQ_Ive Been Thinking About You,0.471747231983414
6clbbhnIqpHnqxwtOWcilg_When The War Is Over - Remastered 2010,0.47433665825779253
6HdYUuBeK3g2MA2wGVCDcn_Wild Wild Web,0.4815714579860439
2VIoWte1HPDbZ2WqHd2La7_Happy Together,0.49126414378546074
"1l7ZsJRRS8wlW3WfJfPfNS_Merry Christmas, Baby (feat. Dr. John)",0.504648246800878
053q0ukIDRgzwTr4vNSwab_Circumambient,0.506259205694851
6prmLEyn4LfHlD9NnXWlf7_Think,0.5076452400222344
"6XpaIBNiVzIetEPCWDvAFP_Hold On, Help Is On The Way",0.509231685969774
3XlIhgydjvC4EniPFZT20j_The Lady is a Tramp,0.5100391251218873
1WHoAjAWGx5qLsgzpaOk7W_Answers Come In Dreams,0.5138587687056545
1SupJlEpv7RS2tPNRaHViT_Como Tu Me Pisas (feat. Don Chezina),0.5158669980045409
0cQbJU1aAzvbEmTuljWLlF_Sixteen,0.5213034765677494
