,7gjAu1qr5C2grXeQFFOGeh_Whole Life Story
7gjAu1qr5C2grXeQFFOGeh_Whole Life Story,0.0
3qNVuliS40BLgXGxhdBdqu_Something New,0.2845260247101222
1SupJlEpv7RS2tPNRaHViT_Im Not Your Husband   Tu Marido,0.28521558495675153
4AK6F7OLvEQ5QYCBNiQWHq_What a Feeling,0.2939418564615047
2HcwFjNelS49kFbfvMxQYw_Good Doctor,0.2947597646970279
0du5cEVh5yTK9QJze8zA0C_Liquor Store Blues (feat. Damian Marley),0.30088179188635916
3HqSLMAZ3g3d5poNaI7GOU_lost child,0.3079994806349492
2Sqr0DXoaYABbjBo9HaMkM_Gonna Get Over You,0.3093864179523563
6soPpJHlCtN6SY8pWlfbC6_Bal De Bamako,0.32055748605216755
77SW9BnxLY8rJ0RciFqkHh_Prey,0.3297913625312508
3QSQFmccmX81fWCUSPTS7y_Need You Now,0.33661233382113454
5y2Xq6xcjJb2jVM54GHK3t_Marching Into the Dark,0.3377041074360972
5WUlDfRSoLAfcVSX1WnrxN_Ho Ho Ho,0.3378511550443894
3qNVuliS40BLgXGxhdBdqu_날개 Feel So Fine,0.338551135902891
7MC5zmK3iZHzPqGZEVSROe_Warning,0.33971423839501946
5P5FTygHyx2G57oszR3Wot_Backbone,0.3410778193000157
0QHgL1lAIqAw0HtD7YldmP_Suicidal Thoughts,0.34137035910249786
2kCcBybjl3SAtIcwdWpUe3_Ive Been Waiting (w  ILoveMakonnen & Fall Out Boy),0.3416607703744245
748FoG8Fdb63dzoBCuHqRt_Jang Won Geup Jae,0.34204111679314037
5a2EaR3hamoenG9rDuVn8j_Baltimore,0.34329126396587334
