,7gjAu1qr5C2grXeQFFOGeh_I'll Be Alright
7gjAu1qr5C2grXeQFFOGeh_I'll Be Alright,0.0
7gjAu1qr5C2grXeQFFOGeh_Ill Be Alright,4.76837158203125e-07
60d24wfXkVzDSfLS6hyCjZ_High On Life (feat. Bonn),0.29647401149611835
3kjuyTCjPG1WMFCiyc5IuB_The Well and the Lighthouse,0.3676833240492425
7gjAu1qr5C2grXeQFFOGeh_Mirrored Sea,0.37064289980047405
40Yq4vzPs9VNUrIBG5Jr2i_Raindrops + Sunshowers,0.3790594430026825
3YQKmKGau1PzlVlkL1iodx_Heavydirtysoul (feat. MUTEMATH),0.38187492669933254
5Rl15oVamLq7FbSb0NNBNy_Ghost Of You - Live,0.38965660292268467
6Ad91Jof8Niiw0lGLLi3NW_Tin Pan Boy,0.3978584190853322
5v61OSg53KaQxGMpErkBNp_Hello Alone,0.4001383043634746
5g3uG8zZZANGT6YOssgjfC_O.F.T.C. 2010 - Sly One vs. Jurrane Dub Mix,0.40072578855286856
58XGUNsRNu3cVOIOYk5chx_Caesar,0.4033598121665666
4RddZ3iHvSpGV4dvATac9X_Decompression Period,0.40779885193858173
6jJ0s89eD6GaHleKKya26X_Teenage Dream - Kaskade Club Remix,0.40844972060884016
5NLeBktPpw4QO31tMiSO2I_Soft,0.4167323158628739
4RddZ3iHvSpGV4dvATac9X_M-80 (Explosive Energy Movement),0.42548940321034684
4O5EDKGt6YC5IXkOArVqk3_Incredible,0.42555868858685114
67qogtRNI0GjUr8PlaG6Zh_Blood Brother,0.4266494167073544
4gzpq5DPGxSnKTe4SA8HAU_Dont Let It Break Your Heart,0.4293458588152088
5v61OSg53KaQxGMpErkBNp_Breathe,0.4366784153901698
