,7ia4FaCVsbXvhVwagCJk7l_Vacation
7ia4FaCVsbXvhVwagCJk7l_Vacation,0.0
2gsggkzM5R49q6jpPvazou_Rockin' Around The Christmas Tree,0.29537267116816934
2gsggkzM5R49q6jpPvazou_Rockin Around The Christmas Tree,0.29537267116816934
4AK6F7OLvEQ5QYCBNiQWHq_Over Again,0.29844397223622304
2gsggkzM5R49q6jpPvazou_Man With The Bag,0.3139976015786149
4kI8Ie27vjvonwaB2ePh8T_The Home,0.31952551071476815
"0EmeFodog0BfCgMzAIvKQp_Suerte (Whenever, Wherever)",0.3255263610473692
26dSoYclwsYLMAKD3tpOr4_Ooh Ooh Baby,0.3334324427595498
6TIYQ3jFPwQSRmorSezPxX_A Little More,0.33659862875624724
5Z1CCuBsyhEHngq3U5IraY_Mack the Knife,0.34488898181489863
5y2Xq6xcjJb2jVM54GHK3t_Merry Christmas Baby   Give Love on Christmas Day,0.34699555530532045
4AQrqVz6BYwy29iMxcGtx7_Shadows,0.35015237095460944
4S9EykWXhStSc15wEx8QFK_Ma faille,0.35268546635886633
4ScCswdRlyA23odg9thgIO_No Rights No Wrongs,0.3534591902448233
02rd0anEWfMtF7iMku9uor_Angels Singin,0.3552318714599264
7o95ZoZt5ZYn31e9z1Hc0a_Touch,0.3574146808939281
0x83OBqixqdCHnStP5VMcn_Mr Twister (Feat King Curtis) (Original Mix),0.35902384886156924
1vCWHaC5f2uS3yhpwWbIA6_Lonely Together (feat. Rita Ora),0.360509141579674
"6Dd3NScHWwnW6obMFbl1BH_Album Preview: Sit Still, Look Pretty",0.36201339247045455
5CG9X521RDFWCuAhlo6QoR_Army Arrangement,0.3703960408447332
