,7JgXEHI1oEiQICAMeCsKTj_90s Kids
7JgXEHI1oEiQICAMeCsKTj_90s Kids,0.0
5juOkIIy18sFw9L30syt1Z_Feel It All Around,0.4291593071887824
40Yq4vzPs9VNUrIBG5Jr2i_Travels,0.4504484548479838
5BtHciL0e0zOP7prIHn3pP_Breaking the Silence,0.4505652237722846
"3Ayl7mCk0nScecqOzvNp6s_My Enemy (30 Days, 30 Songs)",0.45589688886800733
6Jrxnp0JgqmeUX1veU591p_Creator,0.458953994635723
0p4nmQO2msCgU4IF37Wi3j_Forgotten,0.4608993865362705
7qG3b048QCHVRO5Pv1T5lw_Break Me Shake Me,0.47092171352256534
5CCwRZC6euC8Odo6y9X8jr_Uneasy,0.47187296282698254
7Ln80lUS6He07XvHI8qqHH_Evil Twin,0.47241464669084265
3HqSLMAZ3g3d5poNaI7GOU_Well…,0.4773594497570117
5a2EaR3hamoenG9rDuVn8j_The One U Wanna C,0.4843165165807192
0cQbJU1aAzvbEmTuljWLlF_Ex-Girlfriend,0.49095016315537404
5a2EaR3hamoenG9rDuVn8j_PLECTRUMELECTRUM,0.4911244210835546
4ScCswdRlyA23odg9thgIO_Saddest Vanilla (feat. Emeli Sandé),0.4923443989347961
0KydPQPUUoTNhmiHKOg5Er_Future Sick,0.49411626693425253
3kjuyTCjPG1WMFCiyc5IuB_Normal Person,0.4977620486222077
12Chz98pHFMPJEknJQMWvI_Survival,0.49786718663864127
4AqIRTZF6DDmKmdorgFug6_Dont Stop Me Now (BBC),0.4981402737329135
5a2EaR3hamoenG9rDuVn8j_Planet Earth,0.5024532024923769
