,7K3zpFXBvPcvzhj7zlGJdO_Intimate
7K3zpFXBvPcvzhj7zlGJdO_Intimate,0.0
0QHgL1lAIqAw0HtD7YldmP_We Global,0.3046246491769302
2mV8aJphiSHYJf43DxL7Gt_Jealous (I Aint With It),0.332585450564211
4Ho3GLqeSNqisgMa3cedfq_I Was Here,0.34330735687642017
1r4hJ1h58CWwUQe3MxPuau_Carnaval,0.3438161603640759
3GJhraAgCA8s8XHENnDsXq_Razor,0.3445961336255314
69GGBxA162lTqCwzJG5jLp_Bloodstream,0.3689227532970145
04gDigrS5kc9YWfZHwBETP_Moves Like Jagger - Studio Recording From The Voice Performance,0.3695019396783032
7qG3b048QCHVRO5Pv1T5lw_Still Your King,0.37916633741034694
0FWzNDaEu9jdgcYTbcOa4F_Starstrukk,0.380884115431662
5snNHNlYT2UrtZo5HCJkiw_Kill This Love,0.3827053798136864
26VFTg2z8YR0cCuwLzESi2_Castle,0.3828709710786921
5nLYd9ST4Cnwy6NHaCxbj8_Women Of The World (Go On Strike!),0.40230815540778353
1JPy5PsJtkhftfdr6saN2i_Sideways (feat. Zion I),0.4027886025785572
77AiFEVeAVj2ORpC85QVJs_No Time (feat. Jimmy October),0.4053016016569434
3VNITwohbvU5Wuy5PC6dsI_Winter Wonderland,0.4146500307536776
3WGpXCj9YhhfX11TToZcXP_YOUTH,0.4183593690359593
77AiFEVeAVj2ORpC85QVJs_Do Not Disturb (feat. Bella Thorne),0.42758216590430775
7CajNmpbOovFoOoasH2HaY_Blue,0.42781132583677833
6fLrPFLWLSCrp7gcTZXcKb_Half Life,0.43146778245287337
