,7Ln80lUS6He07XvHI8qqHH_Whyd You Only Call Me When Youre High?
7Ln80lUS6He07XvHI8qqHH_Whyd You Only Call Me When Youre High?,0.0
4ScCswdRlyA23odg9thgIO_123,0.2873074630622947
6HdYUuBeK3g2MA2wGVCDcn_Balla Balla,0.294330382974849
1uNFoZAHBGtllmzznpCI3s_Turn To You - (Mothers Day Dedication),0.3114635066271938
"5CG9X521RDFWCuAhlo6QoR_I.T.T. (International Thief Thief), Pt. 1 & 2",0.32531704920611765
3PhoLpVuITZKcymswpck5b_Love Her Like Me,0.3318952969975426
3PhoLpVuITZKcymswpck5b_Just Like Noahs Ark,0.3336259341245562
6HdYUuBeK3g2MA2wGVCDcn_We Stopped,0.3365224257170256
7Ln80lUS6He07XvHI8qqHH_Stop The World I Wanna Get Off With You,0.33763805477335923
2sBPVEeMBXKNsZtYaJixnJ_Politics of Free,0.3407571305358624
0hEurMDQu99nJRq8pTxO14_Helpless,0.3512385725187034
3HqSLMAZ3g3d5poNaI7GOU_Monday Afternoon,0.3542178016601997
4phGZZrJZRo4ElhRtViYdl_Have It All,0.35471650426048196
3HqSLMAZ3g3d5poNaI7GOU_Taking a traing,0.35535115690539043
75fIuwXxhZ1atNzWLMrgF0_Mutant Convoy,0.3583358916258941
360IAlyVv4PCEVjgyMZrxK_FLESH,0.35937337201028674
4phGZZrJZRo4ElhRtViYdl_Making It Up,0.3619957359234136
3PhoLpVuITZKcymswpck5b_Birds,0.3656478909446655
4iHNK0tOyZPYnBU7nGAgpQ_#Beautiful,0.366533246592485
1uNFoZAHBGtllmzznpCI3s_Stuck In The Moment,0.36767390843530734
