,7MC5zmK3iZHzPqGZEVSROe_Just Return
7MC5zmK3iZHzPqGZEVSROe_Just Return,0.0
56ZTgzPBDge0OvCGgMO3OY_Majorette,0.3407985327676473
4Z8W4fKeB5YxbusRsdQVPb_Optimistic,0.3469589644802263
5oOhM2DFWab8XhSdQiITry_Daydream,0.3597304352366114
5juOkIIy18sFw9L30syt1Z_Great Escape,0.3633990733208144
6HdYUuBeK3g2MA2wGVCDcn_St. Petersburg,0.37663789280791804
6O4EGCCb6DoIiR6B1QCQgp_Omaha,0.3878670528857663
56ZTgzPBDge0OvCGgMO3OY_Baby,0.40293955294191314
38zTZcuN7nFvVJ6auhc6V3_Hazel St,0.4088637120328133
5oOhM2DFWab8XhSdQiITry_Dive,0.40998338279185753
3Caot8EtHX6wLpNF2wRzS0_Falling Slowly,0.4121627115572206
0bmF1w9eyJrY4CHyjpTQOW_The Rocky Road,0.4126595667464696
5YkBrE0wF8cAlq3GCOw5Eu_How They Want Me To Be,0.4303998517081494
3Caot8EtHX6wLpNF2wRzS0_One Of Us Will Lose,0.4357358693230095
55LHFEtIplWhsfyWZUwkf4_Trauma,0.43731463752931243
"4Z8W4fKeB5YxbusRsdQVPb_There, There",0.4377591804072179
6s22t5Y3prQHyaHWUN1R1C_Turning Out Pt. ii,0.43873067158346013
4NgNsOXSwIzXlUIJcpnNUp_The First Noel   Mary Mary,0.44200891438484474
4Z8W4fKeB5YxbusRsdQVPb_Everything In Its Right Place (Live In France),0.4436761395715019
59oA5WbbQvomJz2BuRG071_Cosurmyne,0.4464114501062465
