,7mDU6nMUJnOSY2Hkjz5oqM_Magic
7mDU6nMUJnOSY2Hkjz5oqM_Magic,0.0
6MDME20pz9RveH9rEXvrOM_Birch (feat. Eliza Shaddad),0.30366392176489343
3WGpXCj9YhhfX11TToZcXP_What A Heavenly Way To Die,0.33048823170385766
6oMuImdp5ZcFhWP0ESe6mG_Flex,0.3426117457774917
15iVAtD3s3FsQR4w1v6M0P_You My Number One,0.3456538142836838
2leFxZWtiHtCwGSwP5Jcbx_Falling (feat. Shamir),0.354550444964167
6zTIxEXFWjoNu2VXauDITb_Let Me Love You,0.35731344908224444
2YZyLoL8N0Wb9xBt1NhZWg_Momma,0.36325407278494265
1RyvyyTE3xzB2ZywiAwp0i_Chosen One,0.36674360304044107
5K4W6rqBFWDnAN6FQUkS6x_Get Em High,0.36709482403840177
1AWNf5CLnHH4oM1hcHiVeV_Get Out The Bowl,0.36802177512396994
6LuN9FCkKOj5PcnpouEgny_Free Spirit,0.37172874333701866
6eUKZXaKkcviH0Ku9w2n3V_Let It Out,0.3769732098715254
3TVXtAsR1Inumwj472S9r4_Weston Road Flows,0.3825871349257968
6a3Mfrn2XBR1DfPg1QGa1d_Cuz Its You,0.3840118616141658
7iZtZyCzp3LItcw1wtPI3D_Black Beatles,0.38402961347204423
0r0KdmVS1Er3kaFnl1KPog_Perfect Ruin,0.3852428596192385
6LuN9FCkKOj5PcnpouEgny_8TEEN,0.3882737388157507
4Z8W4fKeB5YxbusRsdQVPb_Backdrifts,0.38894121734371156
7gjAu1qr5C2grXeQFFOGeh_Where the Sky Hangs,0.39243754104178025
