,7meyrw7Or5DwteYxDJrkCM_Worth It
7meyrw7Or5DwteYxDJrkCM_Worth It,0.0
0c173mlxpT3dSFRgMO8XPh_Stay Down,0.3392918834875899
2DP9xStkVVv753RBiEHXQB_Me Gusta,0.4684021436140011
1l7ZsJRRS8wlW3WfJfPfNS_Cant Hold Us Down (feat. Lil Kim),0.47016898901400467
1l7ZsJRRS8wlW3WfJfPfNS_Falsas Esperanzas,0.4799424487263043
3qNVuliS40BLgXGxhdBdqu_Sweet Love,0.4866617814516661
3EiLUeyEcA6fbRPSHkG5kb_Caliente (feat. J Balvin),0.48994306209375593
0XATRDCYuuGhk0oE7C0o5G_Friday Night,0.4950589630581154
26dSoYclwsYLMAKD3tpOr4_Oops!...I Did It Again,0.49528593632311774
3kjuyTCjPG1WMFCiyc5IuB_We Used to Wait,0.49682657480823056
4O5EDKGt6YC5IXkOArVqk3_All Free,0.5033671328305783
1OO2uAMcUCXUkFzDdsr7x7_I Dont Try,0.5070317439053141
1l8Fu6IkuTP0U5QetQJ5Xt_Better Together - Acoustic,0.507311733642354
0NIIxcxNHmOoyBx03SfTCD_Me So Bad (feat. Ty Dolla $ign & French Montana),0.5077013313588705
0NIIxcxNHmOoyBx03SfTCD_Me So Bad,0.5127976052616459
6mpxgK8EZh8VDoe6trGF0f_Keep It Real,0.5131889796836903
6fLrPFLWLSCrp7gcTZXcKb_Alone (feat. Lily Elise),0.5149766622304199
2jku7tDXc6XoB6MO2hFuqg_SHE tOLd Me,0.5153370216338541
0EmeFodog0BfCgMzAIvKQp_Me Enamoré,0.5175729889495104
1INuLZXjjVbcJRyWvD1iSq_Beg - Acoustic,0.517690230005528
