,7o95ZoZt5ZYn31e9z1Hc0a_No Mozart
7o95ZoZt5ZYn31e9z1Hc0a_No Mozart,0.0
1vyhD5VmyZ7KMfW5gqLgo5_Mi Gente,0.287108194801414
4kI8Ie27vjvonwaB2ePh8T_The Sun,0.29575873001309877
1HBjj22wzbscIZ9sEb5dyf_Supernova,0.3200667601239125
2vm8GdHyrJh2O2MfbQFYG0_Rockin Around The Christmas Tree,0.34676103698803795
4D6CqTx48E5t6aL411Gl3F_Didnt You Know,0.34776623543307766
6VuMaDnrHyPL1p4EHjYLi7_How Long (feat. French Montana) - Remix,0.3514443108256064
4iHNK0tOyZPYnBU7nGAgpQ_H.A.T.E.U.,0.35964594729998156
1SupJlEpv7RS2tPNRaHViT_Travesuras,0.3629062701087506
7CajNmpbOovFoOoasH2HaY_Prayers Up (feat. Travis Scott & A-Trak),0.3629944680441221
4RXxwBtdt6k1YNyyAyiOng_La Invitación (feat. Maluma),0.3648242293312154
7G1GBhoKtEPnP86X2PvEYO_Funkier Than A Mosquito's Tweeter - (Jazzeem's All Styles Remix),0.368906439194218
26dSoYclwsYLMAKD3tpOr4_Private Show,0.3693493444163664
74ASZWbe4lXaubB36ztrGX_Silver Bells,0.3717192789921677
1r4hJ1h58CWwUQe3MxPuau_Cuenta a Saldo,0.37769327045656725
1SupJlEpv7RS2tPNRaHViT_La Paga,0.38007321070792177
0du5cEVh5yTK9QJze8zA0C_Gorilla,0.3857306523880147
15iVAtD3s3FsQR4w1v6M0P_Black Proud,0.39035516792838637
0EmeFodog0BfCgMzAIvKQp_Clandestino,0.39093224200878063
5rSXSAkZ67PYJSvpUpkOr7_Never Gone,0.3918381142223173
