,7qG3b048QCHVRO5Pv1T5lw_Dile Que
7qG3b048QCHVRO5Pv1T5lw_Dile Que,0.0
5a2EaR3hamoenG9rDuVn8j_WOW,0.3695756335711213
5a2EaR3hamoenG9rDuVn8j_The Marrying Kind,0.3891562594136807
69GGBxA162lTqCwzJG5jLp_Young - Midnight Kids Remix,0.40222058992852033
3YQKmKGau1PzlVlkL1iodx_We Dont Believe Whats on TV,0.4038182842511984
5bWUlnPx9OYKsLiUJrhCA1_DESPUES QUE TE PERDI,0.4100229191328839
26dSoYclwsYLMAKD3tpOr4_Break the Ice,0.41073334702240966
4RddZ3iHvSpGV4dvATac9X_Carry Me,0.4108172671809043
4V8Sr092TqfHkfAA5fXXqG_Date La Vuelta,0.4144387818177354
5BtHciL0e0zOP7prIHn3pP_Next To Nothing,0.42031965778849734
5y2Xq6xcjJb2jVM54GHK3t_What You Do to Me,0.42035219922610634
5st4KKihmnSMLRsxWOs2x3_Long Way Home,0.4209903551847991
7qG3b048QCHVRO5Pv1T5lw_There Goes My Baby,0.4263781146337014
7IVgVM49Z4ztdmOqOIxhvP_Move,0.43463440623136906
69GGBxA162lTqCwzJG5jLp_Somebody - Sippy Remix,0.4411216898709586
4hyF8Vtc73RYJr3RgTE2Zf_Between,0.4421701141538513
7qG3b048QCHVRO5Pv1T5lw_Escapar,0.4439732246033516
5CCwRZC6euC8Odo6y9X8jr_Uneasy,0.4446830987972986
5snNHNlYT2UrtZo5HCJkiw_Paris (feat. Jisun),0.44508578919330466
4TnGh5PKbSjpYqpIdlW5nz_Sweetheart,0.4453010790727663
