,7qG3b048QCHVRO5Pv1T5lw_Ruleta Rusa
7qG3b048QCHVRO5Pv1T5lw_Ruleta Rusa,0.0
4kwCLM6VuDfkyWAyn9xFlq_Say I Wont Be There - BBC Ken Dodd Show 14 7 63,0.26045190040719335
3miNucraVWk4hdVsIxn7id_Black And White World,0.29827576180869825
7GaxyUddsPok8BuhxN6OUW_Super Bad - Pts.1 & 2,0.29978280752258235
5X09SRt3qx77eh0XRreLjr_Say This Sooner - Acoustic,0.3021067549233694
1uNFoZAHBGtllmzznpCI3s_All I Want Is You,0.31656992967185255
2VIoWte1HPDbZ2WqHd2La7_Makin My Mind Up,0.3230641645804955
0PFtn5NtBbbUNbU9EAmIWF_Hold the Line,0.3248910555531644
053q0ukIDRgzwTr4vNSwab_Belly of the Beat,0.32662332510176906
0cc6vw3VN8YlIcvr1v7tBL_Live Wire,0.33787806007970345
6HdYUuBeK3g2MA2wGVCDcn_Im Losing Myself,0.33844661030283496
2VIoWte1HPDbZ2WqHd2La7_Makin' My Mind Up (1966 Stereo Version) - Remastered,0.34184535905435964
3miNucraVWk4hdVsIxn7id_Dont Give a Damm (Maski Maski),0.35015190137417773
0KydPQPUUoTNhmiHKOg5Er_Heavens Basement (Theme From 86d),0.3531770082601576
3RGLhK1IP9jnYFH4BRFJBS_Protex Blue,0.353206192012516
4AqIRTZF6DDmKmdorgFug6_Ok,0.35931021399408875
1TY8JzETLheB4vm5QblKsF_Talisa,0.3616256787299395
6XpaIBNiVzIetEPCWDvAFP_Try It On My Own,0.36990640435816524
2siHvYaxjaW5rKVRiIrMYH_Whyd You Lie to Me - Nu Soul DnB Mix,0.37030606335762967
7o95ZoZt5ZYn31e9z1Hc0a_Were All Mad In Our Way,0.37135676160478465
