,7qG3b048QCHVRO5Pv1T5lw_Lluvia Cae
7qG3b048QCHVRO5Pv1T5lw_Lluvia Cae,0.0
6clbbhnIqpHnqxwtOWcilg_Help Is on Its Way,0.37755224024633827
3S68BRmqlI03MLAbLctAL4_Are You Ready for the Sex Girls,0.41331904164630434
0grdhNhiRLFBaFVyybqsj6_Too Late To Say Goodbye,0.41627463325211594
2VIoWte1HPDbZ2WqHd2La7_Surfer Dan,0.4172988909990546
4AqIRTZF6DDmKmdorgFug6_C-H-R-I-S-T-M-A-S,0.43354498745405473
4AqIRTZF6DDmKmdorgFug6_Happy Birthday To Me,0.4392198595312961
3Z02hBLubJxuFJfhacLSDc_House Arrest,0.44702101517904386
6oMuImdp5ZcFhWP0ESe6mG_Out The Roof,0.4486050818138589
7fGhUgW2TDm5bkaUrFz8qP_Timbal,0.4489049777379675
3SMVDdvFWAG9nMF3A2Nysw_Girls Just Wanna Have Fun,0.45665391399129673
2VIoWte1HPDbZ2WqHd2La7_The Owl - Remastered,0.4583071481769124
0grdhNhiRLFBaFVyybqsj6_Real World,0.4587277089858513
5UkbVTm32zmj7yPpMEiBAH_I Cant Give Back The Love I Feel For You,0.4626832242334967
7qG3b048QCHVRO5Pv1T5lw_Experiencia Religiosa,0.4724549415099894
0grdhNhiRLFBaFVyybqsj6_Wait For The Sunrise,0.47275980215757074
0grdhNhiRLFBaFVyybqsj6_I Get No Sleep,0.475594713803042
4AqIRTZF6DDmKmdorgFug6_Ape Shall Never Kill Ape,0.47902888344287364
2BTZIqw0ntH9MvilQ3ewNY_911,0.48200978155159224
"1iL8p9yzijWY1XnqVgHF5P_Have Love, Will Travel",0.48228738761592377
