,7uqxSg0aeseXyfFPwSKOMv_Foreal (Interlude)
7uqxSg0aeseXyfFPwSKOMv_Foreal (Interlude),0.0
5K4W6rqBFWDnAN6FQUkS6x_Homecoming,0.2397324154746907
31W5EY0aAly4Qieq6OFu6I_Best Friend (feat. Tory Lanez),0.28844262350593014
0vUTfcBDZZo2OUQJci5UNZ_In These Fine Times,0.3241213392021112
60NNvDqsif0u40CXMV6jDQ_Partys Over,0.32691408294042024
5y2Xq6xcjJb2jVM54GHK3t_She Dont Have to Know,0.33075700749775594
3PhoLpVuITZKcymswpck5b_Wouldnt Have You Any Other Way (NYC),0.3476458646884362
1GAS0rb4L8VTPvizAx2O9J_Anybody That Ive Known,0.34855422624505766
15iVAtD3s3FsQR4w1v6M0P_Yeah,0.34888341318748783
5K4W6rqBFWDnAN6FQUkS6x_Good Morning,0.35149123750847344
3Caot8EtHX6wLpNF2wRzS0_Setting Forth,0.35371411524720114
6HdYUuBeK3g2MA2wGVCDcn_Balla Balla - Bombay Dub Orchestra's Boys of Summer Remix,0.35667591633036766
1gkSl4XpHIHI4I1WQbfXOE_I Feel Cream,0.3571539834222666
6Jrxnp0JgqmeUX1veU591p_Walking In A Circle,0.361690567351872
4phGZZrJZRo4ElhRtViYdl_Love for a Child,0.3618687769052905
0NIIxcxNHmOoyBx03SfTCD_Soul Glitch,0.36309857443193816
2Sqr0DXoaYABbjBo9HaMkM_Poetry by Dead Men,0.3645845972236209
2FMOHE79X98yptp4RpPrt7_Go Alone,0.36994450404078766
5yqWHaDl8ZrYgeKANLyIv8_The Beauty of Dreams,0.37009901679756096
5zeCSgiRyezbfLiGOpKAsR_Running Around In My Dreams,0.3707940539082811
