,7vk5e3vY1uw9plTHJAMwjN_I Dont Wanna Go
7vk5e3vY1uw9plTHJAMwjN_I Dont Wanna Go,0.0
7vk5e3vY1uw9plTHJAMwjN_I Don't Wanna Go,4.76837158203125e-07
2jku7tDXc6XoB6MO2hFuqg_FlEXiBle (feat. Chris Brown & Lil Baby),0.3797971395487415
2ysnwxxNtSgbb9t1m2Ur4j_Pretty Shining People - Jack Wins Remix,0.3800948797458133
0XATRDCYuuGhk0oE7C0o5G_Cat Fight,0.39405402736589734
6SaSgAC8GbmzRyCuhPtWdd_I Love You,0.4013027045910407
1l8Fu6IkuTP0U5QetQJ5Xt_Top Down,0.40331682658033713
1l8Fu6IkuTP0U5QetQJ5Xt_Better Together - Acoustic,0.4062650346509109
71cyZ6pH0KrM2MdtO8RGmy_Southern Man,0.4124937971753711
61NNjvDJL5ULEefaOnB5gU_Raff dich auf,0.4140735905468495
26dSoYclwsYLMAKD3tpOr4_What U See (Is What U Get),0.419792024556632
7GaxyUddsPok8BuhxN6OUW_You Can't Beat Two People In Love - Part 2,0.4215708274025827
5pKCCKE2ajJHZ9KAiaK11H_Question Existing,0.4224971646740501
6XpaIBNiVzIetEPCWDvAFP_Whatchulookinat - Main (A.K.A. Backing Vox Up),0.4239147010579128
3XlIhgydjvC4EniPFZT20j_Come Fly with Me,0.43074455657107424
4V8Sr092TqfHkfAA5fXXqG_Fight The Feeling,0.43362080187852237
7qG3b048QCHVRO5Pv1T5lw_Heart Attack,0.4341629498567968
7GaxyUddsPok8BuhxN6OUW_Its Too Funky In Here,0.4355867273622334
7GaxyUddsPok8BuhxN6OUW_It's Too Funky In Here,0.4355867273622334
5P5FTygHyx2G57oszR3Wot_Torches,0.4385552982432351
