,7zsin6IgVsR1rqSRCNYDwq_Chugjug
7zsin6IgVsR1rqSRCNYDwq_Chugjug,0.0
4qWnlmXWuGv2TtuxtIWlJX_Firefly - Acoustic,0.26708553232930554
3E3xrZtBU5ORqcmX78v5YZ_The Night Life - AOL Music Interface,0.2920543368230561
5GtMEZEeFFsuHY8ad4kOxv_People Asking Why,0.33559132282009896
5GtMEZEeFFsuHY8ad4kOxv_Half a Heart,0.3364395414868893
6clbbhnIqpHnqxwtOWcilg_Love Is,0.3503093920605051
3RGLhK1IP9jnYFH4BRFJBS_Lovers Rock,0.3585982587564526
3RGLhK1IP9jnYFH4BRFJBS_Atom Tan,0.36473315254000216
5tTsrGPwQRWUsHR2Xf7Ke9_Better Than Anything,0.3762264522018068
5GtMEZEeFFsuHY8ad4kOxv_Dreaming in Metaphors,0.3910243835820336
0ukAv4dLteeOA5IcKDpR2X_Meaning of Love,0.39389484835285726
5jkcIAzNJfptzIC9lMTEEF_Rhythm Is Gonna Get You,0.3943109401011067
3miNucraVWk4hdVsIxn7id_Don’t Let Me Be Misunderstood,0.3979776182052947
5Rl15oVamLq7FbSb0NNBNy_Stay - Recorded at Spotify Studios NYC,0.4000720330751662
4ehtJnVumNf6xzSCDk8aLB_Solo Dance - Acoustic Mix,0.401807277077017
72qs8dHxUfn7lB9cYxQvIF_Walking with My Love,0.40234062396789033
5dePEjHD5QEEKixOHXuRRA_Knew It All Along,0.4047013821141678
74ASZWbe4lXaubB36ztrGX_Floater (Too Much to Ask),0.4142627828575961
2YZyLoL8N0Wb9xBt1NhZWg_Chapter Six,0.4179841699960631
2YZyLoL8N0Wb9xBt1NhZWg_Opposites Attract (Tomorrow W O Her),0.4210640721571124
