,000xQL6tZNLJzIrtIgxqSl
000xQL6tZNLJzIrtIgxqSl,0.0
1ZsNO4HNET792LKPwvFX0w,2.271840441863361
4XiGKQqbmnMVxDzUj6j3f2,2.3412744647194965
5GUYJTQap5F3RDQiCOJhrS,2.3722525630749387
31adnbEEiHwy6DDQ82F3HP,2.456035799626161
5BfMJ6iytQnu1r7iiCYSXe,2.4694052185283284
0oTyoTKEKMdF3rXcOLyEfN,2.4772283353906617
7IL3UOlcJ6nmcCMwpnlfcA,2.4795514861276726
2ZrHbO88rM6Ijeg0aJmSzl,2.4843963710179757
6XddLa3bdlJJQC6sImufdH,2.492953703815014
79CrQdjjiIDmHiz2dPf6zI,2.4991531391915913
3RVXntC55Fa0xfUcpxLuZE,2.506112417246972
7u6DMPznGbpziuEgCE0JGQ,2.5066730450126564
5LQVs5I0r6PngDCELhQzAi,2.518137456312198
7eeg1G22Q386Zigie8qrpN,2.5297435714207737
4K9xSSAsjDeMM4IGU61wSu,2.532066449335213
4fVJSzPT5mzsTVt4CpR5XJ,2.5382579079133527
75imih7pYZ8mlSDKLLGxLL,2.5473485018723045
1u1VcXquBfZfu7dc8PVYVc,2.5562606692992578
0HqdJHdnwaYQwBzcW2JLG2,2.5689031002748015
2tCPIp83mRXvVTytTAf1W4,2.5743852613515674
