,00518PumkDdn560MsfLofT
00518PumkDdn560MsfLofT,0.0
5EPytk5jah5T1EqOmu1QfP,1.8733535893773936
4RuOaq8cJzcA3UMdZ0dQCk,1.9601359383134995
0ty17tpqFVt7RK7SJPhGZZ,1.9808029771216367
5zEGGvSNvq69CttD8hECQu,1.9817932635661553
6I2GT0BGMwYjzcJURK9L9n,1.9943175452780812
263uQsqeNAvM20XDH5U1QX,2.044364461960537
6CQnMebNgdhuAkIkEBpHUK,2.0551167023908135
0EpLZXMMDlgyTDqx2JvoIn,2.0805807627889408
0YBChynpAc8Sji0I067rzT,2.091477624202587
6q7DbRBknCb3GJyCJ7HCKf,2.101031203970451
25ijzWHxJdxBYvRg8LhfR7,2.1256737260865552
3xYeFW5f1Qnbz8s3xOz8ur,2.134230070212178
7JyIaRleeX58OUwz7jjjQf,2.1360735752641675
70tw9q994ypHb16M4Thnod,2.145318816032269
2X83s5zpxpyeIlMWRdDrxo,2.148796104712167
3MgDUrtEiddcZ1Fz9piMhp,2.160933975789417
5fqRwaqk8OdNlcTdljwBuf,2.166735104648082
0CjJqkWOpIUXdem5hUcxAk,2.1668539994229534
2R45zD7U3FS2wkE0h48b9q,2.1720490047400918
2d5SLxED4RIdjnAfbpTcYw,2.172358001553109
