,009ImBOrIUlWgla8U05RAC
009ImBOrIUlWgla8U05RAC,0.0
5U6WGP7J9SNH8OHBlg95A8,1.909702588317819
3CxEwJdQOrHWzr7F2ZxP2g,1.9125328559110857
3XzwvIUt2Qaa3zmQLxKx1G,1.9875915716820272
7gbpozqwdFoqvv19BTk2hu,1.989910279024311
3b5Li4QKDVBx1x7fQuu54a,1.9999950957639383
7jJH8F3PHlNvxfqEAAfFDl,2.0281807674551158
7wOuVDmr0mc2xh128egdHl,2.030053807876953
6uKZs0fpb79JblRoBI6Ksk,2.032731591889673
6FGfXPvZ8sMpq1xd75FHXp,2.0402877256337937
630svau24EHHzw1kNk0Bdq,2.0436559696561143
1QRTWv4xXD9LLhCdeS8Pnl,2.050149730803353
72EOe9jvjhUFu3Dw5lhLiV,2.058091235478364
00SbVevsdFCgVm4IrSbuVJ,2.063741383712586
147ximWPJObFNQ4M1AhFox,2.076591132307605
42PnVxGUSKziKSKXCNXoob,2.0790201753098088
6SWHTMywuTXLFlMQ75cAuu,2.0821213815914787
2UVPkh6lrARjYDK42jC6kD,2.086447745304408
7xyYsOvq5Ec3P4fr6mM9fD,2.0979717726272233
5iqdPeaqFcNeZMObcUjqFU,2.1033792193917176
6r9tjMWLv8fNdZKKTnqCEr,2.108121706411161
