,00AlGnzeNVYmilww5OFUw8
00AlGnzeNVYmilww5OFUw8,0.0
2AVKdkpd51Kn2otAkICBWJ,1.5342680481617597
7BdW2EOVrjzaygWj7alZIu,1.5719941743327768
1GnI88Q9SjNJIUmvrWs4sC,1.5757340119935124
3NU0MFGJ7ZhDPuYWXpB2xd,1.6035046852739605
5I6exXg95LKzq9Eb0hCFXM,1.6092287014584032
3setQxCpVJpNVSnFaNwtfz,1.6299415515036884
4DNqO8l3cfKg0XYMW7ihF7,1.6587812772423363
0FdgdF61t02gov53xa8r6h,1.6858135081921257
5NRyrdfQwwQ3rgSkBtNMcw,1.6872346662178022
04i90Qo67c3MKp9OBtR48I,1.6923202935030983
2Nq9T0nShSmuBggNE1ZK19,1.7074594116945685
3PkpUPwXOni0QgO3C95iY3,1.707465630730906
6wVWJl64yoTzU27EI8ep20,1.7141996830948627
0fqsKxf7u2jYxTwf06DnUg,1.7176890244246643
2wegPppAY5NVEZkQ26HmPo,1.7247884462993985
7FTybly21IrpotgmIq1h0S,1.7384565538944727
0a0AbyQETJZI7DqoJ36Iru,1.7385741794358651
3SLPYjHQ6nuHEDe5Zt8byX,1.7436840399968334
3vNFsxBbA4dPkymPF5Jm1b,1.7457594430022303
3aT4JIJewsuf6lMW4U0rjK,1.7523882408323188
