,00BnfL75e8vHSGCmwUWbEk
00BnfL75e8vHSGCmwUWbEk,0.0
0o0sbV4oT8H8gb96EAoQkH,1.7714713087622358
7xJl2SNQT9ZqgXpiPXprnr,1.83204719301132
4QfVMnOYuE5Ah7E4g1p6Bx,1.8327279258757558
608a1wIsSd5KzMEqm1O7w3,1.8777213794726968
5pQR7OLdUPZBvrp7H0Ol8h,1.8903779949815183
6ZUa6qKneJEAOYsHFgOPrc,1.8931458666737566
4cAgkb0ifwn0FSHGXnr4F6,1.8960370412646268
6aZ8WXZ6ScWP7REE1jmDHG,1.9017008202413352
7u3k82TlS7aPrGob9XsyNm,1.911985452985454
2kDDyneG3FYwCNKXgiwoI7,1.9450085465850226
0qCJuVo2eL3wMBVqL3oTjD,1.947096983864522
6J09qZvJ3nQROv6zvMviv4,1.9695971039181557
5em6auotB8rsJgWfpO3wND,1.9811379457920122
5ZSIExfQuVv69tw5Qw3yDl,1.991565298035413
2n5gVJ9fzeX2SSWlLQuyS9,1.9953632396169658
2L8cFPItBljPNJgPjTnuIf,2.008665155745577
0mhsw7HRwRwF79ES5ucP9Y,2.013059040162481
7iTnJTqiYHO19TXxd3003F,2.0320906074631497
3k0466XwffkAS35ofvbg3G,2.032272814937933
0S1B9dauZHu1QYy7YlpbqA,2.0392515561144893
