,00bvlMH8B6w5kDWZjNa05M
00bvlMH8B6w5kDWZjNa05M,0.0
5LqZeHNc8dSazLXJfaOUUp,1.857970952812846
6It1WT9wp2MlP2XO1rtIIP,1.9893201971643586
7DSHrh5v3Zt22BfdIWppuk,2.0327827723928404
15baNmdl3WSqSKnT0YDG2v,2.0414582254657248
56bbqIxsAzzNX28hYl8wRL,2.058053998930052
3lPr8ghNDBLc2uZovNyLs9,2.0670236355865077
2o6J1olllCx6h6xDeb9Llc,2.090700992012868
6CmEOOzR8kBYao3wAqprAh,2.0921937289186605
5BqfP9NnRR9G8lnlwjxxk4,2.0927046660807527
7eChhm0CaN8ycQ5YGL4zBV,2.094555605085853
6I9VzXrHxO9rA9A5euc8Ak,2.1113541524526975
4hIzUNbS7khuw9BvKyvGTo,2.1215504591815657
6Ke4VWTW4M7wLZkIvstgeH,2.1312443533118692
3boUSTv7CwQRiWuq8ZPjYi,2.135464266715967
0JMrNW4xBb47f7AxBetgOf,2.147778147164293
7iWhmYuENc4Whvvv71EhhX,2.150200801117913
6LEre6jKaLhumIw1MW9p8r,2.1577473718486626
4VU5AFuuSaez5Nt7vTPlHH,2.163877073917893
3XF5xLJHOQQRbWya6hBp7d,2.169949005937756
4FR7fPfbZwNFajVLn4Bg4q,2.1707068010847856
