,00EQTISBxvGLzB36hiOYMd
00EQTISBxvGLzB36hiOYMd,0.0
59GIuXCGeNJ5WnII8VJNLr,2.061365973333502
4ueuplDNBS2fBbsqV0w5nc,2.2159484473325985
50NZKlQPUvBKSglzn2fXaE,2.2184539598375204
4VePq0eyMiIuVxl2Ux9duf,2.251681598360948
4z1YRT2pdtzDKfuJoU8w3k,2.257957000092391
3py7gGMJaaxYcEkmqjwsaQ,2.258685881878998
1CM0yH0Y6q7hhfq7o5wagi,2.2625024390602175
7FxzgizJRGTQ3fxUqfvljg,2.273257958533045
6Yj3cqFEuX7PpeZRVHPJJ5,2.291618451239262
439olY49qvhiElTz4JyXdj,2.300704623411784
6tKbVz8IkwbXzCq44HapGA,2.3038905061865096
6pKYzUreo64O7QVdFuPsGv,2.3086900240364443
6ZDQdAeTYt13V67K7LJXDv,2.3302933131739136
736XrOvsUtOpuyLmPdjuG3,2.3316511533478184
1WoEJfK8R4vcVOi3pLDx0H,2.332618187956554
42dbDZX9bsEGqMZWYmnR7J,2.3443705246545474
3lkkkYc1wBj5l3FVlpqvP6,2.3514981285244247
5WX8mqlPovtMHXCsHGioPn,2.354354781843476
4IfXyEqsZfY3O6o5J15aJm,2.3552552275800718
1eeomkGph9F87Lfi4PTYhr,2.36256853376283
