,00f9VGHfQhAHMCQ2bSjg3D
00f9VGHfQhAHMCQ2bSjg3D,0.0
6mbrbG9YLUJtmmDRR0aJBm,1.9573949177650123
5Mtis1DwMRnuDlPHMcza1M,2.0620609122781954
1g1RmSl6D0I6m6MEtDvxYn,2.1170073653910366
34JBZjGLUZonoqFjtbC31v,2.1223570949932675
2ApLCvg4gvhG7kPDq8NJjL,2.1305599642102515
4nrGqAXIwimqVx0T1ejUyP,2.1507942829017814
3I6i6pP92OOu1bbdzN6SoD,2.154016339589122
2kky2FdWijLG4YtQdtaB8p,2.160483565781168
0OBNXQmgxgOtCLMZ2F2Y6W,2.2095538179435206
0eOSEYDx7SpcZ4rx5lDuAi,2.228196246229033
3kw3rqgqtF4F7xVmHqTsGj,2.2527483883059225
36GX7SdR5H828hsiotmKcD,2.25437268567841
1lx8ddGT5wCD6W2xmLeRKG,2.2595571085036243
6TW9Es1ZWH0P6B5u4mfFoQ,2.2596974477794545
34xTFwjPQ1dC6uJmleno7x,2.261258228008884
1pKmfhwbZvsyYUP2eOGdw5,2.2652004573737585
6lzlRAp5VqLLF78PwnfHjq,2.2743258323073943
153E8CZ5kCe6KkCHS8mZtS,2.274834863718389
3nvVjT9VZMXTS95cctNLzc,2.2749312642212614
5ENT5BmHfWsNvoy4Y18Sn7,2.285726989603677
