,00GNc5ebF0onJaDp9Ey8bn
00GNc5ebF0onJaDp9Ey8bn,0.0
1Q3xOjQ4G5bgzBV4Ep03F0,1.6701282869590157
0vCGFGq7SnmNMsGDWaKEdR,1.7293085138435738
6gnkHOFUaNR6itAtE5rEfM,1.764328932039625
6uKZs0fpb79JblRoBI6Ksk,1.7689886429754353
4GRhLzeZgi7nsG4d82YfIO,1.8068001014492066
3p2OAR0pYrjl8895Z0D1Bo,1.8178426002712258
5mLStGzHrQmlRrjiOLolrk,1.8200484382663065
4oa14QBfWRDfJy2agySy0L,1.849431283910176
32hVsa6zdjLgMquTE6My31,1.8602692960874285
4rAnR1Ho1UkZYAUAlZVg5H,1.8684330283158959
5GtxiVJjtY8l08mwcNSHhJ,1.879687494027192
3UaFnnUo80mv431WHEzaj9,1.8849279172601914
5ifYJ63gIczbF1Bdr28Q0D,1.9007244083492756
5ifX5aMUoHUIMIgotaefNq,1.9262296485651222
4Lpt72os5stnbqajI8tZz2,1.9282023638387764
60wzbPwV6EHfBTAf95rb9n,1.9334106502429849
6MVrwx12IjKhBfzWEXl33e,1.9361173865561572
6Pu1G8OV5m38PkLQHyZfPp,1.9365598601724505
5iqdPeaqFcNeZMObcUjqFU,1.9517744438567906
0Fowr6vlOSn5Y1VrDUSd5C,1.9556474856662915
