,00J6muo7cpXzgQxLNIDC8O
00J6muo7cpXzgQxLNIDC8O,0.0
5oP0aqVy22dV4W1Bv5khMa,1.5581697506571226
6CgQvuU2UYBDrPJxWbgUHE,1.5832472171672618
4mF8UHxjMoYz3cZkTU575d,1.6164883261606067
71kl32fFCagQiR9XVQzwGx,1.6328384177701267
6evwSLbNOKzilgIEzjqBW0,1.6881349093484475
0R194013qdfjeFiap76Nzs,1.7083187561223052
5NtOAfnwkKo7eAGq7Uap3J,1.7278065442815556
0svTw8GX0DXxzOVKVKuTiz,1.7550841305205427
6gQaptRUcb9xg8puca535d,1.7613623448103362
442HGNEmVNg6JBN9IDtemG,1.7915961109957836
2QXCQHtpIDFniRJluM4sxP,1.836989722161934
6vL8wJJULHS6EPrAOUZbID,1.8442355147971776
6qZjm61s6u8Ead9sWxCDro,1.8451559708623222
2rE0T3zFltYcuedzavDajS,1.8492345465095912
6Xs7OKt6i0Ddq8B4M5Dgvr,1.8586721413130212
1TnUURhehaoMWKAqQtirm6,1.8590687467201423
65jv7X59Jc74pebwMOctuI,1.8627198643894223
2DO9djrhnoJdZJfTs3CqHd,1.865920715913358
3CHfuMoubpCT39PBTvAWk9,1.8772338598719254
5IjcZB2ulQYI9fOzsK7YVr,1.8814692651660134
