,00JA27dAnIPXljobCwtS36
00JA27dAnIPXljobCwtS36,0.0
5em6auotB8rsJgWfpO3wND,1.9924449770676471
6fwWKdZi4TQQM4EkpIrp1O,2.0359262631383706
0kMXQ9xqVotFY03OtYO85N,2.088084986137928
6J09qZvJ3nQROv6zvMviv4,2.08958603390229
7xJl2SNQT9ZqgXpiPXprnr,2.1339806538735817
2Q5rgdW9RQxJTd4qwPH4VU,2.1408435310351694
7u3k82TlS7aPrGob9XsyNm,2.149172831702008
5pQR7OLdUPZBvrp7H0Ol8h,2.189995239911006
7D8aQaRzoi9Qzz5yerVK5b,2.202607301284055
1yKLa9X63tBfvLojNOw9y8,2.206876698351592
20k9nidFq00GRHhMdPS3Lp,2.2074757200310424
1BzFSlgqx7lVvgFpUD2RqE,2.2074757200310424
3uubYELqTxIOqGalMtUq63,2.209683959038379
0Fv5N0cHBsl4bzCbollCAS,2.2182286810710297
4BbvXRolZHLQd8shs0KnxW,2.222540126976902
7n29lOPTJUX5ucjOlGXMkx,2.226798856891038
77JzXZonNumWsuXKy9vr3U,2.23276762914514
7FvOPYqVm6M2Nrr62kuDFQ,2.2354592702394607
18yllZD0TdF7ykcREib8Z1,2.244471262543323
13unqv6c3ZC5Qz4J0yT2kF,2.2481345881975057
