,00jXDm9BLNZdf2QC3Br0r7
00jXDm9BLNZdf2QC3Br0r7,0.0
1tjHKKI0r82IB5KL29whHs,1.6247720256135836
5Y9IIH8Xmo1nuk0gfFjc4Q,1.6524868014727374
5qAaYMahTumxvF9LuelRtc,1.6822412841653265
59mpa3hK9p2NF7ehL1yVK3,1.6899912954285738
53t9WEdHQFT3XQeY1j68Vr,1.6949787491621
3dS0pGemac2wffGuimkpvn,1.7527817646651442
4jrCMOG9OPe6iF4vWFxatb,1.760005781560465
70oK6ePjILgOuBUzRDOfCR,1.7607721204625344
2kSoonW7MnStYrA20aX8a3,1.7726257396195382
7ipwgCq2hoBLClOVwbxGgT,1.777997273579424
3fxc2GDtIjDprOyMFABWDs,1.7808284697535925
2cEZEdGtVwHa8ZMC2DqytA,1.8001263139173191
3SU3XYM7dXqGr8Z66731AA,1.8093725283966546
4jjLWUyXPR2mVfaivkIkfZ,1.8117289620474348
51V9ZIgSSTMQbGTdoIADgK,1.8345649584715544
5m6DHmNqWy2GmKTFT3FQrB,1.8365470785630258
5KhHe6yaiaZWlqzFV8Bf0C,1.8429309930877553
2sCFFlnYg6Lk75GCcfSXEz,1.8489164638376006
5veSO7OmEwcMtKEogfzHb8,1.8507655566830379
5ZumDJdLaRXMxy5xFZeF43,1.8656647711552572
