,00Mb3DuaIH1kjrwOku9CGU
00Mb3DuaIH1kjrwOku9CGU,0.0
7qnUEWnrgyGtEawAI9AYWn,1.8850312655377917
6B7b8ZdZUkPcjdrzVNvmse,2.023793202488457
2TCeLqICaM0pasmlqguYUq,2.0358147304234313
0OqbCzXeDvKlvhOe4UkVdK,2.093613104288873
7k9rcsOLrZBzxIL4cyAipZ,2.103906559307206
6jOCw3rPbxQTG3nuxaaX3A,2.1057080965105768
3jWOdWGba7RBc25cmMOvFl,2.1326660007787868
4DuhTmkKIl9x4am93BMUnk,2.1401551359685875
42RQFBqxtQEeCDvdTsBFTF,2.1486941631979595
2zkeX5omL0jDYrMz5A2bgL,2.158581905294025
5bRqCoWTmhXoy2pJD4HOTx,2.2049105748432525
1Ser4X0TKttOvo8bgdytTP,2.207466418208378
73D5hBkiVZkopZrmBZTBWf,2.2145961768818583
614YKjy6iT073bbDxZuHps,2.2200703211563693
1x6jHJGczTBitBy06hIWgx,2.2206280919914185
7AvuMuWRedFbl5HdCTUaxo,2.2226045076026213
5S412rtmOI9jYAgfUKJfUh,2.2285274879983303
7ormjGcNBhDVFH2nmpYyFS,2.2408581749942114
6HYpWh15ii8637AQbJdNbs,2.2653465986683528
71RbfX7M0i6ueXWB8wdoi4,2.2701984463464155
