,00NAQYOP4AmWR549nnYJZu
00NAQYOP4AmWR549nnYJZu,0.0
1oiwANJpaXZxYkwvLWor4f,2.071724023310794
6KDD9eOwwKusUbyzscxGHB,2.1726324412640965
2OAOAtuDWWfzhbgdkZ24sw,2.2448704176301915
5tO6NJy588hF0zgTCXxKkz,2.2540727984808138
5TM606Zfk31aNXIR63baT5,2.265471035745452
2b6pyyrxfP79LhV2hLtTm4,2.2672268450148096
0dRhSF9LV0HR8Jwd3MMMKJ,2.2749694101598754
6vhOg0jBNyCzQo7nlotVeH,2.286257544337076
2Cev3OcWRiZYdUtliXsWQq,2.302288680884523
3lyH2gI9wumj0lvwMboDhV,2.3129764700382003
4PDu5rALo8jawxzMjKMWeQ,2.331570381654814
58t4UysofGey2TzRseCSmd,2.339476684843123
0KWcRXcnGoB0gWSu4mshF8,2.339626913672984
7jAtnDZTP6xZK8oaTnTwf3,2.340467014594449
4dIkWktTqBNtL0FLsG16iG,2.375816289104043
0ygAYQQy7bfDN6gH640bbl,2.3812428204908107
5PtoBDWcwPahPDflHJFV6J,2.3852973555231785
7KolrFGhfDi1JTSgQBT5sI,2.396290053766404
7wfYMqTLUi5cq8ZLm5QHGo,2.417693250078739
6KZPeYlTO3LNniGQIBkuxf,2.425460427169252
