,00nKdBKPs0F7nJ0xzWbccg
00nKdBKPs0F7nJ0xzWbccg,0.0
02Bj0KWmT8OznkcfKyDSDc,1.831632525136543
5slYHr8Bwh2uLYAm9dJmiF,1.8465251311449227
2gxqozTaq2NYylvS8jd57G,1.8788353937877498
40WWDaK7arn7ilmufbHmdo,1.882722975031158
39IGBhszdamLErnDoOlovS,1.8934112676980357
6uLumOytyfcMIab643YuHA,1.894838354368746
013TFRzJWkT41RRSgSenfI,1.9176013876965161
7qK88XdPut8m3pKKuoyzHO,1.9188498042515774
62mjMCP60NXYG86dMyVZY1,1.9229777927233445
6e9hppTnLvAsHiTFRvPbOe,1.931634558173903
4G2sIwFtCuEB3AZLboFilf,1.9398214545540822
22GUd9JOxhSidGguHxf3Nu,1.9442543471763423
0mWOTzJrubMCI1sskQ3YoF,1.9460709293831842
0BCPKOYdS2jbQ8iyB56Zns,1.9575314344904742
4j6HmbhiDBycWoKqM8GjKg,1.9636316776158413
6zR5rIivVSMFkgzIkVp8l9,1.9722943560560569
5o0iUgoa6t7cHWIZfqnKNh,1.9933337388375054
7lriEP4hVzkqlHXmKRTnhR,2.0051089719312776
6N5ruusDFjQPYvCka8ejwP,2.0093881051133793
7j9pMHopmhkEXiM3RIWH5W,2.023178727552617
