,00NtVG757yjm3hFVbuJX2Q
00NtVG757yjm3hFVbuJX2Q,0.0
7HZOCMa0XEXNFklxUG5kKb,1.9521542149043503
72EOe9jvjhUFu3Dw5lhLiV,1.9646500231728397
6L62el1OUSq0LH3p3PVgXF,2.0164502330889102
2NkbRmygVirMQFCjSkyY7Q,2.0179891991608714
68trMAaEDPEUAijiOku96U,2.0531264446346618
4UHnLWatT8yZosFSzkPyhx,2.055815632367219
2EvhhRsXDZxQ54AAPVGbvs,2.0795958801352366
2Knlcf82LF6hp6Bf0gldtN,2.0816922175903523
6yuDA4JVS99KXSgjfniAnR,2.092927175746702
676ycd33DnU6I25RFpDR10,2.0938010547391013
6ztZlTKrU8Tnbs9ePd8K9D,2.094241478189436
5GyzufKhA3l89fhW9zB48t,2.0953454789311583
3NT5B1jrtT2Nawu0gTegYm,2.0985185344109505
1J6XNmHmRCJUA19yZSv807,2.1026233126154654
4EhbLHYOXzEoPmOfaVoIIW,2.108759198507986
3tWtvJCxhMylnyfQ8IBwpf,2.1133927130287353
5YLuXKsZ02FNK9MyaKi9Uw,2.1199755994699996
6hyiAdt7Tx56QHAkj2BNL4,2.1222284111459646
2GEbT7c42a421zC8iYACRS,2.1254244550280017
7rACKwx9OMTlScGUAcBsvP,2.127854736836414
