,00RYw42tKwXecTaVay3BKl
00RYw42tKwXecTaVay3BKl,0.0
5WkgUQlJkgwxX2Tx8fbMnj,1.7258352498069016
18WwAEJsCIh7P8TSsO4lqi,1.7515388348834733
28NY58LMKsnZHwYFTgCkN0,1.7515388348834733
4fP4xTSBli3tKck172LEZ4,1.7525983204807094
7MS8xxRhoedXm5z8jTALjD,1.7601060641797908
3GSPe2BAj7wkxh0goHykSP,1.7758914025195291
2lupLXIjueA5t4Pq4XUNcG,1.7889963514230285
1tWvhDzU8FSJSoc3zWniwM,1.8065215024946366
2NCbJEcrTdGhCiWSTA2Ui4,1.8192317169883543
7nMBhRR09ugqN4SkH8L6pg,1.857433561679755
67zXWqZE8wX35AT73bz0hc,1.8664311077131195
4j8wxVNmiKP7bZuWEckFxr,1.872417247030254
5zaDOajG0eKIKSqUZsQvJS,1.8725669827179132
3Ea0Ik6lSoiGEfPNhcY1bX,1.8888055799108214
0Zsb46Y4ZLf8mbykDQrGxF,1.890447754849776
5sDFQ0K3DJI4lpjIXMpAbW,1.9018062706769225
6T74sWvcHvSAO5prlk5dDw,1.9140181733280026
1khfmZTlbEsCi0VXylEJSQ,1.9207608974965362
7EUcOIbJSePmXGvAe7G79C,1.9240483325619249
3QUtbFgjjnAHTtLup31xVa,1.9249068600751849
