,00SbVevsdFCgVm4IrSbuVJ
00SbVevsdFCgVm4IrSbuVJ,0.0
6Jf7Sx68vsWFKeWjOxcLhQ,1.9180776379410462
5U6WGP7J9SNH8OHBlg95A8,1.9864004784571323
2SeSSX9VmBZ00pMZp128BJ,1.9984941851808662
50NZKlQPUvBKSglzn2fXaE,2.015484251876158
0nAemzMD5xRPeom0jWQONH,2.0305303150921414
21pk3IBK6R9FDKgI55Pijp,2.0345789414553423
009ImBOrIUlWgla8U05RAC,2.063741383712586
4anDsZBavxjw3Ktw6ICGYd,2.0790059389913513
4fQjex0ezXcMGpdjlGVi44,2.0813546306452135
7gbpozqwdFoqvv19BTk2hu,2.0824829951830495
55qBw1900pZKfXJ6Q9A2Lc,2.08282136935243
2ZroUx8b9r7pCZOdmbiwPj,2.084881227331786
4oa14QBfWRDfJy2agySy0L,2.094536879474542
2pobfLH9dJs6mVTQlLEkx1,2.099467169498112
6c6W25YoDGjTq3qSPOga5t,2.1018394714114335
5C0fJaH1RTClvyicgCFTA4,2.1103639796487625
18P9FFTRXFzHdAzAphl7sy,2.1273237501053655
5Nm9ERjJZ5oyfXZTECKmRt,2.13252186014118
6oO10y1h2VyxJQfomG4CtH,2.136638711902
5ddXMXmXZ2FN4iliTG20nO,2.1398448580748513
