,00Tv62iZ42zDjrWYu8Rxjp
00Tv62iZ42zDjrWYu8Rxjp,0.0
1UGD3lW3tDmgZfAVDh6w7r,1.9610003402021259
11zTrrksNgW8Q2fYmsKQVi,1.9621643055569504
7aHK5phEahf0v5K0hfXvVe,1.9769688576460716
7HvtrRyRYqSOhllmbIW1Kh,2.01361564158337
2nAUcVNxXpOTohdYdONend,2.023767355783798
4HEtWYYzROeE4KmZJald5V,2.0243480836402474
1mB1N8BVAN3BeyOes2uj1E,2.066627524494348
4oFtLSgHyZPNYDCcANhTnO,2.0695477190493747
6BbINUfGabVyiNFJpQXn3x,2.0857941782581464
4Fs5W5sSrqlhErXeZYDeFX,2.100129213717636
6jhzu5suAcJiIzCmmQaO5c,2.100129213717636
63WSISRJQjqurdT1CZV9aC,2.1040988471468363
77JzXZonNumWsuXKy9vr3U,2.108738311269628
2c2csx4OTYtbkzvbSTXlGY,2.1111647238771623
5ToQFiuatsVjWZEdWo4xaK,2.1119182150511033
3L7GqCjU0FHXuzhLskcKAL,2.112189465159247
1uqukhK8JUrjBnbxB9KlS2,2.1130427801255953
6Y3zrxlyDflGS0Hpscq2ak,2.1192766281849584
7FYkZkF9fog6WS818wJnhl,2.120971854721698
0iQJLCJyv6TTPUP4u4y8DJ,2.123951638088773
