,00W1p1EeD140DHSrVjhhlR
00W1p1EeD140DHSrVjhhlR,0.0
58zNxctExLN2X6xDH0crtC,2.5267526899754733
4TAMLjlCpo4oDLQGEFG1Zn,2.5398264590604955
1CNj54KmvgzHzDy7QGzrRt,2.5636334585832934
1GD6T0kyOgnv1fk1Wg5lOX,2.581004410446222
07jkcE0oRbSAg79AwwxYL7,2.5864660638195387
3RSpK5Y0y5tl25qvssrwJ6,2.603174196696516
0uZzdkuzJEjFzaRR2HQ5mj,2.6106687666643924
58WOoJ6OhsncF090CmC4NU,2.6132154105983054
5xNUR50KxswPRAvx7S163g,2.6215203534559772
3Vsc1JLiDKuxDxMl4qqPpw,2.6333919159862806
3wToE1V7kWXoKEnSVWlHjP,2.6350305797741687
0AxlBZL93xkzzD2ZCTWUmo,2.636167646171419
5S1kyHznJzFrWh4PaGAfdG,2.642594103956262
0xClIGTJ6lGtjKrPvNr8cg,2.6556933228433417
5bZeugrr7oIATt1CLJuhT4,2.6563552097852416
5Gfrwqe12AAmQjCVuSBktn,2.6686880927309438
6L62el1OUSq0LH3p3PVgXF,2.6695142480199614
0mzdb9UGlba92FXj9c8Jlf,2.669524567455043
72EOe9jvjhUFu3Dw5lhLiV,2.670345066650601
1KL9XRmXVyu6hgaHOp2zT3,2.6803340951184365
