,00WFoR7tPga5Wj92MSR3eD
00WFoR7tPga5Wj92MSR3eD,0.0
4QfVMnOYuE5Ah7E4g1p6Bx,1.9119422047504824
5j0mpRxkyNuUb3LjahWDqJ,2.061281480933528
4cAgkb0ifwn0FSHGXnr4F6,2.0640558773893973
2TElexeJMX3OyXil4DWbVs,2.103845993670976
0mhsw7HRwRwF79ES5ucP9Y,2.1160823600181136
0CIJfnIVYj7CVQwgfSswx8,2.119041475096584
4O0qHBvIV8yHOcPkGJUUIZ,2.1214265625962616
00BnfL75e8vHSGCmwUWbEk,2.1326231807225837
0o0sbV4oT8H8gb96EAoQkH,2.1341654522635167
7pcUAvuj3ShdfZIQMOzuAt,2.1375126856246527
2hcM3AtNY21kLKdWJj4wNw,2.1466086629653116
2W10vndZ7uSOKVineVfjOa,2.175937915348366
6ZUa6qKneJEAOYsHFgOPrc,2.182621111967831
73jRXRZws5ZuPaD08UMoEY,2.1855516674044297
1szcZMcUlPjCItP4xNIU3E,2.20954455289336
7xJl2SNQT9ZqgXpiPXprnr,2.2167739925985854
2U214OSw9E5ykiuZvX8p4n,2.218742059929889
3eBa8WLuW8b2Ext8cyRhOv,2.231163919415037
5zOqVwTZX9KtGOg9XZxfZi,2.2443292805428476
2SIsCEBQC4DwYEJC2zbZPn,2.246455740582509
