,013AKdJ8Xw3I61kSpwvnEN
013AKdJ8Xw3I61kSpwvnEN,0.0
6AhlUyXpCsQgaXMOnWYQbo,1.676597784907392
3SLPYjHQ6nuHEDe5Zt8byX,1.7017347605142334
7EUcOIbJSePmXGvAe7G79C,1.7023969781883
2mUFodFEiKVMINyXAYKqAb,1.7124237133964513
04LuGNqUpO3877bRLwvOhE,1.713734837360179
5I6exXg95LKzq9Eb0hCFXM,1.7285791552904641
3qBCFtoxwyYIF2II6lXcvp,1.729966612942177
1s9Mv9c8QnTJO5fqF7oNu6,1.7329544452377048
5qfZRNjt2TkHEL12r3sDEU,1.7422760619625788
0fqsKxf7u2jYxTwf06DnUg,1.7428271750821491
2ySDKHsjXDrvEOtgEW2YWg,1.743082316064565
4WTEEdY8026kdpoH9UUjxZ,1.7449025385561934
0To5xGI3oTXYD20z7pCQ0n,1.758137025284932
6t87wHYpHlTwOctOS6GKXa,1.7599288095722847
2t0P8YsXXHVLs7e95rwZbt,1.7622054788980037
7gqQzgDmSkq1tfhPNU0GZN,1.766066674056818
3wRJ8kRFf3czgTR5QePcKP,1.7667900960685925
1vcaM0bARQkcXE05oXdn8u,1.7728250773330205
0wXAIarGKYUorLwp95FRcG,1.774877229894502
3zxqTbepxLQesm41y2NoE4,1.8007293744822819
