,013KZvh7N5p7Jsr3hQ0YYC
013KZvh7N5p7Jsr3hQ0YYC,0.0
6onmpB4WJxFj2oPR9vHVK9,2.040833306823878
7hBkrgTX9iDsSOZqTPNo68,2.111386206533441
5CHl8qHkIp0HNdgyxn5yCL,2.1221554954244173
6dPdPEEQeXCpoRqVKGc1sO,2.1402164057947197
4t6dqSAxE5osx8Mfxa0Quz,2.1636252258023414
2ZroUx8b9r7pCZOdmbiwPj,2.175283049922128
5RJhYnzGZlOfmD4QmWnU8o,2.1802614377526637
0OW4c0SDcNxBMN7l87t8TQ,2.1876668655372016
7lBPn6LpIvbvAihTRvBMig,2.192627328052276
5776LqwiAk5PQEXSw8v4Pa,2.1970071489023764
59WN1Bz1HaEIM2rBSv9cZI,2.2010693713901284
1wQXj5bgxyZQ2XmE2X9s6n,2.20901904202519
7K7YEejtHd4rK57J6QkuMr,2.2167732506733397
4fQjex0ezXcMGpdjlGVi44,2.2184855432203934
1bzfgbLPF3XTyDhmvoQ6uH,2.222448637376327
6XQ2NE0rLoxIgMUJffnElU,2.232200906967401
6Pgkp4qUoTmJIPn7ReaGxL,2.2323424916653005
09Hj1Gk62ejK2aJtiOBjoP,2.236041135933242
7HZx6xnAjZjKpbFn9AcmQA,2.2362258226826244
43zdsphuZLzwA9k4DJhU0I,2.2465031015573755
