,013TFRzJWkT41RRSgSenfI
013TFRzJWkT41RRSgSenfI,0.0
3NMVmvEQuLx2BFETr5DGFF,1.6932144429912812
58tizBbohZFxRjGNaT7Brc,1.7193445436124504
62mjMCP60NXYG86dMyVZY1,1.7213915158413422
2ZVRlKRF5u3oEmD3JduyTD,1.754725002642251
2AyFYSaJjz9XMc0kMr1R3a,1.8433287808951315
3SLPYjHQ6nuHEDe5Zt8byX,1.8490667634813494
013AKdJ8Xw3I61kSpwvnEN,1.8534347430354265
0wXAIarGKYUorLwp95FRcG,1.8662193565228478
0IWfRXJEnUXzwk5eeYTAHu,1.8684334574635886
0To5xGI3oTXYD20z7pCQ0n,1.8699808384602863
5KGbRvZyVyKP2AEJMHErB4,1.9117735765752477
0BCPKOYdS2jbQ8iyB56Zns,1.915104991524077
4G2sIwFtCuEB3AZLboFilf,1.9160334392119702
00nKdBKPs0F7nJ0xzWbccg,1.9176013876965161
0nJXCsYPh8k1UrtGVrlgah,1.9206940192698185
2mKjs6s0Z1imKKb6gOk628,1.9211693762633293
2zQIITgo6sc5ppOfPcH205,1.9258866399862318
2bngeqrs5jE6UioSsDX3MV,1.9289769395734517
6RFhskPzAjQd8Z184DPZKD,1.938522129936901
30ngg6jCMqOBcvj5fLgfBe,1.939025788612108
