,01BlGnXpLuC0BjgUxVYZFb
01BlGnXpLuC0BjgUxVYZFb,0.0
3GONDOCwJprD1lZZ32JbuJ,1.9683494700192445
4Q4jmPHwu0wrJvqrld0FQ6,2.0580225358782784
3BaEK0XWsJ4Ss9qODrpdTz,2.0741781643216077
7vrtXD8xPBC2E69eOCrkhj,2.075492420396822
152lZdxL1OR0ZMW6KquMif,2.1326521839393093
2kXL6Pv3Ozv6hCsToE84SU,2.221552857789779
6465KnsDLxiKq3mNPxXF41,2.2255944755940855
024VOzOBCmiBeMZQHNVXUW,2.2255944755940855
4L1MrFFkGrs5Mxkj7Xamti,2.2432519959153376
5SrSCFXjjn76bK13engFQr,2.2454736502368875
5oNZO9LENX2wc5ghd5DjKW,2.2526276902996045
65O3DcTxPfARKT7SOWKRpN,2.2654014468024792
4aBvNdk441AYYJ1BRgDkrH,2.2834482166231855
3wvdC46xxQTHUthnQT0MlE,2.2876596373330123
7c7GjJ06qigBbOdwXIFvbD,2.3003984323211424
5jklyYwzYIY20CiWG5uccu,2.3030516626061686
3UgCmbXnbIX6h96v3Ccpe8,2.309117159098848
0t6DdFmFQhQYWhmfa5FJer,2.3102897561881766
4VePq0eyMiIuVxl2Ux9duf,2.3126885754047053
4ctqzWJU38yte7Wyq98rrk,2.317778845864989
