,01Ch5LzVStxCFPKkT1xg6k
01Ch5LzVStxCFPKkT1xg6k,0.0
5e574bhjycX1eH2l4Auage,1.8880282775856845
47iLFlyBYWZiXvl8XHBniE,1.922433982303974
75n7mraeMycQOl2sDGYaTe,1.9237101578785876
4mz7WAJCJz7QbXsFA2WoXK,1.9567199847382488
20MuVazoNMv6xjKPnRFOxG,1.9591517051770377
0a2JCinEvl21WeWLJBt7hM,1.9639990784181245
11zTrrksNgW8Q2fYmsKQVi,1.9737148540181721
7DFy64Z5FCJ9UHzEt9T83m,1.9869020449614245
5f8U3QzmZZrK0BkAeQut2q,1.987278081935452
6TrjaOqUwdKQ7KNxJr2s9Y,2.0040980448345542
29vxkoDeEXaW7cFcNn0Ikh,2.0328789506948777
2kLI3WeOPoP5rLP1lXr6nH,2.033892361268021
3doVAxeH3SgWtlRMqR4eLi,2.0386059050813947
7bJxS6qlXYh7XY7cumvTtH,2.0413964979327037
2x0WlnmfG39ZuDmstl9xfX,2.0428040014488986
52NmkyHsGsHGb1UX8fTkMg,2.0699028473061074
6vbafkvao6NErZDTjh2sYC,2.073530801647609
7GCElX2eJA5t0AFWw3WzKn,2.0790079798123076
2c2csx4OTYtbkzvbSTXlGY,2.0862435308759237
1CUbnAid0Xkx68x9bptSvU,2.103207250039938
