,01DrXj5EAlZOeRUXihgtQE
01DrXj5EAlZOeRUXihgtQE,0.0
30V8POZI6pXOOfR30WDLDc,1.994181345575342
2flnYutr2WlFzi6ZpXz8ci,2.0535594909700854
7cA4MFh8Dsq23pVmkjXS8S,2.0651367035600905
5zPCrJ8VIm9UKRVovQ1s5X,2.0743591906898935
5IJlEGTRoYarlqZ5D9xoMe,2.0952107276120113
7AZgLFqDPFow4fZ0BFG3aF,2.104554085685399
0BP2o4rGe7nkQea1JOWMbl,2.1047134056483308
0EftP1nY8Mklt77hAMMMug,2.1229252188357437
49tqZFkI8JJXAoYWPxiHdb,2.130759511206576
3cZwUDb7oJ178LBMyPUWyU,2.1326191917216253
4j8wxVNmiKP7bZuWEckFxr,2.1337572939199947
36GX7SdR5H828hsiotmKcD,2.1387341149731967
6OCHsW7desiRWCFJFDozNQ,2.1497775842601903
13cs44TwyzAGL73OPYqjbB,2.155461912070375
6vetgrp08r9eRYIME4bo9E,2.1753661019916497
5QcXv2olyooZY0D5V1xzhU,2.178498130092666
3lp9ykWetDT0QVEXKVcCa3,2.1836616146065877
6qEgn7WHwQUZhWJ4dBSpR9,2.184012358998041
0IKK48xF4eEdfofyaeKWWO,2.1842260320255966
1jGQtB2th582DJF57EoIjq,2.1885992620425014
