,01evkpWgrMKEt5QLjIpAir
01evkpWgrMKEt5QLjIpAir,0.0
1WtmYmcM3i2irFQrJKoH8q,1.8050324848191177
5lsd7n03AsvODMfXlu57w7,1.935703522918908
35OppZQwLS8hpxIom3LGHz,1.954970571348625
76FnCkhueYsfbyTv5Rm65B,1.9812295604215513
5naar7XewEOAjOywIp6Jjq,1.9985591355741397
2vdBo4ALPYbHRUPKgtE5iC,2.0351522837004086
66gNgqsRVXhcP6fN6bJX26,2.036938295382572
0cIzLqNb6Q4ulZOcuOmPcL,2.051514322122747
7GyDcM22nxCJHcQa11fbYk,2.0724534900270424
6Dw696uOB5aKDyLzUJREBr,2.073450867464764
048AQ5XBnvStuTn7X2pGSY,2.075712107126732
4lI73SWB2qO5KD8acPYeg9,2.0771337380459953
2h97U98Z3AgF7RjKtyW1c2,2.082381419084364
4ZAF6mRZNalOGMk8F3wTGu,2.0825689786965738
3MgDUrtEiddcZ1Fz9piMhp,2.0890120570124706
5F5hhx63QBhlTpM71bvRvY,2.0945808372513395
4WRtWS4aFIQNczhvkA5SKI,2.0947530075408145
38TwlAFU26iZ415PHxk63w,2.0958381223699685
6F18ZWknjidRGotCPw2vOe,2.099127058688016
50FJV3U4K9reve96pN45cq,2.1010429340201355
