,01i3BDtgXG4mXQ3lXIWfqj
01i3BDtgXG4mXQ3lXIWfqj,0.0
44ZjlOEH0dIEDdrB3sN61k,1.5484854761698894
3FThhn6RWj7ZEr6q8TRtCr,1.7346330044941778
22qUrdPuyxvhQMCPNfd1Bj,1.8291235410694544
67kXYrMTQbS7MVbXyGyxHm,1.8405765717239357
7qlq1Pmc9Yn9CZQ0CP85K9,1.8629126149147464
6T0hJFJv44SkPbxejeFQhX,1.8636409925788575
11SB3yglKUxKMidlcb5vmz,1.86592565272765
21w2VjNut2RpKJ2t3TnVmQ,1.8866991251357932
5qN4HFkapdAOV94XPryVof,1.9031990535245684
1gjF5BzRNNpY6OaRXF9L18,1.9133480220329049
2NNzvsOFpztTUUzk6rcnPH,1.918182872641823
6r3tsJ746xXDzVVsWahGvD,1.92889292704857
5HPcJlxGyCAoZ83d65pVJB,1.92898770421479
040522Eh6Z3B5df7h8rUJE,1.9456530745219043
0vGYhWA9BqVxXIe47mmvGy,1.949805445557297
7lZX6S9aVOoLAo562MyTrD,1.9557716568488348
5E6VidlnFqvmJu3SZmaaqq,1.959586189546091
5zqcPwXs678WsRlqlzV4PE,1.9627231186909875
7BPNK60mnEQsJ27GUELFwy,1.9724330232815879
4wMR4fRKMTyUJG6VAsmccv,1.9769930003743628
