,01miFu8j1i5gb1OOELFxg2
01miFu8j1i5gb1OOELFxg2,0.0
2MMRnNWjuM6DDoQ4jAEJiE,1.2879227846152088
3eweWlmWLLkvJfzrwA8lkP,1.2900055194203799
7ivBHYIk3Dr7YdJdso3ZoS,1.318702628850206
1ASUuqRXEcwB2VdcOP74Nr,1.346021402658229
4fmhAj3nk4ygUJgrD0rUlV,1.3603194715406792
1S6A1929vhV80m7oD5uoku,1.3848668871815883
5z62RrU3fnGR63Dip9gILp,1.4124729139599355
1ERxZwkfoHM91tdOWVPI78,1.418520829605664
6cNCUBmAuIHj3QXOo097Lb,1.4272568260644638
26nveqM9YXkFXEIZRjjV3x,1.4632659684395277
1WonGCoO1sz7I4aD0HRbXy,1.4820688972760652
5J6OJUHDoj76LWL1N7j3dj,1.5189845053977036
4l8w4n7LMANl0YR4ZZLUD8,1.5571022087865924
0lG9rPW5MAbylYqdNHowjr,1.5600358773487035
5FpiRmtsrHsBqNFfneVu62,1.5670642481877424
5O3fUsQQBFxW8SH1kHthDH,1.5682462408615223
78bKnQM0f5sT8rBMyMkC6m,1.5786643578324913
3WqN4IOKq8I3umowUyJfQE,1.5929827954651117
6rbWj3XxFOKKKA8tl0RHXp,1.5944044890065179
61LBPMmQQHdYTRhr224Si9,1.5954432504331861
