,01pgHbtziFmLnaIdTbz3FK
01pgHbtziFmLnaIdTbz3FK,0.0
4J2aKHa57MFj3zHhQitZDM,1.226680038051438
7eFTNCuoCYmzfdd7PLaw9r,1.2361452133960689
35ZYfSQau4LjHpAOGufrRj,1.3122935446251223
6FfEC1rURbva8ZOWuPSqCD,1.3457581117308517
2mQcpl9kUaqQ2iRhC7nXzg,1.3903198961103447
0smKH3Kxqq5RJUKPVIdOmL,1.4360149215643407
5qN4HFkapdAOV94XPryVof,1.4533859045026452
2WsParZ1P9nMTL5xbVLWRV,1.4613815584283993
7ynLIKDXG2Hz6IcN30o3bV,1.4689200402023836
1R7KsQ7wnOxtrLQE38w0nU,1.4816724512583161
1rHlc3clkZmCryFhGoRRXB,1.4964075410978355
6MEVI1jiimXCYqBfWa2yHq,1.4977416685495912
4AINEIbH09FNPlvxJtOL5N,1.5005245002572807
6efaMrdCksqImu2Bf6FqkX,1.5079456692322724
2fXNC26pMv1dOzEwR4jwEs,1.5115234443475933
7FTybly21IrpotgmIq1h0S,1.5136825945731074
0mGtbkb9zSSxZo1h3qXIDZ,1.514276894774955
7kjUzVpN8IAlG6OQdXjDvR,1.514817683917037
5bShFhmCTNCpVX5Nb4weCd,1.5163326126178724
2w4IOwRp9CLexehyJN90Md,1.518798010133441
