,01qCxvpyyIm0a0RG3uYxEm
01qCxvpyyIm0a0RG3uYxEm,0.0
2Q2Sirn5inWQd0deDoA73B,2.3429159869613003
177MZraDAxjRqqtZBz5Vhn,2.346117980047177
25Q1IphVZ7Uz8u7dG1c0Ct,2.3714580473854117
3ou9rSNUQnE7XYmJkUUIOc,2.3803013974929343
0BP2o4rGe7nkQea1JOWMbl,2.3827998215837285
3JjwpZtcIKUB1PuWkWFwhv,2.4190331923130772
6LEre6jKaLhumIw1MW9p8r,2.472342842527733
6KzUEfJBUepmSHGkOczTsM,2.493883878104274
2flnYutr2WlFzi6ZpXz8ci,2.496058802935162
7qSeh2DAHZZ3V4fjnt0EeP,2.5018261728434332
3hp4ojt7tHLWwz6SaR7vkw,2.5060416310970295
0zAJqlBcRSvrcCae4TwkBv,2.506664806352082
1EwZUh0VdTJp12EcBwez6O,2.5095139232785444
3T2Sa3CjxSYphyw1V9BNu7,2.511737506423803
4jIJsc24BqqkS3rXPny9GY,2.5196866182312787
7DD9Ve80oN1smuBF4omTOa,2.53412015466051
4j2SGaiF88YIjrHeuUtRNg,2.5371912468541287
5mPJPRF3jCl01OIk2kGiR3,2.538740457788345
5nxuah08yYECil4UZuEE8N,2.546105011282111
5GWAA7kR14urOzqHCoLt6r,2.54854493405208
