,01qYEGYCRYzMSNOj8idCmk
01qYEGYCRYzMSNOj8idCmk,0.0
5Nm9ERjJZ5oyfXZTECKmRt,1.9523708381362535
152lZdxL1OR0ZMW6KquMif,1.9723714289142358
31VOknKjFrEX47bZXzqcoF,1.9838267076237546
4ZE0Sk4z8c80wq8yOD4D0t,2.0119921134186143
42dbDZX9bsEGqMZWYmnR7J,2.0218980495901855
0OUQhRKgGSb0PPrLUuEQka,2.0346522914874194
3XzwvIUt2Qaa3zmQLxKx1G,2.0429720853034463
6aTNfIir5pZmrFOC1gnxXB,2.0689449108970184
6kr7K5zl9SWAHooMnw8tN0,2.07744403380293
3V2usH0jVuq362DDHxitur,2.078450691783493
7peh6LUcdNPcMdrSH4JPsM,2.0786790203743433
4Xgk8q4SoFNLSNrNuYpnz6,2.1049175986881457
1SI84AEzKGa9KBSSxDYlYW,2.1246465805805075
5ddXMXmXZ2FN4iliTG20nO,2.1311006902677256
7lTxQZVXlvIX7Z3szSy8Sh,2.1430403160887628
0KztjtD3ytzgYjUKIVfBnW,2.1475292638364425
66wUEDv1S0QXnQCdHIA7YV,2.150229060605384
31adnbEEiHwy6DDQ82F3HP,2.1547305116849405
2bjn980VIpaBqdU2Nxq3Bu,2.1663688521341617
1uG8v9p4cnhNyJU3m1KwUa,2.1765120763237293
