,01r1q2OykW2e3L17kB5bi3
01r1q2OykW2e3L17kB5bi3,0.0
4DWFSrNnZXow1aB96gByho,1.8994689586553115
5cF0dROlMOK5uNZtivgu50,1.9568403472948215
2mWb172p8SCACG6Peh3Qmt,1.965172225256259
6UNZ3vMZjyAXWaCqTFMPNU,1.9731656684174697
0viYjDDmk8SJgOD73Mk5sp,2.010594934978834
2IiUfoHjFibdr6craBIbLZ,2.0165951045542045
3BT6pJdmvpsjCHsbZg9fzF,2.0324438045732274
4OEKDOXGcMuiUs9zei5HLm,2.036275371297299
6trBv1MsElIiudUc5xNQMG,2.038035568807374
65ACnVMmePTp8Xdk11jP2y,2.083040377850671
5tXKUlGgXbUkr3cyT1ivWn,2.0985593371992115
1nOMeLlmtcfBfga21nkEqi,2.104064129081187
7JBMcOp5H1hGTTg2nzwEcS,2.1235154486162418
5MMLS3xm12D7N26xlfFApr,2.1255429015683984
5Nm9ERjJZ5oyfXZTECKmRt,2.1337918861571996
5QXCDigv2k0W4idywIy4oc,2.1428975160373676
321E6yRzkFVg4r4Bk4khz2,2.14683317191488
4L5LjT0biiYbws1yWsMrZg,2.148550510622209
507tQXutCPYNFkpOq8tmKF,2.1501058899782493
4sbDTRC4FO6Vdj6nMRwJUB,2.1535923852775216
