,01RpOO0qxTsn2eFtyu1N34
01RpOO0qxTsn2eFtyu1N34,0.0
0O8Ymlu03OqEX5XU5p8Rw3,1.4920322645173838
71MPACGISFPMVKP6swcZzU,1.520452645959535
1FSL7Vv9QEC1FSTVGMW5P0,1.547428031330752
5pAWVctic0ClLM714mmqAI,1.5610664557971003
6SyGyYzbwyFl83ApCqKqGp,1.5626425250933877
3FiVtA8z2yUOyw7MiHjiVM,1.5677107697692352
2va8U7hZ2JLOR4npzYqMrU,1.5759769452592274
2aJhiU35Cu6Pydq6xZUXcv,1.5777608120516184
1FtCIt8zecbYf4mKvqJ029,1.5808069391030515
6SJap2Qv2eYep3Z9MEBUvI,1.5897727232550793
2H1GkggjKmNMbO0lrpJpV3,1.5954804999637182
4pQMsLW9wd8AhmYiNbJe6v,1.6261748149531772
5I6exXg95LKzq9Eb0hCFXM,1.6302074022247945
7qSF5FjK1Tl5EKHxUX4NG1,1.6303111282883214
4DmEz2fQyeubHlfWpsGHxM,1.6303111282883214
7FzDV525bb2RtAGwjGYqwD,1.6325124333164753
3ilPTn5Jj7k4cP97wllXoh,1.640229630834496
5z3MGkL2m3SZF6XGohGlm5,1.6454256063434212
6eL1ncVDtQHgSm3E288TS7,1.6497638286878566
1SGuKjHUr7UjzrK7vFbac9,1.6530484418599292
