,01sjbEk3X7KNXFvXXXN5MY
01sjbEk3X7KNXFvXXXN5MY,0.0
2mEYTWzz5kocu7z60WLKjD,1.5848592823214611
6Nle9hKrkL1wQpwNfEkxjh,1.6303595630251886
5WQZcWSMBH3dnUNsvka30E,1.6552254208329817
2d6qyeXtP6LkmGPT7cH3Dt,1.6661164674394562
31BoeyQtnaoqRHsCMKyOtK,1.7244056455704457
0LXsRmLeaojJkqplpHG0lo,1.7245916696453345
177WEvlLsCc0FzCTWslawr,1.744966544716248
1UIUkZtlgyrjPcH2agNomU,1.7591388345444081
6Yaioz3XoxTUIS8Gh2hEBx,1.7640158603918217
4PFWDQTCDV6DqUYHVdupPt,1.7841716749400511
4VMiNOpnjRwSCwmHaUfOMM,1.816778846491207
3Y96xd4Ce0J47dcalLrEC8,1.8178800729656532
3BJIAee0zxWjsmDyo1LuIr,1.8358596959277056
5JXnmYdaarEcv12K4MS1tC,1.8486192329777436
0f85bMoarvHbdIcfhDjSjN,1.8504600485409282
2q0VexHJirnUPnEOhr2DxK,1.8583084623580135
74BIr8H03lr5L6LZ1friIa,1.8608690592164647
150a7VlsKvbQjfR10T3Bab,1.8774114348292892
0F7FlaQBiyNkV8iakTocsW,1.8864842092310614
3IJ6BBFLD2I2CH3hHFQj3O,1.9052931218958244
