,01uwmQU4sbcMnFwklgKMVc
01uwmQU4sbcMnFwklgKMVc,0.0
5WkgUQlJkgwxX2Tx8fbMnj,1.32705625211669
72wqfvC4fON25HH3HD5E5O,1.4780335822702764
3E6Ydoy1H8ePoigc10Mgsa,1.5919791442894755
5re9To6bCgbP8JjSELItGD,1.5941176662094332
7ayTD7fcvtwazrSWrqSRAQ,1.5990070649704746
6T74sWvcHvSAO5prlk5dDw,1.624056432110859
0fok7FYKcgsYXXJJB3FDGc,1.6246233129758214
1o8D2Vqn537vxhVMMRav2V,1.655717863729981
6DST3HT8zF8WpNmg9tHuaa,1.6610576684451226
4xR3MAscflQ262kMeiKshQ,1.6713050608409343
0bBcJSi9gI17zT87DQLZM0,1.675590344068674
6efaMrdCksqImu2Bf6FqkX,1.6834645891204774
6d69Gd9D4dpSfahKTOiyWw,1.6843909498055667
5HqUfZn171JrEfhnwgH7DE,1.6856604067540464
2551UIRFybSmnEgRf9PPNY,1.693082888454433
4OtIszkveMtijHSIp3EP4d,1.6958936269480522
7pkrYfwDOixoFKdc84YFHf,1.7053455092964642
6k2aELCvO7AMEFSMnTEe7b,1.707404912499484
5pAWVctic0ClLM714mmqAI,1.7111780966310535
3B7FO3kJ5kv3mX7yiaB7sT,1.7145626912903273
