,01vv2AjxgP4uUyb8waYO5Y
01vv2AjxgP4uUyb8waYO5Y,0.0
2AyFYSaJjz9XMc0kMr1R3a,1.8658026987271343
1khfmZTlbEsCi0VXylEJSQ,1.8741233674858477
5YyXae9wNRdxpCCT6M3H01,1.8957046557700192
0a0AbyQETJZI7DqoJ36Iru,1.8990066289365046
7EUcOIbJSePmXGvAe7G79C,1.9040086503936315
2sGHMN1O8lI7HLUcavRvzW,1.9209949283880416
3KR7OrTW5huABPJNOR1mFY,1.9215403493905034
4j8wxVNmiKP7bZuWEckFxr,1.934447529286335
0FdgdF61t02gov53xa8r6h,1.9356687939872603
7zZyRGklevlEnVEKSPlda3,1.9396360402731878
0baeE56WzkfzR6Z699Je0F,1.949646588190437
7CE8PsswZIpA4MIwpRC7R3,1.9695809752444584
7nMBhRR09ugqN4SkH8L6pg,1.9749458639152468
4R5BLVVu9eVhyQa0OUMHKg,1.9805892941199055
7Bl5Fqa2g1UFs2O1VJiKhb,1.9830515991360174
5LPbClbcch5fqfT486WFyV,1.9931269916141547
600VS08hBDKkPt2vK9hfD3,1.9990297523524114
0i1WAtrcEnxqDh3VrrjWlk,2.0019524028767735
2t3b5MZMzsArvQflOUo804,2.003101399886507
4wVA1OlDoVKILzGmAJMSH4,2.008045731318219
