,01WZpX9Ss7ZexSFX6ntYeO
01WZpX9Ss7ZexSFX6ntYeO,0.0
7GIPB25XFSIgVAWn5dhANL,1.457766790123798
5XJbLWHhhbmLuRSe2h3Avl,1.4620314338231897
6JQjQk8Xhx5HtSQEOv8EcG,1.539604614820395
4CO8s7CeEwoFkQ6zWGC520,1.5419366973814124
5OVIlpHyF3gkk136qREcw9,1.5842899751748079
20F0eLQPAPJGiHNoUZyQ6D,1.5863228485946654
4EbkpSxyWfJcpqzO2MzPz7,1.6024144236755902
4mQyioOFV2XAPiALitk2PN,1.6178780325304365
5ggMp1ktrpM3K2MDRf89DN,1.6200264263073294
0x4owHxtyOgCJoEhcse6R8,1.6210022681179364
0BPWY79wNehGVARtwJawYV,1.626764079733077
5tBr7edjxkQkeu4KqFU9LP,1.6337218708984107
5KSI3kzHfvUVMkU7fzLTpf,1.6585172856697006
7s5f5J732iyXSqtyaF96mK,1.6588885431104117
4nDEirAHqPKVfakSlvJOCn,1.6622963726308866
5bRQLbNUqL8jx07dal6JHZ,1.6690423689110607
6rfGPGghQL7SJmZPXprXIc,1.6736325212721201
3MyTEl8ZL0qKXFqyvbYsC5,1.6766050806426323
7E5PRdbZq6m5PcKskAhPJV,1.677223384160827
1WPQ1MfGc8KYi4eu0JwjlR,1.6789770183916366
