,01XXqto5GNPwbUuYLMxNBz
01XXqto5GNPwbUuYLMxNBz,0.0
5IW3FzPjgM14QTpulExObe,2.360700231218792
5c8XfmZCHnEugUgHdiXna8,2.362034487489695
4E3afPSY5fUEelQS9ppL0e,2.3693126363661383
3wyWMd0y9yurGCwagxFBIk,2.4219526509506353
0Tn997k4OPDZaT96R1MR8r,2.4908217249143636
7w21gSRNmF17ikI4ovMe6C,2.4958147814690417
6yhqnppilD00ZjRS3thirX,2.5421038061008865
6B6XkOZr2jWmrN5tDlVu4M,2.550108685012958
6JUXpGXq7xmVSlIxArGrxB,2.553682859878228
33Sjbk4gbsTmyzsTl5qMN3,2.5537359758629923
4cHwWv9bdPFKH0mQa87LPB,2.562633504463386
6evzY9puDvuebiliXPkMWU,2.5654599541833023
62hRCJfMPzfP1qxssgPlk3,2.5654599541833023
7keXdrB4mz57u4b8YkCwag,2.5685288825211794
4QeqcrhcEbnKr31j2aKVRK,2.5755057664642944
1WtmYmcM3i2irFQrJKoH8q,2.58600796193831
3GE6fpsuI5MdibZFsAlEqn,2.6046557846777323
4g3Lh0I9qRt3jk8HXdWslc,2.609853022636936
3N11JaPyHtGnfGGcUM6U3M,2.615100545825455
2zhXf2DDA8AbPPmbIVPL43,2.619884570756647
