,01YmDEvbiVb5q5eCGNlB6U
01YmDEvbiVb5q5eCGNlB6U,0.0
45kXeoJXm15J5xJUohJmxN,1.9391907434597582
2GmJP1FWraZ6XQaKUTkUSP,1.9635835001562822
6bVcnNSM7oWdyHGLkHdvzh,1.9691781741680217
2AZZvIAll2lG6zWApWzCx0,1.983661548435909
2fm28ez6O3nndLQ881JCLj,2.0211546798685873
1FBood57gfbNNJrPZpe8Rh,2.0290848371583206
4jjLWUyXPR2mVfaivkIkfZ,2.0557519972113223
6Pgkp4qUoTmJIPn7ReaGxL,2.0565604154420067
5IJlEGTRoYarlqZ5D9xoMe,2.0887050693577858
7K7YEejtHd4rK57J6QkuMr,2.0894224234229344
6ucOlSv5N8sa18vJIkE7lf,2.104749599734076
3K01yfjGY0NslZrXkWVAtK,2.107196041278059
0zH1dJoXYgEhruG2L6ayaE,2.111820463482595
4ujv60YgIyXpI6DAznL8fB,2.116849595799462
4J6hxKlPDsfIonA9pILsLJ,2.1266640187848393
0p5eORy6FehJCFk3PK1Zqg,2.1331555588369224
0BtPw5uIy3oYByTEzljyNc,2.135232508080276
0lks2Kt9veMOFEAPN0fsqN,2.136514017947725
0EQM9tof7YplZDCDieXRO8,2.1476168321906797
20sWlzT71XHAmI9TX8TVtp,2.156543999441952
