,024v6TtQuwzaudtdWFEOuM
024v6TtQuwzaudtdWFEOuM,0.0
43iKgGbmfqPLh3mxUlospI,1.83848057126147
3BaEK0XWsJ4Ss9qODrpdTz,1.9785023157465087
7IByJvSqRFltGyiiIiL4wn,2.0442868256653868
5XjwPZtK5rn5uP7YgRd08U,2.0879930153083226
3ISNvUn2gTemicNE15ccfT,2.0889782809044153
152lZdxL1OR0ZMW6KquMif,2.1227093717718306
18V9IZSCzXqJHZujv7cKrx,2.14698394737999
50l8QinFulCR6LjYUZhygN,2.156405388176941
35K0XZBhldfx1PCJ7xKJJb,2.1656572822538047
1iLrXpTilx8DDa8NP2Q2OY,2.1753583405210515
2SoQaB0BbvLeG9kAKolPX3,2.1806949420673294
5FOAptZGxeMAO0BJSQh2fc,2.1816689989202342
5F5VNsrTUvgwJoh3CKiTkY,2.198172886698156
21pk3IBK6R9FDKgI55Pijp,2.1985083472185982
1pHELafx5XouPAJDU0YHMX,2.207622685394376
4k4qvQSDrWHeKGtAPbJPYL,2.2084040357430434
41cQPDvsP9vBCigVqQjnqg,2.2153928910031055
3qmvIbYkFxsyLgl7myqHr7,2.2225925446015244
1L7n9Ifjdks0SAU1QR3hJj,2.2272951550352134
5Vy8PKv7gS5WDR1EUuk0Bf,2.2280639576016474
