,024VOzOBCmiBeMZQHNVXUW
024VOzOBCmiBeMZQHNVXUW,0.0
6465KnsDLxiKq3mNPxXF41,2.0647654623614278e-07
6ugHtf3IModjYQ7dHDuEhO,1.9904993559619404
5e0vgBWfwToyphURwynSXa,2.089908968940556
36YCdzT57us0LhDmCYtrNE,2.170604573614604
152lZdxL1OR0ZMW6KquMif,2.187276546654582
1Mt99R6S6YnG9gxbk0aZGg,2.191435513980869
5IklCIP5ImjFG3VoykD09A,2.1956205063450884
482bSlBQGKcWoLavrSxCGW,2.2170225339480236
01BlGnXpLuC0BjgUxVYZFb,2.2255944755940855
55S2PQgSMYAhgoTCcGCDfw,2.2423293328553426
1hmU89MDvCaMEyHDsqphdC,2.244408056178399
6JT37WmQRQawN2By1ZQR0N,2.2523187207348148
2tynlUZUEuvKbdLEO9eXw7,2.253743191619087
14kYOiFVPb7E7NfFbqhdln,2.2735968677735414
6FWT1W4zFkx8shuLMweCqV,2.278504879821546
5qrSlOut2rNAWv3ubArkNy,2.289126855074411
2cKovq3l6OJjhVVDbVKOsr,2.2891728603065538
4dzhjz48caiKIqij76pKH6,2.29069625369722
7vrtXD8xPBC2E69eOCrkhj,2.2912920709049276
3lkkkYc1wBj5l3FVlpqvP6,2.2920721405782087
