,0258EtxjiL6jPMPcqyVSEQ
0258EtxjiL6jPMPcqyVSEQ,0.0
0aeZzfSoZAcETjba8MCvco,1.9098985248264113
0KECv8mFxxqB5SOgEVh65U,1.9889981162071628
4tAqWkqjX9bRSUpNcYviVf,2.0117591541352566
2WfY2W1dGfBa6oAFQyGrI5,2.012509456583986
43zdsphuZLzwA9k4DJhU0I,2.0330093365397803
3QGsuHI8jO1Rx4JWLUh9jd,2.0548380104453825
3W2QKq6ks7QInnM9j4pOBt,2.067670909804874
0bBpYXY6xfGPZdVLUtF7Fr,2.067701910273285
7M5beITAQcBxYSHpkj7yyv,2.0684382634664935
6X29iaaazwho3ab7GNue5r,2.088372976200988
0SPGL2j5OrG1L7YvP6tT6X,2.108154158360864
7MdsJ8FTgqPfKESkKdxlMq,2.111640732843801
15iSTbfKnVWdIDxEdXE8Zy,2.123564352951778
3V2usH0jVuq362DDHxitur,2.129589328553146
49qcwLuE4NxpOUf4zpG2dh,2.129968073912558
2E5tWJSusHxpaksg1yfsIu,2.143759620052179
0Bb7PJp9s4Dmx6LbLh8uKc,2.1502496117039147
5qEsQiKndh4h3d16LiZs5x,2.150880236550602
5CYRfPViGWqsLoypm1bX4u,2.1519847617858026
5OS3Z1ASNCR7cEoTNwZ4IY,2.153490790528018
