,028mt96NkZsFoMv4B0Fa7t
028mt96NkZsFoMv4B0Fa7t,0.0
49kMYmT8BmP0YlUFQjvtVQ,1.817275704322312
50PzsFjhABlOUVBj87bQhx,1.819499534870144
5PXoaY8MACEl6kp6Ng50W9,1.8197240903199419
4MgxVrJwh7jio8AkbkmreP,1.8207759453139458
5KSI3kzHfvUVMkU7fzLTpf,1.8279261723976346
3KR7OrTW5huABPJNOR1mFY,1.8541476826321386
0BPWY79wNehGVARtwJawYV,1.8673761317866548
2EIEJ1zpvjpHuL6eWKGDZ8,1.876606606538115
7Mce1dTzyHcuBX3W5TPE1s,1.8839063361483654
3QTDzwSkRW04FVPo6COm0H,1.8841562000720022
701DK0It9f7iurRnzKvF0y,1.889967299382282
64i1dyG9Td5z5Q0TCG17Pb,1.9043512608258069
5UJYBJAdwONY7Ax7hGK2UM,1.917389557537054
1V2Q2OPyqSivMbgPlJAEF7,1.9192792501507647
44n8ReJXTulnTpSiDg3whQ,1.9255520551810568
6Ng7aSXUQpu0bUD02e7bLd,1.9284706490683192
5XJbLWHhhbmLuRSe2h3Avl,1.9284955948503568
58NE0639huS0DWQAEKXsB8,1.9358365334277237
19gml3SfxHr7ivYzmpVl2f,1.942526298460516
6DpVLCKsNQXDmYdNdcNGnR,1.9428438292198458
