,028njLMKzGg4gAVSgMeOhm
028njLMKzGg4gAVSgMeOhm,0.0
6qVwzCWDC6Kiatl7v2it7D,1.872874799173527
1MfOcqqQmaBvI0ZhddcIUR,1.9347407101150453
3D4Xkcir5YEhk8Xidkd1dL,1.9528123347143658
5lsd7n03AsvODMfXlu57w7,1.9837482201578096
0cIzLqNb6Q4ulZOcuOmPcL,2.014539889067325
0rqQCXVNthmbmyavlcVAbQ,2.065443014339518
13CYMx7z7Ts5lNMp8Rz1ZH,2.071438276295169
2dPWBRHYDnsB52PigbWreu,2.0748533389901427
5PhrLxoAqrnKKll5iy5AQk,2.086984331175232
5zZMED3FuINe2GgdGmjM1t,2.102435201487571
66gNgqsRVXhcP6fN6bJX26,2.103636549161493
35OppZQwLS8hpxIom3LGHz,2.106669559027419
5Bwu2Wo3QuR6WLOdIeQGwh,2.1121714046742177
3k9LuTEhL5xBKH7rkN7RJY,2.1127461453796585
2u2WL5N3KnQnykOZi3fxL6,2.1136644425174893
3UEWVLwYjf40ci9w2k00zc,2.1224317884993975
38ahkZp21r4ta2sJN4Zi88,2.122688982393511
4Xgk8q4SoFNLSNrNuYpnz6,2.122753813392456
0DKvcH4SCRdhVYTxStKx9h,2.125691727443158
33iU3jys4YO9wkgyCXbTtd,2.127103493435516
