,029xoQnXFfmb0krWdM5gGa
029xoQnXFfmb0krWdM5gGa,0.0
6W3amrg6ruSoG2xa4rU3Js,1.6805175722201124
66hkKBOzU29h6OqaROxnsj,1.696372236588611
0WWz2AaqxLoO0fa9ou6Fqc,1.7163295798275668
0fqsKxf7u2jYxTwf06DnUg,1.7212894192946586
4304kbwhzhb8A3n6wl27Kg,1.72156486899975
7viI1N8rULbYKFUql0S8yO,1.7478041897154861
7EbRVU97goqzqVsRhXsXZ5,1.7595504068043357
6FOzbjYulGELfflz4wHkNi,1.7964460409571419
7LB6xhGZ0jCbP3PfUDA7yw,1.801096732540735
00AlGnzeNVYmilww5OFUw8,1.8259409816982843
3vNFsxBbA4dPkymPF5Jm1b,1.831807562133808
1khfmZTlbEsCi0VXylEJSQ,1.839515696830008
4FqnaZALqOYyWediiaAToi,1.8475594095778327
3Inx7AeBQjQ3bHAbvExNy5,1.84851076824439
2hUZf4tuxZG2H8OYXa89qW,1.8548587146242788
1dTROhfQaxNPuFTeYn0Tks,1.8550103883622353
66MGk6BwVMx5O1TJqDAX4Y,1.8561418968345689
6vL8wJJULHS6EPrAOUZbID,1.8571336785515773
6uhqrrrgiOrWL2jNoc2KV3,1.859934454731627
2nIGgufaFok2chnElmlpnB,1.8679923256021396
