,02Bj0KWmT8OznkcfKyDSDc
02Bj0KWmT8OznkcfKyDSDc,0.0
00nKdBKPs0F7nJ0xzWbccg,1.831632525136543
0sjSiRlaRr2egK007faQjY,1.8387171530959383
3EwQuOcTRtLRgcYPwGnLM9,1.8433043603242134
31I3Rt1bPa2LrE74DdNizO,1.8608330348124447
5k6ioThKIxeklkIt3MNJjC,1.8632740716388707
1V2Q2OPyqSivMbgPlJAEF7,1.9016798694918706
3jnrt2gEadlTy3BvRzYJMO,1.917100172102311
4n7XIt64KNrCeNgSzumGJC,1.9176370368115316
2a6hyCvJXQB5DjFnzHHJua,1.9194479874772634
0mWOTzJrubMCI1sskQ3YoF,1.920691136334806
4MgxVrJwh7jio8AkbkmreP,1.9405018947110761
4ztPah3U03EQ6SZUrSV27g,1.941746143750785
65XUDO7KZS6plnGLAIq0D1,1.9444080634072178
5slYHr8Bwh2uLYAm9dJmiF,1.9577415121363875
1LeItUMezKA1HdCHxYICed,1.963369017162385
47Rb2pHWI8dl8SceIrw6PA,1.971677088092737
0yhxBvedRdGxsPZHJNI4VA,1.9874845726099581
677KMGwR0Mv5ZAEbAqJYMJ,1.9901480152347573
3GAKdDYtNBhC6jFx9hzQfA,1.994609419425602
7lriEP4hVzkqlHXmKRTnhR,2.0015383186691635
