,02BkvIGCgvoQBWuf9b15CT
02BkvIGCgvoQBWuf9b15CT,0.0
6epn3r7S14KUqlReYr77hA,2.0229101276064827
0IHa9skAs65KA2AIH4RGFb,2.1541944292212762
5zsYl9Nl4kQmPSjwscVASJ,2.1832780350261904
5GXXgD0V3Hfz0Q3SzxWGGn,2.2938879577820948
1LxlsAn1gECKoqLtOslshm,2.2964214890281753
0VYv3TN9UjT8WEYXiZANJF,2.3027809365213945
5JRFsK0rLo80jpqjDmq4ak,2.3181509032961047
4CwsraEX5dQGUtsAXiVNmY,2.3787317023654118
0hO71r8vbnrXSaXVrR9ptF,2.3908838547151574
2UVPkh6lrARjYDK42jC6kD,2.397084509762923
07G5C1wAil4Mp1qjbd3eTR,2.3985490570183208
3n3yyaEP6DRbhtN9sWAOeU,2.408501868583087
13j50ot0W2taRhZjD2Bvjm,2.4114707300243468
0YbFukNTRWhZMNDFepZwSC,2.41851823774048
22VdIZQfgXJea34mQxlt81,2.421444053958024
1PuQTv1Kr1gzLgVeATSuh6,2.4375952551901943
7ll3XGMKU9EbyFc4JX3fqk,2.4413579953988727
2tGrTu6kK2jLWmY3YRVcRl,2.4420864857066498
3Ah0AScQ5SBMnRajrFwFD1,2.4456309705119037
3yzgZ0o3k96gwX4siL0Faz,2.447446815427579
