,02ckSWja0a1uutSiZ2enQG
02ckSWja0a1uutSiZ2enQG,0.0
3lSY5EvnCx8PA5bWIWBhoL,1.6865670048295536
24oGbT3vzaNziS9a9UTDAp,1.7288700253276756
5TO7BprYybGfK0gvcqMd9G,1.761929027154035
1khfmZTlbEsCi0VXylEJSQ,1.7849209974686142
5ipiaT4scvXAKvLeRRdmlq,1.7881263807865833
2EU5LDgtGnh8RTz7VGlGoR,1.7936374293854143
5eyTC5GZzpzlN7YRO9AoPf,1.8098516979406916
3Ea0Ik6lSoiGEfPNhcY1bX,1.819130041805649
1rNNOKF4kiaNmdkpIKNsvd,1.8221601255027082
0wXAIarGKYUorLwp95FRcG,1.824583620262374
2NhhaRX38TZvLlF3OY5uR1,1.8258494188436716
6QYadRum4Cs8dZAEXrvqFP,1.8403465871180076
1YI0uK36eupTmw9F8kHysr,1.8415066483756481
4LIpaxeTfxh17LZQcBt7V1,1.8449748887532997
7MS8xxRhoedXm5z8jTALjD,1.8461066515161872
5kYv7Vrwoig68n8JO2xnMN,1.856531112123613
1STAWoWHYJh2UVUx41pYMD,1.8577683596202885
6EEf7Kt2qoX4rf55iyR7QL,1.8624819650711357
4RL77hMWUq35NYnPLXBpih,1.86623755416123
1tWvhDzU8FSJSoc3zWniwM,1.8672790443335927
