,02ihGyi1NUZrhIYPUzyWyP
02ihGyi1NUZrhIYPUzyWyP,0.0
5VrG9nS46NuI1fRWcvPRKQ,2.0841659444564193
7qTgSV6FyPTe5xrvKnci0g,2.1116619269384556
2Wbcof3lxoChW74ePSf2cU,2.162844844679517
3hDpkvXDbmcrKya8CUS6lN,2.1676574621498945
63qgyQv5K7EgD4DiwoqeQ0,2.1767589269570635
7jGr8wzgwOVLuktY66qM5f,2.1787364298574605
0KZuclyLol5tHbst9sNFnk,2.188564406227072
24idLuOJlzoYIfqRXikdjE,2.200544008597262
5cikVJA2ExOI9TTkC06vkN,2.205587461292342
0cIzLqNb6Q4ulZOcuOmPcL,2.2150020966377526
6nC71F5rmVYA1lm1R3Dyyr,2.2163049901279366
6GEa0LYWeQa8L61QNSWRh2,2.234130886699968
56hoL9WMc07aXIR4UWxRKP,2.247124592104299
5mD6Jnx6Kp8m4OYRorsi7V,2.2475034504098157
2c2csx4OTYtbkzvbSTXlGY,2.2594475337843396
0jnSjyof5ZrQCBsashHnma,2.2645098750958477
0R1f96MrgD3EoqA2zv80Ac,2.2800667487682436
2TwPS8vPh7ffcLhee3ocjA,2.2820098084654012
3mcKztAGGW5QgBXfmqp73i,2.295871486282952
2u2WL5N3KnQnykOZi3fxL6,2.296146692483544
