,02KXGtTWStBwmOLzFIUivK
02KXGtTWStBwmOLzFIUivK,0.0
2XCJ5008n3TtGxZujF6ujA,1.9572255049640788
6Vn8lTVMjILXQCjZUXS8n4,2.0089896118308004
7E5PRdbZq6m5PcKskAhPJV,2.011407445139441
2Lk37qFIc6R9jFOGUxJUZT,2.0209804068047115
4JSDMODQLLa35g8PsOM26o,2.023747813717584
5go6ZFe4i9b6tOBo5GGgEY,2.051089835712277
1aauOIvm1eaLxf8cizgw30,2.068205003947568
1IaYWv32nFFMdljBIjMY5T,2.0702038350898495
3WLfwlGFy5f2A4O1daqeq8,2.0742607327209748
26cOIhUpwYFkH6sWayGLuN,2.0749837372305198
6gnkHOFUaNR6itAtE5rEfM,2.081862664230357
7sOPDFnqYr3zlhAOEjELsr,2.0822078606801693
1OmUlmH2QAtXdhTBDjQSPe,2.0842227527975257
2c2csx4OTYtbkzvbSTXlGY,2.084242489702513
4vEE6XA9OIBcawGVE09ssH,2.090196675855069
1bzfgbLPF3XTyDhmvoQ6uH,2.0938264321103124
4SsqtAwPLrvDmls36op1IN,2.102878781206919
7uT52IUsaQ7fDq0KfS7V7G,2.105142954862785
2JScMK1ADiomXnkonaUGj5,2.107110747734062
0YQcktqICwSWzlS4P4jzOz,2.1092396204514614
