,02LAK7qT1wya0klSeNO96f
02LAK7qT1wya0klSeNO96f,0.0
64NTygIMVTPk7lqXT1a8FG,1.9431369420535511
4jbmgIyjGoXjY01XxatOx6,1.9558913352893594
44FZ6TP6a75s7eU62nHBZ3,2.0253926728409577
3Uum6BJBgb7Fp3uXmlTFuC,2.1218890636181844
2lweyWvAuLggg7bMxv0bf0,2.1321091443383144
5HwnezK198pJCEj1l2Adjy,2.133904190647726
6UNZ3vMZjyAXWaCqTFMPNU,2.139342337769826
1KlXmLYucsEGTLNL93cy5a,2.1638908845739615
25xAURHT0zwdmui8U3ts3i,2.2199042784330696
2elj70iBhDLecyW9aQbGtQ,2.226357011758504
6ewQE1dNPv9qqlnB1CxrvM,2.2331972129396953
7bC3H44yHSVaJoAO2N8k0u,2.237934633385733
7FYkZkF9fog6WS818wJnhl,2.244568450201102
1l2YtxzUTG77nu047c4927,2.244923781433467
3Ah0AScQ5SBMnRajrFwFD1,2.250555204156179
4Xb9WKmzyiPeQSRqNQ2djU,2.2539925537687484
6KfZLbHhQ2qwG8H5lIYqUH,2.261504124212305
3dQXQg28WBBcw5mGRnh6qd,2.2647714438145616
5fK0Q3j2iUcQtiRDXlPW0K,2.2664832917611855
49qcwLuE4NxpOUf4zpG2dh,2.271481764837732
