,02LoOMR6Nv7eqfQKefnDXk
02LoOMR6Nv7eqfQKefnDXk,0.0
5nYV6DCxjG6Leki1pzgglZ,1.293046055476962
5KBr0ZdnaEsgzomayUzVy9,1.311696471814668
2wF5p2dfUbEiqAnCRVNwmK,1.3837182391206695
0eZqAzBOBKrnXFdGRA6lHy,1.4142056858575973
3qpFX3sEc1lnYAfjcgxAxA,1.4545848396800896
44lXDWCKq15QMTmbTdQzfx,1.4795139988428552
12FS1RC3IXSAzubDefgkBP,1.5154770414000847
7Bw5XYKi9fBoFbXFoE8PVN,1.5251780703551059
0ga0ZHvW4rOQ16BN4SOLam,1.5362937645450105
1unoUdJCOkWGdWGP345nbR,1.5449426259481762
7qSF5FjK1Tl5EKHxUX4NG1,1.5500757826549953
4DmEz2fQyeubHlfWpsGHxM,1.5500757826549953
04i90Qo67c3MKp9OBtR48I,1.5562876653837254
0VVt7RZS3yWqMeKyZA9Dsi,1.5720994840479217
7dF728JK2G2T84Wr5vBoz0,1.5759312471507223
7qpjTz3TKWWsloGnU4vml1,1.576211916636136
71kl32fFCagQiR9XVQzwGx,1.578520302786581
2AwyQbLW7cyGYMrLRWk0qa,1.5823657254773222
2551UIRFybSmnEgRf9PPNY,1.5984617745345866
7BPNK60mnEQsJ27GUELFwy,1.6032041238799488
