,02MQQqrcVAiWJlb1JYvxnL
02MQQqrcVAiWJlb1JYvxnL,0.0
51JVJ1NmI9V0Qwl0PaWd5g,1.1920928955078125e-07
3O8h86Oj6hlzWNepIc4ZA3,0.8843519821778387
56jCJt3WixvVt2CBixxEho,0.8882637634862498
78XxRdYFpQlxrEA1IuShUZ,0.8890147974529629
4FvptszSZ2Bi2SduNdHkm8,0.9046941407001785
4WzsycqZkpkS48H9AAAGux,0.9132033872368616
7mW3MUurXi179MzCFxyfMm,0.950699296587445
323YI3Xa1F4pVroefzbndH,0.9529128681503356
7zbrpJXXznxu9rbAgKXIAN,1.0066270691367865
0de2AZl6sFg94V1smKaZjg,1.0194747667697246
4pGCA3BOCADbAAvK4HIozW,1.0343484852942568
4NYqp7u6wGgT19BrbAhQmM,1.0441009340091951
1O7ZpUgCW71ss5fZIfgp5u,1.0545853024572323
7rl3NjLzloRZGki6Vxuz5l,1.057881694516193
0fnD9YAdor7u5XCPS1IjMK,1.0591625766810984
5VCQhibJ0rBxrEwq7pWYsZ,1.0610012262928934
1j5NOlhczuiPnZdT6aovgY,1.062324506626224
6DUdDIRgLqCGq1DwkNWQTN,1.0625649106887403
4OcSKHaLAQaLbu93N4igHE,1.0691270972132716
5U0tKveVl4lw0DaWvb1Tex,1.083209456019773
