,02rPdvr7RK2HzYGccNm59k
02rPdvr7RK2HzYGccNm59k,0.0
6Arx0jLbBE5os6mYrpKPyt,1.986523844179825
6vL8wJJULHS6EPrAOUZbID,2.0846469053057817
4W4epbCvrPEes3IzY27Nso,2.0944915845055756
7eChhm0CaN8ycQ5YGL4zBV,2.1059131827846262
6jZKQCKbwjBtKdE7uJRRCK,2.106156266914138
4KEMTZBgdf5cxsby54YqSE,2.11912079294945
6UFeA6103PHhOZRfe2WtJU,2.1326506100786067
2hUZf4tuxZG2H8OYXa89qW,2.15197176812245
3TeNkdbYRK8mGfvTMZtXBM,2.151997225598561
3aeLR1ZWjNOoXjHX7xCSE2,2.1619571998936173
3lPr8ghNDBLc2uZovNyLs9,2.168920782523332
06whM3ZB44hpOnF55ysOpc,2.173467133488274
6u0ccx1pJICbSwCPMFCd1b,2.1763717791668813
2x0WlnmfG39ZuDmstl9xfX,2.180656404823864
34kPdnBlPKwv4yRvDgy9PJ,2.185634879339825
2EvwLVrnYbCZEG6Kx5DCRy,2.2047655325985938
0tu9IOgLYxl440viW2jsbB,2.2100324419703252
5t3VvTrmnlxypdtAacg9Gh,2.2115205397104454
0rlzGuEgluLExBK7C1F6pb,2.211882394757648
384TqRlwlMfeUAODhXfF3O,2.2136806015184636
