,02sfVWVut85SfmTa6p2kLF
02sfVWVut85SfmTa6p2kLF,0.0
1UGneXbnhC3cZ5YydWVnat,1.428215990791746
0bC2hzqmVXfRSp3KmKb9xl,1.4528725593322056
1kporP8OPSVwzzrcgKKzOJ,1.7329714289644396
6oa8NaC25VoHOVUCoa5ewI,1.8742594970324293
4jI18izl3LAsbw4kVDzO8h,1.9103208022713674
3GSPe2BAj7wkxh0goHykSP,1.9552772835962142
4cSbZ9ZlgMSpdzQ9cTWZN8,1.9565226586808122
7nMBhRR09ugqN4SkH8L6pg,1.9676782541939943
3uOiDEvNLe5bPPkkHi2vRD,1.969550767468255
3Ea0Ik6lSoiGEfPNhcY1bX,1.9730816530695565
2HLIu8hnNYP5ArbwuMamFr,1.9735690849622052
0bjQdaOlpGmwM5zQbetgBP,1.985492348704892
6ooxzFS76CKSy4eVF5jiSM,1.9865423660187358
3QUtbFgjjnAHTtLup31xVa,1.9970308071585747
1RVuCKkpjqLMtp87MJh6i0,1.9993731170315248
3HbTfyLd5T3gqCVuil03Gc,2.0039347554017857
1yqMgZNrevsWMLWfO2PRp5,2.005984642837612
1Y3VFY4mkLqMIkqxC51p6l,2.010351899258034
6EVTgXDsDsa3rqUQiA6XQE,2.0117495068597298
2cwtByOe3IVC7kjBZQnrvg,2.0117700109029553
