,02xIb431TygqxO5TdgJhbB
02xIb431TygqxO5TdgJhbB,0.0
2FJbI3eMCaEmvNFpcmDLys,1.7486031683892271
2cwtByOe3IVC7kjBZQnrvg,1.7612676205931186
1ujbcTZIj5MSTFZZTgxX2Y,1.7619292515666902
0w5TmZvjORfojDR3S2AbBZ,1.7673003710244548
16dTcp6dokMKhm1Guz9K2W,1.7785724564780239
3FiVtA8z2yUOyw7MiHjiVM,1.7827688388942988
1GJL1JHhqk2IBkt80hcb2p,1.7857079337164063
4m5S4wvLY031rN6beIWoRe,1.7866754572052528
6BqGXgeAhPwezKxCr6vnyC,1.795190579892975
6fOOKqQWcSy33ApU1wqkkW,1.7967628856178717
4J2aKHa57MFj3zHhQitZDM,1.8016998488147766
4vtB5TaZa1APUogh7ZsyCw,1.8045480433963976
1vdjlBRN9w8z8wFwZSzRrO,1.809097734792894
5F5Gr7sgJQP2Mxfi5Ui9bR,1.8151055583723665
4LrAgCXHMhMGvcW7Myw5yL,1.8193801348592296
6A8mMKBv6oYiHRhnz1wzV3,1.8206470326174995
32Ji62dAZ1F9jIFvLw3yWt,1.829237403395751
1xkSjcO95bQHj4KIUJl2uU,1.8342979626146176
1xlevl2lnq6najvKHK97Gp,1.8343058453312848
3OfbIrAjqFHuLbg4t1JNSL,1.8349328269697405
