,02XnQdf7sipaKBBHixz3Zp
02XnQdf7sipaKBBHixz3Zp,0.0
2Y9Xxdn0ANAcaoDlBWh9lB,1.6646854222620722
3MtP9T0WF4xbIo8vqHYeXM,1.7167253755239382
3WxmlTZ85sCYFnuIXmUAEe,1.7458699014888337
4rYLpaNFzt6pkQnrCvVHUw,1.7685922738925013
0xwPzLmBAYro8BUz7MrtAo,1.781007665675945
3RciEQxS7PxtLqMs7OwRsU,1.7913267420605152
5PtoBDWcwPahPDflHJFV6J,1.8009648255629933
5GjXMhZsT6cdfRB7nurGu2,1.8077847897866781
7Mce1dTzyHcuBX3W5TPE1s,1.8200123145484481
6mDoM5FGbr1Or5nY9pTnLy,1.8399464237982501
6baGTtDakSNvUfW3FJd8yX,1.8445027714170776
0RTtWFIcKYOlT9Ad7bm1kR,1.884247534654785
47Rb2pHWI8dl8SceIrw6PA,1.8864679086022813
44Gke80KttYib3M9VqX9Kr,1.8933309974372652
6F7qC84bS72Vr8rolYSJpb,1.8940340258367931
493rl5ffrRvS5uPbRfwVFh,1.895370099879865
3V35bKSSm4usoSPjdaRGMx,1.8963605672239339
5XJbLWHhhbmLuRSe2h3Avl,1.8980251100563508
5cn4RhNZPPjt0onhqUMEfa,1.8982671268650775
4ZB0BYG0GUDPUKSCLslCgB,1.8999243702325388
