,02yHEEVqz8UkPn0uyi36Ro
02yHEEVqz8UkPn0uyi36Ro,0.0
3znoF3XEVQgg1ej2jV0QXw,1.9237082799739673
7xyYsOvq5Ec3P4fr6mM9fD,1.9514565080158672
6Dno7FrbG6vnTm9KfjFwf6,1.9540160006389193
595wdkfSkqn87JgA7Zs567,2.012560301170761
2Lk37qFIc6R9jFOGUxJUZT,2.0273220182972604
48s4feNgV243gbAGTTBIrc,2.0337963889806945
56sWRGGeRFWgFhrMOgOyZC,2.035256742077203
4SXtvUC0xvwqlGgLAjV0XG,2.0360943439336516
038Vsed713O0nzsuN4UOBG,2.0478652230666388
4BbfP3YxcD5lfGjJyKi5xB,2.0541110879401416
3yQaqdN6WLrhBsigizCkW5,2.056531057609549
6n1x3DYFDpRau83XsI32NU,2.064831941418705
7p6VzsOamJwz8zTNdzSHmL,2.069057915229731
5t4B1kAlCD13YY9poph0Mg,2.0836714987922087
1VZLEW5ZfcAbKZ94XQiSZF,2.0923239400091296
3UaFnnUo80mv431WHEzaj9,2.0936712778434172
0vCGFGq7SnmNMsGDWaKEdR,2.094640697658518
6VooVlouWbmVMLGKiVDlVg,2.0962708704659443
07XqKYEffHFWU8Imse7Eel,2.100047653266414
3777jJvihbzjNFDkwGUSxi,2.103869320274649
