,033IZMP0kKR0RC1h4Z2NVy
033IZMP0kKR0RC1h4Z2NVy,0.0
1Clv9TTPV2EoVU49Illj8k,1.9870181135703326
4am2H8g4kbRs2po0HGXq6N,2.050493073851911
6oaVjaw6KOd6vXPG1S4K7p,2.094195910861675
7HRKXaKzzApunJUIOjMAup,2.1132915028223134
1s9Mv9c8QnTJO5fqF7oNu6,2.121334263253933
3VaEfwrLPdKg9Tsk2VK9ot,2.121731925057534
0a0AbyQETJZI7DqoJ36Iru,2.134864747691398
5vENpNhFdtArPAJgTAtnla,2.140443450423996
7HGPfh03qkRGjpQjWNnmvN,2.1526069623998936
6YU2t4IIDqHE0rbCWvEURA,2.156658844704608
2FKljmdiz0JiaDitTV5UCH,2.1747973350880487
0cGHpVKe23cOiXnown4yDi,2.178690115286135
4cGNEByoQ3adGfq9rFGH2t,2.1837965583161223
6vyrtDWKsWjKRjIxxg24QJ,2.1888367638815382
6LEre6jKaLhumIw1MW9p8r,2.1920823754797327
1MCxRhz0Pr06bH03br8oOb,2.1928555764022764
7hjgA9v0BI7ytPLpzOd7Ae,2.1994829662638224
2lupLXIjueA5t4Pq4XUNcG,2.2111977102990092
5uClqnsvwVKrWg39vuRMJg,2.2168667328814364
69ZF0x2zoroGqB3XEiySaS,2.2230320541059605
