,038dB4x8tAfC8EGzyYMD8n
038dB4x8tAfC8EGzyYMD8n,0.0
6WOWeafSarYtIMlKO1cbfB,2.0604724642344268
6e40mgJiCid5HRAGrbpGA6,2.086789010151669
3py7gGMJaaxYcEkmqjwsaQ,2.1043957137138825
6IwSGBUjtiPsDiXPR0yTSS,2.137312164731406
0aeZzfSoZAcETjba8MCvco,2.164106155526717
43iKgGbmfqPLh3mxUlospI,2.165673612416295
7sbJNaGVPJJHVLMQVlXAzd,2.203103592296217
40pjk9HXKCxFrsAhKwQKBJ,2.2292489787282386
3RCJvnqcCmvr23HU2TNDLe,2.230331693707747
1vLbpeiEYgaiUsPq6X9tQn,2.230331693707747
21pk3IBK6R9FDKgI55Pijp,2.231339856793281
4nAXbUb7LDQimB3vhImSgj,2.237671235148731
2kXL6Pv3Ozv6hCsToE84SU,2.2456080089003168
3jJ5NJ3aNWvV70Rd7hgZIH,2.2507833367807764
4dzhjz48caiKIqij76pKH6,2.259731080054675
5xlQvDz2qt7ZOW5QJYMSTV,2.267172216267635
7MGRcJy1saXKiphwqJBnRb,2.2700517348044116
024v6TtQuwzaudtdWFEOuM,2.2702336197120525
07Wqp9LcTwzdIyuI0twXjx,2.2749506286351173
6ybuqDYA1Y4qa45NmRLUME,2.282759902531431
