,038Vsed713O0nzsuN4UOBG
038Vsed713O0nzsuN4UOBG,0.0
64rAfpuF4fS1IGCnv8qGK5,1.607107617643219
4BbfP3YxcD5lfGjJyKi5xB,1.611508225288516
1kAcUQO9bBz5c4zwIXIGMO,1.7346507686910446
1LzmZWMpiPqeEIvaYCzO3Z,1.7466264586329021
4MVolTUnON9XZqmzn7kNeW,1.7866016430757254
3VaA0NluPMybvxo55S1q4B,1.7983668919931406
2EafRNF3anmyMbeKoXWkcS,1.8131867566853173
59WN1Bz1HaEIM2rBSv9cZI,1.8135907074042343
48jd71gnyIlLdXOYX2qJ6p,1.8244680977522918
0VYv3TN9UjT8WEYXiZANJF,1.826101134853797
22EHZTTJE7otfnV4nH7O4L,1.826928106639177
6kKtV12sxdJy28Zwr4DHDB,1.8359207158858093
11R6SmSuzXE8ftk1vlPEKP,1.8471004086437157
4irRSYEXVsqX1cQddWXY18,1.8746668229096652
0It6VJoMAare1zdV2wxqZq,1.8907352900200347
2zuOOTaQm1nO2rquzEJRmb,1.8917761762985854
3mcKztAGGW5QgBXfmqp73i,1.899908028521675
2ySDKHsjXDrvEOtgEW2YWg,1.9027816250840188
3JTtZUOiZljuWbNiasfHB6,1.9097559735026322
6cFNmW8oCIzSYqFXI60BmO,1.9132398308932757
