,03afTjDbQDPNM6oEPZ8Y1m
03afTjDbQDPNM6oEPZ8Y1m,0.0
7gbpozqwdFoqvv19BTk2hu,2.077480973397325
0ihbdT5P1nDGwVRUWhFXTF,2.123041076399207
0tEDQZ8gXWqPwtVmbetI37,2.2097845979457786
0sUyqewVzwv0e5tK3hS6vJ,2.210124102386233
5ddXMXmXZ2FN4iliTG20nO,2.211732768532743
6DEaND0SHv3sC11xobZLiy,2.218398889219754
5U6WGP7J9SNH8OHBlg95A8,2.2214766313128473
0Mqlfi3G4k3GUj1X9eJEju,2.2284029912951326
48l7PNpT2fBoT4cdLW6EzP,2.265248931807918
4YLHot0An10MhhEw09I4jj,2.268308439172818
60cWtMENrHp27WCevWGyya,2.274017035001592
1hdPZivB5TgYcBpgGcZfBR,2.274810379499222
3P2EJ7ve1a7ikiBFbwK6MH,2.2766454658033495
6KzUEfJBUepmSHGkOczTsM,2.2819680938921554
3znoF3XEVQgg1ej2jV0QXw,2.287471755175025
0FMjqbY3aWo1QDbo3GwXib,2.2958937465335305
5ANB7BcpKlhJyvzCbPaTKY,2.3033941868027714
6C0T7QMpmeDoDkke32Ctqb,2.3118551761799297
3Q5fvTZlPnu2M61cbTbE5y,2.3137180674483386
7jqzZyJJLrpkRFYGpkqSK6,2.3238833695324437
