,03b9zENbNuruQGuVChsSgo
03b9zENbNuruQGuVChsSgo,0.0
3cPOyCp3luWrEQwWM3C5TK,1.3044469351466361
2QH5Upsl8brza2OKoDp8xs,1.3737155061190418
4MFXrdjxsheKmeEhO5erpF,1.4288782003559028
5vUag4sElbkGHs3IdfhwVJ,1.4629756958964582
7ipwgCq2hoBLClOVwbxGgT,1.4695048244858648
5HPcJlxGyCAoZ83d65pVJB,1.4716015742050028
2TWSilrWcTrgVKcP8kfEfg,1.4948995614876637
5AOVMgO0kIIhmybU53gAvX,1.4966733516966042
144HGC0924VNvw9jxGZ7zI,1.5055543950579553
2QyZQSDzRttz6vnN97gIvZ,1.5136301522425044
2HEsewd9dzzLg4751JIS4p,1.5303828523644907
3VMXthb167x6pQOQe42m6f,1.5414431873514027
4bIaXzjr2jjwrzw4VYWeN0,1.5489698196280612
5kxVyCgEUND7E2QKG7JmoF,1.5562378097196325
3fFsDJ6sKBgROv98xKYPmB,1.5592594647482998
5m4X2HQ0eiviwuKPoREanT,1.566590294778348
4aYnNoIQjhfTEly3N18Lh4,1.5714888990369158
62bwQo4h9394m7LEM3I1UQ,1.577790982388568
4zcWdqDGbCgoYewvhqxExf,1.579276862007075
6ev1T5AZx6aNHzeZBDWUqp,1.5848450712618927
