,03ensJD4vIcC4qFSqJfEOG
03ensJD4vIcC4qFSqJfEOG,0.0
1lVxqyb7ClAP1IjeE50XD8,2.0251842289721633
5GUYJTQap5F3RDQiCOJhrS,2.082261567277772
73agc0UL322jZnJncsqNM0,2.147807562903642
0mDC5smPSHZGEu3h6WBNeV,2.1508814703464685
2NkbRmygVirMQFCjSkyY7Q,2.1691622237975188
7ndWF1H191Fx8Jq3xXncqy,2.1705424070686834
5wx3NjlggH222Ae5VFp0fu,2.178612490452528
7IL3UOlcJ6nmcCMwpnlfcA,2.1843999435502774
1PM60DphJ2nFOJBU6IZwaF,2.1897052533949446
5IklCIP5ImjFG3VoykD09A,2.190967759637523
1CM0yH0Y6q7hhfq7o5wagi,2.1984986753867335
4OCLBckvYfYrzoCCzH7fc1,2.2033795006032477
31VOknKjFrEX47bZXzqcoF,2.211424670578578
6AExPvfOTjZgJ4HBUu6H17,2.2172754723028465
42dbDZX9bsEGqMZWYmnR7J,2.22560176846886
5d967hRg6jQtfyRQTt9iKl,2.2289928626508333
17yKOKhEsmTYha9IwjrLuG,2.230146265824806
7dEztoOcmsafZLM2GSPbna,2.2309551790078523
6J5CxgvIkIFjMJ5QlIPsVA,2.232386438864526
6J8SONJwAIizCJm0QhEi4Y,2.2324535020230867
