,03esnE5CZwxCLie5NedKRo
03esnE5CZwxCLie5NedKRo,0.0
0bBcJSi9gI17zT87DQLZM0,1.190155646113895
1R7KsQ7wnOxtrLQE38w0nU,1.2168018990736065
1o8D2Vqn537vxhVMMRav2V,1.2360762947314514
0hos5WWaY0nqo4J8pWxxDJ,1.283136793613593
4pQMsLW9wd8AhmYiNbJe6v,1.3066506177197748
6f49kbOuQSOsStBpyGvQfA,1.332916818740189
1vdjlBRN9w8z8wFwZSzRrO,1.3537683977081032
2QyZQSDzRttz6vnN97gIvZ,1.3614097633496203
73bxqTms46tzGkwivw4IN8,1.3710901647401108
0ZAiKfgTsYwVTzb1glV0CI,1.3772806049173019
6ev1T5AZx6aNHzeZBDWUqp,1.3830301804163219
6efaMrdCksqImu2Bf6FqkX,1.3902854544556358
3u16Clmxz7dJpnQWXXynok,1.410045034159826
3PhbzvTllkq1rkULafc6ns,1.4142097001725642
2qkmPUG7ARsRwhVICQVwQS,1.4205566502826854
5bShFhmCTNCpVX5Nb4weCd,1.42146121083836
2aJhiU35Cu6Pydq6xZUXcv,1.427177687513118
7C4LTWRsikDhkxXrgc29q0,1.427643759634628
1g8SAhlSBYxRcP5boyr4r9,1.434285091924914
7nMBhRR09ugqN4SkH8L6pg,1.434568992231971
