,03hF6mp5HEFymVn7sTDweq
03hF6mp5HEFymVn7sTDweq,0.0
621yo2vtUSnmTfmENTKoNm,1.3726475483551663
1Hk0QRlUFCHYG6zIvUh0Xd,1.4875683564773032
26z7KohM7bJTyP5z3ETe24,1.5157160322806307
5lqw0qFf5AR1MeXHXP0uLE,1.5265883137037157
0jF4xsiVd8AQoIEUmn7KLt,1.5345684630799714
49ZcCQ1pCBNlyC3ePR7z2Q,1.5356366877580958
0fTFmyy8AwWHiRoDgTh80w,1.5512064771646321
6oTYX8Lbk6OHv5UGgw8w6H,1.5740417277185323
0fYKRSx0kobcTDhL4jFzkB,1.5782998314029528
3WqqUS0FcemJ8Xom0YwHb7,1.5803163639720825
1uI5OBcMXhlBmC7j3xoelo,1.5839593941014134
6i677XiPUUlh2PdAvkSRry,1.5905022555948511
3XdvHWZimP5jjyQ7MHfvjn,1.5908106562985225
5Qj1rltHnkvn4iIm65cbPq,1.5931113030732258
77cQ9vGtmiaDLbHS5jHNJp,1.5989011723099453
7wVA3zxbi89DJ5Jfw7fWO4,1.598906379197281
0ga0ZHvW4rOQ16BN4SOLam,1.606766041484916
2rsswxxShjBqoEj7dbr4Sb,1.6067748126271004
6GRMKQ3RrivYgLEO6h7ebu,1.611323602909592
2x00naFZsPHRdkWHrA5Osv,1.6117343353646534
