,03HycZUV9vzoo4XrbgCzsj
03HycZUV9vzoo4XrbgCzsj,0.0
6wNF56zSqUdyiR10XqdTBU,2.333900331092264
0Wdicgd5PR14AEh6xLHd99,2.3637984537734034
5xwrDIk6QdaqbvHy0cuBbq,2.3787749166480263
6uNSMiL3pF2pi7Yoh6VM3x,2.389604940977503
5XnP8cU3509bloEiTKgS8D,2.3999841417786603
3s2inuLbQQZ7z1GJrdlQr6,2.4452859039567634
7cARBnCdocLA8MgXybqjk6,2.4490122235680976
30fYDayUDw3pQup84mIwAX,2.454748368296572
2n96I41jVk97Z7xjwUndOH,2.471724336061682
6oO10y1h2VyxJQfomG4CtH,2.5174238920637824
3MxJGBnYaP4yQYUv90HLqZ,2.524226129430028
3DYZZZgqcRiQki31E6PHhv,2.525554353030363
1QRTWv4xXD9LLhCdeS8Pnl,2.5267709783717383
1BKtdwioiFlL7Du9SmeEUM,2.528708763732023
767PVupkn44LW4Mt9ZpKAV,2.5471936052449116
3s9jQRTJehn1nCm3OUtrhy,2.550964794828362
5uZb6AYDI8A92lj3CF5aTG,2.5525296765863965
5kcaxCYOzXC3qP1SEEjJH7,2.563255346637668
4OCLBckvYfYrzoCCzH7fc1,2.5664894756970646
0ZmkjefPVLvloVSgtmRu5M,2.5737473411078375
