,03I2WC8v4crMRBcjwyzmOy
03I2WC8v4crMRBcjwyzmOy,0.0
4io2VXWG4fmIpsjKXWALzB,2.0213381990180403
7eeg1G22Q386Zigie8qrpN,2.1155791241863313
6pDVjCUA3B1vg9waKutAsv,2.1425186610149476
2ZrHbO88rM6Ijeg0aJmSzl,2.193285105412256
7awIRQWUYYcEKMXykye1MC,2.193578695604807
1AY7xcMNSEoX1GQJcKb6kV,2.2279477821828935
1LkY3MoBArHfIZdLOqjQRj,2.319525849538394
3po8fuUjadkEvw0HRV8ebg,2.3311994944390877
5uHNzKE6cxCX7J9QM66Wjj,2.3312208387551063
3TOxpVbriEc0meXrQ79FBr,2.3442956700761064
1eSGjhgBHh8zhJ44eHtvhP,2.3509443520788276
1WoEJfK8R4vcVOi3pLDx0H,2.3551077389387842
7JsDher83tuUGoTuATsv2M,2.3603355607983603
1ZsNO4HNET792LKPwvFX0w,2.36662099201264
3BuLtAmXKy5uQYl4ED1zBT,2.3734471124141194
2RPDdBOkW50nhE96JWyEIV,2.3794049772420585
2SoQaB0BbvLeG9kAKolPX3,2.386257768465317
7cflqPPi3zWfLFRRBTWeh6,2.402174217339714
15Nn5EEGQqlptGwiB2NVYV,2.4194069187303464
4nAXbUb7LDQimB3vhImSgj,2.422632630294657
