,03j354P848KtNU2FVSwkDG
03j354P848KtNU2FVSwkDG,0.0
74OqCf9IxUDHGVtVezyZyJ,1.7156991812243714
4vEE6XA9OIBcawGVE09ssH,1.819271560108317
6LrGc6oPYNMzmz8VOwyN6C,1.8749778474257184
56iThbABo74MrYhudXR8DY,1.89128787760516
5AO9qDWvB56MkPDlAEZkKM,1.894443924129924
26smkTTNwAxG479G8vjvkn,1.9001834745003403
4Uoc2mSkjXENcUWhSTNm2I,1.900817125436311
2iNjzr8IXHufW8XCCxo8l4,1.9103743433280511
2SlCiWUTBVs0lcU93SLogx,1.9219321976825423
0oihjTriCn7793AJwKBTrJ,1.9298438308539787
6wnEJI2Nc8IeQccUDu73Kn,1.9323201840115785
0Y2nl5FBXqFOwduXQ3jndf,1.9399067564267647
4Jl0TNe8WTOtQcCg1VK9z5,1.9450019181827412
5ntAYVFBrgbvQPj5Aqrxjd,1.9490804723302366
0Jk5H6CbhPPqVcBMv3r2GC,1.9507971401277193
48n3RCUqEZpCMWVahaWN8m,1.9584264390387978
639Gf4AIzHnC5wkr2oq4G3,1.964071936969598
7Mce1dTzyHcuBX3W5TPE1s,1.9698564989480658
0CjJqkWOpIUXdem5hUcxAk,1.9756094948186773
7DyRfspnGYcUhCAMcCys2g,1.985953513782791
