,03kCR9HZpX5muU7D8xYPOL
03kCR9HZpX5muU7D8xYPOL,0.0
2oq2dbjW3sxOY0BscMWd7Q,2.0171808788820442
1wkHhcUnVOMhLtA79dQaQx,2.1053911991425016
6zHecELSAUYPCmYY8qHuOy,2.122665415629872
731gyJNx1zFZld4goxDrRp,2.2079080596249936
0SHVPx5dQaqBi1um98oWlf,2.223024900510418
1IdJt9ATeANSttbfucAQNU,2.2450199535300155
6SmV1Oo24nCZBPzIYkL4HZ,2.246486676080147
1JgNoQ557Qm2vRks1u1k0y,2.2496110294062923
1KeZgPUr54C8iz3FjqzVoz,2.259004124950024
2WtHfeLTCtC9Iyi3gKAMPV,2.265924200696797
4hcaWFJv3OEuz1PpXjyY7A,2.2676893914400815
6XRUnnM6CbA6rcfuc79uBt,2.282314239170696
3gc1gXQN7HcKJrzkQwEYc0,2.2858116411399307
6rQrr3PfpuFZSJTUrr46kZ,2.2950767445370017
6PCuVdPENYbYwSnoWxxeTM,2.3032217792963126
4UP2BV4GYdhmPcG11682jk,2.304162755373306
6Pgkp4qUoTmJIPn7ReaGxL,2.3065576061804074
5e5irpKuLp9YDuCGLCgpVd,2.3092569358548736
4m4PeMnGpkdM2ohko5dgKN,2.3217464297239876
7l22yliXqivslrLmcmRkFw,2.3224871135181795
