,03LfyhvgGn2IHBFKRK4atG
03LfyhvgGn2IHBFKRK4atG,0.0
6lDITMl8ffCLbhuxy47eua,1.4272868362668394
4pQMsLW9wd8AhmYiNbJe6v,1.493023273965764
0smKH3Kxqq5RJUKPVIdOmL,1.4988410795925147
4cSbZ9ZlgMSpdzQ9cTWZN8,1.5064488129638316
39CyGKIFqMzSuynOR8uilD,1.5110937891521097
7nMBhRR09ugqN4SkH8L6pg,1.558899411649762
6f49kbOuQSOsStBpyGvQfA,1.5671100641278228
3iyYmoZMI4o0xW0nCLwAT3,1.567160345308713
6T74sWvcHvSAO5prlk5dDw,1.5694207151387338
4l1wkdNUNjEzUerp34s51F,1.5744215395226595
6efaMrdCksqImu2Bf6FqkX,1.6095674294915523
4jrCMOG9OPe6iF4vWFxatb,1.6183571117329834
2U8g9wVcUu9wsg6i7sFSv8,1.6238620440185356
4LboaveLxkSavWhf7Q6Msp,1.6292397513215189
1unoUdJCOkWGdWGP345nbR,1.6294470029274557
0fok7FYKcgsYXXJJB3FDGc,1.6301210964075286
3RLuVsXcEX86gSzkzmuiye,1.6320101019156004
114rzL6VEy9bb3amPcY3tw,1.632945174918044
4YmyronzkmzutYKwJ8mZ5P,1.6367081998478736
4CLC3s96hVQvtcHfWGDVqY,1.6392203912676706
