,03lo8pkv8jj8AnEZDKBFtM
03lo8pkv8jj8AnEZDKBFtM,0.0
6YUTL4dYpB9xZO5qExPf05,2.2461891697520024
4BfOfgZGlQEPhEmPpGYeX0,2.4788682755515263
2NjdwnC1ph81hCTBWeyy05,2.4797318929305066
2LuWYa6cXmNTctYITm0cUv,2.5315376823576603
771wUKOElACjJ7pVkB55uB,2.560233839752618
7KOo6vHEo51qe0pMELKomD,2.560233839752618
3jTAdOh5XLVoSHykKtFc5t,2.579180010007033
0XVhtK6w1G0B6hbEhDlEgS,2.597621318596532
0ZqqrBHeSeyZahfcyw9N8O,2.6069518754812604
6D17ZfWe6kCi2BS563dMc7,2.632590432821756
4ewAfHYpDTzpW1GKO44CVP,2.6460040073678406
0QpSOB1HV3ueiUjqkca8qK,2.662946627543655
7I7JbDv63ZJJsSi24DyJrz,2.673273812784685
7pM3L8Y9Jr1P5OpDOuYklm,2.682163355509554
3BuPop8SzLG2Q88TJcFAjp,2.685684520258292
5FFoKbF8FK0AIC0i5GjSyM,2.723744950883252
7cA4MFh8Dsq23pVmkjXS8S,2.7286297901338212
3mGLqNqXr6x1DoFiIywOQH,2.73433191930977
1ICpLFvXJyl7x194HjvEI4,2.742384350357598
4SIFa5VB8DQRwRaEoQs8Ra,2.750830597876342
