,03nl4oyFYiJ5Jf2ZDxATil
03nl4oyFYiJ5Jf2ZDxATil,0.0
39SQnz9u6zd91nZdaPmmJK,1.4969874284629092
2MHFmOFvXC1m1MwAwjsDpw,1.5518972199834775
24p7XIQ1B1JeysNHQilpmc,1.5633515424604953
7jWFD6Ycmwb07XeDiYHNiw,1.6406841312713647
5m4X2HQ0eiviwuKPoREanT,1.6552834325616743
0vFmBF3aGjfXzj0frTOHt1,1.6782816426119938
6HGkdCSj8ThQkwKbDm2wTR,1.6813130109754602
6vENFEcoDykmITfyGBu8Zn,1.6977841305191952
7gGlanHOEieKGuEYfGRnDU,1.710375423439919
4Kt3cZW0z7wZFGMl7k1lAn,1.7117280664336771
0c2Gol6OVTVwkDxRzxg3wI,1.7325303467418531
0JaVdpmiex2EP7bBzyKVTa,1.7368669837000963
0qH1jbTUbpCxZE7AMkjApD,1.743289548264329
5VeJgtWmwpzhTkPPbO0jrD,1.7434775851019404
5sEovJiXqhiD1lzptxnttF,1.7491058722161545
6jegsiFyEOCmz1SLNl53a8,1.7510045510919687
1LpY1HXp3rPlwuNq3l41L9,1.7577560751251156
5z3MGkL2m3SZF6XGohGlm5,1.7602927033663418
54mbl7vULb0FtB2ajPP37i,1.7637240932715152
6WaDXXE9JXtR5dFO4WudFJ,1.7650133315030143
