,03PM8jkLPwI6cDcZBvwCSL
03PM8jkLPwI6cDcZBvwCSL,0.0
3MJYHwhJIA99vVSjBtg16j,1.9827442020315085
5XgxLtOR4oKxnfA7Fb4968,2.059844689272608
4RoArPM0AsuW3h8hW8xtnr,2.073839186382269
07G5C1wAil4Mp1qjbd3eTR,2.195745797068614
4C39s84SSywoPCS5CFkR6E,2.2145592581927795
1bCkl8NNCk5RIFK5Kv4knY,2.2160951438072023
2NqUPA7zYMm4pqJCFRjJfA,2.243520400612385
3rjlOysZAgT60CjbXqQhtk,2.2583944419771558
6B9bgML1RCTwVEeaLvMIu4,2.258648953766473
0lijVPETlmWEPFzGXMjhDs,2.273604088820133
2Y0DPFc9tlSixZwEuOmVUi,2.2813435461277787
59nBe48r1c5Je9vPZBommk,2.2829834249442076
6PCuVdPENYbYwSnoWxxeTM,2.2905680523524645
5tLXA5R8DlzSHYDMwil1AB,2.2906862820581035
39hkTmV9qe7lB2PTA0KVbk,2.3013354908072343
6X29iaaazwho3ab7GNue5r,2.3096824129641544
69yXTzS47Rz9TPLgJbBK8I,2.3150881452016225
2H1rBo1O3hDqL2HB6Z75KA,2.327655156855064
3hHP9oWaO9j9lBVpOEdDnf,2.3335881859628667
4SEvdZohC4oEzXGujC9rF7,2.3350026594108675
