,03qsNrEqRg54ywbZnnfDuF
03qsNrEqRg54ywbZnnfDuF,0.0
471T86DNSIFogjc6QsGbEt,0.271370654136052
0StHyqbR2V8OR9mJWgbPYJ,0.2888392764870996
7kLEKrmCCdZaoKxuKWLhhg,0.3444604802299708
4NCIutXhrxBUVwr5S0lEdW,0.36175008497391453
5xEnBOvRoJ2D4T4A05dd5C,0.40268865317290753
3o1svdvziwusojBqd1J25P,0.4313529287748988
59O2mkxuU7gsfXomUKlPSc,0.44627864088132807
5OK4gswdEVOyxaMn0nXH8u,0.4469842156520742
6xmk3pmVqZBjXsHOjvidEp,0.45664393302144396
29KS7kBSU77PrYGB6RVR5O,0.5036225796576278
7pb68fYeLOoOMVjMGBfENx,0.534359078639965
4nmrLqwDB7qxSLgwvu5GuA,0.5507592884814362
0aO0JVI9S2shiUjhRa6h0g,0.5661137578426662
0qJ0lqsb6rTH3jelcLmmff,0.5731161152613004
0cTF7AXUMetMKhwxaHSN2K,0.5776506022985302
7deNOgcnSseExDbh0rKbeZ,0.5776506022985302
4D6TpthzUVNTjWQqfBW5Kb,0.5776506022985302
1G4s7WkhgmdQvYaGCHjw1G,0.5776506022985302
5b7lUXrT4NrbRS5vvZdpfn,0.5776506022985302
4SBm0w1nfqAihnxpdlyl7t,0.5776506022985302
