,03XjpGGdsIPouALXem2Cku
03XjpGGdsIPouALXem2Cku,0.0
69alfiPINWtMrVuTsxUMlN,1.8803275862160451
5tXKUlGgXbUkr3cyT1ivWn,1.9796592859255435
42dbDZX9bsEGqMZWYmnR7J,1.993041865885001
2w3eXFL86RgxGtDr8bzwgK,2.0155509801730545
1BKyLZtjWz9QfHrTgYtg9r,2.0250772672238457
1rKqsfuQVUFhROVwcoGJGY,2.0433730326690767
0CjJqkWOpIUXdem5hUcxAk,2.0512745620302932
2R45zD7U3FS2wkE0h48b9q,2.070481283053823
79R98MwYRcQZdAzjjzUbiX,2.077168474261741
50NZKlQPUvBKSglzn2fXaE,2.079575343008058
6Wiyd7AsRdXvXGrxNkbqQ1,2.0843979123781464
6c6W25YoDGjTq3qSPOga5t,2.09208193802943
5IkP8b9o6gtKKe2Q8MIjUH,2.10519691678023
5FTwW1JWpcoeuia7cjlkmG,2.1059452856430085
4AEX3oWCqLrclYTjLyRW3n,2.1151117539463575
5Nm9ERjJZ5oyfXZTECKmRt,2.1158054156397497
2pobfLH9dJs6mVTQlLEkx1,2.1181316831981
6wwruKU956ldDyz55DZTt1,2.1185972098117665
2TxqdVgWtOWWwwNwRnEOA8,2.1205881667342776
4SHBXMDT21gYu1yP5zZyGt,2.1246495651183985
