,040522Eh6Z3B5df7h8rUJE
040522Eh6Z3B5df7h8rUJE,0.0
5HPcJlxGyCAoZ83d65pVJB,1.4886757754778766
6WaDXXE9JXtR5dFO4WudFJ,1.591732911815041
2RGEQlf87DCbRdSAlhRwL6,1.6467248328853539
0VrNPKrgWucnwuIUVQcfPd,1.6527192263960477
22qUrdPuyxvhQMCPNfd1Bj,1.6555033609829521
5AOVMgO0kIIhmybU53gAvX,1.6603475368632603
4QEVErTxEByWRe8haofjnP,1.6632316148777682
5z3MGkL2m3SZF6XGohGlm5,1.7069851458977707
11fEJnYg66OiKzN4XPtooK,1.7277038446160733
22n8ym170Y7XZUbpxCkzWx,1.7471240013035343
64ICrhXuANvFTmJutuZJ1k,1.7482579357995147
0tr4eDD7ZRNU7T9EvCglY2,1.7485523600054753
1TVd8FHpeg1Afa92kaO0kR,1.7524431898894737
29bMGVfLHAFRGotf4o4jOY,1.7548178536162735
6ev1T5AZx6aNHzeZBDWUqp,1.7705884784125951
5sEovJiXqhiD1lzptxnttF,1.7706566205822991
0M2mHjTnzuOMq3w7umCzdQ,1.7739081265758656
6Xs7OKt6i0Ddq8B4M5Dgvr,1.7811389387524434
1Pl8FlVHZLZ6xab4bI2Ifk,1.7844064108906434
7BPNK60mnEQsJ27GUELFwy,1.8011794231887863
