,0430PIZJLy3Oo691nMeUH0
0430PIZJLy3Oo691nMeUH0,0.0
5aHoljFBd3krVwGmCRnj7c,1.9118666431049505
6QdnKD1zwEgyOWtkrdzlOF,1.9583640521927104
3V35bKSSm4usoSPjdaRGMx,1.9857207031816582
5t3Vk8bRKylx4fjj7qlbib,2.008521165257576
4EDijkJdHBZZ0GwJ12iTAj,2.0216796579848704
5Nm9ERjJZ5oyfXZTECKmRt,2.053011758964874
31suvgK8vvhfVXyEa2JpH8,2.053274333237672
4jfHNGbzF5EGAD3iET0lsd,2.0746053569312912
11epXuYHuCAbmz6mO2WmTi,2.0832240402287745
0JjJGeUbFqCRe4nKNVCAz9,2.0838876851935555
6QUngYwZ65et2ye7Bj85EK,2.105078430225239
2o2cqIgG99jmcR5W20Vlil,2.1287598219972956
4DWFSrNnZXow1aB96gByho,2.1329383978031946
2eMCnRxz0pvyDfT1obyP2W,2.1417717468859054
3Ij4WlSogXNafuyz6V2Xvl,2.1421522157043698
22OqansuvEMQu9W0EfiGTI,2.153392947866213
6M45C0u6yfXG0vMFNLwhay,2.165084539757819
7qK88XdPut8m3pKKuoyzHO,2.173293300043452
3oEiWQUKwV524mYSn5bgUq,2.177559653347939
2oG793j2f1XoHkxURBtHyc,2.1804640663554458
