,0480zldyxMPfcy8brNQUTT
0480zldyxMPfcy8brNQUTT,0.0
7BuzJmV2h6eBbSDdRaDY7C,1.7925301657939103
75n7mraeMycQOl2sDGYaTe,1.8238703213938097
6GZLkw95zCwYmLEFMcFBmh,1.8352995728246395
3wx2kQWPn9p5UppQbNhPAk,1.8397180139209781
0bZDQlvx2oS1NiUZZ1aXGu,1.8560356623635084
7mwIdlgXiFvwxwAjprW942,1.867758070341511
6cDAuJu8XORfSZ9JNL2Ymx,1.8912142391433977
2c2csx4OTYtbkzvbSTXlGY,1.9052230987036016
6HkgmG7vzq2yoaq03QLZPy,1.9076471283575105
4jjLWUyXPR2mVfaivkIkfZ,1.9174249475463288
371H6HjS4SXGbQ9IVfFUIL,1.9248159318923321
7IBaWJgk81AoQs6K3VOJds,1.9319446835907208
5jsxE1nDuRrEgN9gmbWWYS,1.931946856678817
3leWYnzsmyiqNoRePTFvhV,1.9366288868044315
2c4FRqXnna2YeC4lShVONV,1.9388912070330484
6b8Be6ljOzmkOmFslEb23P,1.95249730538989
5R6ULmrMRnge7NqwDM2KAL,1.9690421727378746
0gzqZ9d1jIKo9psEIthwXe,1.9762089821945297
7hJbnSihbw3zrGE0bzYWcX,1.9867108778801315
667ZLHBPPTYrs0D2kYI79e,1.9884860825284512
