,048AQ5XBnvStuTn7X2pGSY
048AQ5XBnvStuTn7X2pGSY,0.0
0uxl841gemkjNQ0ogl0I9x,1.9304830621298221
3FLtmn8HRQJMThfQzq0pTl,1.9419822431643405
2NvAdwDIQ71uXIWZkr6tIO,1.968393505681337
4HHZO4ZFpqELKIKMnFV5P4,1.9934817653380508
66gNgqsRVXhcP6fN6bJX26,2.0024804793989084
4XJfCdGzmNyBHRCzBWKu4P,2.019757937054128
3xvpBS6L734qkJGHvUoDHN,2.0213105908517
0rlzGuEgluLExBK7C1F6pb,2.022982750490749
0fqsKxf7u2jYxTwf06DnUg,2.0356410596473182
5qfZRNjt2TkHEL12r3sDEU,2.0627313871137796
76DVcA804KOxwKzKp2YMxq,2.0640274457976275
4fCuEY7dxNxgtLvONQONng,2.0687617518155084
1JphIJINWC3tORxOIKlmg4,2.069891171976058
1GZ8qYKWXxAGxNYOTSKobb,2.0742658483204073
01evkpWgrMKEt5QLjIpAir,2.075712107126732
35o9a4iAfLl5jRmqMX9c1D,2.0773726242439925
7FLQuyyCaIrBRqNt5l83U4,2.08199348353976
74YCWckIOTB0nCBZVLZzm3,2.083207782892647
4mSvgwsr5o78hh2GWHXXeF,2.092514477497816
0TYC36fmbYl54IqTxjdmDa,2.104353896395301
