,04aAxqtGp5pv12UXAg4pkq
04aAxqtGp5pv12UXAg4pkq,0.0
63skrWgFpPIm2rWP18Q4X0,2.093375964759028
10nqz67NQWWa7XPq7ycihi,2.0937842153363038
7BLZGoLrh6pcZFYYXMcWqk,2.100063130537647
5CHl8qHkIp0HNdgyxn5yCL,2.103750969253812
3HCh4McsKGmXRF6sA3XRVn,2.112062964392302
1xUZ6CgfpXspcQuEIOhf2v,2.1178779334083457
6kevl5fnM7GRJ2K2rBBnxq,2.134407101534252
30O2LILRUDHmfLa9scND3k,2.1457820603886977
0ME8AQSwfAtSa6ZQpgjROg,2.154547884301671
5VrG9nS46NuI1fRWcvPRKQ,2.1686483225702604
3zZ6YO9P4iZhGmMDkx752d,2.1760816529808706
01WZpX9Ss7ZexSFX6ntYeO,2.190758361497222
0zpPt7i8FsRyTioCoZxU0V,2.1942708803706683
0cIzLqNb6Q4ulZOcuOmPcL,2.2030832458236254
0BP2o4rGe7nkQea1JOWMbl,2.2033745894090524
3M2PHpiMb7np41m7dOCnQD,2.215677130456611
6eWDAW2zeXjpYa14W7ADId,2.21820804722846
7xrwGUa11hnnxXWeTIzcHf,2.2212581943365732
7JXZq0JgG2zTrSOAgY8VMC,2.2265311119733187
2cAarHRrtwapiH9X5kjed0,2.228820458335452
