,04ETxjrLIyEMJFLQKEABJS
04ETxjrLIyEMJFLQKEABJS,0.0
1weOavX2CfP2pfGNVTVMsT,1.5429400492223162
442HGNEmVNg6JBN9IDtemG,1.6318599709520534
6aJlabqT4DO0hP4e7uFiRU,1.668199305436365
7ge7zflPhw0LxmP9jq1q72,1.6921480797119166
4TFvlodroovcb6QX8aLGTM,1.705450218513193
6gQaptRUcb9xg8puca535d,1.7189034459070012
4SGst3mFm4200sQpAQhbNo,1.728630579606579
4TZdeM7zelZGz6JPrXSEZ1,1.7668271258730666
4sln3hvqGxLEUCcAmTO4pR,1.7727696773843928
1NsEoCwQET7VCVBNrJqmnT,1.7741916279282786
4ja12V1nEpOzUOCZWrF8D6,1.7864063213036785
5RrHzXKmwVd5BCq4UzyJPd,1.7875929304134854
5vMu4rnnhFEGkA1TPCe6uJ,1.7900379760528606
2IPNoVksl0gQ0YhzpWIrlQ,1.7993685839099838
5kxVyCgEUND7E2QKG7JmoF,1.8044639342651263
2Oed9gZ5WKs6IJ55G1p3DY,1.821468217713713
0TzIHqhAbvYR6qJKrMMFlk,1.823168579005168
4kw01bD9vCkKRgtjHlTRTm,1.8264714402446538
0X5REyeiMlUl1YJqsjXW3w,1.8324447082445736
50DMG6AvtNzbrxMc62w6ph,1.8388060094324823
