,04Glred2wGdSNH11Qh4EDe
04Glred2wGdSNH11Qh4EDe,0.0
4Y7JbqUz5JTkj1WETJgEnE,1.6832156549281914
4KqBoq7MoDJeVsvUHTjXCM,1.7280344344756267
5kBUIe8UcUUGLzP4hoc8XJ,1.7580733327743097
2PIVkZbTsbdg7VsXDBwiPP,1.7788074862772083
2egEF2zjNVYDVpD24KNeP2,1.7821546566145254
6V6goat94tTJOWXXKZstNX,1.7863590699290548
7EbRVU97goqzqVsRhXsXZ5,1.7982449244683214
7vLeJYTyj6fL68YjIMeu3z,1.8171936112078841
7AnpOEcpdtJOu5jlW017lv,1.8204809064817697
0zpjG9KjXTWNGJZaBhi5ZI,1.8263103717443188
3E6iea9uEmB7gRru4lyP6h,1.8358383974187946
2R9giNqesA6XkpaNcxoNmI,1.8395709106217764
7qYi79DLoih6V2F63VNeOY,1.8397800160730517
5PtoBDWcwPahPDflHJFV6J,1.8455847630784243
4rYLpaNFzt6pkQnrCvVHUw,1.8555377411338696
4EhbLHYOXzEoPmOfaVoIIW,1.8695237221987204
405cG3FGJJdIZ74hPgFOLu,1.8733942457455266
4ucfQOYOe1Jz5KqCfpGobp,1.8758660856757554
5ifX5aMUoHUIMIgotaefNq,1.8837828334776114
78zUxUPvONPgMIt46q5be6,1.8938503626416094
