,04hf4vWXR2ObRoxz9FR4a4
04hf4vWXR2ObRoxz9FR4a4,0.0
77cfHbRoHkHelQFWODXlVr,1.7108521854026575
4163s5AIcfezLq6kpncyvB,1.858258686694458
6UF4wwpthyhcs47Cr1aVJE,1.867869017405276
1hjTNgwNWMCIw2GHzrk4ns,1.9507862418531086
4dcXbB7MFoWiqBlDMZDZdv,2.03267630404486
4QesgDOrAoI2sfMfrYgOnZ,2.0589188389256146
1MCxRhz0Pr06bH03br8oOb,2.0595426784090223
4JwOBVIlajGrkE0LXhAFvZ,2.0831619898370297
66hkKBOzU29h6OqaROxnsj,2.0858140728434806
2drEUEg0TYQR6dDEHkpuPE,2.0898533582952163
6Lnn71AwH0uzSocADOF8ei,2.0907928139339194
05Ez6KwjICkscWQVTsT3f5,2.090991722933194
2uQ4px5SPONsgcUpulywIQ,2.10975082343352
2aJWoX6fQIwIbjNk7atyXe,2.114401752619144
2tcVrhOu3NIhYJRJVkgGUe,2.1158342417692313
2eucFttlfFNX5fRD78JBdI,2.1159312464528557
5xNE6bGRS65lxMEBIl6xbT,2.1257826651672254
153rxo1nisvrb9z6bJwFyU,2.127591326710319
3vMrcGW4o35zY6vXjWb1p7,2.1276826816734045
33NRnLR0bKIiTOq9UmaD70,2.1319421383827306
