,04i90Qo67c3MKp9OBtR48I
04i90Qo67c3MKp9OBtR48I,0.0
5KBr0ZdnaEsgzomayUzVy9,1.470350282930978
0FTdrBz10BKS1LI7rXAjFp,1.5456513703178572
02LoOMR6Nv7eqfQKefnDXk,1.5562876653837254
3hCMJXNzBc6vuotESHGqKp,1.6319359056755702
2E2Vuq1cWX6NtKuhcP3IcG,1.647509975255786
39yGuVuxqQk0cqezpj4s7C,1.6551552592967615
1kkbUvmqZiNmWCR9TLd4tO,1.676005415664223
5nYV6DCxjG6Leki1pzgglZ,1.6816873563606565
00AlGnzeNVYmilww5OFUw8,1.6923202935030983
1zPn4tfkWfowVG3ROo1wUY,1.6931350024549783
1zB4vmk8tFRmM9UULNzbLB,1.7108577912978606
3PhbzvTllkq1rkULafc6ns,1.7144219188904384
3LKGi5hi5jPeQLJQSi9N8E,1.729915704229398
5NRyrdfQwwQ3rgSkBtNMcw,1.7372160547033844
2xdlISXeaGfWKE8eBEFyUh,1.7784891598052353
6cgWtastZA9IcX8pw98dPq,1.7810628043056158
4DNqO8l3cfKg0XYMW7ihF7,1.7923932507931915
4ZqfjBkGtkjMb2UWdn5oJ6,1.7941716137737531
0aCEHp1nJBxpIYNewAya1o,1.7970444954675393
5vENpNhFdtArPAJgTAtnla,1.800137109389682
