,04LuGNqUpO3877bRLwvOhE
04LuGNqUpO3877bRLwvOhE,0.0
6crdq33m002ogvjm88xUrk,1.7050860278922004
013AKdJ8Xw3I61kSpwvnEN,1.713734837360179
0gzqZ9d1jIKo9psEIthwXe,1.7278023074492188
6YU2t4IIDqHE0rbCWvEURA,1.735252741306264
1B6lNRCk6yKvqIKfFR7Wvp,1.7445110249982188
6Y0WgnIV9Omd1L0S9Reouj,1.7677883428226133
6maXBs9zUY48m1UNHgTeRC,1.7849985971989681
0JGsOpRH6wCkOVpsz7HD7x,1.8006970184014077
2AZZvIAll2lG6zWApWzCx0,1.8117267800718975
73AdxKbsjrVUzt7q4RVuEN,1.8429158514642108
5eyTC5GZzpzlN7YRO9AoPf,1.862500670896054
34J7pHXlChQTRu44JHWntb,1.8630989876197985
7AMglUoGB4exmIDVzCaJCR,1.8676621200732664
6hkd96xGgvtEJTee8TXv7w,1.8734118070864696
2xalFZmyjleCTdhKPxqzdh,1.874797857205839
7eUVluJU03fnTuCcNC8ITH,1.8751623432179365
4MvZ4VTNpfPSRuW5kd2N1P,1.8828516409957063
4wDSofUnHomqRK8n5GHGai,1.8866988259470938
2cjgdu1MVfnVShIbLp3XvI,1.8966817422971096
5wIXla4rVSXjK4bpi6ZwnH,1.8985997019951864
