,04NKUIFq3fJR98IjZ7SVH0
04NKUIFq3fJR98IjZ7SVH0,0.0
10pyMHPtSeduJiNRFSWvmi,1.8814478890035111
5rKb6l02IplvF9I0sJI9Lj,1.9700780314284903
2b3KgzISdjZVNPJJ1945nw,1.9703030019218255
6NbM4HEjBUPJEqzogEckHb,2.1001803396817986
0nJW01T7XtvILxQgC5J7Wh,2.109654738626601
4FR7fPfbZwNFajVLn4Bg4q,2.1360023384540985
1uqukhK8JUrjBnbxB9KlS2,2.1443282754348134
1uTLL7pFKdJRGGNhv94ZKg,2.1509488150789853
2o6J1olllCx6h6xDeb9Llc,2.155030087997659
3yiPpfiYpqFjoqKq5V5Iez,2.1566491205136127
46aacX7ss3zF8QfOmbEUCH,2.20944119572319
3on4OvHZJMW9kX6hxeavlq,2.2302452715503858
18n4D5yMQFFXy6Gbo879CH,2.2336109904277084
2EmRYeSZNib7IXsOCAKg5p,2.2381903721678267
5H01gqINZoq0R0WBrGDzYZ,2.2427707569048643
2tBByfHUDMmAgyj25yMdv0,2.244956262389422
1UCIrq3uG9b0BhThIiCd3F,2.2504195545546466
0VwSYUon26FltmonOhgOFA,2.2651524607143765
3yapR7DctB2WtbmXkHHviC,2.2654456000782037
5nSaJLvwfxXUTNP7CJFrMY,2.2692603279708616
