,04RhEX12gZhGanoLLe75sM
04RhEX12gZhGanoLLe75sM,0.0
22EHZTTJE7otfnV4nH7O4L,1.9280472118333079
3b8YFN3PcYQfM8q2Jqs7PE,1.9468546442303785
1Ob94QesoxHSBrypyBbdfd,1.9472391079151492
3P19NoMAGg72XG22EOf4zm,1.9519223066574052
7HuBDWi18s4aJM8UFnNheH,2.0050607926007027
4dnwtykvirYJPQOL0OgL6B,2.008048413798851
0Rk28UmIFyVI5quXIl9xJc,2.0372357819305833
7x8SJJ2dw9Bi7ww5a0hdCW,2.0591194435889797
7p6VzsOamJwz8zTNdzSHmL,2.0706359942810013
59t2ksSBPkP7HPFOLfHrAT,2.0708477036379307
5tO6NJy588hF0zgTCXxKkz,2.0759028878209835
3tWtvJCxhMylnyfQ8IBwpf,2.0795795564831563
35o9a4iAfLl5jRmqMX9c1D,2.0875685878373953
4Y7JbqUz5JTkj1WETJgEnE,2.094875204165608
1amE1IohObbqkU9UzV8uFl,2.0986077023496397
6iUlUzSGZzKtlCvQ3wCVZD,2.10424730061706
4giCxIFPZNQIP4bIZM4sqH,2.131487811631607
2xalFZmyjleCTdhKPxqzdh,2.147058157896272
64rAfpuF4fS1IGCnv8qGK5,2.1596287964276297
7ijOvUD7OxGLIEq3fvSRGs,2.161292868184416
