,04S1pkp1VaIqjg8zZqknR5
04S1pkp1VaIqjg8zZqknR5,0.0
7zlF2G7QFPdj9lmmGNVuNq,1.8653299480108652
0fQuzbQNLcD1ofo7B2NcFI,1.9130401685863654
2YFfcJF038SQMtHUwOKO6P,1.9981186908083857
1hyeUTrRd000AXLPDxV4q2,2.0195973238862486
6vZsfjhqfsJonnr2Zd1L37,2.043925400824948
5z6DqwGo29GPPkl6oPBkiv,2.0627359075527116
4cVgV9EQ8rCVs2BCgtjkwa,2.0720561219180986
5ureid9IP0JZBLDFrUXOxr,2.0957592185934093
4m4PeMnGpkdM2ohko5dgKN,2.0976167180737972
6JnwERwByVly3zUMowba8f,2.112167790150973
0IvtCAGXM5FD1v6Bkb5XzD,2.1121791227780533
6F18ZWknjidRGotCPw2vOe,2.1126648838852584
0AWkVcqEUSOeN8xbyHTUf0,2.1214318004702974
0BP2o4rGe7nkQea1JOWMbl,2.1229101129566934
3vaEUJwqNMJHuNJEeW3DGc,2.12428926196149
7p6VzsOamJwz8zTNdzSHmL,2.1381570907351066
4t6dqSAxE5osx8Mfxa0Quz,2.139264067898628
7jJH8F3PHlNvxfqEAAfFDl,2.1394302717842306
1GD6T0kyOgnv1fk1Wg5lOX,2.1399178216342687
2d6dhdNVmJjrcVhSzQaYRt,2.14110179154293
