,04Sb5h6CEEG4slufyOTj8r
04Sb5h6CEEG4slufyOTj8r,0.0
7wRQFEIEpRsO3ULL0XGezV,1.5860595755960514
2RnlcUG66KojoICSo67Nb8,1.7009037715046333
3lxB1GaYdngwmrM0MBXF1C,1.740851584075974
4obcumgYmPElDTZNWzvLTs,1.80486078753564
45n7uujqwmMyBMjBu9SwRu,1.816829617100598
6AevYDd63Dt1A1IIbNwxfP,1.890626601809657
441PuwSMVzyPCAyhWmzigf,1.9053430876766997
6kK1tvN0YOoUnRFM1NSjsL,1.9271895201173794
41UzTk48QloB2cZ4M0yNHm,1.9288262537469762
1aJ992GNSBWLKobxGsXK8S,1.9308583857356874
7rJHhQUzbMz7lwLcYmzC0x,1.9473834448923775
1GsUlQy2BThPsiJeH5XMjo,1.948895795806397
4prEPl61C8qZpeo3IkYSMl,1.9518751651079935
7kmjqGms2l2ZLGxFGNfCEq,1.9681123716199138
3IHpL4jl0jL4oUepeidOpY,1.9704733004825492
6T0dHDN1lPn5jamdHlWypt,1.9724894271777993
18WwAEJsCIh7P8TSsO4lqi,1.9785359452903837
28NY58LMKsnZHwYFTgCkN0,1.9785359452903837
1yujmT64VJM0k7pceaLIC8,1.979901954191475
6W3611YU4ZF5Lsw2GDZbjx,1.9801752543119668
