,04sN26COy28wTXYj3dMoiZ
04sN26COy28wTXYj3dMoiZ,0.0
7vzsz8qe2T5ubnu08xPsMU,2.1373576076310954
4VPXFi4vFTtS9wHe6oMQaT,2.2417367893182716
0JjJGeUbFqCRe4nKNVCAz9,2.279883730765711
4io2VXWG4fmIpsjKXWALzB,2.291446096056498
0qksx8mV28lztYIZ1om8ml,2.293947762114695
5g6FCPU1r3C88vUsFtat16,2.3097526576742635
0hC6Xzj5byd9TD3p5gClkC,2.3275105298633685
0EfsDEYaSjGYd66Pr881nq,2.3430057457917868
3aqd5ZizbDDc8BCTX7bfLY,2.349555239711066
7awIRQWUYYcEKMXykye1MC,2.356515231638782
7brQHA2CgQpcMBiOlfiXYb,2.3617584590340996
2sRCL7XSiyN29CX9fIefq5,2.3691899263745526
5GyzufKhA3l89fhW9zB48t,2.388283931177571
0UW3PzFqmfDW3sAqLwC8PY,2.3914580790569366
4BzEyisyti5oy7fypZt1Mr,2.3947109143001035
3AZAEuBA6XcDBN2OhoiIkd,2.3966121983777176
4Y46EWgFZylXgqGfEBUEt1,2.397540678548621
79R98MwYRcQZdAzjjzUbiX,2.408337644449573
4nAXbUb7LDQimB3vhImSgj,2.4091137984249906
0430PIZJLy3Oo691nMeUH0,2.4121602977111127
