,04SRdirS3rlXlkLbnHdkvn
04SRdirS3rlXlkLbnHdkvn,0.0
4FTMSee1dKTzT0zmbyXRAz,2.130113687857929
76beKNlzoz2yAxHSawgU5f,2.2076732857128554
2z1D4PqjWYEsXeXxE6euQ2,2.2115349834259646
3IkWmgGsXbsafrunwPojXO,2.2343867756336966
0QnQZOelJIQEWC9Tt7syOf,2.285168352987036
1WtmYmcM3i2irFQrJKoH8q,2.3295520456896877
4dvvZ6EuXQ1N1J79wCu6aL,2.384039310019984
1KkPY76tgPzEnL8hdqTiIu,2.3945112222224867
0jRgFcR4BExaHqi8SIg98X,2.395994974545476
2LjmbI7LJt0RDg612cBi7U,2.4052525613191453
26ZzSLUJMmYp5u1hDELEWH,2.4067582680700137
5q6Ue2SuMhMBxFPDP2VWXm,2.4124103276552558
4zHN0Q70od1ObOyDxVGTPa,2.420132051208524
0uqMUcdMvQtNQLO4jVockW,2.421486946537683
2UMiwpFmpG3bI1dj55Il2n,2.4235721873901217
2Z79NPKozD0PEFgwywrWjt,2.434756803750484
2C7Wlp5RBywogf1HghaExt,2.4414538920115194
1fxBWsodffWuabuKkXrSXR,2.4524327444327882
4cHwWv9bdPFKH0mQa87LPB,2.45416000855859
75pOOR8GRCA5vTNglnJGsH,2.462838224760266
