,04YHGXykqc00vkAeu1t7Gd
04YHGXykqc00vkAeu1t7Gd,0.0
6QUngYwZ65et2ye7Bj85EK,1.9076110584322408
2M7fA5L6zH9oxq53WsaYB4,1.959565839870546
6QdnKD1zwEgyOWtkrdzlOF,1.981689227997789
0XcLiStVVOAiZ5a3cBtEqv,2.0076809061588783
6KfZLbHhQ2qwG8H5lIYqUH,2.0094662433569965
7ilAiDbhLaROEx9G9ecjPK,2.0668068356152256
3Ymr7QiCcj0bn0K0fWfrfD,2.077892538352305
4OEKDOXGcMuiUs9zei5HLm,2.0907468893352075
4vZrZRKsQgQFfVlEdARysl,2.105379486936062
4flXBilJBD7bqTdhctouvo,2.1204039434165716
79R98MwYRcQZdAzjjzUbiX,2.120629605180302
0JjJGeUbFqCRe4nKNVCAz9,2.123848120257775
5waH4K1bmTMlikre01uqKi,2.126220461264355
4uTvPEr01pjTbZgl7jcKBD,2.138656463070778
3LIGS2KScSoi6O7XT0NQRv,2.147168358425214
4JXXyXK12F0LGuYyxI1DGv,2.147552256341449
41zXlQxzTi6cGAjpOXyLYH,2.15061727728866
1pHELafx5XouPAJDU0YHMX,2.160514979813235
6ctEsuQJsDltdB2PebWXaS,2.161317775769633
7HZx6xnAjZjKpbFn9AcmQA,2.168016700327746
