,04Zd8p9whNyRQWuhX76CmL
04Zd8p9whNyRQWuhX76CmL,0.0
7bFw8QIrsnzggdeVhOq7gh,1.9037124376356358
3eXvL5VKFNHVZVTPiovnsy,2.016813601778967
1IaYWv32nFFMdljBIjMY5T,2.0177056757892373
2c2csx4OTYtbkzvbSTXlGY,2.039709100137032
7a4mTLsXkBfRrakiKQVCTQ,2.0492866225029736
3Mqv1LywTrUu97DPGT1ezm,2.0500415716672538
6n1x3DYFDpRau83XsI32NU,2.0528906244314293
4VU5AFuuSaez5Nt7vTPlHH,2.063468263276374
4amWrWgHzevTvWEPQY9Ujn,2.0638372506344553
6CuFNqgHYbHenYaT4u3C5r,2.065161120210227
1uqukhK8JUrjBnbxB9KlS2,2.0702438777135597
2azNFMUG0aoYYdpknXZEV8,2.085535712209364
3VRU7TSes3mBzp749xDU3V,2.0931423731389005
147ximWPJObFNQ4M1AhFox,2.0972584362084055
6AYKgDgkBsMDxNFSRecPt4,2.1071574098068018
6y0tDMrNysXshULtc6a5tS,2.1095583515106933
7sOPDFnqYr3zlhAOEjELsr,2.120099841825657
0jnSjyof5ZrQCBsashHnma,2.120602376758665
1pJQAHpD51J7GYaFrrFO9S,2.1210318930763625
4oFtLSgHyZPNYDCcANhTnO,2.12214706259649
