,051NZ3rr3HXTULCEySJRX3
051NZ3rr3HXTULCEySJRX3,0.0
7wC5eZcFS1Q1BsQ35DU6H4,1.6442005197762586
0mWOTzJrubMCI1sskQ3YoF,1.6981251283903895
2M7fA5L6zH9oxq53WsaYB4,1.7987409811658326
7sPbp28sThpD4opAhQsMTx,1.8165089163428605
78P2cNBhbdjXWIRYuEXkV6,1.8305138845065851
3eXvL5VKFNHVZVTPiovnsy,1.8319422352926171
6J9OWimIY9mZ9Bsz6HIh9I,1.8396452551622537
1P17dC1amhFzptugyAO7Il,1.8405375884113682
25ijzWHxJdxBYvRg8LhfR7,1.849921790034655
6CQnMebNgdhuAkIkEBpHUK,1.8514017015802984
4ePsYEI4wSp2Offhuw8RmR,1.8522653267842895
20wGJfKlqWIwo6ee3oGzyL,1.8588904980750964
3EwQuOcTRtLRgcYPwGnLM9,1.8675576930501452
5slYHr8Bwh2uLYAm9dJmiF,1.8757462351659757
5GjXMhZsT6cdfRB7nurGu2,1.876675914067105
7lriEP4hVzkqlHXmKRTnhR,1.8775266164576414
2gH5JHtHrdbDMH9OK0WC9r,1.8882714703523602
7bg7YfErUZJ2eyYzNVEti1,1.8899869539309244
4SHBXMDT21gYu1yP5zZyGt,1.8971605018932236
2u0CelO5c81XS7z3dGpHbS,1.8991961219193163
