,0526DaOuV7mRlPKxhMSJKw
0526DaOuV7mRlPKxhMSJKw,0.0
1x6jHJGczTBitBy06hIWgx,1.8152259901382912
6FvuRQPkZTwDxT1yIS3NJ5,1.9399398522691849
3N1bQ9rnwVXIKClKx6vcpG,2.081465035295411
3yapR7DctB2WtbmXkHHviC,2.0951825918657816
4ogTBV5SVvA6SKGgijXW2L,2.100941012619329
2zkeX5omL0jDYrMz5A2bgL,2.102244272207705
1PGrlexMIHKwInhS6eH08H,2.12127585867018
1nGoy0cEj0extAwXYNYTWd,2.1402053190021206
2AGUFka8kBWCM47h5uTlDb,2.1451531137089592
6GDptMjPjrOA71ZrDVYXQt,2.154842678737148
6ZteyQuqj7eC02D0pOEkWp,2.1557341614014565
0CaHZUniQtDRZleX6XK9p7,2.158382273570056
0q7LGcVSpsIoSbjChtZ8lI,2.1744871036632616
0KZuclyLol5tHbst9sNFnk,2.1763614645918454
5NFYuqu8V6QXc6mzcLImd6,2.190311339992181
24z528iI9kZu5LbkLainjI,2.1951516544793495
2KLRTMNwO9So42zXeZ3rSm,2.1961104795800375
4h90qkbnW1Qq6pBhoPvwko,2.1996162186722863
1vVNlXi8gf8tZ7OhnEs4VE,2.2029776794758207
6F3rYwNy7BKq6HzKWpedON,2.2054393895125655
