,055Fkd7sEbfGTgb2i4lv0M
055Fkd7sEbfGTgb2i4lv0M,0.0
7cARBnCdocLA8MgXybqjk6,1.9634583109487875
6CGf2aPvKj7497cZ6JMmGT,1.9887735054998361
18P9FFTRXFzHdAzAphl7sy,2.0656301402866157
6HojDglE8E3EA7SbTLE8VF,2.0663404404939585
2m9H4KAw9CFHqtdusL0lUA,2.0779406469346937
19RemqbBlqzF18hl6J2NSI,2.078665902773022
0Sl8C9oeS3b5Kv9bSvTPDr,2.080088021544608
2SeSSX9VmBZ00pMZp128BJ,2.080829196826741
44kgtDJyAFv4Z01z7bIxco,2.094812156815541
42JgHvkBiAc5ivo0gvVRvQ,2.096687375548624
2BniDynN7V0UPa017P8Etn,2.1140093571002714
0UAB340gAcSMk3r0a8PTag,2.116565306138717
5XLOSBYkeqeoXmO3vWjyxi,2.12007917831748
5aJMSANPM6vWFPOuyk9z6e,2.12173278462725
7wdLZdLzaYCkUvxkPhFP4Q,2.1226858067002943
0KIUaokUSznZ7FqIYsk0Nx,2.1341533739562566
55qBw1900pZKfXJ6Q9A2Lc,2.1410476099007987
484KQdbTKCDhFFLh9WNYca,2.145728354000302
31VOknKjFrEX47bZXzqcoF,2.1466318201010033
74sb4Gib0cL3TQeCjYF8vh,2.1531970308292103
