,057ypklnOqBrEDieHTabSp
057ypklnOqBrEDieHTabSp,0.0
7q3XgzBhaORvTPa5wKv0OO,2.272290213224562
5q6Ue2SuMhMBxFPDP2VWXm,2.318245215718547
1WtmYmcM3i2irFQrJKoH8q,2.4077968109116004
2Knlcf82LF6hp6Bf0gldtN,2.4249667313553065
4wh0E9OwMCxcaIKTg0Mts9,2.4535131090037106
6gNirx6Z1I2gtIZ3o9CaNP,2.4545203112118696
7uJ3rLWgDo6m7oU8PkI5qV,2.456312456851838
3ezXUoRmedc7AP3t8VrE3s,2.471485763183883
0uqMUcdMvQtNQLO4jVockW,2.4844643467340366
0Tn997k4OPDZaT96R1MR8r,2.4882427038616934
78i0joKG9JwJDqtxcQOPXE,2.4902027621488645
4i3gE0lNiRe5lL3ALLWkNj,2.495649713985451
5RYTpsSI7op7UZznXWqhIP,2.5079128130386636
1mg3V1zLDTU4XswEQ7B3hR,2.5096527729305675
18VgMSFGi88xwuHtvCLZKM,2.5119676317388606
762XtfSngZMZfjtrbmS2RE,2.5122817848567496
5hHTWmNkNUYjxwudAWnu8a,2.5171759909954807
20MsV3Lg7ho9t0hOn5femD,2.524344469551009
62A7y2i3IY5Cako4cSoaVw,2.5254170198191916
3N11JaPyHtGnfGGcUM6U3M,2.530427240055658
