,05aOhqraGCEElAG5vvAtN5
05aOhqraGCEElAG5vvAtN5,0.0
7wMPExYjxfDzu4SWDUt7dQ,1.7940387072055408
619A7U0RtsSEvqJeJdazJ3,1.8295457778044124
70aS0jAJszShUpwp0Mq6cB,1.833293540997131
7qtxpp3xkyRQ9nUhuNh1kn,1.864646824553154
2mSrVZsSKn2Ye5f0YuAbMh,1.8813199589364504
4xfxXu0mawk9JfkOLsISAu,1.9054994591136103
7IByJvSqRFltGyiiIiL4wn,1.910728014600495
54f6CrZ64NPQKW9Zf6j7Mt,1.9131520219590838
5HtF9xhj0688WZq5neINTb,1.9414567570429995
2XzAcJx3qBDnS1hD2vNwbh,1.9507289548558344
3bzf0pu3BxYH1fy87AkwQL,1.9567276992504072
2kXL6Pv3Ozv6hCsToE84SU,1.968148722167573
7we1R3muLWAk9oMcw5Ry0W,1.9689957188445957
6PsCn7ylW1DW5cgIYTtEP5,1.9874725067396921
24idLuOJlzoYIfqRXikdjE,1.9975873024474955
5Vy8PKv7gS5WDR1EUuk0Bf,2.0096288135333533
7CiEBRYU9Yv6MD1TPZQpWj,2.010445899807152
7ipG7hBDxdtoJqWnXSHFoe,2.015878582156461
7lJvEcWGGLBgQbJIGxfUa5,2.026672313625894
4OGL8HVf0HJRUo3pUtxjEd,2.027631299051395
