,05Ez6KwjICkscWQVTsT3f5
05Ez6KwjICkscWQVTsT3f5,0.0
6bOT2U1OXgAlPRPRGLEbDM,1.8911568288854874
6Lnn71AwH0uzSocADOF8ei,1.9129918455173702
75GGj5LsU7t5JqVBl95v8x,1.9200106873564884
7AMglUoGB4exmIDVzCaJCR,1.928558699846365
1MCxRhz0Pr06bH03br8oOb,1.9382284395188778
34J7pHXlChQTRu44JHWntb,1.9582190154263495
3vaEUJwqNMJHuNJEeW3DGc,2.039949532550775
3I7OmVsk4Hm5LBbs2GmhlD,2.0570348952278827
2yNIsNIIfH75Jd7CmgaDjE,2.0685356755089357
66hkKBOzU29h6OqaROxnsj,2.070039637635079
77cfHbRoHkHelQFWODXlVr,2.0885302659456912
04hf4vWXR2ObRoxz9FR4a4,2.090991722933194
32lWdB8XvaCDjKn0yBSkzR,2.104260545047195
4163s5AIcfezLq6kpncyvB,2.1092369983940116
7qSeh2DAHZZ3V4fjnt0EeP,2.110720399151068
0BP2o4rGe7nkQea1JOWMbl,2.112227512307521
5xNE6bGRS65lxMEBIl6xbT,2.118313794716163
3wrnJybBLw5qXeDCV9Bk9i,2.1243196606206856
0wXAIarGKYUorLwp95FRcG,2.1247771231322177
6AhlUyXpCsQgaXMOnWYQbo,2.1254569116036333
