,05fmLn8tNYb3ijIH2jCLPb
05fmLn8tNYb3ijIH2jCLPb,0.0
4wIaGRRX7ZYZcBlk0fCKSl,2.002082239234173
5VzeI5JM2y9t21JwrWAnkH,2.1045375045083214
2SoQaB0BbvLeG9kAKolPX3,2.110835170668354
3Pxz6hZXhcSFOOSR6N5yKE,2.121891305499152
1DKtFKF7pGWWnEvzUBDKx4,2.146364858762034
4K9xSSAsjDeMM4IGU61wSu,2.148680356053542
7vmC4xb1DwApE3ZmWRpWO7,2.152130984464098
1cDRpJiJa94Voj0Ayc9iGJ,2.1859739143524544
4VDbibQjEBIK74HRVTxO07,2.1918341506797154
7sT621Iv8V6bMv6Z5B16PO,2.196759998805807
5Z9ocF6ng0m2haHnKtHwTp,2.1968742157380223
6rFEVI8GSrjXBHx73Kllwz,2.208531943961862
43A8FeaAetF2Imc28DX29I,2.2179569388601026
3kfHdr2sYF2EeWEmBHquVj,2.220565046081215
5qEsQiKndh4h3d16LiZs5x,2.2217841912736978
42dbDZX9bsEGqMZWYmnR7J,2.2270044777932254
6J8SONJwAIizCJm0QhEi4Y,2.2383091499475527
6qNALlmZa1ESnCxJmXE1K9,2.2458545764163613
1lVxqyb7ClAP1IjeE50XD8,2.2581996143633236
5gW3kI83886nVV9apaFLWu,2.264725044675648
