,05J4IcSfe39LkCTp2jv5bx
05J4IcSfe39LkCTp2jv5bx,0.0
6OXt9aSIr4DSxSR3Qjrtgp,2.0091320787830296
2Rfqmai5wESjBpmj9SP7cs,2.1224338245410603
3qOVK0abjrocSWh92wOHmE,2.132055102777249
5S412rtmOI9jYAgfUKJfUh,2.1571156918623204
2g1gGLPJrz9QAaEZLdppYL,2.2513589717829805
23RcjIPn27V6oXrq2wymFf,2.2596925812575104
34vTFoYaYFJ6HRXoONcbdT,2.2701235656642393
5logHH44EcOmV27bZqrhyO,2.2879910953412312
65pZjDk7pPnb10JO1ummV3,2.2967572785761345
5ZxIQNPTQmxsgjBdf1ZmmQ,2.306300193022738
5voU7QFyI9iXw3PZILBbyh,2.3156610212323283
5OiaAaIMYlCZONyDBxqk4G,2.3198976861055116
6yiVB1W23Fd7bWe0sHhvD8,2.3283080260706663
35Cnya2fnkz4MBP9LaQLLg,2.329325943424504
5zcu1QREYJ441DpqTFB9Ik,2.342464951284297
5BXg13zwPCtGMxBHLqU8fi,2.3433691432538963
0VRxqpFICUHJKuWx9sQrm6,2.3459761365247136
3klDKws1sU7Th1htqC5iDO,2.348510583456347
7FzDV525bb2RtAGwjGYqwD,2.357332105653137
5CsBLUEkwVGCscVczSlF6w,2.3611560074423172
