,05K6mBOOLG3T29PT2QFqrA
05K6mBOOLG3T29PT2QFqrA,0.0
5K7RDuh2JihPUScuOB76Sq,2.1439857234337407
2LuWYa6cXmNTctYITm0cUv,2.181546522261617
7pM3L8Y9Jr1P5OpDOuYklm,2.2161598390228257
0AOvD8LrdeDVDaLzSB7YsM,2.276423674501959
6ebOVdkIO3G7XLWQUlKCyc,2.2778488663554084
1C5d9wDf7QL2iw80Gwfmle,2.2811958174874314
7wG1H4LEtWYhY2eueCwPhn,2.2986964490742623
3lp9ykWetDT0QVEXKVcCa3,2.300079683536151
3Y3nRbS2YvT8LsYxvDylny,2.3045585664257247
3tKCYhzgnMEExDtetcZknP,2.30557900988559
5QcXv2olyooZY0D5V1xzhU,2.3081934035859217
6D17ZfWe6kCi2BS563dMc7,2.3300004068366063
0zOn9umVAP1HwtWAbApuFB,2.3343870221000667
3IiMnjK7S2PlsPVMuAH7rU,2.347038088473056
2X0oCaxq3s9YqswHWSiass,2.357203339118588
1flePT1IUUCHLqXZdUKCtQ,2.3577358396854664
3QUtbFgjjnAHTtLup31xVa,2.372402624216509
5nkiJ6zXMOoOWu5hLCSIOo,2.375876871584433
2W38WksrVoQuTWSS98EhEg,2.3800019464274946
3AXoBagRfCVOLokemf3xNu,2.3808144889825806
