,05KizhJc5qATFI2D7SauJ5
05KizhJc5qATFI2D7SauJ5,0.0
5sxW4Zl1kdGovuOxvNV9M3,0.9730720498781004
1LwVrOwwPJPU5lVuQDPnGA,1.0225987060528783
68pL3hokJXKJ1vJSaEhKr7,1.0228320300828173
54LtbNBZs6menkcq9tVuUt,1.0550901925164793
4LCtMu7AcHqynV8kETB0av,1.0658457732894935
1uI5OBcMXhlBmC7j3xoelo,1.14330118010044
1V3BpCUSyBt9PDZ309652A,1.17452337612578
6GvXJZ8EQuUWzthpPFLr6f,1.1795582576728925
1Z9Mi4vyozlHZcY5TrjTQ6,1.1796257377890345
5lByoyTJti3jYo22bLQKOH,1.18516222926008
7qPK7huRsW7uBsQFTLWZk8,1.1922742603685366
2ItOye9eFl7sSbtdzj6qBs,1.1937564247069299
6S5id3qcbr9S37IiJjv8Yv,1.1965950466396953
0gsDBm94QELEJAcGS59f1b,1.1968891301877609
70lsg6dhiEapltkE7ZfDLw,1.1971490081290506
2ieEE7mA0H69hHbFvdgP4s,1.2093935478946083
6ho0GyrWZN3mhi9zVRW7xi,1.211738252138132
7byPltNWf5xY6T9vLqsJM6,1.2157157666432794
5fR0ckQ27WmaJRL7YoPRwj,1.2274475792049104
3b8pnI9HnU2t4mDP5tBqoD,1.2314460930074544
