,05oQcsemSceEUSYomWja0g
05oQcsemSceEUSYomWja0g,0.0
6CgQvuU2UYBDrPJxWbgUHE,1.5363874722178728
41GKe1Q2JojWTcCflcZLzA,1.5480966074406006
5m4X2HQ0eiviwuKPoREanT,1.619265868988346
5AOVMgO0kIIhmybU53gAvX,1.6619426320158175
6ev1T5AZx6aNHzeZBDWUqp,1.6685553896840823
6jIeGEoTMWBKHkV07dYKQB,1.688521226946162
0lG9rPW5MAbylYqdNHowjr,1.6905550487793564
4Cnc3trziDrp6BNcvxhhEP,1.697058978893816
48Vnh5ykmz4ZDJu2OBO726,1.7358815631129014
3VMXthb167x6pQOQe42m6f,1.7483550914155552
7iJrChWegPl7ZkQv72qmL5,1.7507192451815639
3YNYZ3juAEXAxxOafHxUOP,1.7614911402894613
5NtOAfnwkKo7eAGq7Uap3J,1.7710231942571684
5907RolIvQRI8qO05KqB6Q,1.7730446859336844
5R7HS6JmnK8WWjxHaAU4Q8,1.7790164678814777
7bgXapbWSLtcehI95EOn2c,1.7803721645889772
144HGC0924VNvw9jxGZ7zI,1.7809040263538327
5KntTbJ6akL6SWeUHsx7bd,1.7864845855553175
3ZhMxNCJcoYBj2wrO4VU3l,1.7888678858745837
7scmyTl2lX0LtulqYYoZxQ,1.7920687178347763
