,05Plk5ItbCmcVc7m6nKIgy
05Plk5ItbCmcVc7m6nKIgy,0.0
7Il1o2thIFBlcA5l7nrhUA,2.3318003587203324
4SGAlTbZ5Y6GeNuRGWW6KV,2.357137397883614
1fXKWTngt7bTPo8eZ811ts,2.4404967211493043
65k0neADpfqCpec7EGaMZm,2.4435038926087325
1ZsNO4HNET792LKPwvFX0w,2.5000604110592533
6nxQdXa1uAL0rY72wPZu89,2.548017054181227
29T95hTzuXzINWRXkskQrh,2.5504621360112583
4WMLLrgrDyjyoMinuvnxsm,2.617474715671527
4xFfDqhvO8Xkl60MmlvzaC,2.6193567607456023
7vzsz8qe2T5ubnu08xPsMU,2.6270899712445326
6ss2vUwrV64xAVE4fXZMIh,2.632710884992362
5t5heF9Z533SG1j2KpV5Ys,2.6462054314889927
1JcjOWpaQr2crUaJj2kRYQ,2.657391901311522
15Nn5EEGQqlptGwiB2NVYV,2.6613528078198057
2hloaUoRonYssMuqLCBLTX,2.672775735871945
1GlvVIPOzbZyHIDaFF8eIc,2.6821093542463963
5QtrSGPVrQI4f6SrxfdmVP,2.712422274671869
2SoQaB0BbvLeG9kAKolPX3,2.7144933879939956
2OxPUC1OChzaNY15VKbwHz,2.7215975182872936
0M6J7vzem3eQraXAlcsofq,2.7451399920067683
