,05Q5sFIYy6KC887fLw9p1y
05Q5sFIYy6KC887fLw9p1y,0.0
20F0eLQPAPJGiHNoUZyQ6D,1.7034431302278947
3KR7OrTW5huABPJNOR1mFY,1.7073502662341749
2k9VkRK3xRW1THgajCC7Yt,1.7739610586170251
4wVA1OlDoVKILzGmAJMSH4,1.7766697848873847
3V0ak0F8fLXmp3hYAEQKZH,1.7973059068965724
5OJ5utPWQbBRmGOZ6HpxgO,1.8185648888401753
50PzsFjhABlOUVBj87bQhx,1.8499299379975618
3w2EcqTv1q0LI7sPbVHGeh,1.8550578131790991
0HVzIz7N0OMXQ5sSxpbeu3,1.86631715181966
21b1ughSU8M3lAgWQ3paSy,1.8674709248562331
6fCpKWMazRt4PHeqTBR9O6,1.8883577209584905
2BqfIlpahcebJPeu1IUTEo,1.9005158351542342
0jhxxEBzlvuDqAqV9i9Iuc,1.9060954014843552
2sGHMN1O8lI7HLUcavRvzW,1.9126798430647136
4n7XIt64KNrCeNgSzumGJC,1.9144544721281127
44n8ReJXTulnTpSiDg3whQ,1.9224754231041286
757tJVvkzzxSIhKWVWH73u,1.923845706289699
3h6REaoQnSAn0tQleNo3Qp,1.930111815495634
1pJQAHpD51J7GYaFrrFO9S,1.9362007802771128
5AOVMgO0kIIhmybU53gAvX,1.9383074845332078
