,05SBRd4fXgn8FX7bf8BCAE
05SBRd4fXgn8FX7bf8BCAE,0.0
7nu964CPIkPR8SZ2KXZt71,2.0078916435721514
5uDAe0oxLztePlsZNL1CZu,2.770054022265865
1Cq23W4ZxHTY8QbP40qjEc,2.9013306212335057
2ZQZFhXdU0uFlwkK5StCgA,2.961959560536325
4ZLu2I0cwI4Hp7jnvg4eIR,2.9679776959880253
27jnNdWxyRBabc3c4ZBtG2,2.971014313198421
7DG6lGfy2W2bMstHlXTMSu,3.0101977693334256
4ac8pAEa7a4jxc1aebXssW,3.0393225084458404
0AxlBZL93xkzzD2ZCTWUmo,3.040997232440841
1ZT0kymV7ppwfasZzgPNtm,3.0465795482714277
4fZscNFYKoPIDHrgXxdacR,3.0490161505472355
3s9jQRTJehn1nCm3OUtrhy,3.05729548151032
59WSkoYhv5uxsW9HjMOx0z,3.07871130489417
4QeqcrhcEbnKr31j2aKVRK,3.0863601577844104
3KwPVBJYHbdZIIkVgzq1fL,3.0902772502096174
75Mdxidet9XgTS9KDZxLOV,3.09426968838897
1LkY3MoBArHfIZdLOqjQRj,3.094981537943438
6uaFaOKdBXezocx5Tp680B,3.137132322359878
5wqzDLa8tjJPqWU3y3wMcq,3.1436708717217563
4aRMykKzbuMwserVOqUuVg,3.145057642175373
