,05utbaKJsy1gWTD8bV5N0h
05utbaKJsy1gWTD8bV5N0h,0.0
5QcvY5Q4PVIdbhJpTFojo9,1.8065495485887189
0aLJRIFLFZ0Tjr8XZb2uMX,1.8605251825703624
3PkpUPwXOni0QgO3C95iY3,1.872114288499305
3scmbeDBz5pzvYby4NW0LM,1.9516027583879176
67Bzf8n42MXKB6D5qvWDaX,1.9576866930569228
0sXvjZV7p4uvyPN4uQo3FH,1.9673640858612471
2zihNBdBZTUhIz2t3FShqP,1.9693969924040515
2HwqshjCe5Tuvq2s6Fx3K5,1.9742772954561276
5lsd7n03AsvODMfXlu57w7,1.9761399325901663
5nSaJLvwfxXUTNP7CJFrMY,1.9989855246500563
6wVWJl64yoTzU27EI8ep20,2.000275390836326
0zoWR9ChfiAMb1MMFOFW7J,2.022689270562597
2SyNOQgdmhlXbyfPPiEq0r,2.0252618834336236
7CiEBRYU9Yv6MD1TPZQpWj,2.0268466432681
2QCJcmHByVdv7d5MrGPV63,2.0272284128335976
4qAHuJq5T4Q97EQZG47H0P,2.0288386020386553
5H01gqINZoq0R0WBrGDzYZ,2.037228921682403
6vL8wJJULHS6EPrAOUZbID,2.045818397957804
2AVKdkpd51Kn2otAkICBWJ,2.0487290924985646
1svYMSz80gziJXs8p0LNjh,2.055913425377456
