,05y2r7ivSXSExhmoePOuUY
05y2r7ivSXSExhmoePOuUY,0.0
7wG1H4LEtWYhY2eueCwPhn,1.6275595321587268
5imShWWzwqfAJ9gXFpGAQh,1.6685994166689933
2Ll44WxlG2eiqL6NtEnf8M,1.6890335229384794
0EkE0ripJ9OFNzvZANzo5C,1.7630836719762955
2zpdPPsPJYGQ9VYRVJXfv9,1.7874708730018807
0zoWR9ChfiAMb1MMFOFW7J,1.8209680607835674
507CAAcWLHC4m6uGLK8ct1,1.834620211710424
7jwDuO7UZvWs77KNj9HbvF,1.870603090506724
7ekZl2me2Fjn6ywN16cvFK,1.872224800845669
7BuhA9fkLwPUvT1LnXADaJ,1.878207083243837
16rxxuJZ8tGIR0wAEwsNcu,1.8814988124760539
4Oy3u2lneRLMgY69IKrbN3,1.8985722839653074
1RVuCKkpjqLMtp87MJh6i0,1.9038575349243794
2xFqpAcHkREOtEc9fDAeaQ,1.9101815102605892
3uOiDEvNLe5bPPkkHi2vRD,1.9207444447605408
0RfJWyCIgAVmDmke9UENtz,1.925853159077992
7bSw4fKPbUtAYJibGdGfVC,1.9405989089729363
6SLmYVVXaQy3l0xocyI1Vv,1.9422171173950087
3XSlmbE5o5ze6daahuwS6F,1.9499246155739898
7m2Xv9FwBdLxD4mcaJPQZI,1.9538396163191798
