,05ysmI6jXcCYLNPCOu9vnQ
05ysmI6jXcCYLNPCOu9vnQ,0.0
4tAqWkqjX9bRSUpNcYviVf,2.0587614092716247
7rwOai4X9GjSJONKqcrNF1,2.100303140549264
4YaNLEPw3MrIgkGOkBrAh2,2.1527514600333775
0viYjDDmk8SJgOD73Mk5sp,2.162015035308011
6SDlbkElf9W5E3nOuQeH2X,2.188924933240318
6vZsfjhqfsJonnr2Zd1L37,2.190931769395441
70K0ezmzYEZeqoSaZMyP7o,2.209259362678864
7HZx6xnAjZjKpbFn9AcmQA,2.2206939588737535
1vkXc8Tz3dZGNZoU2WF3la,2.233786163674335
4DWFSrNnZXow1aB96gByho,2.2431045729582055
5QXCDigv2k0W4idywIy4oc,2.2464540089402165
4Kaxx66gshAgVCPyRzLfFo,2.2491502983149188
7sPbp28sThpD4opAhQsMTx,2.2501726667375475
606ZDAzIu50u5g3G5qBUfI,2.253001771562335
4wefmsjMit9HS6u51WbvQU,2.2649991711356106
3MJYHwhJIA99vVSjBtg16j,2.2723198651957595
5EnW3IMWIYJMefe8vyp4vL,2.27577579960408
4ld9QYEpwDD3m8gGfUn19Z,2.289487112490258
5cF0dROlMOK5uNZtivgu50,2.292685647184246
4L5LjT0biiYbws1yWsMrZg,2.2952605111299618
