,05zMBBrA6nfNKgIHr39Qag
05zMBBrA6nfNKgIHr39Qag,0.0
5DjqMJjTimzQedYq6Bn8Q0,1.040175390099181
77cQ9vGtmiaDLbHS5jHNJp,1.0681639872661204
2rsswxxShjBqoEj7dbr4Sb,1.0694005611806214
0sN7vBHIF1DiOVfrFpUjjt,1.1100730375208618
7mVj1R3omIBoyFaMDV0fG4,1.1138810442933098
7F7dEeP4nxS1P4q4WboTog,1.1445505435760799
0ak19JnF6mxmCD9ExJcPXq,1.1511021676249413
3OtBNsrcrbzVuEtrJ5F1gI,1.1511228813509482
0XCKqo9aY8M6UBSK6YeYGV,1.1639419314391999
7lBdVvMRCJJseReMfYmnn3,1.1671422751014415
3loQAf6FXFO8aOSf9L6hhi,1.1679085545095254
7zJYcHUkQ8acslramupHgv,1.1748707611172913
2Hs2GfrIgUtUkoOapXQWIu,1.175667279861877
5l1WXQ7UZ6SwXoPvvG7fPc,1.179523392794056
5LudsNWmB3LFwx4YMHWysA,1.2003221063467708
4PY3mBItnv6YzN66Sq3Ci4,1.203522848316368
0uV5lCaTMaJ7eAFr6LlITy,1.220832576491559
2Ok4AZWlxep9lNoB7F8uf7,1.2213397871312663
1jDRuj1WTn6HeAdWx0No7T,1.2216988072273665
3nkGF86S0wfh4Qk2yeb0Sw,1.2224189149774323
