,065A351KSiExHB16Xca4L0
065A351KSiExHB16Xca4L0,0.0
39KG4kom3enSx4GTThuDGt,1.7110320697083043
08r5ou7k9ZaLiHN8TX5RWo,1.7369308189363752
2GRgygMJR0yy2LFgN0O4cH,1.797636310730574
15k2nBQJ0teDmPZHrOXL2N,1.8336950631162674
4gOGptaP8SWbSLRpI18AOO,1.836516669876003
7bL5KxVFnA95ROQcmqPZAJ,1.847724696296616
54qWQEwZKPVQ1j7dg14RFX,1.8698314208116056
6npWWhIMwgd3zEPApjjDCl,1.8889226740956955
4ePsYEI4wSp2Offhuw8RmR,1.8993965336283247
0jtTK6XjYj2L3Ge6jyK2sr,1.9112811280162119
1r1Y2hq7wMKe0CRYRkdWFw,1.919310392171181
3FYWS0gBb0Pfu5TJBkVfMm,1.9228006754984657
6zeiIFDoPLAyiDyv60jDJ1,1.9361465623589167
64PU8z3QYjCM95OOZ7Am1S,1.9481818649333864
4CO8s7CeEwoFkQ6zWGC520,1.9509600666819753
2TezZTKVASPv5htyXo5G4T,1.9522463165671917
6crdq33m002ogvjm88xUrk,1.9535644158364445
5TTGoX70AFrTvuEtqHK37S,1.9555806637907305
61yqjD6DUuFNyylhDuhswl,1.9587127153427955
7bgXapbWSLtcehI95EOn2c,1.960454349970749
