,066CUiB3nwpbhnXmriWmc0
066CUiB3nwpbhnXmriWmc0,0.0
564U5Knk0jgGuDWijsdCeI,1.5338296197914432
7eZNjtJ7bn15vsZZcK8aSA,1.5665770331216804
5AOVMgO0kIIhmybU53gAvX,1.73813982822746
2LMkwUfqC6S6s6qDVlEuzV,1.768323427645332
0cNnTmu6UMP81Zo6361fDg,1.7813207188356264
4n7XIt64KNrCeNgSzumGJC,1.8059604088527996
2k9VkRK3xRW1THgajCC7Yt,1.8149407579442056
1ZnA4VYOlYIShuGt60LmCs,1.8175610550515067
5ePONM01k58mlp3kgYLGyL,1.8194606204872612
7EArBG83gZls70WtjKoGFq,1.8232459533293552
4xtl8nvIQbhkfn1KVk2e3Y,1.8276122019358632
0AHJWgA2mLYz2iFVwbCeod,1.8315345303884396
20yhyaORW65RPQmJOGSpW8,1.8383345286082147
7lriEP4hVzkqlHXmKRTnhR,1.8456084791706042
4fVqQKbROkz8Z9FFJS7vls,1.8465470155309403
1y2wHOXeaLMP2wU0ZaRmdL,1.8469229420713942
6WZ2HHv1VUeRzv3ZnirZsW,1.8508347536279495
429wX8UGtVFTtR9vy77CAk,1.8533845584781894
5OJ5utPWQbBRmGOZ6HpxgO,1.8550276517479019
7C2mabQpdnNZko0IuyHqAp,1.857248875664225
