,066nVSMAHBa3UxtE1m4c2j
066nVSMAHBa3UxtE1m4c2j,0.0
6VmxhbNRCURgu8d5pEPRb8,1.3231776943633013
2U10b3TDYNlZmmTQtYVWQD,1.4235116308995654
0CBKejeCG6Hc8A7DhHGDdm,1.433337961952142
49ZcCQ1pCBNlyC3ePR7z2Q,1.43632305027883
1NyTUDcWBYPCUxeY3UKbpD,1.4387465376721045
3s5TnY4Ctf1KQIHKAiLrAI,1.4475521630612542
7JSixgF6zx9HroDMRnjn7p,1.4626840536291594
5E6VidlnFqvmJu3SZmaaqq,1.4731233987635934
08mnebY2jh7acSbDb2YCn1,1.4732309864025408
1t67WYNfUxfOiwaz7SJ66b,1.496907058157072
3loQAf6FXFO8aOSf9L6hhi,1.524197669546327
1iEuLiGRu1FZVJLELqToIa,1.5437452732666603
72boGlgSwUK01n44O2tOCv,1.5524469936389866
5DjqMJjTimzQedYq6Bn8Q0,1.556443891546268
3GQBBiV3Vq2ztzlW213WMb,1.5732543953302778
7C4LTWRsikDhkxXrgc29q0,1.5747945940039043
7wVA3zxbi89DJ5Jfw7fWO4,1.5753471874138512
0w5TmZvjORfojDR3S2AbBZ,1.5796649412474597
0jF4xsiVd8AQoIEUmn7KLt,1.5873639724786146
4Ixf6QPQ6xc8iMLWpuM4YN,1.5946027578191733
