,06aiCjSnK0XXBEERhduZWZ
06aiCjSnK0XXBEERhduZWZ,0.0
3YEJUDUAjfcnSPmB9SxlRn,1.248551800879697
1WlU4jsJ8AoTB96dgd8LJA,1.2763714854451709
1I3ZAmPmbFV78oNKnibOiW,1.294694525238523
2aR4gdgyCgacqHGqUZ91YS,1.3235372757201607
4sAyDtswbHLWyFJgUMt8hu,1.3527385922974382
2Vuqr2eGP13wC8v2Gbysfd,1.3757656459357301
0vFmBF3aGjfXzj0frTOHt1,1.377046650146354
7lAK3oHbfEnvUQWosrMMpR,1.4127624209799905
0FRCItQsKhyIge8dB6v81o,1.4136151321576587
7lMwZhbLJfgXqc5KWboGwp,1.4188541661508978
2sRSbjkRN7NApfkBewfjXz,1.426186460457243
3Y96xd4Ce0J47dcalLrEC8,1.4285225248063376
0zRsYMipqgzvSe2rvNt9uH,1.4839758673491266
0fTFmyy8AwWHiRoDgTh80w,1.495296316721443
3XdvHWZimP5jjyQ7MHfvjn,1.5219402594033657
6bB5iGatJHiqnoxMZDsySr,1.5249410425198153
3GxGAhRowXixzk521JQpZu,1.528565374999656
3VMXthb167x6pQOQe42m6f,1.5309793925140438
36OK9V0r5WlJExTQtzT68i,1.531497002173178
0fYKRSx0kobcTDhL4jFzkB,1.5353663142882972
