,06E0LlKBO6TxuXbz1MxbAF
06E0LlKBO6TxuXbz1MxbAF,0.0
5xh8yaN8U7H0nkkesxUax4,1.7541909182683955
7h478wd02smsa9jlda6Son,1.7686498139110252
6Ke4VWTW4M7wLZkIvstgeH,1.8951642925923318
1s9Mv9c8QnTJO5fqF7oNu6,1.920614349053777
73AdxKbsjrVUzt7q4RVuEN,1.928168459849397
3EwQuOcTRtLRgcYPwGnLM9,1.9298977650404627
7lriEP4hVzkqlHXmKRTnhR,1.946798106540691
6jT85s2dZ55HBqjXYi2rfI,1.9553583799172323
7eUVluJU03fnTuCcNC8ITH,1.9646365326558362
5AOVMgO0kIIhmybU53gAvX,1.9688066457864088
12lUTQg5jYkdN0CWSodELJ,1.9702785908451035
429wX8UGtVFTtR9vy77CAk,1.9730472185904357
7E0Vsj8rinTQl50BAsFewF,1.981995838759385
6t87wHYpHlTwOctOS6GKXa,1.9924589003177595
5AWweE4D3WKcVMmFZ27Fg4,1.9977028177466545
0It6VJoMAare1zdV2wxqZq,2.004655197845255
1yt4kQPgYSWm1ZbBK9GrbW,2.0092354564118273
2GRgygMJR0yy2LFgN0O4cH,2.0176892463584615
1B6lNRCk6yKvqIKfFR7Wvp,2.0235851151314614
6baGTtDakSNvUfW3FJd8yX,2.0257105385557734
