,06Gyf2pFDVmN5K8XAawG96
06Gyf2pFDVmN5K8XAawG96,0.0
7uKSil5r7uHexnM9lukPTc,1.6938198071319963
4W598w0KcHVG5Nwqk0qMpj,1.6970022532278148
5DO1SazQppcsKQ1c1JpyQz,1.743783092266254
2kE82JhBcoS7mimFO1SqqX,1.765149352297539
27Id7sMVAVuk1weaTcPHHh,1.778799710993685
2EnRm6jl5MSbe5zYHhx2Rj,1.83407830831867
5UVNjOSh27encRBqTpBWup,1.8688085632809666
5N0vzzKfd2yDw1nrdXrvPv,1.877049274016626
6D3pVOWuSHOZQrtImim8IU,1.8787952574805358
3QnCOKN6LMqZZwfv3LbsDd,1.8910924551800907
0HO8pCseEpgozNi3z0R4bc,1.9017169958423803
1fRuRNJVZjDU1yKXvarKqW,1.9037001652530046
6pRkwu4Pt9d7Ki6g4ppOYj,1.9077380194014086
7vAtyxWiSO24Q6tVj7LOGo,1.9097051866621941
5W9QCBJ6Em0XWX333YrNhc,1.9217484356169596
1hHe7cirScEJWgAS0JFqTL,1.924566473557571
1uULQtJ8rbsX5TwjPpPc9Q,1.9409402471273598
4e3F2xcadOYjjd6bEpyJNo,1.9507419950963956
1wWRtPIKD7ZNvtsrzLyTev,1.9579904741394176
2kDDyneG3FYwCNKXgiwoI7,1.9702679235772833
