,06gyU9LtDjlyONNJjjzpgQ
06gyU9LtDjlyONNJjjzpgQ,0.0
6AhlUyXpCsQgaXMOnWYQbo,2.3491704836075105
4zcZLstE7ge87tUDhUxc9T,2.3799613027313207
30ngg6jCMqOBcvj5fLgfBe,2.4076315734562943
4bDpRh4BW4NqdozfMk4jcf,2.4214041195961498
7ozg16AgNcKtxDiCLpt4cf,2.4236041643935406
1OqPYFH4b9M6frLdIoHIHd,2.439383301371369
7bHo2oMfwjtrcr1rzwndhu,2.45210519964414
3o1pDnKVyVfPk7DEvrI73l,2.4607663658893375
129HD6dvoUFhtHjG6ObV4T,2.462419541500264
6QCRU1F45DV73YeyivOV5A,2.463492055677302
4FCb4CUbFCMNRkI6lYc1zI,2.464234438135493
3n3S5cH3IyaOswY2XSUGTS,2.4718250428346593
7yZBfnw0qwSkZWPX1bJNYD,2.4812901916302685
1a0eBbu2XlPJ8BIvjGi5Ki,2.482956773667424
5ZCamFAQKj3DiXmGhmfDT1,2.493741322665525
7usBeywmTK22GDsBrpvPr4,2.4946288075924263
2AiUFAeAsSR9lcpGxdc2Sj,2.496607859578066
0d7nYK2zg5ZnvWfneBZvqJ,2.5046698678984196
7B8TA3WaoMiKZ3wfnF7PgN,2.5075567510749384
4YpWlvxGkGMq55rJUlsWNx,2.5129081549980117
