,06JRkix5RRMRIWffxZqlGt
5xtD9vXBg4ymIjXIGZguhG,0.0
7a5FKZ2jUyeii8rUIDasaX,0.0
3c34fVfTINTmlwp2byYBWL,0.0
43LKYQYWfxewpSXj6p97AH,0.0
6zh5xOyLGIBawtWglgsnNb,0.0
439hd77C9p8ZJx5aoXSVQN,0.0
2rLgITCMOw1liD7EFGmtlC,0.0
0xwSolOsxuNq7KcAzqikbV,0.0
42JpcqbKr2Zq55hoixtq34,0.0
3MUEYPaRpKFp72NCmpJ532,0.0
1Mt0npeckJUZORERI1q747,0.0
1mQewsJCnL0vtVqnnPyEP0,0.0
7pYcrRxkPQndelLFDVnfOL,0.0
5KVcXZugRa1w5VI4HeRcKS,0.0
43xoxAYYaKvrt6QcQ6YLko,0.0
4vlm6ddCBd42uCoJvq16S4,0.0
2f4BeJ9mSD4xdDM1flm0CV,0.0
6mZbNAIdOdNisZc6sbrlYw,0.0
1m46tbrX1M5KtWrHBfEJiN,0.0
7xPAslx8T8DODx3LT6Zfni,0.0
7prxNlpYC69PAK9WU8MEZ2,0.0
