,06JxwPA4WAg0LWADJtaldL
06JxwPA4WAg0LWADJtaldL,0.0
6qZjm61s6u8Ead9sWxCDro,1.4969758527526422
6FSpbq877oSoBULrd4Rzl7,1.596336949817326
0aktBBW59YFqs5Q5vq4AUA,1.6108150770063507
5vMu4rnnhFEGkA1TPCe6uJ,1.6208851246559106
6gQaptRUcb9xg8puca535d,1.674664628329638
6YwANeMmot7pT9FtZbI4CT,1.6890962817216366
5vgEGY3wgYFI00pNQNcWtQ,1.7011458363997503
5kxVyCgEUND7E2QKG7JmoF,1.704207954709019
5rL2E6ZlMJYMdV799HumhZ,1.7219340547995035
7hvRBjaQw7RPMRuSoCTgar,1.7253501431914233
1IuGKDA6SzbRLYZ4ZmEg2Y,1.7433865730914728
6V1R69n6b94EsDlYffToq6,1.7586267573733565
1weOavX2CfP2pfGNVTVMsT,1.760763749626479
7896tlWKyc0YVTB4fF4N0b,1.7970954558261154
56GFlp1dkt7dw56pQdTwqW,1.797408823452597
0RladsTy0SLSzaz2pFliqY,1.8161854048796513
442HGNEmVNg6JBN9IDtemG,1.8170621335579815
2X89n7LOYnkKzfIlvi8sRp,1.8185980656240968
4kw01bD9vCkKRgtjHlTRTm,1.8212478640985301
7ge7zflPhw0LxmP9jq1q72,1.8218599302460372
