,06mJ5eepCYmCX92GdagCGD
06mJ5eepCYmCX92GdagCGD,0.0
2x1Mo4Ok627VFTqR5XWJmg,2.2960597898608177
7MRn6wgG0ReDRNYV5wJeGX,2.30783588310957
4wnizpr4KR73Wox1QBsEB3,2.3130237666364977
7mXmxXLAnsvXKt4Q37KoMI,2.342783762772657
1G1U81TObJZ9USKxqmz1wH,2.366052069639706
21nMscxJ8AsO4QNIX1s4TF,2.3784723423699274
4EhbLHYOXzEoPmOfaVoIIW,2.3875803836416267
153bWE38AAzOWZFq976pw0,2.3879916794149296
0zDbbJ71fcLI9E8dmlgffZ,2.3900900987015494
3cG1u4cHqyufwblLqxS64P,2.394479003022416
6X6SdJzxyw7GzxwP2fr9WV,2.3948333355854152
2L4no3iw54gGX1ZwCNfYSL,2.397002968267076
1ravw2CANGktRzoSjkD89L,2.3987902806586505
6D2ZD1yIFU1c1R7GdHsrtD,2.4084626542708394
4S85DkBldeNBKoQheZX4ja,2.4191977058104843
6k8qNveGl1K5kaZNqiNHv6,2.425851343367528
1HNywa8Bk0TmzRwQrzhtPo,2.434423777587641
1SLJMJuyFPCqcTaXD9PdmG,2.4367716929745136
6C0T7QMpmeDoDkke32Ctqb,2.439600781011661
6QgjcU0zLnzq5OrUoSZ3OK,2.4560625937594667
