,06nUufTYm8UrFikX7PIIRO
06nUufTYm8UrFikX7PIIRO,0.0
1OT98aV87tkMKUefcKOCiZ,1.993177868129761
3MbkURW6xUuXYMyZz08qDo,1.9992848814347304
4oa14QBfWRDfJy2agySy0L,2.0480658162870924
6dPTnLCtGHQ5zsCLe393BO,2.0480693545281663
5sulMp8BnWKlR9PqEH5G9M,2.0941667935097708
2ZroUx8b9r7pCZOdmbiwPj,2.1186970983493554
7DD9Ve80oN1smuBF4omTOa,2.1347746534374346
0bBpYXY6xfGPZdVLUtF7Fr,2.140883337204745
1An5tHovJ4I0OACJ9Dd50L,2.1566786411185723
3glw5tuymQGtnGhEG33vkO,2.1705941756690947
1NgCWYuBLfqBDA3b8MgSVU,2.182370759597424
7l22yliXqivslrLmcmRkFw,2.1896423239940774
177MZraDAxjRqqtZBz5Vhn,2.194602340416529
4t6dqSAxE5osx8Mfxa0Quz,2.196097335119434
38lG7g23EtRfYfGCKAt5c7,2.1961740518336126
5776LqwiAk5PQEXSw8v4Pa,2.2054966040389137
150WBpUgrIvPs2Gnr6SfsF,2.2075445320612705
5JoFyHqS4g8Pq0ADQosPfH,2.210176187759035
0pzuvJR0gkTsb6mApE3h2w,2.2154856990885397
00GNc5ebF0onJaDp9Ey8bn,2.217025751816002
