,06P2iKs10Qfb7RK1stVpCR
06P2iKs10Qfb7RK1stVpCR,0.0
1IR20KDogt3ZIEr1W7YxVR,2.0086512145299174
5l6GqSxplqnZbLg0LTPQeG,2.014544381606073
5PxFv9yJEg9dxvbZggykro,2.026631729471745
1oiwANJpaXZxYkwvLWor4f,2.05838996003557
260jSxvzkFt71ksvkcy2ke,2.066629253424233
6O8R2qdAXWvSlUjE7A0mwa,2.0867528978454
5tO6NJy588hF0zgTCXxKkz,2.0928272108727866
31VOknKjFrEX47bZXzqcoF,2.1138631888444146
20hGp5SRPMmoVbWkNOMviC,2.1228330731025955
1sBRBaY6ajUjq8JnblGbF0,2.135867965536356
0SaEmR2rdtfsZawPjMYkWg,2.1373378127480303
3EgJiZO0htv3dW0MivkyPh,2.139092743770061
5iW9Y4seDbBgIchT0ANY3q,2.1441787715925003
7keXdrB4mz57u4b8YkCwag,2.1512194087886223
0aHWzIvtnkG3FVcBoFQ6BG,2.153524291495218
5cQFbwUJYzdUFAcy8ieIPj,2.154282860364162
2f0ZEAdZQBCRR9NAI6eE2d,2.159505489505157
624YMffLA90qmE234pb9hF,2.1651737970874163
6mGo5Ckdgbh7HLzpsnNnMS,2.167916330485914
1RcuH4tHokXAtrkK6OrT7B,2.175036678714366
