,06RUl9rjiV0OhczC0yQ0YA
06RUl9rjiV0OhczC0yQ0YA,0.0
1FEVD3JEFqwFTLTpn5Inza,1.5905006154021846
19YKaevk2bce4odJkP5L22,1.7771965841168893
4enTc3kGw9fB6WUo0ZraqT,1.8055520489579784
6aJlabqT4DO0hP4e7uFiRU,1.8573731958275719
5KGbRvZyVyKP2AEJMHErB4,1.8593699493638816
6hWGMLXWWCsNU1lfAq43KE,1.8962165917687157
08r5ou7k9ZaLiHN8TX5RWo,1.9021130707114053
5YNGqDmZVVbAbCa1RhZiFY,1.9061733963747247
7bgXapbWSLtcehI95EOn2c,1.912922016939188
4ePsYEI4wSp2Offhuw8RmR,1.9186469821685443
66Q3fAmSX5eHamgbKa9alP,1.9380728138469294
5kxVyCgEUND7E2QKG7JmoF,1.9486420524130814
4N9yfHDmIL1AgCHGrS2QkQ,1.959387383555897
6JwpKFSRQu18Do9rK5tAbU,1.9635394897451948
1ncRLWYXmx5IRrWUk5nQsq,1.9739263107453313
4atJ40xfasjdM9ZF3p07BV,1.9758408310420341
5vMu4rnnhFEGkA1TPCe6uJ,1.9880789304882946
2sGHMN1O8lI7HLUcavRvzW,1.9882287469365771
4ibzxSKw3a6rtIorruN5GO,1.9916332446020057
66AgNVlgzGwfFZ6cCDfHw4,1.9933568221623406
