,06slJGEPak2OjudiaqBZnv
06slJGEPak2OjudiaqBZnv,0.0
52OTQanye10mWvSX3R5O62,1.9228802104787304
0rZfBVJaKDO34tP9M04fdL,1.9405784843020508
4rDvvfEnMZbuXFrslLihZI,1.9526287681206302
152lZdxL1OR0ZMW6KquMif,1.9698492092685065
1blhrVvz3o7ydQhG8Wj1oL,1.9755300915213372
1lUYap3IVPOLZTAq8828F6,1.9785366174076877
0bBpYXY6xfGPZdVLUtF7Fr,2.0009128459798897
2ExrgjlmbaJ0IrnoY3uwAA,2.0014864594459714
5Nm9ERjJZ5oyfXZTECKmRt,2.006636034523901
3TOxpVbriEc0meXrQ79FBr,2.0221205116868908
4KntGCqjurOyGU2BTpracG,2.025938625541563
2SuKjwPDuZ7g6PFcBeGX3X,2.0308857270976914
2lrh8nY5ulqflfuQgC2AFa,2.0330503420559833
2Tc1ag82LELug6MqzJS80l,2.0373871873532674
3zZ6YO9P4iZhGmMDkx752d,2.0374075829643474
17uivGWu6kfAvH6UgR7j4x,2.0435250004833065
6mRRVtPPBHNaRwVx16u6VX,2.05850599285761
4V18jYoK8nWTGKtTKhlDFG,2.070886015049774
0qpCwx9VYn7yR3d3YdT5Wd,2.0723122069909454
5776LqwiAk5PQEXSw8v4Pa,2.0786643545414822
