,06sxPgsxLm77Xl0w0ny7fH
06sxPgsxLm77Xl0w0ny7fH,0.0
32h59T8q2SonUPJ006lyXt,0.5857267075486396
5FahqUmF2xPV5e0mUEAlxK,1.9284181989796179
5xaV3gdr0AZH2S4bWIPkUv,2.233718412592149
6yHkPtl6UQ7RjtJLBPzbJw,2.2814753605183675
4rPPWhn479RiRMC00qkCq9,2.3764519162580937
1fhEw1GELCC0d9xF70lNBi,2.392658311362297
2SlCiWUTBVs0lcU93SLogx,2.3931430307053194
6F3CI5iEUAJ55LqxFfLC7D,2.393562819297342
2SEXsl9UShqKSc3inzSpIX,2.4054481785219592
4eXL9ici1ddorTRr5jJQvm,2.422148993632494
39BHk8ZnchCCxBB7qrMMc4,2.4263782073673994
20RTndstxc45hMxuxhiDEY,2.4273806908445383
4mGPJXOvOMfEP045i1vERw,2.4470577816618126
3E1DLz9jCFpvtQp9u9kKnH,2.447766232271873
1lq31ZbKSc9MSFQXAVFt6Y,2.448847698318806
66lxPWZ5fcUdD4S1FKs7Vl,2.4524421173983577
2eMVogxm08LgfgnWpahooV,2.45942138470409
0dM6Wr1Hhvfcic5ilTL6gH,2.469336636012894
41jRQuRpRQTgs27Ox2AeL4,2.4718252940147654
0DqDSW0xdTUMwhOLYLtC9m,2.477625049796171
