,06t6JWrU05BxaKPtct2P2n
06t6JWrU05BxaKPtct2P2n,0.0
3fCFYjXTupLPMCgkDya6KO,2.309603264916857
31L9yLXSj6LpCFupyMV6CR,2.3202907923395912
3lPn81PFyKvXiyHhlkwkQ4,2.325765350179629
76FnCkhueYsfbyTv5Rm65B,2.352241611686218
6qa1eyvDHXyaiA6a68kKvr,2.3902635701958967
6mnz2ZbmU7RKASBRBmiG4g,2.4007668774743403
1iir1dMidSGRzbPMCCEtfX,2.4189149740484437
5YLuXKsZ02FNK9MyaKi9Uw,2.4200903961560614
6kibhu5jODy17eyD2JvAlX,2.4270982226956352
5GcXKHW5GOXoXFY5dH6lb7,2.4314737667293542
61a3jJKnYaUCAQDr07W8LH,2.4372762790422815
2RZ9EanhMHmfzFRH9WhZbW,2.4384413876176585
7FLQuyyCaIrBRqNt5l83U4,2.440249915058001
6N4xyXVJ8DMsVhOVxPd7p2,2.445636466919641
3BBvDLFPJRIHMPc7coyuYC,2.4503246681730904
4XbG4UA0ydTkUiEERakFuZ,2.4650958911399936
1q9pBaYcydq7LyYwD8SEBs,2.476203596827185
1tJ3ja9lE1jiWj0FGrk9aG,2.485300679128666
6pbhkfdG5RvTJaC3VKPaJn,2.4891102218521275
1r47gotftKr40kR4IMk5X0,2.4939174144888923
