,06u6FoDMiAoIDb4kPlypCO
06u6FoDMiAoIDb4kPlypCO,0.0
1HRruFQ9GVNIUKCUKU9Gco,1.7994589817587998
3M2PHpiMb7np41m7dOCnQD,1.825289705783243
5zZMED3FuINe2GgdGmjM1t,1.9097306989191087
6BcHXUuAEvON5cxBxqeVYq,1.9152194772424846
7iOyMOxdOULvXqUqC26spJ,1.920005608477054
2ls70nUDfjzm1lSRDuKxmw,1.924528673239548
6kbRL1WkHrKxHsBrV3ComC,1.924871337915962
339ClrzKvO3L5GHld8RFBO,2.0072851862300074
0OBNXQmgxgOtCLMZ2F2Y6W,2.009653594187842
5kBUIe8UcUUGLzP4hoc8XJ,2.0116775125909254
0ZCwLJDFkzHKy6LrdtX7bH,2.0155728605428993
3wyvyUAVLnIkyzgn02WFya,2.017749004843529
1qSjx8CSDqNBrnw7Nss3mF,2.0178235859706963
63skrWgFpPIm2rWP18Q4X0,2.020883475095301
61hXfKJVSytvEgXSFfdjCT,2.0253518430850845
6ZKkWBVnREk5AYc2nifJ1z,2.034967981373743
1rKqsfuQVUFhROVwcoGJGY,2.0454099551566056
3JH3uUha8CxoFANTUbnzUZ,2.0492193325724926
7qSeh2DAHZZ3V4fjnt0EeP,2.0513579863353733
5TbzAWWc5eJaANpA9kfGCd,2.0572776613108714
