,06UyToIwW0KFDjV57VWY4b
06UyToIwW0KFDjV57VWY4b,0.0
7Iu9BzSnDs5en16EHrktyT,1.6073539600255082
7dBkGRBm8IqBSn8oRUsIuc,1.669574641231717
5kKW4bszhKSCYVPDO0sMbX,1.7117134898049091
7bhbkaahEbudEtcZd2VUfi,1.716662545805718
4K3BhUMfBHZuUfeC3kbhrQ,1.719770968209781
5w7wuzMzsDer96KqxafeRK,1.72730077430283
3E6iea9uEmB7gRru4lyP6h,1.7346275312890493
2btnRfWqbL3NsyqQ4ABGJA,1.7355488073923295
3EwQuOcTRtLRgcYPwGnLM9,1.7699214160617625
70VukjWPu4TR2xQSRaEwlL,1.79054265854125
3Yub3anoLj8w58TVpEXUJv,1.7915228238456047
6AYKgDgkBsMDxNFSRecPt4,1.7918093968702977
2elj70iBhDLecyW9aQbGtQ,1.7945964745482905
6Xpn0GYN25gPAlhLdO971J,1.7968397445150457
4N2yjWLIxZjOXDrCu2VlJe,1.8034304569214503
3p7K5JD13wRJV4NP6jHmTc,1.8108705458163847
5mmEDGjJlUe1IlxsWUyS9K,1.8110120596922648
4sSutqK9JRIqWDRBQ9zP9o,1.82452383622183
6EIVLz5xM1xE29r0OmIkWt,1.8279963093543659
0x6BxubgPxIrBVxdptCd2G,1.8293136218206518
