,06VlO8s3p1diYRtLeiZ5X5
06VlO8s3p1diYRtLeiZ5X5,0.0
2ejeiQQcxOONtMDgV2GXSu,1.9403395691177614
1DaNcUyPGiESUCgvVbRzcH,1.9557725619687112
22EHZTTJE7otfnV4nH7O4L,1.9802980282289924
6ww0mbRkenmRS3Q3XdIIRi,2.007376023717726
6kIe2bKcvHPINOSbjTwkCq,2.0391921738738743
2h97U98Z3AgF7RjKtyW1c2,2.0421582963973997
2EafRNF3anmyMbeKoXWkcS,2.0448807970841103
5oSzsYZYu2oCOq8RIhMOHF,2.059239612232809
1Skmy7igdy3HorzoG6zaqL,2.074326632030309
1w7yBQWQEwYgjCKu07mN2d,2.080449368476052
5G1Ri3ShMkYw64SEKSSKOS,2.1057570315397203
6jH4bmYIRZpur97sZZAV4m,2.1064215494729672
6AzoBXNEFIIWO8lSmvXRn0,2.1221289254464266
2W38WksrVoQuTWSS98EhEg,2.128156821637313
4Au0LRdxXWZAWWgteqBdHI,2.1297932764290595
28wtawTMXtDrO9lMuBYCah,2.130424481781775
0sFTeQMlO1jJgxyfdDrAZl,2.1356888445081488
5LqZeHNc8dSazLXJfaOUUp,2.138514182059567
3vx0le45sSoPol4r4sSuk9,2.1435957529226344
4klWVvddYrsMSlHEnyzCxl,2.1450417303045644
