,06whM3ZB44hpOnF55ysOpc
06whM3ZB44hpOnF55ysOpc,0.0
2eucFttlfFNX5fRD78JBdI,1.828494113397327
1LisgLkjosfSP1WxYXjqKE,1.836344042368039
3lPr8ghNDBLc2uZovNyLs9,1.842113114056545
6u0ccx1pJICbSwCPMFCd1b,1.8562328214054178
2IWtloZYQDcP8Ashwx8QEF,1.8803147416309238
7njHeW9bznqBVnJ6cy9UgX,1.8966945003568103
4MuqKUC1XO1I9lHI2XxDSq,1.9024143651330383
23DfvYoXdZ6eSuN5MUpZgQ,1.9076891572445975
2crpmiIJiV6JDOw0acn06X,1.9171445151917363
1yqMgZNrevsWMLWfO2PRp5,1.91978530126843
0R1f96MrgD3EoqA2zv80Ac,1.922532775368457
7Mbnx8ZIabZCHxDT7Gnmav,1.9251487272593888
1M4rb1VdBWC87i2YvHTA5H,1.93707498571569
5JLv62qFIS1DR3zGEcApRt,1.944401941485094
72hFOhhhnOJZnnp6uVOgPn,1.9448912476000761
1XpYodsD36XN7ygcdF7mJJ,1.9487428861925045
6NMtzpDQBTOfJwMzgMX0zl,1.9572370788362097
0gRbdp7rmKN6l1lRz5PwGc,1.9631397324226536
2tpEqLTYJ7GE941rdmvu0J,1.9680338616507858
4cGNEByoQ3adGfq9rFGH2t,1.9700906716164972
