,06Zx6ElJsZYYBfBh0FDigl
06Zx6ElJsZYYBfBh0FDigl,0.0
7hPrWUKzS3a3nnPQGbj1y5,1.8012075293336833
1UiFsQD9bazBBuTh8XU1Ol,1.8533014631087037
4xFbDRt2WK4lKAW7fAaTaE,1.9309517405969168
64rAfpuF4fS1IGCnv8qGK5,1.9655858767628274
7cA4MFh8Dsq23pVmkjXS8S,1.9783532447709031
22EHZTTJE7otfnV4nH7O4L,1.9869741607849158
6kyxQuFD38mo4S3urD2Wkw,1.9916339097004014
2u2WL5N3KnQnykOZi3fxL6,2.0098792428478633
4rfaoyaZvNa60cj3OKSQV9,2.011300065652619
30ngg6jCMqOBcvj5fLgfBe,2.0120851860048385
0ye9d7udmu8c1r333w3cEa,2.0169718342659797
242TKXb3WdPJxUgDPF4tmy,2.023751667263196
1AutbFVB0mJOwf4CSZsn7P,2.025224129219512
3XXGqZX50zbGqSOup74UH2,2.0376641503840442
3tM2DGmfgLsjKOqw5Hg71v,2.0411696447918097
76DVcA804KOxwKzKp2YMxq,2.042132108205884
3mSWNbF5QND4mygui6FLeW,2.0461791952488464
7gqQzgDmSkq1tfhPNU0GZN,2.05137707078466
3aT4JIJewsuf6lMW4U0rjK,2.059088322902674
6XNui7ZUhCAZq3oKHUmDeA,2.065367843821562
