,07A4mFpXnuUrcRIc1S8ilz
07A4mFpXnuUrcRIc1S8ilz,0.0
4Y3xAHzPolNwbf6TXQcxRh,2.3174756261364426
3bxKHPOZDRJHv0b5Ip5d0p,2.3373697850307362
7iiPCPiyAcKTwFfElnQUB9,2.362511307139707
27BgDmciSjoxTG0almHTpZ,2.37285133269572
6fx8zAyfOlDMfYbQa4oRqO,2.4228795269974044
7M9t7BCy51ITF8IMyiemzk,2.424473984802408
2EAWtCRN81XrA9r0GOKNUU,2.4322180008363348
64XlOtseHY1oM4zNLO4Fkv,2.432431698642252
7M62jxrvr7UJdo6DchAFf3,2.4356461193662136
09FMjUCLnkdnSBlZba6VMc,2.435746874955996
0F2EFQxsyVchq0W3Wb2TQV,2.4407483617664063
4MACMKQ3tXCfrjN4vp7FGS,2.4428821170863544
7564ofEBD5mEiIkTclAW1J,2.453413601988631
3Pxz6hZXhcSFOOSR6N5yKE,2.466068398595071
5vEE1d5gkv3pgfZyppLeX8,2.4705246429162067
4rDvvfEnMZbuXFrslLihZI,2.4713087707180867
3ypXE4brttsQR3OLLZbLZB,2.477755689008523
0hO71r8vbnrXSaXVrR9ptF,2.4833774769604364
3W2QKq6ks7QInnM9j4pOBt,2.4840345206981174
4RoArPM0AsuW3h8hW8xtnr,2.489134893083746
