,07AOl8N9IftvQF3INI4iWW
07AOl8N9IftvQF3INI4iWW,0.0
4r34lRttsfgYrgpR0Ygpwv,2.0558496272425995
3utsJdhRUrJA8avrOawi8D,2.0635181897775965
0M7LM8pBBpes2IFv0EYNc2,2.1183322649200984
69CwefRPyMv4uuUStMRLzw,2.1186562306861334
6PQ30208LWUAx5R5cYeIJ6,2.1238560343824813
3p4z31uwlfj2LZWPKZlgX0,2.1516677212830584
6wNF56zSqUdyiR10XqdTBU,2.215368651419359
4n40hvXBCDQba3DO5BOm6P,2.236225801716857
7EOzfH8P0K4pKZpXE8JMmT,2.2397503900793683
1QRTWv4xXD9LLhCdeS8Pnl,2.2481615100256676
2a4iE4k1IkIswThuJ3ROsw,2.253679556179581
7w0eK8B9gga6bMvDCQ72E0,2.2552139173113623
5JCC393sxo9xj7oQQY0Deo,2.267543713485977
35dD5n2KXRsg2LF31oA9Gs,2.27557507860291
0mL0LFUwNwNRcmbC8mnlYX,2.2787562068532305
5K59YTZ8u12zJbvrpOFLgS,2.290905292031743
51Rg6NudgisCagiBqB625f,2.3110199438943173
0Gm6yW9dqvWhBO8DQDiLHs,2.3302382651859657
7z8xfYmvhyX5IpMF99auq5,2.3372741778332378
2KsKqXIPJP0LUrZh3FP4Ut,2.3380739736423415
