,07BCFbk1oCwf80lemfyzK6
07BCFbk1oCwf80lemfyzK6,0.0
5JnJCtcbcfWvw1f5Kj4iIB,1.4694041938667664
4bIaXzjr2jjwrzw4VYWeN0,1.4770375259058328
7dJp4JTkzaTUrFx8WDQp4e,1.5112124054493197
319WTcspJN65Lb27fVbjkc,1.5396391038746373
5w00Xed2Okc8qZ9s5zOhbe,1.5697939469683877
0Hte1KSGeMwNtP6v2cKY07,1.5936974084583642
2ax1vei61BzRGsEn6ckEdL,1.6110570710149974
1Z9Mi4vyozlHZcY5TrjTQ6,1.6154220227539002
6LBuqqYMqbypUFXqBAj2Wf,1.6171127053082353
76hKUkN7GN6mloXqIfNXF1,1.6219674420834438
6FfEC1rURbva8ZOWuPSqCD,1.6226708549877908
6OMaAaXWVbZfb0kYyL6JH9,1.6252613428634926
6lZe9DbvrcHZ3Ot2O9BPRc,1.635489120832307
1Hn8Mo027K6M4ZSTbTrj7h,1.642658044949485
2MHFmOFvXC1m1MwAwjsDpw,1.6570419701695556
5fR0ckQ27WmaJRL7YoPRwj,1.6578704080801037
1aS1uzcAC14lduwuNJZjqE,1.658551511489539
3cPOyCp3luWrEQwWM3C5TK,1.664628134501465
1V3BpCUSyBt9PDZ309652A,1.6667598539100703
5SC6weFmy7udmdAbiMsEst,1.6673388036406092
