,07BEUKLzKIwyASJg9N7b9x
07BEUKLzKIwyASJg9N7b9x,0.0
5rgCP53eZWsSR32EZkL30l,1.1920928955078125e-07
5EnW3IMWIYJMefe8vyp4vL,1.7369124424659215
65ACnVMmePTp8Xdk11jP2y,1.788035095311842
6lUzYboGJnFshW1fGiXjKE,2.025010368428095
21pk3IBK6R9FDKgI55Pijp,2.130692146456439
6Y2ehTiPJPbsk4Zr10RMrs,2.1723881748479354
0t6DdFmFQhQYWhmfa5FJer,2.200365804548915
2kXL6Pv3Ozv6hCsToE84SU,2.2343846150123263
5Nm9ERjJZ5oyfXZTECKmRt,2.2611922283407924
6trBv1MsElIiudUc5xNQMG,2.2761168996646615
6SDlbkElf9W5E3nOuQeH2X,2.2814123338999424
7zjfkrX92vPDg2mJKGqhEl,2.282713549575975
4L1MrFFkGrs5Mxkj7Xamti,2.2876578327377
7BZUmtqjIHbhxlePH1oO9z,2.296654761828597
79R98MwYRcQZdAzjjzUbiX,2.298464629368143
4Q4jmPHwu0wrJvqrld0FQ6,2.310841304287206
56iThbABo74MrYhudXR8DY,2.3217627243557697
7vrtXD8xPBC2E69eOCrkhj,2.3276345044022064
01BlGnXpLuC0BjgUxVYZFb,2.328354597575435
6RFoG1NFXFBRs3aAMpqCmN,2.3392723497306553
