,07bky96LlghaYmiKPYTY3h
07bky96LlghaYmiKPYTY3h,0.0
4znGPlVqO1SjtgVcVuPtFl,1.9699139595078141
1JrSekFi8F901m1DWdx0ut,2.160399659546218
4KTU5aa5s547f1JF5DImhF,2.248239856857555
4Q9tidZmBnAttakq7XrxdR,2.251761855403653
4FZqhfXPGRFCRuKY0ABkDn,2.286394938309918
7svmpuzodXg1fhLpLziMT9,2.2873135175233625
2Y0DPFc9tlSixZwEuOmVUi,2.321658132984554
7xmwLmkoWpghkq8jyEhtbx,2.3258010001961633
0ZUHoyKB4dPqXG7MGvnQGm,2.343110765796638
3bBmpVl9rQKJsFFGLFilIS,2.345276116126562
7G41SWTexIdCJgbpLlNq4E,2.3490619711129677
5XLOSBYkeqeoXmO3vWjyxi,2.361609815617921
6QPKYGnAW9QozVz2dSWqRg,2.365859816444907
4svNZgdVZNtpWKbb7nsaLs,2.3763008805698553
7CzxXgQXurKZCyHz9ufbo1,2.380972788573108
2Ch7LmS7r2Gy2kc64wv3Bz,2.382487915278963
0MYmRatiWIQ2Pxcgu4Nvxx,2.408079051155961
2qcmVgViaVUc4mzgeBJPHg,2.412839496721069
4zeZBS8TjwWN5t4NdheBTX,2.4239801836126675
6rKr29yPKnQNhOxXMYvE9Y,2.4240852732022433
