,07BvUtzdaaCyMbaGgloAtK
07BvUtzdaaCyMbaGgloAtK,0.0
6kyxQuFD38mo4S3urD2Wkw,2.368818683356097
242TKXb3WdPJxUgDPF4tmy,2.3841293263185004
7E339745KbmtB3rlktfX49,2.411684488881246
5fSgXNTAh3ImNGfh9jsE9N,2.4577082352320327
3kw3rqgqtF4F7xVmHqTsGj,2.458673005459081
4gWTBq5Jftq5CEKYpLXD8R,2.494136931312616
2C7Wlp5RBywogf1HghaExt,2.504217050742017
3nvVjT9VZMXTS95cctNLzc,2.506015474582744
1CGrelazpf6orzDTdGwIc5,2.510079258836015
569sXXQ7t0jSdqHooi2yqs,2.5120608717860295
7mXmxXLAnsvXKt4Q37KoMI,2.5216770241936217
6Zkg69i8cNlOOSKeWrCO8H,2.523894505227609
20MsV3Lg7ho9t0hOn5femD,2.533693257516427
0T6dOlqdJWGMOG2HJktRDP,2.541850360133115
4rfaoyaZvNa60cj3OKSQV9,2.542519688598865
3NT5B1jrtT2Nawu0gTegYm,2.5532126369383046
4IYnDpdRGhiflvDtPUlwjJ,2.564081984179179
2Hsjx8c7yYDUfoUaJfWKiL,2.5879405327301743
540zxcNhsDCNLwIwx5f4d4,2.589190899439889
2RRFTLIglxHgAYQzsSLI4Y,2.602938113983187
