,07Bw7ACBw1xzhKpXrraskA
07Bw7ACBw1xzhKpXrraskA,0.0
4nNZ4ra9sJnsdixXELkfW5,1.9655904198558516
5FTwW1JWpcoeuia7cjlkmG,2.102005424833915
18V9IZSCzXqJHZujv7cKrx,2.1049149316146574
70aS0jAJszShUpwp0Mq6cB,2.1134970245157314
0MQTDNaZilvayfWU08IxCA,2.155164435461553
1cDRpJiJa94Voj0Ayc9iGJ,2.181073580048164
6iuNNBl3qtHJtZVk9Pi2iF,2.1840143695373313
2kXL6Pv3Ozv6hCsToE84SU,2.2099385046732416
1BKyLZtjWz9QfHrTgYtg9r,2.210954254930869
2Q4UhhabUUEDYAhGTuVINc,2.2119917680245575
5XjwPZtK5rn5uP7YgRd08U,2.222854252846413
7ehvyx8K9ZRbOofjeUyIic,2.260336868571085
6CdV33i2ztlvFheXGz4Huc,2.263683833376544
42dbDZX9bsEGqMZWYmnR7J,2.2784752702421773
1rv6n0m0RwMTAdQeMquLgM,2.2918914797933936
4DPeoiIGRS5hWe3cliQbRH,2.292694206193956
4V0x90QcMh4ZxwHzEWOdtK,2.308643823626466
0JjJGeUbFqCRe4nKNVCAz9,2.3098398174415844
6ZAnFdjwRGs7tsjib4YYSi,2.3179181110367426
0hvsJMEdkYhmbNwR8fh3QM,2.322029637541067
