,07CQ0ux2CwbaVN05sfG1zN
07CQ0ux2CwbaVN05sfG1zN,0.0
1WsEgieHsWWndAzLkmV105,1.8137929973754532
6LEre6jKaLhumIw1MW9p8r,1.9252320249144919
1VZLEW5ZfcAbKZ94XQiSZF,1.937508418195394
6CmEOOzR8kBYao3wAqprAh,1.9867389820294352
0Tel1fmuCxEFV6wBLXsEdk,1.993333682569019
0xOeB16JDbBJBJKSdHbElT,1.995880134330925
3AFpIlNR4DEJ1WC7qyOHU8,1.9968933893491805
0tEDQZ8gXWqPwtVmbetI37,2.009034923361231
2Ba5R7YAx2LAQDjIEYROIz,2.0151884698108145
4z1O25cq9g2kuJemmUxc21,2.016831950591409
0X8OzorIbQ5n3Ibz1mb9wg,2.0345758089041612
3dS0pGemac2wffGuimkpvn,2.0382742484076437
6F7qC84bS72Vr8rolYSJpb,2.0382988267282154
3znoF3XEVQgg1ej2jV0QXw,2.0443716914481196
31sh5OOqmuPz8RhgtokS7T,2.061246572136997
5DkPTGTwl8hXuvreetQAmf,2.067304134505055
0VbeWpz9hIKctK6Lc3mnsP,2.0693977543288766
3QU4rC7tUJKun47YwjmWbb,2.0695157659693457
5P3yUXUC9rZPJPNmYGKEAz,2.0723394867016687
36cGlH8HC3LGEkj0vDSA5b,2.0732435505142215
