,07Dj4AgCnKXrGigLbG08Ho
07Dj4AgCnKXrGigLbG08Ho,0.0
0mL0LFUwNwNRcmbC8mnlYX,2.0124509309978427
7peh6LUcdNPcMdrSH4JPsM,2.0303094010310136
2if0NljumWmHVSm8lD3ifG,2.0374207592640956
0xk4woi8ENN8VWFDZTcF8h,2.0594299956551048
6T7Tbbp4y5PAL8gwxd1RNz,2.074867671770161
2bjn980VIpaBqdU2Nxq3Bu,2.0748961066187794
2iR4oHXi5qsb17b0KHVpon,2.080014754712734
7GKiBHjFfvPRNqqOuRYqLB,2.096523436263891
2qcmVgViaVUc4mzgeBJPHg,2.1169326255785297
1kxeWHF9PrCVZHvVskv8lg,2.121357167185308
31VOknKjFrEX47bZXzqcoF,2.1366884038057314
43iKgGbmfqPLh3mxUlospI,2.1517732473569064
3N5Ao0q93rJXF7OXDpvO2G,2.1749636946509234
6phKkVuSzTNEriX3uciCb5,2.1752704474901248
2QAA0iKFhFGI5P2KQldE44,2.1771363799136725
5TbzAWWc5eJaANpA9kfGCd,2.180395169453069
4L5LjT0biiYbws1yWsMrZg,2.1819834154168025
20azPf2Ax163hJ4BZwFD9T,2.184421241355883
51Rg6NudgisCagiBqB625f,2.185262428567705
6aTNfIir5pZmrFOC1gnxXB,2.1873086012405043
