,07G5C1wAil4Mp1qjbd3eTR
07G5C1wAil4Mp1qjbd3eTR,0.0
6B9bgML1RCTwVEeaLvMIu4,1.735517189011667
2PBSZOKWBUaH76EqFw6AJj,1.9370202993282994
4MACMKQ3tXCfrjN4vp7FGS,1.9432948652176185
1cKHdTo9u0ZymJdPGSh6nq,1.9645317740355308
31VOknKjFrEX47bZXzqcoF,1.9943511380549181
4KntGCqjurOyGU2BTpracG,2.0028864574321474
3NgCzSW98SsqBdpYcnm4kv,2.0060735359391404
3YzFNwlOBstRJlGjn055X4,2.0213471404873498
3tj5523lMxVh6TjcAb1tdS,2.0233208721612703
1bCkl8NNCk5RIFK5Kv4knY,2.031330163202905
6rKr29yPKnQNhOxXMYvE9Y,2.0411950958551732
69alfiPINWtMrVuTsxUMlN,2.048563822496479
6iuNNBl3qtHJtZVk9Pi2iF,2.0499672695165856
558HRGwvWjbk9nmbIoGsKn,2.060684120573148
2WfY2W1dGfBa6oAFQyGrI5,2.079268398331464
6UNZ3vMZjyAXWaCqTFMPNU,2.0820689085728508
7sT621Iv8V6bMv6Z5B16PO,2.085458839481697
2R45zD7U3FS2wkE0h48b9q,2.0883959138309467
5XgxLtOR4oKxnfA7Fb4968,2.0942841259871345
4RuOaq8cJzcA3UMdZ0dQCk,2.096458350152765
