,07gLSfLyr23jSKaUpRgR1B
07gLSfLyr23jSKaUpRgR1B,0.0
6rfGPGghQL7SJmZPXprXIc,1.8786818003376888
2SeSSX9VmBZ00pMZp128BJ,1.9291389142126512
3CcULBc1DoIGA21LsYRhMw,2.0109034332919475
76FnCkhueYsfbyTv5Rm65B,2.0136244736729823
3hk8XJ0FnkpeucYLsh3XPF,2.0270002476194593
5qQsj2gUoKkpu7YbS6rb0w,2.036637081929389
4ld9QYEpwDD3m8gGfUn19Z,2.040779564231083
62jN5Ky97gXVoT214SsUea,2.063822750529344
2akH27wwc9IERY5TEgM5of,2.0737225505951113
5TM606Zfk31aNXIR63baT5,2.0909463336632363
49PuPc7vsgnkzMpF0Hzfeq,2.091297614705655
0cIzLqNb6Q4ulZOcuOmPcL,2.095441239074167
7LmcqvYgXlsMiPsxlMg3Lw,2.105861407061501
3x7NGlfDKQYN2wnwEnL7r9,2.1107089558725196
01WZpX9Ss7ZexSFX6ntYeO,2.1170016940591307
7CgMPXH1C0YesTnFl3zUlx,2.127321825770481
373q2bp4ZvyJ9kFZcpJSMs,2.1380569902533577
2bngeqrs5jE6UioSsDX3MV,2.146269912586181
7GIPB25XFSIgVAWn5dhANL,2.1475226252202217
4BYFbb324TDw7dFalXDxmV,2.1494172503535673
