,07GmMxHsUMR3qFOCLmYuzN
07GmMxHsUMR3qFOCLmYuzN,0.0
1GUYEShky2rrXzGM7Hn0h5,2.049467282416654
6ok1D9R7MZW7slwfRWQ45N,2.0567036863660504
41CgzGD7xlgnJe14R4cqkL,2.0729615607319496
0Tel1fmuCxEFV6wBLXsEdk,2.083973185859735
17eKAC74e5F0Ru5awTXJf6,2.1202078903407773
2XbcltKrNtMSdVjaoFYVfO,2.1202078903407773
4BYFbb324TDw7dFalXDxmV,2.1336462077533334
7eTYcpjEwXTphautuv9Hj7,2.1373449759945737
6ikDuceoU6j46eSWSQlqK3,2.14414980237962
76FnCkhueYsfbyTv5Rm65B,2.148421557302878
0TYC36fmbYl54IqTxjdmDa,2.166013889220576
5VlstKgCJPHDIMCQO4jHcQ,2.168013654804817
1A3HUsPzNcHSpZdNIGH1oH,2.1834222839862254
2G6HrgZpsMhPPv0dS6wYZ8,2.1845403226007774
3Y3nRbS2YvT8LsYxvDylny,2.1871738934104346
5EYrDfvpGNc6P2x1Ask1SJ,2.202057404556434
5AH6pfjTL0ZQXdmDcbhVbo,2.2074150654015434
2SeSSX9VmBZ00pMZp128BJ,2.243669260649309
49FYlytm3dAAraYgpoJZux,2.2444433214261776
3iVcZ5G6tvkXZkZKlMpIUs,2.2505405608403253
