,07huQEWGQAe7aJaeR08Cag
07huQEWGQAe7aJaeR08Cag,0.0
26ZzSLUJMmYp5u1hDELEWH,2.1674899030323242
4ZYbVlrEm8zGGcubSHeNWO,2.266345021207738
76beKNlzoz2yAxHSawgU5f,2.273688180139953
0aHWzIvtnkG3FVcBoFQ6BG,2.275596308333111
21w7KucwUShCQmA0MwMJ7s,2.2848783883740253
74CbQ8LC8uWKl763mNfdZx,2.303621526235269
6xOfafat53w1yN8NfsAwcq,2.3074759749847855
0Tn997k4OPDZaT96R1MR8r,2.3202219818475385
34xTFwjPQ1dC6uJmleno7x,2.321597216971694
1CM0yH0Y6q7hhfq7o5wagi,2.3303965597025456
5vU1tPNwmHhfiY2a4KyBO7,2.3352247086270514
4B6yOpxAwMRqyyypZYmkkX,2.3398803976740394
5qtMUB20QK1aLu8Wz4QCiM,2.3542029807103733
0nAemzMD5xRPeom0jWQONH,2.357027392472646
7H0FsG1nPZbPBZ2DLWZCSk,2.3605477789158775
3pUWV5hvXsI9diJ9TeNeCh,2.361240865231424
7ouMYWpwJ422jRcDASZB7P,2.3715981628023255
0pJfsPQesJyCnR5XWZyvj9,2.376478292013236
6mbrbG9YLUJtmmDRR0aJBm,2.3838047480649434
6qeNJVLqQnnnvkouuRsrbN,2.383997131733928
