,07j9nCUHZNflxaKb8wYTMy
07j9nCUHZNflxaKb8wYTMy,0.0
6zSaVuIN88DJjvoKzcQRKv,1.131417371981573
5UDtSzPORahbBKa6co5bsN,1.9564026159977532
5bsnLiT00hG37qd8p2jdVl,1.9620366644610068
3XdIunW9kAaRHzCShoeWjG,1.9674658098638589
4djz9dpEMMCYwkADOvrCZL,1.989607557680789
2Ba5R7YAx2LAQDjIEYROIz,1.9961481337215323
7HGPfh03qkRGjpQjWNnmvN,2.016150882710486
6LEre6jKaLhumIw1MW9p8r,2.0375575724196824
3VcPns62t2aE2nJuu4Iaj8,2.040188129236231
3LPDYSDEOByKrEipI4c2IY,2.0602774292235373
4RKkYBpfzwdUecdC1XxUvs,2.0666667922621547
5VbWuWX0XUJu3ZC2BjG5JC,2.0677948805585546
4cGNEByoQ3adGfq9rFGH2t,2.070348273465736
3gDUdpPr7IxAgS31lEhHxU,2.076385020603255
7IFlyEVvE4FFrsQ5FW2Stg,2.0783258276004966
77SvUhpa0hbR44oHTkQSoI,2.0876919410483232
0cGHpVKe23cOiXnown4yDi,2.0894297255198278
1s9Mv9c8QnTJO5fqF7oNu6,2.092465857040311
0bBerDpgKMPMi3hvB1hv2S,2.094404851729665
7LZdVs5rpSfRsVdNcWL5qd,2.0972054870741528
