,07jkcE0oRbSAg79AwwxYL7
07jkcE0oRbSAg79AwwxYL7,0.0
27MJQKKDik4a8KSPpktTJ0,2.317697037115165
7vyQwt3xnZccpLDtj0X45b,2.376467153603958
4fQuGSR9iAmCOA36XCpKqr,2.3890296925020795
0UppcuBB46s0rTeLpf5Moy,2.396184589409178
73ODXPw7a6735LqaucXjmG,2.3972581077765054
3gPEb6QAUVt0kHGFu3QMuw,2.404662259231524
0V1hQ5tvsWfEqm1wwJZvt4,2.4133270228607415
4klWVvddYrsMSlHEnyzCxl,2.414964642901683
2NjO4HctLdKKD2tH9ff8hx,2.414964642901683
4V5gSsDxNzhDz9RU6dw9AK,2.437069937535924
6xhI8uPYiAH9PIZqjqQYnx,2.4411384525440223
3s9jQRTJehn1nCm3OUtrhy,2.4671866113393737
7oh4w9MTAb25HD7Fo52mO8,2.4727478100502966
0mzdb9UGlba92FXj9c8Jlf,2.4776628651265713
31sh5OOqmuPz8RhgtokS7T,2.481697681299133
5PxFv9yJEg9dxvbZggykro,2.495300261852573
4qZ1YmlzFpCjsICmiFsTbE,2.5023529648409455
3UqDEA89Ei9GHI19qHkhVj,2.502633940954031
5twZyZNgIv3kJ8iKUONrF8,2.504417198086827
2X7NOmEz66vvb8kaGbZoFj,2.5078462483339563
