,07kBp5VuebubsozpQd3nyK
07kBp5VuebubsozpQd3nyK,0.0
7nMBhRR09ugqN4SkH8L6pg,1.5229066037532157
6alAtrQeBUsWbWMySSJW69,1.5833579237332762
4y78bEIRTzNe2RbGAnX8zU,1.682196911575774
39CyGKIFqMzSuynOR8uilD,1.704768536014525
7wG1H4LEtWYhY2eueCwPhn,1.7240562356225944
2LMkwUfqC6S6s6qDVlEuzV,1.7294302153274552
7Bl5Fqa2g1UFs2O1VJiKhb,1.7304192535963157
2wegPppAY5NVEZkQ26HmPo,1.7376160945473096
2UIpBt74IpnaIIzPqRTy7A,1.7422048918989106
1DKdfXVo7rk7F0G7J87Cm3,1.7427404635321821
1cSp83lqmTtPmJ0IhGmbLV,1.746301802648704
2DS4xpPos8uCYNO7zdxkPH,1.777159531091245
2Nq9T0nShSmuBggNE1ZK19,1.7817475357246078
3vNFsxBbA4dPkymPF5Jm1b,1.783673421215843
7hJbnSihbw3zrGE0bzYWcX,1.7856566725451462
4L3qlrNGnTKvJoNMsb0675,1.786598842875323
5pAWVctic0ClLM714mmqAI,1.7983573031387092
371H6HjS4SXGbQ9IVfFUIL,1.8048281499474472
27teiR4hpiFzsWnstV4Ad9,1.8101794102539228
667ZLHBPPTYrs0D2kYI79e,1.8140000324896464
