,07M76e7IXxYdnC1BBiJxEX
07M76e7IXxYdnC1BBiJxEX,0.0
0526DaOuV7mRlPKxhMSJKw,2.2687244694199373
49PVaqTTK6qn8Ku5BIR8Gt,2.2898554375655755
6hRvm4OG6ccy30ot1FDqlK,2.3166916070883414
3yapR7DctB2WtbmXkHHviC,2.3207830127920124
0WYH592ttkhg3wch4a4Xvk,2.33357447229302
1p45qc4SXQViV8LN53kgmK,2.3338208410114234
0tlfXooBX4p8Qv8ED6GT6Y,2.3380305883964834
2CXP6T1s7btzDE2ftTJJ9g,2.37366700552665
1JphIJINWC3tORxOIKlmg4,2.3744218985859677
4Zl1Yfz652xBUicSY05gHf,2.3773581794036525
6qVwzCWDC6Kiatl7v2it7D,2.3823739833906403
3JdhezcWhubyMLsyRjimAl,2.388472317234764
3F7Kz8rY3QcLaUdpEYRbpK,2.392629859883376
2g05nSa5RfTZ6gIsuWVzct,2.3968798182062905
4ogTBV5SVvA6SKGgijXW2L,2.3973493633186136
3ojeDvIaFtqjKzgy8U0oA0,2.409193857547851
3lHLjAIId4Vl27OY49pkJE,2.423063590341975
4BV9SrdzikztIBOi2dVAtL,2.4230892320986928
7we1R3muLWAk9oMcw5Ry0W,2.4268891159429598
7FxzgizJRGTQ3fxUqfvljg,2.4271826939992573
