,07mKNZh1IbiERVivfJP5gB
07mKNZh1IbiERVivfJP5gB,0.0
6t0c7t14prrgAZ0yLXMlrv,2.066831178406513
0KECv8mFxxqB5SOgEVh65U,2.184564466832724
3wyrAqvuBzF3iCRzKkiTS5,2.190374938306997
6wPohGCdXTVLlZd57t7f0G,2.2068481725736264
0E4UBpsUOZ6Ic4SCxrXz1L,2.245127697829411
51Fy2Y20yZjaL3ffarnW2M,2.248813110400065
6zT36vy0KSwsPlHEFhmtJq,2.252498363762752
5GUYJTQap5F3RDQiCOJhrS,2.2707017460746246
3V2usH0jVuq362DDHxitur,2.2754522499887284
6Hx6xQJyY2mFqQNg1gWjbH,2.287152413832361
4BV9SrdzikztIBOi2dVAtL,2.2904245120459157
3ZMsp3NuUgAqXc5nZ9VnVb,2.307425908861044
7qWUrTYMUIJOkAdy5x8mtb,2.316981857831069
76p5f94LHvCUYznIVzN2HJ,2.331674035963669
3NK28cXAkO5JIM7YOiCQAx,2.331861414347836
5YLuXKsZ02FNK9MyaKi9Uw,2.3359934011849406
7D60dtGYGLJJPmjO7tIqdh,2.3372678747938544
5tXKUlGgXbUkr3cyT1ivWn,2.3414146647269667
5xuhyWjrLJlPkklkoIOpHp,2.3420952933005665
3EgJiZO0htv3dW0MivkyPh,2.3423420116880624
