,07nH4ifBxUB4lZcsf44Brn
07nH4ifBxUB4lZcsf44Brn,0.0
7uNg5ObaQ0PIRVjVRqJ7bG,1.116218723690005
4EbkpSxyWfJcpqzO2MzPz7,1.6545281325891275
0BPWY79wNehGVARtwJawYV,1.6670564956125216
0rlzGuEgluLExBK7C1F6pb,1.6869422456574965
6y0tDMrNysXshULtc6a5tS,1.7114086946747893
7AnpOEcpdtJOu5jlW017lv,1.7183681566344364
6HYpWh15ii8637AQbJdNbs,1.7413963907363506
7a4mTLsXkBfRrakiKQVCTQ,1.7566638271140995
58NE0639huS0DWQAEKXsB8,1.7864792053122789
3WxmlTZ85sCYFnuIXmUAEe,1.791036261482046
20F0eLQPAPJGiHNoUZyQ6D,1.7961956038311524
6baGTtDakSNvUfW3FJd8yX,1.809919081233734
4uQcu4YZSma1ZA8OUazmW9,1.8296139425560618
5eyTC5GZzpzlN7YRO9AoPf,1.836225066539927
493rl5ffrRvS5uPbRfwVFh,1.8364968241491877
15k2nBQJ0teDmPZHrOXL2N,1.850497610278895
1ngqzBOOjZHyHvZSqNqUDj,1.8551170740723113
35rv3kIRIJzk5KX88QBBwg,1.8569752177458754
5bRQLbNUqL8jx07dal6JHZ,1.8615151846801428
6ITJjNgTcFtoYmC4xfDDRY,1.8623932792061324
