,07NxDD1iKCHbAldceD7QLP
07NxDD1iKCHbAldceD7QLP,0.0
4MMAuvuMsZIcBXdsgR7uQG,2.1301802948825346
7dhyG5sdLYlvR7uwDKa1fH,2.1615174367972245
1Km0EwfnZXSgNEZXphorwg,2.2833993590119355
3PFWxU3CYEQ2Dfaao5LKg1,2.2911717950762545
1lVxqyb7ClAP1IjeE50XD8,2.2961333743298935
2pkL5uXoGAF4ZIJMT0ABLx,2.303497252740366
1bAvtmTl0F9loyz9AwPwp7,2.332645214294113
5OmTso3gFBvJ7LtkNT0Vny,2.3327441052449487
62jN5Ky97gXVoT214SsUea,2.3542542326257383
0Gm6yW9dqvWhBO8DQDiLHs,2.3559639915760027
72C7aUQECOhNtnD0AC36ua,2.3596944348071687
5vnpANH92iEajvGwE2oQ6r,2.3600512192677146
5VA4Ispp52EA1sOqzMz3Av,2.374079918083611
6Euy9FOI8qtbekN57TQ861,2.4038284319881016
6rFEVI8GSrjXBHx73Kllwz,2.4152715148875816
3iFYuSmn6o6TZXtK8eu2wq,2.417839611161163
56ZNDzfWItLZiRa5HIlZLZ,2.418101757141673
3zmn4Ot71BmDswutx83lAW,2.425176793469952
1XJ93XskwJf7PCyIVLbNBt,2.4286865987403954
4ld9QYEpwDD3m8gGfUn19Z,2.4306161210658797
