,07oL9qivaClyMYIz8Ekubj
07oL9qivaClyMYIz8Ekubj,0.0
600VS08hBDKkPt2vK9hfD3,1.8502728605982033
5ydoRCPqb6oXxVEtPFo9Ep,1.9286437891478339
5hay4BEpxXcd0XACpnzbyE,1.9495044688763803
0SDSTL6ps2ok2odfJozdxP,1.950677995224269
7CE8PsswZIpA4MIwpRC7R3,1.9587307880481575
443mys5890w6L7hGLgmL2w,1.9801259589647715
0IWfRXJEnUXzwk5eeYTAHu,1.983646096895755
1pN5zCencNXUz91ei7SD6u,1.9898222712652418
5cY6EvYR5dO3JbnzNO8A9f,1.9965112901381632
42w7pX3r1TpLR0i55Ek5ND,1.9977796292966588
0KNXlrwAqpl8dSHzbKiRzn,2.002043198415458
4VBQk1oUfc3hW7ZNYdErtQ,2.0053905360052338
2w8WHHMi18DmQl1cHZAVFA,2.011226054596722
1k1WULisPoF5aWkS6l0GAn,2.0213000709030853
0EftP1nY8Mklt77hAMMMug,2.025378854215439
5raZrp6kafrmhNuYMGcUoM,2.0276613274061153
0m0wIstKaxjXQ6NqOHc76P,2.032872123801161
5jVjKCGYUvnikPZJ4BQuVD,2.0363138749131457
6u38x61qv7JBIJD4dqztmm,2.0383569697629538
3setQxCpVJpNVSnFaNwtfz,2.051289370524175
