,07oRM1c6VtzDpxjTn8w6Hm
07oRM1c6VtzDpxjTn8w6Hm,0.0
7LmcqvYgXlsMiPsxlMg3Lw,1.9604205126423675
68trMAaEDPEUAijiOku96U,2.0649959941267384
606ZDAzIu50u5g3G5qBUfI,2.0681750822649
3koOoLN69AAiw5JCQNaZMe,2.076800464162492
1wkHhcUnVOMhLtA79dQaQx,2.084887247343442
4ztOvDy11eYOx1eBTWv6vj,2.089709171558233
4Ce37cRWvM1vIGGynKcs22,2.096308964304636
0Rk28UmIFyVI5quXIl9xJc,2.104261164046082
1ZhbaVyheprCfXBpt6yY0p,2.1253432386980564
58NE0639huS0DWQAEKXsB8,2.1264585139944554
7eoA9byuYyVgOHPTzWsfrG,2.131400471156249
3fJ2gS2uZiUx6cuNXktj1Y,2.1383463141973698
1LzmZWMpiPqeEIvaYCzO3Z,2.1475405291679968
3DCqtMFJtMHMVXSbZTcSjZ,2.161584847221189
4aebBr4JAihzJQR0CiIZJv,2.1755404900638706
4ld9QYEpwDD3m8gGfUn19Z,2.177788039128606
2oq2dbjW3sxOY0BscMWd7Q,2.185514814591942
5LABCxgmP7DATATIJXOh6n,2.190203723661059
7xmwLmkoWpghkq8jyEhtbx,2.192501125626058
0BPWY79wNehGVARtwJawYV,2.193820807132452
