,07QFbVxz2Ycgby6e5Ft2IS
07QFbVxz2Ycgby6e5Ft2IS,0.0
7hTj4BiAUI2Y65vAyq4j0t,1.8805875154430904
5rKb6l02IplvF9I0sJI9Lj,2.0326220404874533
4tQcyj5488alHT1ZgFduzn,2.096824629622235
2PESSRrfGBuDrJ1I7rm8dc,2.3061677710013857
55OSEbxqFsETKgTcFlu420,2.4587618178585218
0CnlGvfNM09rtLvN9Ojvd5,2.468873973752177
4zD9OOsl1Hz4g0P8zDZp9R,2.470486577645356
0nJW01T7XtvILxQgC5J7Wh,2.4752085683256264
7k9rcsOLrZBzxIL4cyAipZ,2.478896092452687
71RbfX7M0i6ueXWB8wdoi4,2.4800971512037284
0vCDPTin4a9GW0WqPNxojF,2.487175582433024
1x6jHJGczTBitBy06hIWgx,2.5397491423828122
7Kpe5xYYkGWm4cy8jOwKOy,2.5540051549402754
0wBiCC2guCyFRF5zAAQvGh,2.559206689126977
5v8aEcHcaJIGYpfVVPtJjI,2.592057353510846
0KZuclyLol5tHbst9sNFnk,2.592194719930569
38vWitG4mC3uvCN383iMW7,2.5925509462017904
6NbM4HEjBUPJEqzogEckHb,2.596562536276335
6588w3GdDxmdtLMLuwf1tO,2.60526450593151
3yapR7DctB2WtbmXkHHviC,2.608092223225299
