,07VBqWH6NG8L2ad3l84UKk
07VBqWH6NG8L2ad3l84UKk,0.0
3yapR7DctB2WtbmXkHHviC,1.89549559103847
3adVVrcE2KS26OL4rYd27O,1.9301558119561346
1WT11QmhZutciEv1NsHt1R,1.9631454216678004
79d2OA4Sj4nfw0vk8EV82D,1.98485240260815
5tO6NJy588hF0zgTCXxKkz,1.986661498744982
1PGrlexMIHKwInhS6eH08H,2.001130820146665
1nCDhziXMwxIn3K4gV09xr,2.024884180310157
2LwoB7dTa3B39a1r6Dnduj,2.0273145626799534
7LqPbpF0tmGOkBBmXKmfI8,2.040660582923365
3iVcZ5G6tvkXZkZKlMpIUs,2.0474241129081494
2kH3RZN9KdGBj1c1jL3GjO,2.047934482886247
6DVdPhPZLyKerEivsLbQHM,2.0508685573034082
5J6CXHvsfRGyyCnQZmVPoE,2.0528113488144824
7xY0PmdnNFCZm75FfKqAVX,2.056353631779951
6IZvVAP7VPPnsGX6bvgkqg,2.0608694640700427
5OYQe6ZOXoFBDszbTcLrZr,2.062149915881965
3rMsX63C0IZVnOT5LGYoTH,2.0771128106152235
2UZnIwxcMv4lYjeNYoHjJD,2.0809697473335764
30Zcjs7pgEkmJA1lEbGSWT,2.122145482106989
1nGoy0cEj0extAwXYNYTWd,2.122445328006408
