,07vkqVkprUh8XL7Kz1CJ5Z
07vkqVkprUh8XL7Kz1CJ5Z,0.0
4Rj7yxol0xCYP2oHS4ZEGo,2.2171117888514824
3b5LW3nS3WFQyS1e8ajGJN,2.2724941131935177
67cdrrKC32SfLTcYMPDfcK,2.4222163915030985
3LbwGWu91AtYd7TvQofFJG,2.459574673814166
4afybevaPqYGpqy0zx7GTF,2.4603959970625557
5RpHnFJ4gd6GD5e5kWbclq,2.4833256216381563
7c010UJj6NGc5QcM8EaIt3,2.5018256488077943
6HA8olm49jcMjjhCn5KTFB,2.5404353968156563
4vDraM4GOsjwzNLnKTJNlW,2.55265839384633
7wj1Lb5ggzMWJ9TqZJ2dwo,2.555353059509053
52OTQanye10mWvSX3R5O62,2.561751823713889
6PrwWG8p6wFM6RYw0WVwyb,2.5647752967627038
6CFbjzYbRTvCvGUZm6UYH7,2.565728614144929
0QnQZOelJIQEWC9Tt7syOf,2.581084464507493
7ntxPuQRnT21fv6SuLFofs,2.582512130345468
49PuPc7vsgnkzMpF0Hzfeq,2.5907383727285045
1IR20KDogt3ZIEr1W7YxVR,2.591287489166402
5KsVtf2yaOmlahB6iYLbLJ,2.5967220653996317
5776LqwiAk5PQEXSw8v4Pa,2.6045938763514584
5d5C6T0WyNaYmN9rrE3AOa,2.6079438986032826
