,07Wqp9LcTwzdIyuI0twXjx
07Wqp9LcTwzdIyuI0twXjx,0.0
0QH13JfTeZ5wX7VIzow1PL,1.96889969482577
5VOCNmhLyo0goDbA2DMAGs,2.0596908359321913
321E6yRzkFVg4r4Bk4khz2,2.0601500845774194
6Kpun0iJ1LyJIeVcSBqnr2,2.112197365804037
6X29iaaazwho3ab7GNue5r,2.1411253095425393
6e40mgJiCid5HRAGrbpGA6,2.145543806861193
6QdnKD1zwEgyOWtkrdzlOF,2.201479319158622
6n7fTFRXypJ23HlhDz3qpf,2.212561194190842
6HojDglE8E3EA7SbTLE8VF,2.2433668495764967
5t3Vk8bRKylx4fjj7qlbib,2.2587125765828087
038dB4x8tAfC8EGzyYMD8n,2.2749506286351173
4DWFSrNnZXow1aB96gByho,2.2758466308527656
4tAqWkqjX9bRSUpNcYviVf,2.2767073128629782
4nAXbUb7LDQimB3vhImSgj,2.2785549938463396
4L1MrFFkGrs5Mxkj7Xamti,2.288239311746445
60QB81goFQieUq28DZEDZP,2.297853163541145
0viYjDDmk8SJgOD73Mk5sp,2.2982157801688343
0yyyapBjZ9Ek1vcpp3e9bj,2.310364178015241
7uT52IUsaQ7fDq0KfS7V7G,2.319772902624772
3W2QKq6ks7QInnM9j4pOBt,2.33555465487478
