,07XqKYEffHFWU8Imse7Eel
07XqKYEffHFWU8Imse7Eel,0.0
6D2ZD1yIFU1c1R7GdHsrtD,1.9118956778638798
6VooVlouWbmVMLGKiVDlVg,1.9176298613919716
48s4feNgV243gbAGTTBIrc,1.9369882513423735
5KnIWvmNUtUjaetWvLqpTa,1.9508445833042518
2cdMeMq02C8OYHcMqm1OW5,1.9804826279891479
5cY6EvYR5dO3JbnzNO8A9f,1.9923225951081402
0BPWY79wNehGVARtwJawYV,1.9949426957129444
3d7xudepZrtQCs3IdfZqJH,2.011710666707705
1UiFsQD9bazBBuTh8XU1Ol,2.0299917801143232
3bzf0pu3BxYH1fy87AkwQL,2.038994808487719
5zO14TOQlaRI4t2zp2TIFw,2.0474006455180858
7qEKqBCD2vE5vIBsrUitpD,2.049101026480156
2LA4v20vokK9Uaj7WEEMaf,2.0614965782341983
2TezZTKVASPv5htyXo5G4T,2.066090194137089
0To5xGI3oTXYD20z7pCQ0n,2.07877327561058
6SDFgjxYfe98XXUJRsObHN,2.082610863380542
7lLbE90f0JwqowKNSlBxYD,2.0963091367216475
6N5ruusDFjQPYvCka8ejwP,2.098559901312527
02yHEEVqz8UkPn0uyi36Ro,2.100047653266414
2Ua5Nq3gQRPAJqnK8Nb8AQ,2.101679801703993
