,07YlTLGFG2LsTkqGFwY5jC
07YlTLGFG2LsTkqGFwY5jC,0.0
4GkkxswcdEt1tkSyiRzgnC,2.10362803276417
6vB49BJ70zBpDrrAPwdaB8,2.1105962274928554
5ZSIExfQuVv69tw5Qw3yDl,2.1755138768341435
7jQXN58DcQ1tWKhEYeUwT0,2.185296107408695
26URbmR1pY1Fy5ZYdH2bi3,2.2030567123459726
6Zm6fxOVPzyArjrNPx9LRe,2.20739138289451
0GR7iJLhj80KD5LkA14ZRn,2.225844863476529
6KlVxwMX2pepWM9RkIYQvu,2.2302532057463402
6pRkwu4Pt9d7Ki6g4ppOYj,2.2373643500953726
2xBfOUdiRafSWGqTj4yToU,2.2394844554738937
2Y3zcR4Zk0XyNtscjr7qvN,2.2518569181737607
7FjxdLxJkOV5cHOrttx5Ft,2.2742861340586518
6XDFllpzmvRaYiTbcv4IB7,2.27786987621206
3ytFAEqtuwlh0xRBz0npqs,2.2788146007853123
3U21A07gAloCc4P7J8rxcn,2.2938570354777785
7eBqSVxrzQZtK2mmgRG6lC,2.2978969675248977
2Zy7XVdxyZQB8xp5xbpJdl,2.2990580110373275
1DJY8zj0Cbglv1kMjDivke,2.303254562785829
7uEnKeJvIa2fxwVBL5IIJk,2.30735446932418
64wdPpi4OeCQF4W2oMZ9Wt,2.3425868608593623
