,089ATDjhpyI2HV4nPvflUp
089ATDjhpyI2HV4nPvflUp,0.0
0Jk5H6CbhPPqVcBMv3r2GC,1.6210057626704941
0HVzIz7N0OMXQ5sSxpbeu3,1.747001463145831
1zqeHNu8GrCQp8FequFpWI,1.7873482084338685
1ZnA4VYOlYIShuGt60LmCs,1.8164992765939239
2JUqYobT8NvARdPmc4ES2x,1.8187853358038808
3VRU7TSes3mBzp749xDU3V,1.8191408374828786
0cNnTmu6UMP81Zo6361fDg,1.8367653684324448
799Z65iUG7NuYzwFeO7bfs,1.8430965779679318
7cAx1FqlYHRoxJmnNNjbnI,1.89139700283971
3EwQuOcTRtLRgcYPwGnLM9,1.8929623738173786
03b9zENbNuruQGuVChsSgo,1.8934075745364605
44BqGK2DzmzwtfLcWDqKNf,1.8991973547443095
5dBeBQpoaC72ZhM4qDEWU1,1.899694478065086
3Ymr7QiCcj0bn0K0fWfrfD,1.9119060805938233
0SQ01l2Il8Q1c6KeQeVDst,1.9137865360472015
6jIeGEoTMWBKHkV07dYKQB,1.9194126402751028
4XcNoJ4W4Qa4uuqxa2KRsm,1.9196941488434327
051NZ3rr3HXTULCEySJRX3,1.9205509618692067
1P17dC1amhFzptugyAO7Il,1.9208237059227302
5k6ioThKIxeklkIt3MNJjC,1.9283358692112895
