,08F1hB8rUYtIjz3HphmXEQ
08F1hB8rUYtIjz3HphmXEQ,0.0
4qK1wkHWFM6hyFKo0SaAra,1.5263914220180512
70ivWyLvP8Yg39wBM65dTf,1.5726235384736837
0FRCItQsKhyIge8dB6v81o,1.6448807626384223
4729mQSaNhJXDoecLf6sKP,1.6755759628875657
1BnJGRM23RWirvx7kpL6Sp,1.6901810972976554
3xSb5MTmxUaYCbjW22PTFH,1.7043669413318514
7lMwZhbLJfgXqc5KWboGwp,1.7212519470113599
2aR4gdgyCgacqHGqUZ91YS,1.723837605747054
4JfvRO1zItKFkTXZSF1eDq,1.7296071656483263
06aiCjSnK0XXBEERhduZWZ,1.7368236539452302
1I3ZAmPmbFV78oNKnibOiW,1.7382703664968422
7uU8ZVUS4UmnbNWBWwFrU0,1.7495063324421154
1WlU4jsJ8AoTB96dgd8LJA,1.7538535427813589
4pmj9SzZsfzaMJOCBJsnfW,1.7582423353835415
2uaJbCMrHnzEi1NofTr9ve,1.7622801539176867
5R2pz8i4k4bvRAqiIFXzKz,1.7702263315771807
7uKSil5r7uHexnM9lukPTc,1.7711570768957763
2YXEUNdnNLtFuf5gi3LnWm,1.795667772032381
4dht6ktEVkZPXYDAEy0DEt,1.8080430750042487
0F7FlaQBiyNkV8iakTocsW,1.822391735630202
