,08I8cfO2onu89i07q8wvL6
08I8cfO2onu89i07q8wvL6,0.0
7iDa6hUg2VgEL1o1HjmfBn,2.2554982326931947
33bwyWUpCdtKO7ucePCS7S,2.2926784932981374
5qrSlOut2rNAWv3ubArkNy,2.312651858170343
0u2lumqwdITUiJFZuygCYL,2.328522546447308
2Ch7LmS7r2Gy2kc64wv3Bz,2.3429061371441327
7aiDY3Y45YNXiR7MPeOpgZ,2.350609822252588
2cKovq3l6OJjhVVDbVKOsr,2.352705595837378
2IssBpPtHcViZL5vYQNHhA,2.368408888923912
024VOzOBCmiBeMZQHNVXUW,2.373606690549556
6465KnsDLxiKq3mNPxXF41,2.373606690549556
6D43oUO6nImERk2psfXdNY,2.383895124314188
03ensJD4vIcC4qFSqJfEOG,2.3944646652036887
1h3B96lx4lywr9nddimP8d,2.4033704236989823
5IklCIP5ImjFG3VoykD09A,2.4056651436961602
7u6DMPznGbpziuEgCE0JGQ,2.4057799635154393
4KntGCqjurOyGU2BTpracG,2.4151356510642725
1jRHh8JcdUV9zTiAmyzhU9,2.425134622949294
1YNJ7wqoAwwKWxhP3R1Nhj,2.4524673860619024
1UAXlOxY1NXiJpP2sEK102,2.4598309094024127
7G41SWTexIdCJgbpLlNq4E,2.4637359475358025
