,08m9YbSgast8MMG9DrUguL
08m9YbSgast8MMG9DrUguL,0.0
3P8zrkBArAfdjFJxPtZRUO,1.53737400764962
4obcumgYmPElDTZNWzvLTs,1.7021934017726557
4jmADw2rRriDjzSruTySZ7,1.7039867000101225
1FtCIt8zecbYf4mKvqJ029,1.7078552702642318
7Bl5Fqa2g1UFs2O1VJiKhb,1.7293781994147128
4prEPl61C8qZpeo3IkYSMl,1.7597258931536197
45n7uujqwmMyBMjBu9SwRu,1.768447317724074
5F5Gr7sgJQP2Mxfi5Ui9bR,1.772577179114148
239HVAXMghTUXdJVsAiwSa,1.7810843233428115
1XpHb15l73j6lMVnezf7bP,1.7902774427933492
61yqjD6DUuFNyylhDuhswl,1.791868255001638
4kCEgmt97j9AiSUUpUsw7x,1.804346994643381
6r3tsJ746xXDzVVsWahGvD,1.810923799920566
75ZOpHTdeAfbCKZMLcUaVp,1.8173605214586204
2bTQ7ylVpZgvCXCWyJUiZ8,1.8207979482055334
2crpmiIJiV6JDOw0acn06X,1.8288144638598263
5YT7scIAh2PHSDlrv3LzJu,1.829244924820877
4cdSdpRnGCXnwxjmHN2nb5,1.834859539738053
6kK1tvN0YOoUnRFM1NSjsL,1.8356674849070929
4cSbZ9ZlgMSpdzQ9cTWZN8,1.836291056950752
