,08mnebY2jh7acSbDb2YCn1
08mnebY2jh7acSbDb2YCn1,0.0
5l1WXQ7UZ6SwXoPvvG7fPc,0.7757327909628722
5LudsNWmB3LFwx4YMHWysA,0.9006420972553931
6GvXJZ8EQuUWzthpPFLr6f,0.9028997601839065
6Cy1nXh9Dtc5Po0ss3ztKX,0.9033598900666643
3aLVNUO5nZ8K7Ch7q1Xhz8,0.9220572115671619
4BH5hK3lKiL2oatCHOWEak,0.9387434489310741
6CbOohD6jDqDX6ur8kdmoG,0.9520324949240183
1ehqvjaXeISQUcgsnzdzWM,0.9542372121682161
7zJYcHUkQ8acslramupHgv,0.9704100662621783
2ieEE7mA0H69hHbFvdgP4s,0.9838031118486945
0gsDBm94QELEJAcGS59f1b,0.9939662071607744
0zVgYcmqv7MzxJZ2Bvx60W,0.9978017042323074
37XhdqmvLoSs26RvClwN9X,1.0101408429195102
7mVj1R3omIBoyFaMDV0fG4,1.0104241651039259
0uV5lCaTMaJ7eAFr6LlITy,1.0117085060237496
78R2j3ziLaznbWEbiPIVqe,1.0132600480074587
4tOmFSoQA9ji8lTxAbbvq1,1.0141745966262004
2rsswxxShjBqoEj7dbr4Sb,1.0199612390143322
5DjqMJjTimzQedYq6Bn8Q0,1.0201392876066768
5D3BJ4ZJ2zcK5ACxOOseQ7,1.0207306139903598
