,08r5ou7k9ZaLiHN8TX5RWo
08r5ou7k9ZaLiHN8TX5RWo,0.0
0aSgzAUObtmSSwh1yO6shv,1.5468991863018442
4CO8s7CeEwoFkQ6zWGC520,1.6266235536792466
6JwpKFSRQu18Do9rK5tAbU,1.6277878773621006
39KG4kom3enSx4GTThuDGt,1.6303880277635985
7CiEBRYU9Yv6MD1TPZQpWj,1.65022072818222
1ncRLWYXmx5IRrWUk5nQsq,1.6577487962065214
6zQ1OjnGS4GiEOHje3tDX3,1.6768080990842156
2AVKdkpd51Kn2otAkICBWJ,1.6897376826245472
67CY1sdwFSvQQLcEajOj6C,1.7028192507470317
7i9763l5SSfOnqZ35VOcfy,1.7028192507470317
7E5PRdbZq6m5PcKskAhPJV,1.7059619379450575
3qcLhrLDQgsUwzP05ZNl7j,1.7077040675084083
3ZhMxNCJcoYBj2wrO4VU3l,1.7304412159335119
0jtTK6XjYj2L3Ge6jyK2sr,1.7321162079408052
065A351KSiExHB16Xca4L0,1.7369308189363752
2NhhaRX38TZvLlF3OY5uR1,1.7433085205500063
4N2yjWLIxZjOXDrCu2VlJe,1.7496353645291485
493rl5ffrRvS5uPbRfwVFh,1.7505995548623852
01WZpX9Ss7ZexSFX6ntYeO,1.752591999791019
1RZsDV5GVR6Fa7Twc7A8uS,1.758048447836996
