,08SUPmbUythjIMsfycSS8b
08SUPmbUythjIMsfycSS8b,0.0
0fqsKxf7u2jYxTwf06DnUg,1.684370056360744
7EPEScwJEKuC0H0JZATzst,1.7213729049359427
2gZUPNdnz5Y45eiGxpHGSc,1.74861604120793
6UFeA6103PHhOZRfe2WtJU,1.761189177913133
77hmyDdKIn5JmAJmWp6264,1.7669178939696153
6V6goat94tTJOWXXKZstNX,1.783272766460742
6OvZj0uGdyYABAGcWzjmt8,1.8151833461627358
7HGPfh03qkRGjpQjWNnmvN,1.8448465339374234
6uhqrrrgiOrWL2jNoc2KV3,1.8489019639781368
2AyFYSaJjz9XMc0kMr1R3a,1.8584893717752609
6Vecwo7AHst9V2CE3kmwr0,1.8786893541220517
6QSmeY9pNWnE0fAUrXmYC7,1.88192210074931
5Kuw0zF0A3nOSgwu8XLBsY,1.8922669743674292
7BdW2EOVrjzaygWj7alZIu,1.9012628224298265
7t8229E3fBwp12ZpqK2BgJ,1.9043214096938903
6K6kKT5JD8fpV3erVAvpY7,1.9167093836817923
00AlGnzeNVYmilww5OFUw8,1.9264965094996593
5LdU5QXcJflSt7KP5o2yWt,1.928265090196989
429wX8UGtVFTtR9vy77CAk,1.9283190970450972
6hxSBMLiIMlWEoHKad8NFj,1.9301015569702014
