,08WgHqQRAvNB7vuARNS2Sr
08WgHqQRAvNB7vuARNS2Sr,0.0
6vyrtDWKsWjKRjIxxg24QJ,1.779460799557863
7u8Vq4WcQLO256TI8DybBj,1.8280979212896635
1s9Mv9c8QnTJO5fqF7oNu6,1.8295863363325704
7Drdm9gDbpPJa8NBnsqrMT,1.8441773367184802
48s4feNgV243gbAGTTBIrc,1.8684170457607319
7DwqzWCSdLEYvzqU30Pd4L,1.8797790739399842
6LEre6jKaLhumIw1MW9p8r,1.8880561646355873
65njIUOttrk8Q6XRlLP4Mw,1.9030195438315218
3adfvQ7X2bma9IKIvaRFSp,1.910322126408203
3kQex0LvtpNc81E9Ezjz3S,1.9283330962157028
1ubkGTsBajN5HtArVEKMk7,1.9311923170008338
6tljpHxh2KUFUbbpyUbmvw,1.936779095422036
7CE8PsswZIpA4MIwpRC7R3,1.9427007445572029
6kKtV12sxdJy28Zwr4DHDB,1.9451708868984596
5x7dU3Eq7vWRNrgCPnpctF,1.9466040955071948
20F0eLQPAPJGiHNoUZyQ6D,1.9533010557772121
0d1xpRXVKdQxZ6NsWWh1uG,1.9538927706935898
1xJLgZ7sHoDSXaA9l9blIl,1.956476307834481
59SW7roE9fhRn7vCE3fNii,1.9589717554678476
768RawbMvID5MrxZEjznHx,1.9604050409226113
