,08yQKbxPpMxw1pMI2Zl4A2
08yQKbxPpMxw1pMI2Zl4A2,0.0
7E339745KbmtB3rlktfX49,1.9926978409037
569sXXQ7t0jSdqHooi2yqs,2.185980572086231
4OHjpHTTrTFwEt1HxHYbm4,2.2160257936569887
2oeySdF5FtALXQxYNBvq78,2.2278063638513754
5OU4QpyWfZJizBU5L4iYlQ,2.237193527443349
4BfOfgZGlQEPhEmPpGYeX0,2.2387265523902014
2Knlcf82LF6hp6Bf0gldtN,2.302755158591378
0Tn997k4OPDZaT96R1MR8r,2.315955893877104
7d91JWhcCkK3jNVGxe8rU7,2.3348965593346227
6HGDET7pNrvF8I9nBv3u4S,2.345690355744727
2mymk1FjJ4PXYdNpUINvgk,2.355330299393421
438pAGBdnW56NzXrnezJoe,2.366476325993136
7sZsf6bK0oE4UmzsTmBfsy,2.3735823241004845
4ksq3JX8I8gMXG7VdyIOnZ,2.395547916600519
4ZM5qfTryG8zVUpZYNouvr,2.402538666606707
6onGPPlA3MuXZdWqE5YBcX,2.408778769410512
5naar7XewEOAjOywIp6Jjq,2.4137020849260162
3LY2bi8MLZnAMfTnJ7vZub,2.417785569524562
5zV1ayoFVbabKpQq0Lqzrg,2.4179931879387775
59CfYZbqC6rSzlBWfwvvDw,2.423636926123128
