,08ZuYMwYKdxLrGufv125m0
08ZuYMwYKdxLrGufv125m0,0.0
2W38WksrVoQuTWSS98EhEg,1.8958386580999775
3xZMPZQYETEn4hjor3TR1A,1.937170968131847
6m82xAYcFLVjQ4kSpcZI2K,1.9647733149564583
13CYMx7z7Ts5lNMp8Rz1ZH,2.0023843237715133
0TYC36fmbYl54IqTxjdmDa,2.0060079799820336
6l2oxFqwYsLT2VRy2Hx5ri,2.047965434627677
4FCb4CUbFCMNRkI6lYc1zI,2.0501397817708664
0SluRdjccH2l4f2S4zYOCw,2.0501829069988506
2ejeiQQcxOONtMDgV2GXSu,2.0547696500555794
5xxDmgDvXpkmDxCGt0haWS,2.0635079884382037
4BQkuQf137KXMFUN825hBG,2.0648469525370317
1rUMZ0CMfgNt0GBXFnZi3S,2.076109851516902
6kIe2bKcvHPINOSbjTwkCq,2.0932151472281997
1vLGEB2FUejfODc8urOZOP,2.095186513964055
4wWF9CU6X4RJCBlTxzyg9y,2.1057952934799773
0FjFLyGP4WSwWuaGFXnKHa,2.126281355952098
2K1zp0p7PVmrBUQu6evtfe,2.134671499887194
5zaDOajG0eKIKSqUZsQvJS,2.139523387828751
5K7RDuh2JihPUScuOB76Sq,2.1396440165357533
3IHpL4jl0jL4oUepeidOpY,2.144559633433445
