,095ZQYDDcEW3gHBE5rg4LE
095ZQYDDcEW3gHBE5rg4LE,0.0
7lRkkSze0fatXdpMMS4bQG,0.8190794804282601
5FtTFPeaWD0AWq2nPLl9ff,0.8660853186631899
199hoEsVx2v47VyR60Wkb8,0.9084007440672275
2mmimdTg0RnP7fFxTa7Nel,0.9188840582516878
7m5acB7TGGsTjoUzjNwtlY,0.9443077358961305
1PQhvXN7EepkLAjMvs5P6x,0.9533439162107245
48NdPcIvE5x666kAE6NwKF,0.9589241448108656
2QzcGgvlI4HPQ5bwHexvCG,0.9793339643094812
6ZcptSWYkxZd4vOMw4otYw,0.9928858264336999
76RGBJysh9CZEevPJnW8JT,1.014280285535233
5KDffO7WzM7G3Jb5hHe7Be,1.0193700340330476
2gcFxa6RuVchIYm5cd3cxx,1.0286977553849417
0FgXHZQ5e6EVLt2LUHKXSv,1.0375025879421123
0eF801IbnGoiHMlGjaLlZ0,1.0410444204323268
42926g9AbfriQ3TO8mV5tn,1.0662819931398098
4hpfxnJm4iZXqHWSrtQQDE,1.0671303550669928
41FGlhYqpuJLQ6AGQFlSa5,1.077300548737963
5hVuDIyOW3Ub5KFLthGCHL,1.1126273359866719
2lfTg7dtS3C1fQl9i4ZBJw,1.1190352279183107
7bidE1jPbUyAdFowyy9Sjm,1.1408670528773674
