,098KHkooQ95mfdtdUJrRut
098KHkooQ95mfdtdUJrRut,0.0
52K4Nl7eVNqUpUeJeWJlwT,2.1284848595242796
79fSGcz8VaLDOzxIbj6ux0,2.259050063963999
3CqT68zWwvcrY22UkhD67V,2.3194825439483084
6oi2ajtngL2mnV1Mxi0pN0,2.338974386972861
57WY4jiOHZkjDK1P9BK20m,2.356695477809668
3lwQpz9k4qPDGBzBfbuPaw,2.356695477809668
30qvRMGbQrLXq3FTsXjEfQ,2.3889075785244973
1AWQoqb9bSvzTjaLralEkT,2.40886340839294
7jbIwfAQn5n8Pray78dGQp,2.4100943264369095
1MY1qcKe1BUYPCZ1U7sDlF,2.4145375579121424
60QB81goFQieUq28DZEDZP,2.4361285243062354
4YLtrBhzjsI2LT6ybXQHeD,2.4417168087509293
3wqPinf9whHeT7y9EApaPM,2.4552883337496154
7wJXcLnvs5qSYG3vL3eeri,2.463986178151157
4pbyDPjFgfPqFTcIMC8xpK,2.4719503131121265
2ULvsEVdvPbXERrl3mGEE8,2.479798000119326
6EJiVf7U0p1BBfs0qqeb1f,2.481370751281445
5UZVxRdv8MlxgJCLEXfBPW,2.5089932656326766
60wzbPwV6EHfBTAf95rb9n,2.5093032898579293
4nyTG4faxWrcECCW8ZYvol,2.547428420502372
