,09dKenoVuQzPRQ8Anoo6we
09dKenoVuQzPRQ8Anoo6we,0.0
6dVhyvhxPdMmKVXdZrauRK,0.797417158511617
6lUsKcgJ5LXcP0UVMQ38x8,0.8028853675682621
0XCKqo9aY8M6UBSK6YeYGV,0.8203326060539093
4UwG5N2eU5EtQs9mhFLmO0,0.82140141804397
6CbOohD6jDqDX6ur8kdmoG,0.8272413176946444
0uV5lCaTMaJ7eAFr6LlITy,0.8730698684349802
7IS1gW5MZP6UcewmrduYM0,0.8820463711447399
1jj7zMBMRzvXlR6SATAFhm,0.894072240521346
1jDRuj1WTn6HeAdWx0No7T,0.9125574670849224
4Ixf6QPQ6xc8iMLWpuM4YN,0.9373613748058456
7wVA3zxbi89DJ5Jfw7fWO4,0.9461041793226544
5l1WXQ7UZ6SwXoPvvG7fPc,0.9669373256696094
7mVj1R3omIBoyFaMDV0fG4,0.9785565624973127
2FPYD747rUnfKxgNFv9vNt,0.9816592360860642
4Uqs7gS7qpRbeh16WJkEfs,0.992888161717692
6x83H7s6fVMcUFLXau9EBr,1.0052480125787535
72boGlgSwUK01n44O2tOCv,1.0062578869383285
1t67WYNfUxfOiwaz7SJ66b,1.0186304771073922
0FuigsRUH9SPy5MfhHb3TT,1.0265939521016407
0aCDtuMKIMyxrvx2AamMRk,1.033685362145429
