,09FMjUCLnkdnSBlZba6VMc
09FMjUCLnkdnSBlZba6VMc,0.0
22VdIZQfgXJea34mQxlt81,2.148967781319211
6iacLDB05P5i7uC1pSY7Wz,2.1694619876216343
1j0Rb762xxT0eccglHKsRv,2.172138335623493
6pFsKEXPXVFqusPsSFjM40,2.1725274765707066
4xFfDqhvO8Xkl60MmlvzaC,2.183905701327797
5qHcOrOMSznBWzR8Xy1WYZ,2.1895355233077236
4lH5AKFeldnkq8wRikIqWP,2.20674766885171
0DqKMbPXhUIXcgDOVmohiM,2.211418753337098
6xh6ke01Jn6or3vc9MnxyJ,2.228070181481853
0bjUuLA909ELFKmRkdRbEk,2.22952006365805
6FPQabaldvKE5cjqRfY9Os,2.2424839482242342
5CYRfPViGWqsLoypm1bX4u,2.246692639193145
3W2QKq6ks7QInnM9j4pOBt,2.2509707675257293
5SrSCFXjjn76bK13engFQr,2.2561180485662713
4zyh4qTq6kKebRBqMUALmK,2.2566149134373736
3zQGmJ4k3JeqwAjfrEcwHp,2.259486219738941
2tCPIp83mRXvVTytTAf1W4,2.270886786860535
6cYYWV5y7JThjeUsk0GDra,2.279762792219209
6W2Ef5Ph6ILTUAedoQ3QIv,2.2809363573071417
1u0MOgWF1bbylVxpJG2ZjB,2.287138235999652
