,09Hj1Gk62ejK2aJtiOBjoP
09Hj1Gk62ejK2aJtiOBjoP,0.0
7yOUQmQGqbGaEMKRa7ywbU,1.8241737869913621
0cIzLqNb6Q4ulZOcuOmPcL,1.9059363309023711
3skn2lauGk7Dx6bVIt5DVj,1.9728270047211056
0cGHpVKe23cOiXnown4yDi,2.0191881204871263
2TwPS8vPh7ffcLhee3ocjA,2.023080573804756
1LzmZWMpiPqeEIvaYCzO3Z,2.076677570372751
48jd71gnyIlLdXOYX2qJ6p,2.0796197598457105
4zKjdHoYHj0CEooWORisWQ,2.0863543503732465
1flgALzhSe4PXY06KbVDEa,2.0919143032530365
6AhlUyXpCsQgaXMOnWYQbo,2.09665336316706
6onmpB4WJxFj2oPR9vHVK9,2.105584442148651
6nC71F5rmVYA1lm1R3Dyyr,2.1316043199709616
6XQ2NE0rLoxIgMUJffnElU,2.133824376023048
3tM2DGmfgLsjKOqw5Hg71v,2.1450972928707577
2Q2Sirn5inWQd0deDoA73B,2.153902923555924
7oFLIwPHL5gLtde7ukFvsX,2.1581653461480017
7LmcqvYgXlsMiPsxlMg3Lw,2.1683180705233576
5k1HjSQUokJAqgu7dNcpVG,2.168788088444393
5RFugkM6mgmEiuuYVCiXbC,2.1730122227971207
3UaFnnUo80mv431WHEzaj9,2.1741300989137784
