,09JJY7kU531jXY90RV3M9B
09JJY7kU531jXY90RV3M9B,0.0
5SNPmbE3OcIVUlzQj9M32N,2.0021915923487827
22fNTudIjRCE0uApP4yei4,2.0122829615407243
0Eb3vRMzyOFwEsPRALgCKd,2.024745749071081
7ncn8QjIT0NLgvVJTdkAOI,2.0914098623127866
6oi2ajtngL2mnV1Mxi0pN0,2.110529074432704
2SeSSX9VmBZ00pMZp128BJ,2.1164712146799634
6rfGPGghQL7SJmZPXprXIc,2.1236972425639133
0KIUaokUSznZ7FqIYsk0Nx,2.1271897820580508
32SH4hr6mG5DIvZUQTLFCI,2.138682707607351
3rYWhEu2SOBeEFLGRTumaK,2.1444292623773533
60eAbsb4svFn3d62wfwEUe,2.145289163361069
5K59YTZ8u12zJbvrpOFLgS,2.1501708851030643
0kOgBaBHZMxtFonNgTpFOT,2.156005308511733
4t6dqSAxE5osx8Mfxa0Quz,2.1691180294676795
7LqPbpF0tmGOkBBmXKmfI8,2.1723633042978023
4tmIJTSnuvskqsPwB5RCqx,2.1910310924329996
1BZdJrCYel0jMNmKY8KkUD,2.213332825081518
45QoQEHgUCsWjFCpGlZ36e,2.218868590734646
61StHu7i44eQqIsD75jzGv,2.2200787363113506
055Fkd7sEbfGTgb2i4lv0M,2.2220166550163376
