,09Lm1APnjv02a2NteZFwqV
09Lm1APnjv02a2NteZFwqV,0.0
34oB5r0lcN3fYWCs2uA1k5,2.28318167950378
2sqzGCPCem8fiTIj71ius1,2.448872674327185
6kr7K5zl9SWAHooMnw8tN0,2.455847420378532
3XzwvIUt2Qaa3zmQLxKx1G,2.4623972085795476
0rVPrbLlFgLtJWd31gM5Cw,2.4794880707265183
01qYEGYCRYzMSNOj8idCmk,2.49343647427716
1SI84AEzKGa9KBSSxDYlYW,2.499514345333954
7d9d25CZTDsyHfTcKmaE09,2.505711685189572
49PuPc7vsgnkzMpF0Hzfeq,2.507851372099354
72kPrwYb1kR2c2AUdUyeF7,2.516641897468069
55S2PQgSMYAhgoTCcGCDfw,2.535827993573429
3wyrAqvuBzF3iCRzKkiTS5,2.536037056482658
3uqYXE3fVQdjcCmDfiSJtt,2.553914611793158
6wPohGCdXTVLlZd57t7f0G,2.556732498254401
0aHWzIvtnkG3FVcBoFQ6BG,2.557909141923094
4Xfd4BiG3N7ycFQKyVZeCJ,2.5606551286897083
3RSpK5Y0y5tl25qvssrwJ6,2.5649607686125075
4NiehSBQthimPzRsVeOgCT,2.5651901725215045
3FNhIlb1fONI20QrBa1QQK,2.5656288410075763
35dD5n2KXRsg2LF31oA9Gs,2.569716822016921
