,09mEdoA6zrmBPgTEN5qXmN
09mEdoA6zrmBPgTEN5qXmN,0.0
1fO6NNs6kMltGkPTwhvdjl,2.166636323915858
2pd1q68ypWXXUhcK1WjstN,2.1710625949037965
0OUQhRKgGSb0PPrLUuEQka,2.175380470613378
3py7gGMJaaxYcEkmqjwsaQ,2.1773325423455474
1BZdJrCYel0jMNmKY8KkUD,2.2187701014709447
2UOytD96KzsV0PyDI9uPTu,2.234372382499743
78P2cNBhbdjXWIRYuEXkV6,2.2458307833615923
6lY38FkInSA0QVHRb1PiEy,2.272358450687809
1DPz356PzDOvqvjCnQu7Lo,2.27303203204078
0258EtxjiL6jPMPcqyVSEQ,2.2757354965161176
3l4eYYvCzqd2Q37KkOBZGC,2.2867441500450196
0KECv8mFxxqB5SOgEVh65U,2.2875117902210915
2Ks9TtFe2AD6kK2GX211Ie,2.2892900517849837
31VOknKjFrEX47bZXzqcoF,2.2932133037906954
2R4O7MgIrN35QXnyLKMFVl,2.2940778242514352
2MIXhD9W7WL1Txd4Z7bU49,2.294787740023646
79d2OA4Sj4nfw0vk8EV82D,2.2981741113178282
2btnRfWqbL3NsyqQ4ABGJA,2.3014324723444197
4cVgV9EQ8rCVs2BCgtjkwa,2.3040055378221895
5oTiR0cpdjWQpZtEo6q8qL,2.304334197262991
