,09N8D0V8rZm1JEOmNYKrKr
09N8D0V8rZm1JEOmNYKrKr,0.0
6B9bgML1RCTwVEeaLvMIu4,1.8828767297618674
1JJFpHdZhIE4TgG0EZfiwp,1.9061521493029918
1nBpOzhk48RP7WNT2OOw9W,2.039489995932338
5XLOSBYkeqeoXmO3vWjyxi,2.039905232058922
0FiKvquBocc7I8dkwTUDp6,2.066302015079146
22VdIZQfgXJea34mQxlt81,2.078725432886481
5EWoUFIiguH1n2BjBoqbLf,2.099688013534465
07G5C1wAil4Mp1qjbd3eTR,2.1456190255015453
2rP8StxvWV1eqFF8MQ9e7g,2.1479370584922943
6QPKYGnAW9QozVz2dSWqRg,2.1555597240163857
3EgJiZO0htv3dW0MivkyPh,2.15846726879257
6J8SONJwAIizCJm0QhEi4Y,2.1611816308387954
31VOknKjFrEX47bZXzqcoF,2.1653922243329182
0mL0LFUwNwNRcmbC8mnlYX,2.1683983588140334
6phKkVuSzTNEriX3uciCb5,2.1830454073659324
0uQo0HbOwXdPRGlNyFqGKi,2.198557083817491
17yKOKhEsmTYha9IwjrLuG,2.199360497084523
1Km0EwfnZXSgNEZXphorwg,2.20359896748283
0YxybYQuj5YyWKT2EipBXx,2.2061588266934193
2a4iE4k1IkIswThuJ3ROsw,2.2065345426058287
