,09ss01b6DRAHBeQCVClJBS
09ss01b6DRAHBeQCVClJBS,0.0
42w7pX3r1TpLR0i55Ek5ND,2.5108535785158246
7q3XgzBhaORvTPa5wKv0OO,2.530086619806072
7ekZl2me2Fjn6ywN16cvFK,2.5351942150467797
6QlgMsuctPLl5qxpwF2PVA,2.564883336654254
0EftP1nY8Mklt77hAMMMug,2.6148413380495876
3n622hniaMFIJ6Dbf6B1WS,2.6204860775294874
0SDSTL6ps2ok2odfJozdxP,2.6248959119269255
335euTA8f7wGzHYubqZ1Cu,2.6318540508331982
2zpdPPsPJYGQ9VYRVJXfv9,2.6357753220711126
057ypklnOqBrEDieHTabSp,2.6366857880196766
6Q1eSUFYz9hrqZofVQhQ8x,2.637949940787742
6FMNd6xO41APAMR5Kqsfhi,2.6608261262693
0yzr0zrYvv5oyNoCMBFMAa,2.673890372119971
1C2QJNTmsTxCDBuIgai8QV,2.675534053672933
4ewAfHYpDTzpW1GKO44CVP,2.6756271663254476
5Qu9Kk4KQgY1ja3vSNToOb,2.6784156303879945
62nU1nMCxdD0ybzYBDJuXR,2.67940888693378
6HoSnCcw1gcOpsVMgkT2Ue,2.6837200504385095
10SriipyCjMKwsZkS9qllA,2.6918079360813323
2kky2FdWijLG4YtQdtaB8p,2.7001918398417977
