,09W50kf4FMNSKwJnkzOHml
09W50kf4FMNSKwJnkzOHml,0.0
3p7GsBXs91u6o3uv3YFg1f,1.9493949113559248
6jNmF61cYsmXVQolnmop3W,2.0261210052857637
7bHo2oMfwjtrcr1rzwndhu,2.0346342681903953
2OdVOlCGYcMFIEh5Y9IKyI,2.0366766939623777
6z0QCh7CTU9bE5C7TAHK4R,2.041273761738764
4ovN6grha3C4Tp3vaNxNiP,2.0502289986780218
7acMb1M0vZJCn7l7hqE8RD,2.060748236912331
4giCxIFPZNQIP4bIZM4sqH,2.0644902093662068
7H0FsG1nPZbPBZ2DLWZCSk,2.0664607954297387
2kky2FdWijLG4YtQdtaB8p,2.092432424432909
7yZBfnw0qwSkZWPX1bJNYD,2.1154725433252595
1V8bjtVFxoyhuFtlfq38kC,2.1211769865027286
507CAAcWLHC4m6uGLK8ct1,2.1214424119603934
3D3cEBADuPsbxRcJLAFcbY,2.1342293471036524
3zNcS5H4bkhTKarTLfYbZn,2.141849363405157
4EhbLHYOXzEoPmOfaVoIIW,2.1420139623004695
6qEgn7WHwQUZhWJ4dBSpR9,2.162646186765106
0quvsyz80WMaUPXpVs1mpA,2.1789859609289692
0fx6213AGQ0zQD8EqZ92v5,2.185244003889314
0ELWm49HJEJqIvqzTdZK3n,2.190554393235738
