,0a0AbyQETJZI7DqoJ36Iru
0a0AbyQETJZI7DqoJ36Iru,0.0
2MCBSxOnkMcVkbaLplGYjX,1.509503819296246
4cdSdpRnGCXnwxjmHN2nb5,1.533690626508842
7Bl5Fqa2g1UFs2O1VJiKhb,1.5382874521587133
2SyNOQgdmhlXbyfPPiEq0r,1.5432682066752614
6P8bmalMijQOpjhYbiqUBg,1.5530700591270128
3NU0MFGJ7ZhDPuYWXpB2xd,1.553512691612036
1B6lNRCk6yKvqIKfFR7Wvp,1.570937921921165
3PkpUPwXOni0QgO3C95iY3,1.5797963464756257
4QaeQX43q3OdWE4JQxomF8,1.5868070274574384
4kCEgmt97j9AiSUUpUsw7x,1.5901737237858014
7vcMHEWbkU67TMPxw851vZ,1.6033985792034848
5KntTbJ6akL6SWeUHsx7bd,1.608810994038815
2NhhaRX38TZvLlF3OY5uR1,1.6088917018512838
1khfmZTlbEsCi0VXylEJSQ,1.6211148462810296
2vaoKrieU38LtJAYWXpeju,1.6329902048485887
7eUVluJU03fnTuCcNC8ITH,1.6346165219341586
4xFbDRt2WK4lKAW7fAaTaE,1.6351658373757627
4FqnaZALqOYyWediiaAToi,1.636041153170746
6ZJXlKG6U7FkKWNL6IMKDC,1.639500926201463
3YNYZ3juAEXAxxOafHxUOP,1.6469667263011283
