,0a2JCinEvl21WeWLJBt7hM
0a2JCinEvl21WeWLJBt7hM,0.0
5X3ahLXhOw16BR09GjYPUT,1.9339790200336064
01Ch5LzVStxCFPKkT1xg6k,1.9639990784181245
1t5h7e0qTF6tuUJWznPsI0,1.9848386510784017
6I9VzXrHxO9rA9A5euc8Ak,1.997789231358281
6oi2ajtngL2mnV1Mxi0pN0,2.0662281353790535
47pm8rqgbmN0BMG8r4REWN,2.0764771799315054
6R6ihJhRbgu7JxJKIbW57w,2.081768955596534
3xglU1d2alVCsOOiUBuo4s,2.1059487101230494
1xYpVRspgaLxdJLOTQkTjg,2.1178033296437926
5UZVxRdv8MlxgJCLEXfBPW,2.1205051415574174
2dMUJy0El3BcQUy9gP9gt0,2.120505484035976
3py7gGMJaaxYcEkmqjwsaQ,2.122641672861182
6kZfXz9TGRezhkzCYPz68I,2.1241480652601457
5f8U3QzmZZrK0BkAeQut2q,2.1310074611927106
20MuVazoNMv6xjKPnRFOxG,2.1417037107830534
7GHSSr69BQ0NwSbpfTjjSm,2.1423133516624686
0Eb3vRMzyOFwEsPRALgCKd,2.1474728030097916
4Q40ZOINE8zsLJE3pWIqix,2.147618495642927
524wvipGqxPKYWxkjf9y46,2.1505437942730654
3TeNkdbYRK8mGfvTMZtXBM,2.153990853075165
