,0A61XPHSbMtlNn7A6ejWcu
0A61XPHSbMtlNn7A6ejWcu,0.0
1wxKu3oIyPuqDl1O3q1w4H,1.959421316593862
6PGrkeJpDpgiFLvgKYD489,2.0050409270834435
2RnlcUG66KojoICSo67Nb8,2.0513566485933157
4qRjgQqYrSPZFzQM4vfRxw,2.053329869834093
4n8S1IYFyutQ6zE3vs4ebb,2.0719725310859554
3P8zrkBArAfdjFJxPtZRUO,2.076708824855759
3R8yWUufDclG1sVQgUpwzQ,2.0905053048050193
6UF4wwpthyhcs47Cr1aVJE,2.1007346390638144
45n7uujqwmMyBMjBu9SwRu,2.1330551812069007
1nO357XsHkXI63l6Sn2dJd,2.1581809874092457
1aJ992GNSBWLKobxGsXK8S,2.1595544404824056
2LGdO5MtFdyphi2EihANZG,2.1647173949330663
3xZMPZQYETEn4hjor3TR1A,2.1829881404018425
4p6Yji0AkoSXRTuEDsrvGa,2.185038027258875
3gYK7eEFbp6KzmqYRMyQRm,2.1865377686644023
4fP4xTSBli3tKck172LEZ4,2.196435219540813
7Bw5XYKi9fBoFbXFoE8PVN,2.22200272878728
6M4gZoCXQKlxZVBKu3JAcQ,2.229632272400119
6xYXC4o7hJw9vRrkkYwf9x,2.229715100345101
1C5d9wDf7QL2iw80Gwfmle,2.231272588285388
