,0ABEVL7pgQLokhBcNJmozw
0ABEVL7pgQLokhBcNJmozw,0.0
5kUaynjSOwuzUyn9wiBNvG,0.5697432236226551
0ng6uVlX1e4LBanGe8bWF3,2.2025265436665453
60jzFy6Nn4M0iD1d94oteF,2.204165858295746
5tAa8Uaqr4VvA3693mbIhU,2.4077372060416344
0S4RKPbRDA72tvKwVdXQqe,2.4340559722918425
6yL2kTsdVwYnGwPkKGtMd5,2.4513913819713973
0QH13JfTeZ5wX7VIzow1PL,2.4660146018473554
0nRLxohHGXHonR125mhDvn,2.4727552740126613
3gFgp6Ofp808Kc2qLQiN5e,2.4845384485364703
64BWkOjyNcmXoWH0b0Wq4R,2.511821400529713
2yYgcbDaPhgmKgfkLPp8iX,2.5152321078907383
4nyTG4faxWrcECCW8ZYvol,2.520498678064823
1j0Rb762xxT0eccglHKsRv,2.5313708511155664
2tynlUZUEuvKbdLEO9eXw7,2.535023157619133
4ZJPwET9Jrgpkqi4Vo3Yg8,2.536731268375495
3lwQpz9k4qPDGBzBfbuPaw,2.547776162222497
57WY4jiOHZkjDK1P9BK20m,2.547776162222497
16QN8cBubEq706vNtPpOME,2.5576264246560867
5iKOpf0SZDSGkJRhkwgSrl,2.566137337533811
31adnbEEiHwy6DDQ82F3HP,2.575867166971235
