,0aCDtuMKIMyxrvx2AamMRk
0aCDtuMKIMyxrvx2AamMRk,0.0
5l1WXQ7UZ6SwXoPvvG7fPc,0.9218036775967348
0uV5lCaTMaJ7eAFr6LlITy,0.9431887459204571
4PY3mBItnv6YzN66Sq3Ci4,0.9495082574788982
1jDRuj1WTn6HeAdWx0No7T,0.9601110538226771
72boGlgSwUK01n44O2tOCv,0.9780503622610959
0FuigsRUH9SPy5MfhHb3TT,0.9836153896792588
0XCKqo9aY8M6UBSK6YeYGV,0.9881716645107567
6SidGsmaVHOsKgATwdFQcV,0.9922314597911468
3KNnA3zH8wInPB48DRQ6Lg,1.0241909956760873
6x83H7s6fVMcUFLXau9EBr,1.0259420895256426
4UwG5N2eU5EtQs9mhFLmO0,1.030227248058531
09dKenoVuQzPRQ8Anoo6we,1.033685362145429
4WidRX7HuOreEGkQ6tKBBi,1.0361085730187563
08mnebY2jh7acSbDb2YCn1,1.041695676136022
5DjqMJjTimzQedYq6Bn8Q0,1.0487135841815272
6GvXJZ8EQuUWzthpPFLr6f,1.0537356535379185
6CbOohD6jDqDX6ur8kdmoG,1.0572785586808977
2Hs2GfrIgUtUkoOapXQWIu,1.0592416942687146
5lqw0qFf5AR1MeXHXP0uLE,1.062817954561977
2FPYD747rUnfKxgNFv9vNt,1.065337221893282
