,0aCEHp1nJBxpIYNewAya1o
0aCEHp1nJBxpIYNewAya1o,0.0
56GFlp1dkt7dw56pQdTwqW,1.3130117782787967
2U10b3TDYNlZmmTQtYVWQD,1.338034821833521
5nYV6DCxjG6Leki1pzgglZ,1.3498251938434886
3klDKws1sU7Th1htqC5iDO,1.4082595683678472
2XdSyWqDa6g7qBj32igBAN,1.410302275391443
5KBr0ZdnaEsgzomayUzVy9,1.424148020261312
5logHH44EcOmV27bZqrhyO,1.4379035505685662
5nYy9BGPpgn8iQvmykhN1K,1.4600738933877235
3PhbzvTllkq1rkULafc6ns,1.4609426573243203
6cgWtastZA9IcX8pw98dPq,1.47829552538777
7C4LTWRsikDhkxXrgc29q0,1.4826100168604188
23gBv22PzANoNi0up9Qots,1.4891320560413703
1zB4vmk8tFRmM9UULNzbLB,1.5104872736193204
3s5TnY4Ctf1KQIHKAiLrAI,1.5267976273168034
0w5TmZvjORfojDR3S2AbBZ,1.5304833048534838
7IaG9mZwvPP75ocnt82Oa3,1.5352323894045286
6VmxhbNRCURgu8d5pEPRb8,1.538163808864054
71MPACGISFPMVKP6swcZzU,1.5435011489952175
73bxqTms46tzGkwivw4IN8,1.5481192332387268
2SOT09giYc28fUo9ppjCpw,1.5482848022526876
