,0ADG9OgdVTL7fgREP75BrZ
0ADG9OgdVTL7fgREP75BrZ,0.0
3raHRmDxUhjQo0EKrWFTV0,1.970484804973118
6FWT1W4zFkx8shuLMweCqV,2.059000216276532
5N5k9nd479b1xpDZ4usjrg,2.077891757694898
7awIRQWUYYcEKMXykye1MC,2.1445884035721043
7vmC4xb1DwApE3ZmWRpWO7,2.1560793123639637
21pk3IBK6R9FDKgI55Pijp,2.182302457231841
6WOWeafSarYtIMlKO1cbfB,2.185666839976216
2SuKjwPDuZ7g6PFcBeGX3X,2.1987521416033986
5VjlmjJ1peXIjcuecCdfx1,2.2054105016050056
6l82XaHZyodfRvNo85Pdqr,2.206443082433909
1iebvc2gYV8wni1jana3Uk,2.213288707573884
6dIZb64N6ICAWrf1RJrKfB,2.216502608806607
7GHSSr69BQ0NwSbpfTjjSm,2.242924041675052
7093bTdRHwRhpJ6TmquvyO,2.2486918206474957
2IiUfoHjFibdr6craBIbLZ,2.2531346244441117
6pDVjCUA3B1vg9waKutAsv,2.2639134971475925
2wdX7seKD9pK35aZF3kMbY,2.2712528930638247
3BMXSOL1KK1X1NH8CTOqE7,2.273834999446351
0moOkXr0fXPqaXdr54v4GC,2.275433752931366
7nYw37hFYh1BufGA2HT0Ol,2.2828274069692034
