,0aeZzfSoZAcETjba8MCvco
0aeZzfSoZAcETjba8MCvco,0.0
2kXL6Pv3Ozv6hCsToE84SU,1.874571976282501
0258EtxjiL6jPMPcqyVSEQ,1.9098985248264113
0bBpYXY6xfGPZdVLUtF7Fr,1.9684751803728948
3ggB6zA2bjaxjHC3XGb81W,1.9712948206347525
6b3KUNSmJL1qIfi1hF1G6Y,2.0474944632556586
7M5beITAQcBxYSHpkj7yyv,2.054447656707492
6t0c7t14prrgAZ0yLXMlrv,2.0596681681242637
2AYVRHuzCRn0eZipEZX4EP,2.0889225114691596
6pKYzUreo64O7QVdFuPsGv,2.097347701432667
0BPWY79wNehGVARtwJawYV,2.101005185012481
2if0NljumWmHVSm8lD3ifG,2.10673783846561
43zdsphuZLzwA9k4DJhU0I,2.1101933290892583
2mSrVZsSKn2Ye5f0YuAbMh,2.1115747845417676
21pk3IBK6R9FDKgI55Pijp,2.115399891438942
7sbJNaGVPJJHVLMQVlXAzd,2.1161564673002307
6VooVlouWbmVMLGKiVDlVg,2.1275365963202555
65O3DcTxPfARKT7SOWKRpN,2.130541778343006
5qQsj2gUoKkpu7YbS6rb0w,2.132784928163548
3wvdC46xxQTHUthnQT0MlE,2.1348626976594396
4OGL8HVf0HJRUo3pUtxjEd,2.1357817035612947
