,0agPyC6chqb1y4jxMqydTd
0agPyC6chqb1y4jxMqydTd,0.0
52SuMdAYS2jvKQhODi0ARY,1.7390069019715588
7uKSil5r7uHexnM9lukPTc,1.7625567625944398
0FRCItQsKhyIge8dB6v81o,1.7726329994062295
0JaVdpmiex2EP7bBzyKVTa,1.7753534190082445
0F7FlaQBiyNkV8iakTocsW,1.780540148873875
4GXl8l1MfZPf2GvpyRPJBf,1.789252070381668
3Min9QOinM41SPnvOG68P3,1.80617761271632
58TaFP5j5i9swOf584yon2,1.8149300323904465
54mbl7vULb0FtB2ajPP37i,1.8456085924705665
0yiuyDYGcMnmjLO1v5jmhv,1.8525471609545547
53bwArVbvrLDhIQTKboA5W,1.8561765587715926
03nl4oyFYiJ5Jf2ZDxATil,1.8581891407596893
11zTrrksNgW8Q2fYmsKQVi,1.8773885296110444
0qqS7xbYKBjMwSreV9aEqy,1.888328626571493
7jWFD6Ycmwb07XeDiYHNiw,1.904625467450812
39SQnz9u6zd91nZdaPmmJK,1.9121568289743285
2Btv93mqzslbCVy3KIGj9w,1.9122490598711983
75VRabO3e7Twgd7mSoPdbF,1.9140966898717269
33zbOXJSwW7uf4VXXWow2O,1.9147526518901092
06aiCjSnK0XXBEERhduZWZ,1.9181818162715323
