,0AH6WMe3OlAlUb5miXt2FQ
0AH6WMe3OlAlUb5miXt2FQ,0.0
5OCJzvD7sykQEKHH7qAC3C,2.238117931520428
4KntGCqjurOyGU2BTpracG,2.3070219951764033
4RoArPM0AsuW3h8hW8xtnr,2.3424229109043813
2lrh8nY5ulqflfuQgC2AFa,2.35245343512496
1U2nYDhFlikoMa1UBp2qtK,2.363194641430509
3NmHNVe0vfbkmD6a8OlxEr,2.377819706384213
1U0OMWvR89Cm20vCNar50f,2.4054489258989307
1tgbGr5C070SXLBSJD0rAZ,2.4199631083371025
79Mjfhh393dZdAsTvUFDR6,2.4281967139760994
2BniDynN7V0UPa017P8Etn,2.447572203655965
4buvG5Kmstm8UMjSgUrv2X,2.4491934113993676
4KW1lqgSr8TKrvBII0Brf8,2.451627018159741
3BuLtAmXKy5uQYl4ED1zBT,2.454719196673841
7IMEujWDpHQdMxtEGWDp2m,2.4716281222731378
6xh6ke01Jn6or3vc9MnxyJ,2.4760965442508716
6fx8zAyfOlDMfYbQa4oRqO,2.4859462396167173
54f6CrZ64NPQKW9Zf6j7Mt,2.491655465248282
4XNZWe6lIUZboWUEfidn46,2.499079089375362
5p7ujcrUXASCNwRaWNHR1C,2.5045663376109966
1ZBY8XeuUKm2uAnFY9zYqq,2.515236059037954
