,0AHJWgA2mLYz2iFVwbCeod
0AHJWgA2mLYz2iFVwbCeod,0.0
0PFGyReBhoc4wqrIsoYLUz,1.5142797250414235
6dUk3McgXlI5zublTmqYEp,1.6403946100282414
5nSaJLvwfxXUTNP7CJFrMY,1.6421605749908208
7eZNjtJ7bn15vsZZcK8aSA,1.651918819934615
5I6exXg95LKzq9Eb0hCFXM,1.6711455639255128
6Y0WgnIV9Omd1L0S9Reouj,1.6791848014632293
6UFeA6103PHhOZRfe2WtJU,1.7064681422595815
429wX8UGtVFTtR9vy77CAk,1.7144935969807091
0P5hXzcV0CDrH0E73M4zbO,1.7179359432911483
32lWdB8XvaCDjKn0yBSkzR,1.7246493742647133
4JwOBVIlajGrkE0LXhAFvZ,1.7259381205833328
4nDEirAHqPKVfakSlvJOCn,1.7344520573882098
1khfmZTlbEsCi0VXylEJSQ,1.7404977842046712
6jIeGEoTMWBKHkV07dYKQB,1.74507428337732
5AOVMgO0kIIhmybU53gAvX,1.7475789110149091
10pyMHPtSeduJiNRFSWvmi,1.7495832148364623
61yqjD6DUuFNyylhDuhswl,1.7516750946790476
3scmbeDBz5pzvYby4NW0LM,1.7527195529979556
71kl32fFCagQiR9XVQzwGx,1.753855640252588
2pmuACJiPJarcnw5BrGpkz,1.7717130132082932
