,0aHWzIvtnkG3FVcBoFQ6BG
0aHWzIvtnkG3FVcBoFQ6BG,0.0
2qcmVgViaVUc4mzgeBJPHg,1.9385468346836154
1FlqmkbTFcjl5Fd6RQjPMb,2.0028936017597703
31VOknKjFrEX47bZXzqcoF,2.020136213185449
6iPzFPafHG23FomvNwgOLl,2.0233046030122495
4OGL8HVf0HJRUo3pUtxjEd,2.0258820290440203
4m4lcGLd74L2XtwLxzAEPW,2.0286431754495275
2UXHal3m81cCI9rlQ0IfnA,2.0387124308464406
0Tn997k4OPDZaT96R1MR8r,2.039259522074839
3UqDEA89Ei9GHI19qHkhVj,2.051925791896388
3pUWV5hvXsI9diJ9TeNeCh,2.0671225995613502
5iW9Y4seDbBgIchT0ANY3q,2.07617238836165
79d2OA4Sj4nfw0vk8EV82D,2.077474569196309
3EgJiZO0htv3dW0MivkyPh,2.080839812423377
6Pgkp4qUoTmJIPn7ReaGxL,2.0879714101092217
43zdsphuZLzwA9k4DJhU0I,2.0967281234129804
1kZCnVgcieSeD40q1o62dz,2.101199348227176
4cVgV9EQ8rCVs2BCgtjkwa,2.1096556346379387
4YpWlvxGkGMq55rJUlsWNx,2.114566808069762
2p8IJfP7f5A2FF9uR8hlss,2.116059795798521
0nAemzMD5xRPeom0jWQONH,2.1184383363564954
