,0AIGDG90fRw66XAQXF7WYD
0AIGDG90fRw66XAQXF7WYD,0.0
4WMuY659P2MKnoW40oGXe8,2.0163273644045128
5kBUIe8UcUUGLzP4hoc8XJ,2.032723224387602
1eeomkGph9F87Lfi4PTYhr,2.1009513646685
6c6W25YoDGjTq3qSPOga5t,2.1045143683393404
5bZeugrr7oIATt1CLJuhT4,2.115277062620527
5mDKmJHbufNGVlZUaV1lgX,2.1378604358133098
4XifD1V0kWoG4WwsXTwS3y,2.1485134367021987
4c4M4NGmDo1MVpwqucvuq6,2.156946379037875
18P9FFTRXFzHdAzAphl7sy,2.1870302975064426
0LOnyr7dtH8GQAVypvT98T,2.1906535570125794
0OBNXQmgxgOtCLMZ2F2Y6W,2.203721005968614
0uxl841gemkjNQ0ogl0I9x,2.2089582386879325
1gVVSmhWjci8l9Vrsl6HaS,2.215813871415043
2G6HrgZpsMhPPv0dS6wYZ8,2.224105876355572
5VO0AgGhab4Jss8pgFwWc2,2.224908729936493
3GTu14aAvjqwmYq45XHI1F,2.2305601147000584
1rKqsfuQVUFhROVwcoGJGY,2.2374192045749655
76FnCkhueYsfbyTv5Rm65B,2.2442273221460063
2BUrohCOfLGxozOqbnXMpj,2.255693794570156
4304kbwhzhb8A3n6wl27Kg,2.2633560201563387
