,0AiTIiCQ15NW8QHQwSxKuR
0AiTIiCQ15NW8QHQwSxKuR,0.0
5slPHHHP6vsqtY4r977QLR,2.0327842218024417
440GIX1uR5Ve8nPvek7W23,2.237249907658392
6mGo5Ckdgbh7HLzpsnNnMS,2.2579374297685
7IMEujWDpHQdMxtEGWDp2m,2.289113485070426
0dRhSF9LV0HR8Jwd3MMMKJ,2.2973532554992473
5jrKKMBBaMCFZZ4kXTLV38,2.311648676115499
3UqDEA89Ei9GHI19qHkhVj,2.346585955954166
18P9FFTRXFzHdAzAphl7sy,2.3595933901859754
3XP0hgdZbX000MTjf9w1fD,2.384363411961804
7j0nWiNXw3Ncq69NxT4k6s,2.3924996440565103
5jRF6Pwdh05CfcaZlLpzOz,2.3997359332242696
2OgOgEBfiZEj2XlIY2XD7f,2.4124435646088727
2HssecL0juw7KDDsPusUiw,2.4207948420097756
6sYspq9yJosMegG96BiIdx,2.423996700764043
2deVzEBjaynWlasbsSFZWf,2.425607526818818
5icOoE6VgqFKohjWWNp0Ac,2.4435139460977426
1Ka4sX789wNftDGgjCO2h7,2.461552084519309
1eOJAiCKFuMda0fPRvjcuc,2.465450808834341
1roCmBlcpV7LzsmB7pmCyt,2.467833632951331
6ea2aFw6fyjpGCb4XKL9JB,2.4715326838388725
