,0aIXPB7xCxxqFArltyhHE4
0aIXPB7xCxxqFArltyhHE4,0.0
7dB1PiZseXwBZSObScI2nH,2.1794317463438344
4gKCKczP2zGcRn5okrxLU7,2.2044006558601765
3xKsf9qdS1CyvXSMEid6g8,2.215211170113369
3nnpX2OcY7wvZUUabuEk9d,2.2174219330921328
4d9lCoSrYgiTWuFUK0HHAY,2.2234931783538427
5wIZjekDSGn7TPWn0aL6Uo,2.250357855904773
3VNo18F3QOIuSOwrxUqgtC,2.253484496345719
2Xe77pPzUA2VEXrrHkDnOn,2.2621313483283894
6PsCn7ylW1DW5cgIYTtEP5,2.265356300924504
3guLAXM1jE3iqBhNFTIKHA,2.269508886678394
7pse475uICmWRY5hEkvPvI,2.271755195023863
3ioZYZQSYdGiihWph7Wojq,2.2748587585937194
2mCRr2EjObwLYpYyL4tiyt,2.2951093015946475
21w7KucwUShCQmA0MwMJ7s,2.2989500070113906
0FfX0nofboxZjP0diT1eFv,2.2991220216916757
4ZC5CIRCmbQYLYmqacomVi,2.2998849420909564
7qyOmDeaMW34vr5EziIxgq,2.3007894634533406
2iUaFyjk7wq3bG0u36iUBc,2.304024092832136
2ykYcXI2NSRnic4kMIaDXz,2.305676292234233
1MfOcqqQmaBvI0ZhddcIUR,2.309431640627344
