,0AjUcL4hvofaSkpuxqK3XI
0AjUcL4hvofaSkpuxqK3XI,0.0
64KfTlXnYE7ay6zGKqJ9wn,1.6856810759456362
0TdOoOxJIhsXMIh4My6RAc,1.705769650312653
1ngqzBOOjZHyHvZSqNqUDj,1.7095241896015598
0CiyUD4UpIdztjBQZoGC6e,1.722229519075153
6uhqrrrgiOrWL2jNoc2KV3,1.7223103414877194
2VOomzT6VavJOGBeySqaMc,1.7473031139050612
7DLMPjlUHdnZewnwmlCo7q,1.7532114934614076
0Qw5Bv1MSGeYA23mbLw2D1,1.7669579233325072
3IR2OrBS1mdp6kyFiZJrZ4,1.7908424522892574
0cNnTmu6UMP81Zo6361fDg,1.7944497700912887
3OjjlGf0bwFLQaDiFn5WLk,1.8057383094854538
6V6goat94tTJOWXXKZstNX,1.8112433239819936
7hJbnSihbw3zrGE0bzYWcX,1.8423606610619523
54d6U1U3Y74mDmJJECZNNQ,1.8423805565807112
6R80RHvwTKOwDjoMThAXeG,1.8499149808561683
4MW6iAySicumcMCbScZPCG,1.8522939293911311
0XIVmUXrwk0IjQEOWFnyn1,1.8537460651504243
38PTaSqKcn1NKafQRdXSby,1.857086590906703
4QEVErTxEByWRe8haofjnP,1.8620512568227618
5vsw2o39PKq7Q8njqKKv2I,1.8628501128703456
