,0ak19JnF6mxmCD9ExJcPXq
0ak19JnF6mxmCD9ExJcPXq,0.0
7zJYcHUkQ8acslramupHgv,0.5078161439148885
5LudsNWmB3LFwx4YMHWysA,0.6215913369231909
3OtBNsrcrbzVuEtrJ5F1gI,0.6274972313981264
3aLVNUO5nZ8K7Ch7q1Xhz8,0.6317067330310294
4BH5hK3lKiL2oatCHOWEak,0.6406316892554224
59O2mkxuU7gsfXomUKlPSc,0.6436753298581788
77cQ9vGtmiaDLbHS5jHNJp,0.665718756453473
7lBdVvMRCJJseReMfYmnn3,0.6794872596035274
5l1WXQ7UZ6SwXoPvvG7fPc,0.6882775487559258
3Gkl2fJztF2B3fnUheejAA,0.7165366910227372
5DjqMJjTimzQedYq6Bn8Q0,0.7643639026128539
2rsswxxShjBqoEj7dbr4Sb,0.7658750250541553
7kLEKrmCCdZaoKxuKWLhhg,0.7730915582765027
6CAwmtliTx9tUynU45okrR,0.7924858143320386
6E1YebXpPPtujMUljDNlOo,0.804732144223765
6Cy1nXh9Dtc5Po0ss3ztKX,0.8115918414142066
5OK4gswdEVOyxaMn0nXH8u,0.8181953682491006
1x7MkCOjTfzLVEWhMR1PzL,0.8241925700006578
1ehqvjaXeISQUcgsnzdzWM,0.8244365672626233
4Uqs7gS7qpRbeh16WJkEfs,0.8308438538219058
