,0AkKwgg6rD4p7EpDlNpSz2
0AkKwgg6rD4p7EpDlNpSz2,0.0
3kWEw6EPn0YB1yJl6UsBiW,1.9151629746840961
539wfGOsGcRmT1IBVUfiJV,1.9200841800682376
2aNdXtCtyoB2KrUh7pJYxO,2.005738163619381
5pQR7OLdUPZBvrp7H0Ol8h,2.007918188490074
3PdgjM8hJOelAOLZPbQCn5,2.0101381623911663
1PSOEWhJXNJ0NpjgedMqZ6,2.0101381623911663
4DvVpSOyvYmkP3bD5ln2eG,2.0101381623911663
5Z7QZYkyhrpuRMpBG4cPy1,2.0101381623911663
4AcN9bi0xsup0IWhXetaZP,2.01363336648745
3IJ6BBFLD2I2CH3hHFQj3O,2.0255030194285326
0LXsRmLeaojJkqplpHG0lo,2.0258494064652575
0f85bMoarvHbdIcfhDjSjN,2.0306226587472165
2rz6VejmNOpW1alXsDERp1,2.0325422015722543
2eoRAhuZcuc6LyP18UKcDS,2.0338914809605413
0GLZAwTDFq3yc9gGJ7ZyQL,2.0411167555470153
7fheaybAcABeiuYU6VgDrQ,2.056451551207058
5b06JZjts6dgyyuY1m7roq,2.0705545226820496
1fRuRNJVZjDU1yKXvarKqW,2.0772191313144392
6XDFllpzmvRaYiTbcv4IB7,2.079573962507237
2kDDyneG3FYwCNKXgiwoI7,2.0849956568348444
