,0AkQbXGN4KG34TS7xLrM68
0AkQbXGN4KG34TS7xLrM68,0.0
7sbJNaGVPJJHVLMQVlXAzd,2.269730908412378
6vd1gVnL94p5aYlbb10ZRv,2.337258786115863
1fXKWTngt7bTPo8eZ811ts,2.351689370617607
6465KnsDLxiKq3mNPxXF41,2.375879472748838
024VOzOBCmiBeMZQHNVXUW,2.375879472748838
3W2QKq6ks7QInnM9j4pOBt,2.4108100733353774
34HbaWVCsJsxNgh1OdnqXf,2.4349044369543145
5CLkg7pfeM8y5h7lo94bOP,2.446194643337328
4fVJSzPT5mzsTVt4CpR5XJ,2.451683830900405
2tynlUZUEuvKbdLEO9eXw7,2.4587225743641614
3iboHCsNoKn6FrL7FgOClO,2.4616201482600033
28nrOocj11pS0UVH2VM6b5,2.4675376148007944
7cflqPPi3zWfLFRRBTWeh6,2.467990388605654
7klL6qvAu4ZzthaUzLvtIN,2.4694337462683653
397AkOxBC7w8j5J6fVsGk0,2.4775112658037477
3OitWDgR4SzAUOm3TBmvhw,2.4788049347468024
6xFL9CANxy6YnOdCvFeiAd,2.491829537369811
55GLc4nywcX4aIlOcx1u06,2.49842901625625
2E5I3d41LCqAJPWmSzrVXv,2.5099369870357124
2g92k9vKTmpAUbjvGLA2xq,2.524063626651661
