,0aktBBW59YFqs5Q5vq4AUA
0aktBBW59YFqs5Q5vq4AUA,0.0
6YwANeMmot7pT9FtZbI4CT,1.3471200146021194
2JbV3RaGztFQggGx09njG6,1.349661822193565
3Uyrifu2uuDulHbTtHgNDe,1.36406945007058
2x00naFZsPHRdkWHrA5Osv,1.3736739920054095
7896tlWKyc0YVTB4fF4N0b,1.375922832859021
6gQaptRUcb9xg8puca535d,1.401519939467723
5vgEGY3wgYFI00pNQNcWtQ,1.4095019673275813
5zLaH3gC26RVIa38eHRoFp,1.435560877465275
7hvRBjaQw7RPMRuSoCTgar,1.4565304234965357
4PHpnceaXWpTc4U7SEboBn,1.474006719957782
56GFlp1dkt7dw56pQdTwqW,1.4822042003246438
57exMMIWTLMmwerkzcxcpu,1.4898286316439389
5vdavx9R3iZOJwAxnUH7RP,1.4926289162401118
0LTOCgWWBnWznoQjuz0TvX,1.4974115222226723
5rL2E6ZlMJYMdV799HumhZ,1.500308111514886
5vMu4rnnhFEGkA1TPCe6uJ,1.5051990374923117
65jv7X59Jc74pebwMOctuI,1.5070456114402644
7ge7zflPhw0LxmP9jq1q72,1.5135132248299432
77acx0NXhP4vdTOsPlCsMv,1.520518696565045
4SGst3mFm4200sQpAQhbNo,1.5310598696875428
