,0aLJRIFLFZ0Tjr8XZb2uMX
0aLJRIFLFZ0Tjr8XZb2uMX,0.0
5mJu0pnwzKCnH6s4IEeUj5,1.6931213897279163
2SyNOQgdmhlXbyfPPiEq0r,1.6958979820713083
6pwvH9LfroBLqd3dez9vBz,1.752065100162615
13uyMAetJNWMWJamO4aynQ,1.7719495623300712
3PkpUPwXOni0QgO3C95iY3,1.774158732246259
36MxthZNeNmBEGZLC5TZYN,1.7769848669387411
2QyZQSDzRttz6vnN97gIvZ,1.78005874401055
5k1KFuEwm1qUpLuWlT2G5P,1.7917703889710692
0svTw8GX0DXxzOVKVKuTiz,1.7922844044209367
0pLsXbw42HG26VemoBA5l7,1.805573940088785
2WlpzXrQcrJIlsVvCkWjFq,1.8073028222382266
0vvoQEvRUYQbPW0Jh7ZHiV,1.823756255850332
5qvPxMcCkvqsr91M0Tujyk,1.8262197969769034
39CyGKIFqMzSuynOR8uilD,1.8316903277133296
5b0DJPEs6UUlDmpZuoDD2X,1.833086758129638
0xWWKuoaPe9MqxokU8pXqN,1.8343610712588678
66MwdlxiFMZ8TJGLEJnS7x,1.8375468806440773
5zCszMSP7231ZxdVHkJuiA,1.8389023681200738
5KxdAq0Uv5kxkV4ne3Uv8t,1.8416127717089192
6wVWJl64yoTzU27EI8ep20,1.8455794022059069
