,0aMVcqSblK2qTbrG1RbSTX
0aMVcqSblK2qTbrG1RbSTX,0.0
5k5fWendNngd89O8JKoE8L,2.0194676763747785
19EnyPZhNPbRoCxAuv5pKD,2.0425274098618655
3xglU1d2alVCsOOiUBuo4s,2.0634241858622113
0YygM9kURWeoJ0ez5uLArg,2.1155967447573163
3E3Wt98vDsBL652iQC8Ya9,2.1305434583841345
2qwn6whaZf7gax7SaqUZSC,2.131394910084769
1CUbnAid0Xkx68x9bptSvU,2.1595165581700244
1dzQoRqT5ucxXVaAhTcT0J,2.1708962261202327
2MIXhD9W7WL1Txd4Z7bU49,2.176919461445077
4ash6uB3gtnOoiSJUFhGDW,2.194563119670512
0DkV3bGqrYj9SSQ7NCVOJt,2.2160947199233574
1KrKzsjUzrwUewxdvHAQN6,2.2197994311205753
1xr2w24pZAt0Ilgs5EVK77,2.2204947778513295
2jVLwzrzKVhcI8UmVonVas,2.2249527971710608
3bFKqzUQUKuPZBh54gQxPS,2.2448061170894986
1MY1qcKe1BUYPCZ1U7sDlF,2.2501327671083464
6CEA8LEZOa87bkE181xsep,2.2542450035348556
7bg7YfErUZJ2eyYzNVEti1,2.2639725542096847
1jlHK1YW6TD5OYcFhSblTG,2.2686506573642116
73KX91yklnCqRPhnnNLM3g,2.272111194131413
