,0aO0JVI9S2shiUjhRa6h0g
0aO0JVI9S2shiUjhRa6h0g,0.0
7pb68fYeLOoOMVjMGBfENx,0.059173984939729724
0qJ0lqsb6rTH3jelcLmmff,0.1104910326536477
4nmrLqwDB7qxSLgwvu5GuA,0.11307699780433844
2FHQ0wvmcZpYU4mSY8gVoE,0.220784049789147
3rj08Z7MlxxLm8r3wW2fID,0.2411981616339055
2d6vFDH9PsC9qDv37H67JW,0.24184080573211458
0ngcQ9d2E0WtA3OJHqi2JP,0.24184080573211458
2gpVdtEWFwUyl6uLLmvBzW,0.24184080573211458
2mEWdHHVTeeOdOo1jPmrut,0.24184080573211458
0nmO9NIqNNuHMreUCspVtp,0.24184080573211458
3L00njkKIkzXgr3QV8uImK,0.24184080573211458
0ojpFKnPbUelZMPQyC8hJL,0.24184080573211458
7GbFWBjmoKlTJKP25COM1O,0.24184080573211458
73kafDhEayfnzCg6Knpx4z,0.24184080573211458
241zu27nXlKzpddCu9DEbz,0.24184080573211458
0N9RS57N5KlT2aWM3UmhV7,0.24184080573211458
45PDhUQFcl48G71urAAz3T,0.24184080573211458
17FnAudthb0gbIbtFFMY9z,0.24184080573211458
4rfngM2oRqiFCFs3wn70Xg,0.24184080573211458
3LmRaFHFiaVKdfw7qfW8P8,0.24184080573211458
