,0AOvD8LrdeDVDaLzSB7YsM
0AOvD8LrdeDVDaLzSB7YsM,0.0
7iWB7fyB0ULswpmltn6MRu,1.8714908101523469
3lp9ykWetDT0QVEXKVcCa3,1.9346746065714697
5nkiJ6zXMOoOWu5hLCSIOo,1.945111067888381
30ngg6jCMqOBcvj5fLgfBe,1.9494128179939858
23zRkeMfBMweIRFveMygKq,1.9571551087163497
3Y3nRbS2YvT8LsYxvDylny,1.9847616297999968
42vnYEEJ1688pX0CFw1fAf,2.007650993696793
6LEre6jKaLhumIw1MW9p8r,2.0218551148665567
7wG1H4LEtWYhY2eueCwPhn,2.031526738004596
7GMuol3AtrV2M4ugE8kYYy,2.033211709107377
7eq1DHyWzOSxDFIvcu7c2a,2.0352806675997313
42w7pX3r1TpLR0i55Ek5ND,2.0357852768188134
4Z32X8Mf0vdUgj9PPbojWf,2.0371634550554223
0n6LoYvLiG3BEZ7RDZLWG6,2.0392530236923347
1eeomkGph9F87Lfi4PTYhr,2.0423609561461333
0uxl841gemkjNQ0ogl0I9x,2.043783095269113
1r2HVhbzeVAtQs822LnYtw,2.0439317309190934
0OPAlsP2t5bvhtWXrIRGl5,2.056821444134893
6u0ccx1pJICbSwCPMFCd1b,2.066739071900834
0IKK48xF4eEdfofyaeKWWO,2.08025317965329
