,0aPZbnkMoWJaJ5CNVLCj8S
0aPZbnkMoWJaJ5CNVLCj8S,0.0
7AnpOEcpdtJOu5jlW017lv,1.5459625262710004
0BPWY79wNehGVARtwJawYV,1.7794276867108663
38PTaSqKcn1NKafQRdXSby,1.8095549687043637
3fJ2gS2uZiUx6cuNXktj1Y,1.8363423979714288
6qERU5OSRXZVE3WPFc04x9,1.841340499991064
2pobfLH9dJs6mVTQlLEkx1,1.857211796243135
2wCVpdNSHjqIn2en8jAnF0,1.893700240441662
4WxqOuzA0OG1851xcChR73,1.8989593332301598
5PXoaY8MACEl6kp6Ng50W9,1.899812940804599
4ztPah3U03EQ6SZUrSV27g,1.9011005761994941
2cdMeMq02C8OYHcMqm1OW5,1.909467434993878
3jZBWSNJy95E9Zfsy8WUOv,1.919387131862232
2akH27wwc9IERY5TEgM5of,1.921321819254824
2aHaV4XNKx4K00Lw8GBFBT,1.9358297059004819
0CjJqkWOpIUXdem5hUcxAk,1.952110162981811
73ql1yhK21ea2u2XbaIyqL,1.952236507093168
6Wiyd7AsRdXvXGrxNkbqQ1,1.9552890493154351
7AXUdQmZMA5u221iv6gB0m,1.9590155121977795
4qOx96BEtOZldmrGYnFdGI,1.9590754340132606
5XJbLWHhhbmLuRSe2h3Avl,1.9613272743407142
