,0aqjFF9q0XkZGqx2SxVJUi
0aqjFF9q0XkZGqx2SxVJUi,0.0
2L6EHokPf68T6jeYWm4LaM,2.117582424376103
7ipG7hBDxdtoJqWnXSHFoe,2.144367285346989
4P3LBZjsWULnAS08KebYfW,2.1523125899398274
6xAWBBNKkTCtdFBuFK2h31,2.204343174079876
3eX1bNPt8okKSAHIu48TnW,2.2254669509780745
2pobfLH9dJs6mVTQlLEkx1,2.2313229323674895
2YSgnpegXNXgk8UxgG8znT,2.2327743364248374
3nvVjT9VZMXTS95cctNLzc,2.2475907245660163
5Rg5Q7LnP6WIH26kZn2P1m,2.2601128279457137
4Fz1WWr5o0OrlIcZxcyZtK,2.2614781668171533
5kczO6LA5FGU3iEAxrAhN5,2.2713235026881273
1J6XNmHmRCJUA19yZSv807,2.273407521515206
1rKqsfuQVUFhROVwcoGJGY,2.278948584677964
1gVVSmhWjci8l9Vrsl6HaS,2.279156884603152
7mvK7JHc1fOVs7HLVP3fwV,2.2882182908607467
7qU7vhCPKhkDiJYGoboISc,2.2922204716117123
1cKHdTo9u0ZymJdPGSh6nq,2.2937370073374774
78DwRIo6Vj6wqteyerGetr,2.297460165039418
3snOmtYV2IKiExIo0Umb1D,2.3036606156180794
22fNTudIjRCE0uApP4yei4,2.3091590827927835
