,0aSgzAUObtmSSwh1yO6shv
0aSgzAUObtmSSwh1yO6shv,0.0
79GPR5DxNCHs5dpKpcYBDO,1.3775234006249049
6MEVI1jiimXCYqBfWa2yHq,1.4063124389894903
2yFRFkZ4KFyrv7FFDSbR2I,1.4402722351293402
7i9763l5SSfOnqZ35VOcfy,1.4623951092659069
67CY1sdwFSvQQLcEajOj6C,1.4623951092659069
4pQMsLW9wd8AhmYiNbJe6v,1.4872419618940034
37efsEcjTE7xHPbyM4oLoi,1.4907847467538764
6muuX2Xmew8Ga7OZZ3btSv,1.49193110181927
1vdjlBRN9w8z8wFwZSzRrO,1.512927747433679
68HDFn0gBwfUN0Ih9FqLyT,1.5234761520264124
429wX8UGtVFTtR9vy77CAk,1.5244313237499336
7jn2nokiUvPr350Sds0xjo,1.5357117473589088
3EQVKEWwvLclt1eVXJKV9V,1.536148384133147
3PkpUPwXOni0QgO3C95iY3,1.5409797447733689
6ev1T5AZx6aNHzeZBDWUqp,1.544604504391452
08r5ou7k9ZaLiHN8TX5RWo,1.5468991863018442
5bShFhmCTNCpVX5Nb4weCd,1.5551016228350718
7F5oktn5YOsR9eR5YsFtqb,1.5565529148353554
2DS4xpPos8uCYNO7zdxkPH,1.5595296690015719
7kjUzVpN8IAlG6OQdXjDvR,1.5595339697913353
