,0AT0ccoUN1Fz42s0Bsf2D0
0AT0ccoUN1Fz42s0Bsf2D0,0.0
2eHj0klWkwRQuIrNlPpCPa,1.7658775841605971
5waH4K1bmTMlikre01uqKi,1.7774994759807232
2pkL5uXoGAF4ZIJMT0ABLx,1.8907600682171406
6DpVLCKsNQXDmYdNdcNGnR,1.9153214027114296
2M7fA5L6zH9oxq53WsaYB4,1.922502228762379
4Q40ZOINE8zsLJE3pWIqix,1.9275243881646003
6L05yEwo2mAmkW46u9P94b,1.927694106141026
74RjqevhxutV5yZdE8bFX3,1.9338961471834117
5P1vipFCNi7SiOEVGqCc3s,1.9769639357923308
11zf7m4vw9Ze7cer9Nyhk1,1.9806995831994416
4XzacjJ1X1EwBEOD7JYgnR,1.9852084486701713
6AxNWiBl9n2bBBEnDYgi82,1.9878492857758228
63rpWH4fcjeZFKiGJcMR80,1.9954839678069123
6ctEsuQJsDltdB2PebWXaS,2.0345237526801654
3koOoLN69AAiw5JCQNaZMe,2.037285366283031
3CjTfVN316nCl2NRIVaAYV,2.0408293082219506
5fqRwaqk8OdNlcTdljwBuf,2.0452463821089664
30k0HtpgrzC0DOnOigjVSE,2.0457332889076536
6QUngYwZ65et2ye7Bj85EK,2.0457744215367035
3E3Wt98vDsBL652iQC8Ya9,2.0486649330040523
