,0AWDrL1oas2nSrj0a4bXrt
0AWDrL1oas2nSrj0a4bXrt,0.0
1cSp83lqmTtPmJ0IhGmbLV,2.0321688800241877
2l0yZCjsKIdxX78beIBGGo,2.0472553417834627
6OvZj0uGdyYABAGcWzjmt8,2.047860018605038
0TYC36fmbYl54IqTxjdmDa,2.088327413306786
2W8ace2rlaN5NVGywZMtbG,2.108101561241356
1JpHcyvy1yoYPIChLiIe72,2.1220404058217532
3Y3nRbS2YvT8LsYxvDylny,2.1436502750829014
7MS8xxRhoedXm5z8jTALjD,2.1557084788959555
6D17ZfWe6kCi2BS563dMc7,2.16583419389639
3xZMPZQYETEn4hjor3TR1A,2.1664123996344595
6LEre6jKaLhumIw1MW9p8r,2.174434259008078
5F5hhx63QBhlTpM71bvRvY,2.180571472745476
4BQkuQf137KXMFUN825hBG,2.196177012205851
4Rwhsr1QuY8gKgNF1Z9x6T,2.197128329326486
6QEuuJ8Ohusd0vW2EZJWvj,2.199132925698256
06whM3ZB44hpOnF55ysOpc,2.201030915892174
0cGHpVKe23cOiXnown4yDi,2.201701530734063
0zOn9umVAP1HwtWAbApuFB,2.2080523872548397
0zoWR9ChfiAMb1MMFOFW7J,2.2087060955210585
7wG1H4LEtWYhY2eueCwPhn,2.2107906695659074
