,0AWkVcqEUSOeN8xbyHTUf0
0AWkVcqEUSOeN8xbyHTUf0,0.0
5OqN6UsRI0ujv5A0vokIIx,1.8662413833731273
78YsyNTyIOpl0T5G1OyIMp,1.9290309287477163
1hyeUTrRd000AXLPDxV4q2,1.931635350811245
6vZsfjhqfsJonnr2Zd1L37,1.9342461101845583
3vaEUJwqNMJHuNJEeW3DGc,1.9449765358366728
2FB0J83yaySwx19EMZ4MtD,1.950275769770036
2Jr39bnXx3WOUmdlI4S00f,1.9533957760677023
0xtIp0lgccN85GfGOekS5L,1.9634580063067164
7gnpun7jTjILqKuRvilQjM,1.9643261399984235
5zHnJf3q8i6nmPi8CtHCKm,1.9643261399984235
2jqgFcG8MKZIvJl8Bboy9H,1.9769228975136592
5Nm9ERjJZ5oyfXZTECKmRt,1.9778510596291548
2SEXsl9UShqKSc3inzSpIX,1.980353014257103
3FLtmn8HRQJMThfQzq0pTl,1.9873427881695434
1eeomkGph9F87Lfi4PTYhr,1.993426605432753
6C0T7QMpmeDoDkke32Ctqb,1.995732538485674
7p6VzsOamJwz8zTNdzSHmL,1.9980015342418747
2ySDKHsjXDrvEOtgEW2YWg,2.00132432387286
6F18ZWknjidRGotCPw2vOe,2.004157689742745
0bdVK2OSyj04MkwOOxKIKI,2.010138066948739
