,0awxfCDcCm1TT6vx1CLFJH
0awxfCDcCm1TT6vx1CLFJH,0.0
6S9uF4EkX13zKT8zqoAjx8,0.7130533678555528
7sormsdEi2yxGsUn7bUjyx,0.733745734610581
1PtL0YQRtq3qxDGUSwZPJ5,0.735591706447587
5wrK6VeJhjK2pSBEbS3pO6,0.8086148901384793
1iEwyiSLAunPR6uouANE0O,0.8095087466438537
3LOQb4np9pTPhlrdIEht1d,0.829250379023642
7Apo6o7oxgFyXaSmdx6NHN,0.8345291249324087
74RrMiuSOzAHZEqLlC0BHz,0.8525525151447213
7GncL3nyKUjsEm8Z5gvTpW,0.8559849340391529
2ylsuceZ6n9KeQX0km81m6,0.8969930659619987
6Qu6dZyVAoMyoXKR0pYA9u,0.9066464979366788
0Mrq76p3dcIF8vrzWQyMVG,0.9125476820140365
3DjXu9jBpV5lPbhHQVyPQd,0.9190436336482328
7w0aBhGKyaf18MIvfoEbvi,0.9200090392297436
3zrvldYqDWtcVi9KPdUVga,0.9275853017196332
6nR1XJxwiZlsDMnOsdlh5m,0.9473774816873367
6x5LBP3nYXVdIDoomChGr3,0.9548857888015391
0fnD9YAdor7u5XCPS1IjMK,0.9657462611470236
5Ik0tiwFixQSIkEmRKdHQb,0.9685979627768168
47Og9ynzFI88TuBO9SPAyj,0.9739467253199309
