,0AxlBZL93xkzzD2ZCTWUmo
0AxlBZL93xkzzD2ZCTWUmo,0.0
5S1kyHznJzFrWh4PaGAfdG,2.1710819437999405
1Dfzjb9aFxgSFM0vnNTDPr,2.2272291644464115
7Hf5ZkN0kLxwsM5GYwhIBg,2.2364864838438714
7cARBnCdocLA8MgXybqjk6,2.2431198431276234
58zNxctExLN2X6xDH0crtC,2.2894567341965657
34xTFwjPQ1dC6uJmleno7x,2.326828317008521
1TT6pwOM1puBtx8bYSMTBA,2.336017591743137
61hJaUtcgY2buPeBZz4jq7,2.336699884426941
5PxFv9yJEg9dxvbZggykro,2.3486396109887275
7w21gSRNmF17ikI4ovMe6C,2.3510783697189024
29zMt5Gfce8XVanOuvWmks,2.3640715721396437
2NkbRmygVirMQFCjSkyY7Q,2.3675776393591517
6qeNJVLqQnnnvkouuRsrbN,2.3721518149776917
0V1hQ5tvsWfEqm1wwJZvt4,2.3737466043694204
7slHVKIG1a3FtBjxPYdkVR,2.385953929932262
3MxJGBnYaP4yQYUv90HLqZ,2.3906540063807844
6uNSMiL3pF2pi7Yoh6VM3x,2.39230770976853
10uclVcexB0Q0A8PmkB5iK,2.3990016473344355
0RB10kCSWIB5BVbbt4FOLQ,2.3995541390070376
438pAGBdnW56NzXrnezJoe,2.4078460274871007
