,0AXv2uQDeDQ9lrEga5rmrU
0AXv2uQDeDQ9lrEga5rmrU,0.0
5CtYS7qWOWVAbTLFevDEhN,1.9603148294946857
2Wbcof3lxoChW74ePSf2cU,1.9670750975013769
43VeeI7afqPXMr4rOoJKOO,1.9770414160897931
27SwNPCT06QkpufKP3t5ev,1.9937224114692493
38PTaSqKcn1NKafQRdXSby,2.0104574305215532
6bcnBvXEsaqFxO5jkgwPwR,2.019795180146513
5YBoHfAptvXB3Ag7G8VtWi,2.0269350406387416
7u8Vq4WcQLO256TI8DybBj,2.035424383655225
3mnGNm9JHAnfDod6Dj0NDn,2.037040078323006
2AVKdkpd51Kn2otAkICBWJ,2.037492320257258
4n7XIt64KNrCeNgSzumGJC,2.041560846034937
3IIKIDmoMgNnxx7c6OTTQv,2.0740532536006397
7DwqzWCSdLEYvzqU30Pd4L,2.0776827076533175
732OdqBWzWXn0XDNGFNb1K,2.079171970453904
3GAKdDYtNBhC6jFx9hzQfA,2.0799158164575138
3adfvQ7X2bma9IKIvaRFSp,2.0826163419793526
7wOuVDmr0mc2xh128egdHl,2.086318992684015
0cNnTmu6UMP81Zo6361fDg,2.08687453114877
5XJbLWHhhbmLuRSe2h3Avl,2.0930328405835796
2NhhaRX38TZvLlF3OY5uR1,2.095780024451732
