,0aYzcrBjLeOJaGUOPF3nZ5
0aYzcrBjLeOJaGUOPF3nZ5,0.0
38jy6kRlPt8z1GUS9WXeNh,1.8252389030656293
1wQXj5bgxyZQ2XmE2X9s6n,1.981962062142366
5bPiRI2vw577tjmvz1MfLp,2.0270636217578137
0OUQhRKgGSb0PPrLUuEQka,2.0283464476038446
0Lxaj8qYsXJW3IdLbndK3k,2.038016953481027
56MBIs4yUjXHCNnYC6RrUe,2.04278129080689
56sWRGGeRFWgFhrMOgOyZC,2.054236568269679
0IktbUcnAGrvD03AWnz3Q8,2.078865080937196
6ucOlSv5N8sa18vJIkE7lf,2.082086514076843
38lG7g23EtRfYfGCKAt5c7,2.091698329499087
4qzoHxgp42ylb18ga1SWTL,2.0965126282931337
0mT5Dd0hY8BpqqxPYrGPEp,2.100584262537847
7seAyaKcGBCEJff8Zf3YyU,2.105367723305263
7mwIdlgXiFvwxwAjprW942,2.105464119719813
6LWcxpSiJN04M5B7UTzTwn,2.1161853458437525
0jX97Hk6L8ImeVdTTWXZ2D,2.117003126058971
1YNsJevjoVa3pwTaXVVcGZ,2.119946119106445
1dhb3PfWISm5Ggudncr7n8,2.12113139341164
5hYShQIail8SGWfbpTOo8K,2.1323710615740032
7pyt9J4sp3cDgI0xkGrRiN,2.14994971956657
