,0azl8sUKPLwTYDbEqyUPuY
0azl8sUKPLwTYDbEqyUPuY,0.0
69cDKPk9BfrgLRPmLLONkI,0.8782601355487164
0FuigsRUH9SPy5MfhHb3TT,0.9675320627212574
22YBnVwVPsfeN36qddbGtm,1.0383254127398498
0uNicj3qxwGhHWQ4QnNfC2,1.0391956073994548
72boGlgSwUK01n44O2tOCv,1.040115781602353
0eZqAzBOBKrnXFdGRA6lHy,1.063709922236178
5lqw0qFf5AR1MeXHXP0uLE,1.0827155015151817
1pXyxHvseGwj9C0zbhAUpK,1.0909529071507087
4WidRX7HuOreEGkQ6tKBBi,1.0975870395463216
4PGWramunj3Bsz5UXCu4ex,1.098376052036743
6i677XiPUUlh2PdAvkSRry,1.1074311657676217
4e43xh4UVpfK0zIzysRYJQ,1.1158268795589257
52jRs9Al75OHR38ryCGriF,1.1190183176675652
5tprHASjzXCxTFS7UHIOEr,1.1560616454255646
0aCDtuMKIMyxrvx2AamMRk,1.156662831640919
0zRsYMipqgzvSe2rvNt9uH,1.17154617049176
2eIfNoVHmo3LGI5IZB5Nv2,1.1838715171468814
5DjqMJjTimzQedYq6Bn8Q0,1.1838876537289384
4PY3mBItnv6YzN66Sq3Ci4,1.1846370414347542
7rwS7lcHkv6qJuVZiOlL7T,1.1972658982998738
