,0B0k37yUWHEB9MMJaBB3Eo
0B0k37yUWHEB9MMJaBB3Eo,0.0
3AFpIlNR4DEJ1WC7qyOHU8,1.8796631027346469
6ws9AGGYhEebF5Vbo6iGqL,1.8841952061948355
6jH4bmYIRZpur97sZZAV4m,1.8904507510022872
7pPTEEeDbOVLnBP6U99BSA,1.8906497904708488
4OthL4A3awp67ad5JKYetc,1.8926083184207787
3rMsX63C0IZVnOT5LGYoTH,1.9092862332054263
2btp3MGBPjqziVdLA6y9zj,1.9174129798977848
260jSxvzkFt71ksvkcy2ke,1.93614997948623
5LqZeHNc8dSazLXJfaOUUp,1.9449794646664171
5t4B1kAlCD13YY9poph0Mg,1.9580332551765842
75eCfKSbnVYpKEjTHyZ0Q1,1.9780645286588092
0NJNQdvwxZTylydofoF76s,1.9807935413712043
6m82xAYcFLVjQ4kSpcZI2K,1.997827968754068
4J4CPPkfiYsuxAjHY591Uh,1.9990549767363806
2TN4Oeq54tUPU3nT5Fj71g,2.003702130848012
3FGroKkISgo6wzrXtzlntE,2.0152940037629077
6It1WT9wp2MlP2XO1rtIIP,2.0281536786118624
2NjO4HctLdKKD2tH9ff8hx,2.0361946344591337
4klWVvddYrsMSlHEnyzCxl,2.0361946344591337
0ygAYQQy7bfDN6gH640bbl,2.037469590545864
