,0B0tYbVp7pDQAqKDhgMeaL
0B0tYbVp7pDQAqKDhgMeaL,0.0
0dEQaNYfp5G7Sflek2Qnde,2.4217624330408594
5QtrSGPVrQI4f6SrxfdmVP,2.5123693403300136
6AExPvfOTjZgJ4HBUu6H17,2.55328724672044
11FyqKYFqKqqxOgkb2Wj54,2.5806456648863545
4Iz171BOalhbOxdlodJSJD,2.594148029839386
4IEjH4EdNWbzkB2BaBLarE,2.6042761535845553
6VLnccHNaXViUwmb0HwKvp,2.608990503730783
51no4AjXfV79rpEjqzZBAe,2.617108203971645
7Eg6JvtCEgzzdtOAU2mLb9,2.6275593409207327
6nxQdXa1uAL0rY72wPZu89,2.631413144168259
49tG0W4vxwEQtpr0FfkzTQ,2.6466063323595543
7o4bKQuOPZBR8sRxaAy7GN,2.6901615977736064
2irJDnniX31d1ja0a13q4p,2.706110130077414
3MRlyrcNvLflDJlIkrpRvG,2.7175651433567114
6YRn533YsGshY89CZIjZFN,2.733538096620366
6r7EMLWBzSPBUnNe7pbTJw,2.7489839451398708
7tdeUBge2BP1Te9Lf0wVWw,2.756798909832432
6yRP4xHI9wKemvIlI1s3t7,2.761178494281755
5PPVzcy7aTHjp13CzRpnLO,2.766968228388389
4WMLLrgrDyjyoMinuvnxsm,2.770830939563178
