,0B1x0ZlfbTlAyuyjG6ybIT
0B1x0ZlfbTlAyuyjG6ybIT,0.0
1wxKu3oIyPuqDl1O3q1w4H,1.6256998984335538
0JzLcxaETEOha4njGktAJl,1.6905431298958182
6C6Wo9w3I2pfDleW1ktfAP,1.7154771764326553
7kmjqGms2l2ZLGxFGNfCEq,1.7645681251702783
0nNNoP2ldom1hm3Pptbv2Y,1.7924637664510061
71kl32fFCagQiR9XVQzwGx,1.7998273562181117
1xkSjcO95bQHj4KIUJl2uU,1.8336180251825243
6CgQvuU2UYBDrPJxWbgUHE,1.8357852919355244
0WmPbyzayJsQsQcsZIJdcQ,1.8444136104738151
1XpYodsD36XN7ygcdF7mJJ,1.8489680115422855
2bWzeOO5TD5MS0QtZZDavS,1.8551912790148517
11fEJnYg66OiKzN4XPtooK,1.8741554749118672
39CyGKIFqMzSuynOR8uilD,1.877741432437302
2RnlcUG66KojoICSo67Nb8,1.8789958167037564
6WaDXXE9JXtR5dFO4WudFJ,1.8802730650496127
4CLC3s96hVQvtcHfWGDVqY,1.8850725578793683
121VnjA0Q9CQOAr9CD8b3z,1.8862182569657517
0uNicj3qxwGhHWQ4QnNfC2,1.900070984729831
6Ind1AWnuYb1pSKwnJgRWh,1.902290600936884
73HcqGjjGM7ZFfV6MeNYeI,1.9036565200495448
