,0B47DfpO5Zej3Ip2Q3abqn
0B47DfpO5Zej3Ip2Q3abqn,0.0
2wegPppAY5NVEZkQ26HmPo,1.191821769448827
2kSoonW7MnStYrA20aX8a3,1.50850716190708
6L42Utj3rnzJsJXwhUUwmw,1.5106180702271326
24OSmmEzyRFpnEiZfgXqfW,1.5403583396039024
5bnvGwpYphNHbqFobzfHmP,1.544555518813379
0mgn6ENlvhp4M3msVYWwXZ,1.5584920620354854
63xELEu2i48btNc5T1L4zk,1.5630665822277852
7BGg9wSF98j6FzvHGkq3f0,1.5664411569015435
2vAts2sr7wl8NJwd8qmUEo,1.5697464968457011
4OLtlQ6rjT1xId7Tnn5X8X,1.56975519604346
7ExcclQypkEukgHqC40JNp,1.5775575671905837
1o8D2Vqn537vxhVMMRav2V,1.580062011752461
1R7KsQ7wnOxtrLQE38w0nU,1.582432950651823
2QyZQSDzRttz6vnN97gIvZ,1.5864891826766787
7lan617hkncOR369dRbO61,1.588755228377101
7sB6X3dY52m2UQBxSPUKHr,1.5892797438584854
2fXNC26pMv1dOzEwR4jwEs,1.589420504177277
4MFXrdjxsheKmeEhO5erpF,1.6081217521896143
4AINEIbH09FNPlvxJtOL5N,1.6102962180482407
1jCNZGXATpwbQPmK4090x8,1.6186591950171545
