,0B5OTb36fzLayn6XQHg5A1
0B5OTb36fzLayn6XQHg5A1,0.0
2d6qyeXtP6LkmGPT7cH3Dt,1.8589350802802622
74BIr8H03lr5L6LZ1friIa,1.8818881272197117
7vg47qMIEdLfNdTE3WLf0T,1.8850442879625822
0F7FlaQBiyNkV8iakTocsW,1.9139621991373807
11eVz92Nm7b2CTgA8OJVwp,1.9534351795549312
33zbOXJSwW7uf4VXXWow2O,1.9872663933999888
177WEvlLsCc0FzCTWslawr,1.9893479311574243
6rjaFpby0BRcYzVcSONEDf,1.994238509097185
0FRCItQsKhyIge8dB6v81o,1.9953228604205195
2A4vCndSkZ3jd5nfh3a8gc,2.003424110854151
2gXOzCwbVXACCaYRj4Qrep,2.0129237923417462
2DxmjucrEJZGF0gy9QoEMV,2.0265485028357526
5cikVJA2ExOI9TTkC06vkN,2.028497481067934
3GxGAhRowXixzk521JQpZu,2.0299185335150156
2kDDyneG3FYwCNKXgiwoI7,2.042765820421618
2q0VexHJirnUPnEOhr2DxK,2.048886292448785
4PFWDQTCDV6DqUYHVdupPt,2.055157745728358
722tgOgdIbNe3BEyLnejw4,2.0643628022403466
3k9LuTEhL5xBKH7rkN7RJY,2.069988676051869
47mhfxXEXTgT8lHdtmd1bX,2.0834650343484413
