,0B61mp2EK13mGdeZar82Eu
0B61mp2EK13mGdeZar82Eu,0.0
59WN1Bz1HaEIM2rBSv9cZI,1.8420722120927506
4eXL9ici1ddorTRr5jJQvm,1.8506254335686994
7dTrO1IogQHGQKdaRbeG8I,1.8691341832727688
3yGj8lw8Odm9DMBzEVb4ou,1.878744374979699
5ILXadAmOJCLCuiHVULpAo,1.9027636428719903
2ls70nUDfjzm1lSRDuKxmw,1.9068807461485766
7kQbatgtyeNSmDFrnnt7P4,1.9273232692086064
56iThbABo74MrYhudXR8DY,1.928218183124144
0d7nYK2zg5ZnvWfneBZvqJ,1.9330641844504555
0PzgXXiJpbYbOmwvvKAIwS,1.9367947812206503
7p6VzsOamJwz8zTNdzSHmL,1.9376478097362613
3tqiGDwQquNVY1nyzkJtiO,1.945803775063997
6h2WKGC3cXXm58BsY77MMO,1.9491742263674765
6btqO3QjH7QGmLfzfG7kEA,1.9566582029904154
5go6ZFe4i9b6tOBo5GGgEY,1.9604152526471275
0NdTUS4UiNYCNn5FgVqKQY,1.9670840156045917
4CO8s7CeEwoFkQ6zWGC520,1.9762585450393468
3IjfhQWmdmmDXYbUzuVOm2,1.9795666038604536
5qPmLgAVPeNC0CaltI03YM,2.000432089256994
2kAhIoQG2eXcUZIgK4ViaB,2.002126506028806
