,0b93tWwuoAC0nXe1CfR30I
0b93tWwuoAC0nXe1CfR30I,0.0
7scmyTl2lX0LtulqYYoZxQ,1.0105246962296621
7jn2nokiUvPr350Sds0xjo,1.1337472783105547
6jegsiFyEOCmz1SLNl53a8,1.2036746089302788
2WlpzXrQcrJIlsVvCkWjFq,1.2310311748376328
2fXNC26pMv1dOzEwR4jwEs,1.259226342781492
1PFys7QJLr6gvxQ0Lxt1rj,1.3332854919119526
6WaDXXE9JXtR5dFO4WudFJ,1.34688167394014
7cOKuMZ1zn36nELzNTnee9,1.3556639038534732
2QyZQSDzRttz6vnN97gIvZ,1.3616913025640773
6ev1T5AZx6aNHzeZBDWUqp,1.383928868383016
7ExcclQypkEukgHqC40JNp,1.3890413114650964
5oC6JfNcoK8flfsBGib8Nb,1.3904830685102136
3YCoVXFnaF5cct0hOxFeQO,1.3907648683273315
5txB3QCK5Gyxfcd6Nrlw4a,1.3961434389467833
5bShFhmCTNCpVX5Nb4weCd,1.3963714093675594
2w4IOwRp9CLexehyJN90Md,1.3995503683557926
3IEjZqDOnScItSTyfpPo72,1.4070817429847806
5ZwiOjZuhNVCD3ZewvPJOk,1.428449243335713
6SyGyYzbwyFl83ApCqKqGp,1.4362377195862746
5tAfAT6o9LV6JEjGjLPTYX,1.4377908913925164
