,0ba3E5awT0IGhCVAOTxSMu
0ba3E5awT0IGhCVAOTxSMu,0.0
2i5rP55zjWiAOhQDf7WSwp,1.1555205681064649
1w7yBQWQEwYgjCKu07mN2d,2.1933354979013817
6uhqrrrgiOrWL2jNoc2KV3,2.1937747844724274
0fqsKxf7u2jYxTwf06DnUg,2.207511409080374
3Y3nRbS2YvT8LsYxvDylny,2.2400226514083226
7q0vS6Mnb1wOFIyaqzSnfx,2.281157709406212
7LpA0yIkjZKqzURU6LPsNo,2.29100933570642
13CYMx7z7Ts5lNMp8Rz1ZH,2.296485948117948
6j8gTlbhj9KJSeypNcNAS9,2.299296100175544
1iyJwocwqUMwLgmu9O5Y13,2.3027621597613885
0AOvD8LrdeDVDaLzSB7YsM,2.304538260737794
4FR7fPfbZwNFajVLn4Bg4q,2.305245672731729
6nq9nl2cPXHYCNgeb8Syio,2.3083147602173733
7GEEaeH2TdLkHq8KBC2Z8a,2.3107868624627654
3weZVaTo8nk9r95vpC92P5,2.312327864188404
4Z32X8Mf0vdUgj9PPbojWf,2.3347863879306576
30t33XcuRoa26r6wjyZvpP,2.3354863300464994
4UHnLWatT8yZosFSzkPyhx,2.3376528994617263
6FBPqczb3g866JAsu2tbmq,2.341277513348821
2Vl6VlxpDQk99QU7TfQGjO,2.3430887759536607
