,0ba8MIPhoTh3WwGJUEGKPe
0ba8MIPhoTh3WwGJUEGKPe,0.0
7L1QHwBClZ4QmMMwrEcl6x,2.1521589817580944
4qdcVJCTERGdj21s28nBbD,2.153311995048886
3DnzEB8Ffnp5sjnCbOugUX,2.202786102353501
3sC62j1Cjeea5tAhcyGcs8,2.2069194253699327
2MCY8A2tXhKr9etqLwW9CP,2.2113911615701194
1JnMPr7acsIhcbNjjtLzHn,2.2139516127240078
051NZ3rr3HXTULCEySJRX3,2.2175636402073504
4RZBJgDzmIDA3pzGpg5icG,2.2180509168735285
0CjJqkWOpIUXdem5hUcxAk,2.223599666836036
028mt96NkZsFoMv4B0Fa7t,2.2323480965158966
0JjJGeUbFqCRe4nKNVCAz9,2.235884120798969
6iuNNBl3qtHJtZVk9Pi2iF,2.237957320714178
7xrwGUa11hnnxXWeTIzcHf,2.2405953990012573
6oLHyWvmk6bKrA91EIYZBp,2.2441792538875998
5Bwu2Wo3QuR6WLOdIeQGwh,2.25323153159584
6mDoM5FGbr1Or5nY9pTnLy,2.2626134836118155
6ctEsuQJsDltdB2PebWXaS,2.2668167738831895
20sWlzT71XHAmI9TX8TVtp,2.2698411670615175
089ATDjhpyI2HV4nPvflUp,2.273165670680425
6xwsfXjIXJgJjumbxdJiLi,2.274457712484045
