,0baeE56WzkfzR6Z699Je0F
0baeE56WzkfzR6Z699Je0F,0.0
66hkKBOzU29h6OqaROxnsj,1.8463071555930157
2ggD5DOO5C0VTGsreSc64U,1.888093117279478
3VNo18F3QOIuSOwrxUqgtC,1.9009749575701362
4f4SatwZtB9QTzjxsryX0F,1.9048311784623777
53bwArVbvrLDhIQTKboA5W,1.9122532107558274
5Z5nbOXhsSbySVC7WUc6y9,1.9432111711846793
01vv2AjxgP4uUyb8waYO5Y,1.949646588190437
2keldSXpmINE8luM7sVwds,1.9497749576095456
3vNFsxBbA4dPkymPF5Jm1b,1.9571474956491541
3LMBDHdxjHWkYS0cICXRa7,1.9690841530030683
41jRQuRpRQTgs27Ox2AeL4,1.9692582000850942
7xlIrLvCs7digqxVI3LKMM,1.9713719496676934
4Xa63duiW1dXRZJZV5JSmA,1.9724807412869363
0FdgdF61t02gov53xa8r6h,1.9819293671159623
4wDSofUnHomqRK8n5GHGai,1.985922390953177
7hJ1n3IUZfvx2cSM2sr6ep,2.0023252135045464
7GJy4Jjmse1TfmaBBBv2M6,2.004516378839395
52EWTw5ALe9OnjgAxX3Luo,2.0095513611414852
5wIZjekDSGn7TPWn0aL6Uo,2.0169787293560524
2mCRjAknG9a16bJBariun7,2.0193756743007354
