,0Bb7PJp9s4Dmx6LbLh8uKc
0Bb7PJp9s4Dmx6LbLh8uKc,0.0
7M5beITAQcBxYSHpkj7yyv,1.863068228423672
6b3KUNSmJL1qIfi1hF1G6Y,1.892793344786394
5Ohaz7ZZSCN84m2etroe9z,1.940501383507654
0J3GzQhj3pN3J7rBhZYRgV,2.0131232184902945
2sRCL7XSiyN29CX9fIefq5,2.0157877057988554
152lZdxL1OR0ZMW6KquMif,2.0624739430371544
7c7GjJ06qigBbOdwXIFvbD,2.0722203991659147
64i1dyG9Td5z5Q0TCG17Pb,2.0840804043325813
5HeKOKc4phmLn8e4I7EkzD,2.1026693348585495
30k0HtpgrzC0DOnOigjVSE,2.1177764136476087
6Na5uKk5SsqZimk0hAWo8y,2.1226842573783125
7sPbp28sThpD4opAhQsMTx,2.124143428952671
4XzacjJ1X1EwBEOD7JYgnR,2.1291536977104886
2ZroUx8b9r7pCZOdmbiwPj,2.140494551167238
3RVXntC55Fa0xfUcpxLuZE,2.1416230534985314
65O3DcTxPfARKT7SOWKRpN,2.1418160712131753
49qcwLuE4NxpOUf4zpG2dh,2.1456444198637885
0258EtxjiL6jPMPcqyVSEQ,2.1502496117039147
1t5h7e0qTF6tuUJWznPsI0,2.1526727974108177
3apgFxCTx6xgpkHtmYn1HH,2.1542595017223065
