,0bBcJSi9gI17zT87DQLZM0
0bBcJSi9gI17zT87DQLZM0,0.0
1o8D2Vqn537vxhVMMRav2V,1.1749605405383836
1vdjlBRN9w8z8wFwZSzRrO,1.1810051007408964
03esnE5CZwxCLie5NedKRo,1.190155646113895
73bxqTms46tzGkwivw4IN8,1.2240840615708075
6efaMrdCksqImu2Bf6FqkX,1.2494904253650778
4jrqZ6Ow3eJkabXqwipN0B,1.2595212963671736
1R7KsQ7wnOxtrLQE38w0nU,1.2716998703817748
0hos5WWaY0nqo4J8pWxxDJ,1.2814490410500947
6f49kbOuQSOsStBpyGvQfA,1.3016878483390986
3qpFX3sEc1lnYAfjcgxAxA,1.3244525526308468
7MH7TkjQ4RA1vG454dciw0,1.3306125019943889
2eIfNoVHmo3LGI5IZB5Nv2,1.3435568921419991
0ZAiKfgTsYwVTzb1glV0CI,1.3457648368644017
16dTcp6dokMKhm1Guz9K2W,1.3752209664547022
6ooxzFS76CKSy4eVF5jiSM,1.3773755032211354
35ZYfSQau4LjHpAOGufrRj,1.3855890742254837
2GflWmANujk7PnmEcv5RbF,1.3862295927398793
4J2aKHa57MFj3zHhQitZDM,1.392888365869227
6FAUi2Xm6RCF0wpwG8oXGZ,1.3997220618575266
5tprHASjzXCxTFS7UHIOEr,1.4117483112848754
