,0bBerDpgKMPMi3hvB1hv2S
0bBerDpgKMPMi3hvB1hv2S,0.0
7D4BVAlWP7bXWywcTXCjVr,1.84834466701996
7apwDovXT0NUglP5Nxtiia,2.0152199993871576
5bODPM8nTwwTIE4W9fuUcC,2.0219917055795076
2W6kVW3UZ3hwr4qbfCDp6B,2.0240058477911878
3Iq58ceNpVxghuRWqMLGHy,2.040861595760419
5S412rtmOI9jYAgfUKJfUh,2.0420962503648634
3F27YxNp7VEgmeyqU6XaMI,2.0735662523407146
4UYpnpm7ZDdo0hyyZNXSpl,2.085239221717679
07j9nCUHZNflxaKb8wYTMy,2.094404851729665
2fEvzXlDxVgrtYV4YzhP19,2.121880574242681
48s4feNgV243gbAGTTBIrc,2.1255375184786227
11R6SmSuzXE8ftk1vlPEKP,2.1377351842332324
4g3ULPAoEln8FCONL7cwsx,2.156459538777825
2zuOOTaQm1nO2rquzEJRmb,2.162080093728978
4cVgV9EQ8rCVs2BCgtjkwa,2.165831858782003
56sWRGGeRFWgFhrMOgOyZC,2.1711810271078615
7EJPFb9clSBzxI2tpFOvN3,2.171391433038105
4BiiOzZCrXEzHRLYcYFiD5,2.176972018426173
0VYv3TN9UjT8WEYXiZANJF,2.1776096680657195
4rM7BRLRq2AFd8z0Y9M7Nn,2.1947187972231257
