,0bBpYXY6xfGPZdVLUtF7Fr
0bBpYXY6xfGPZdVLUtF7Fr,0.0
7vrtXD8xPBC2E69eOCrkhj,1.8365525176845168
0aeZzfSoZAcETjba8MCvco,1.9684751803728948
2ZroUx8b9r7pCZOdmbiwPj,1.9690743208342447
43zdsphuZLzwA9k4DJhU0I,1.987159668050188
51rphRpJfpc3m5iPehxlKd,1.9974922971802065
06slJGEPak2OjudiaqBZnv,2.0009128459798897
5depEP3NQaHUnwItyP7Puz,2.00819204322578
2AYVRHuzCRn0eZipEZX4EP,2.0146546594655006
54byd42gABS9onpYHipyoP,2.0186597118294776
5qQsj2gUoKkpu7YbS6rb0w,2.0252760766711706
5BCwU5Bdcr3g0GqrqJ3FWg,2.026458628956048
5JoFyHqS4g8Pq0ADQosPfH,2.038682103068853
2kXL6Pv3Ozv6hCsToE84SU,2.044652608944305
4aBvNdk441AYYJ1BRgDkrH,2.0483484625087165
5Nm9ERjJZ5oyfXZTECKmRt,2.0507162914998225
6QdnKD1zwEgyOWtkrdzlOF,2.0578373105198344
60wzbPwV6EHfBTAf95rb9n,2.0598454953626484
152lZdxL1OR0ZMW6KquMif,2.061394423077503
4V18jYoK8nWTGKtTKhlDFG,2.0618472364269746
0258EtxjiL6jPMPcqyVSEQ,2.067701910273285
