,0bC2hzqmVXfRSp3KmKb9xl
0bC2hzqmVXfRSp3KmKb9xl,0.0
1UGneXbnhC3cZ5YydWVnat,0.9701195738841903
02sfVWVut85SfmTa6p2kLF,1.4528725593322056
54D4VNfiRTarQb9M1wTx8F,1.6069660263867505
1kporP8OPSVwzzrcgKKzOJ,1.60744468075356
2t1rFVhlcummHG9ZG4JeNZ,1.7123448518065774
6DST3HT8zF8WpNmg9tHuaa,1.744661380006348
3OfbIrAjqFHuLbg4t1JNSL,1.7573936478470744
0X9Sqk8kISEzGCrSTm8FOt,1.7882017639049954
6ooxzFS76CKSy4eVF5jiSM,1.8529216585562929
32Ji62dAZ1F9jIFvLw3yWt,1.867180604818145
7tiHWkAxAOeqEkFxQ31MhA,1.8808149083695438
1lf4YLmeJ5Q8hhOZOI4mbr,1.8854678252517476
0bjQdaOlpGmwM5zQbetgBP,1.8887115090348972
6T0dHDN1lPn5jamdHlWypt,1.9051591800893801
2eIfNoVHmo3LGI5IZB5Nv2,1.9247276213258675
2cwtByOe3IVC7kjBZQnrvg,1.9286532907166791
4cSbZ9ZlgMSpdzQ9cTWZN8,1.943857901999214
45n7uujqwmMyBMjBu9SwRu,1.9468870776499152
4xR3MAscflQ262kMeiKshQ,1.9627421853294649
4wMR4fRKMTyUJG6VAsmccv,1.9638508105467158
