,0bCCGLHflR08UVA6oJJc8I
0bCCGLHflR08UVA6oJJc8I,0.0
3voH4NDaj4h4AOvbskqyBb,2.2198223612137205
1qFC4ot7cbcSLjY8uCKEdt,2.3920937491752823
2ilo3w0stilJKeQZS61FeN,2.4003846267007063
7u6DMPznGbpziuEgCE0JGQ,2.4233433989644215
3qh3enMG4OCJhz6NUhOodW,2.4298559312576846
5rvSPYxUGL3Bu8BWtLj5Yw,2.4328901875186624
4NCkcPwI098rttxxFggaLV,2.443712592814924
2vApTiwyucqeHtHV8y6EAK,2.4531752222639374
3XaZ4zJnU3SbYFj6PhI8Y7,2.47072726018956
0fWyDYARNbNd0zaa5bsQIY,2.47072726018956
5IklCIP5ImjFG3VoykD09A,2.483120149386851
3BaEK0XWsJ4Ss9qODrpdTz,2.486785270724751
0xk4woi8ENN8VWFDZTcF8h,2.489710910731978
6orR1gtNeGiZ6z61ft7nfX,2.4960316078540226
3dhjNA0jGA8vHBQ1VdD6vV,2.5083830082621543
3z3AsD4yljn1qwvSOvRRMh,2.5149342532160417
3vzT5SNVL3vaDeAgnG9QhF,2.5149342532160417
5kH6mdE69WtXHGByvFRdsF,2.5174952775168706
5BfMJ6iytQnu1r7iiCYSXe,2.5299738648126806
5F66aRuoZMrrvc7U7eTR1y,2.5425257692505117
