,0BCPKOYdS2jbQ8iyB56Zns
0BCPKOYdS2jbQ8iyB56Zns,0.0
52CWzR3JR9BjYvPIhTRcjW,1.5175020077487602
7FTybly21IrpotgmIq1h0S,1.6815591890525607
1lwJFDDEXaQSz3UwmdG7Kj,1.6827116885517217
40WWDaK7arn7ilmufbHmdo,1.7069754288618217
3NMVmvEQuLx2BFETr5DGFF,1.7129703186803509
0i1WAtrcEnxqDh3VrrjWlk,1.7190862609374529
63xELEu2i48btNc5T1L4zk,1.7278723603714339
4Gw0B3lqo5QG0M1vmL4L0b,1.74738254723996
4tgLb6ucxvW8jVbv474AwD,1.7716793323543663
6BGxbBw5J314z6BDxbEanm,1.773613662197957
3qBCFtoxwyYIF2II6lXcvp,1.792569922423748
0jCgiC6yOn6Vj9nGzOwsQ3,1.8025410310751215
0vffX2TVu1lVChUlMOwPYe,1.8105742628158772
4G2sIwFtCuEB3AZLboFilf,1.8119271589695751
7BJY63uiq54TqNBfq5614G,1.8136259796971608
2zyXkd7RFLgYyvgsQk9bzi,1.8202554469458734
4ti4pK6ZawVRaXQQBRf752,1.8203580553587528
2LA4v20vokK9Uaj7WEEMaf,1.8326357973636072
3vvNrBIq8xVh1BnXX5OgP0,1.8355635582354002
2AyFYSaJjz9XMc0kMr1R3a,1.8371424915926182
