,0BCRg55jHpvPONP7yCm87V
0BCRg55jHpvPONP7yCm87V,0.0
2bngeqrs5jE6UioSsDX3MV,1.9983752390073724
0rqQCXVNthmbmyavlcVAbQ,1.9998966361078467
4E3afPSY5fUEelQS9ppL0e,2.0349627511257395
5naar7XewEOAjOywIp6Jjq,2.040417689762305
3WsE9sNaDVvbTZeFb1iW1h,2.07310112385063
31DABIyjC2fRRZyP6vyjKI,2.080648529330727
58tizBbohZFxRjGNaT7Brc,2.1072698702768182
1MCxRhz0Pr06bH03br8oOb,2.1107664354980464
4IlN7SswB0myKwHVAo0eH5,2.1160427058754654
0IWfRXJEnUXzwk5eeYTAHu,2.13744542578425
5F5hhx63QBhlTpM71bvRvY,2.1396535639938907
6mzSl0GPuO0Tf8W5l3tEwS,2.1403337676835186
4IyTNlvWHiMxDdZ4Ii5hnA,2.1554737755087157
13CYMx7z7Ts5lNMp8Rz1ZH,2.1581028863775575
5uAhey7v2EaggVCqSXdMkN,2.1655302425485807
2AyFYSaJjz9XMc0kMr1R3a,2.172105760510379
4xnYVh0vKAk40sBp3CZgw4,2.1801710155731535
1z4g5zYfYNBnnkKwMc4BdO,2.183499677135047
45kXeoJXm15J5xJUohJmxN,2.1885307804191383
2u2WL5N3KnQnykOZi3fxL6,2.191480065006179
