,0bd01M0qfQN0E5N6NVS6db
0bd01M0qfQN0E5N6NVS6db,0.0
6OaVWaGfhXn70ZJfdVcabn,1.5020296483588638
0jOfl1nZf6sVBTG08Q4brn,1.5290363494693076
4Km5HrUvYTaSUfiSGPJeQR,1.6939998975001764
6jl01C724Mk68qlOQLco5I,1.7558228620040066
7vbjH8laThXpcBXeLNPm3M,1.7712941261760016
6M1qLtDxfOeBSbM5HnIo54,1.7891236808475262
2aNdXtCtyoB2KrUh7pJYxO,1.7945387667423887
6bXumqOghUv6qKeKOdJ03H,1.812200259204708
4E6u9mWrhturUv9qNSxcux,1.8307267278019594
7FPBWRolBG6uS3FefdYYFX,1.8315732236108366
4tUHRIoPI8YiOsNOUrTomJ,1.8501251450707075
4rTKcxWlZlRBvxPlwy1pzy,1.8526436945905953
2Lq3YslcqmTddz68ennyvs,1.8682694589460749
3LcwP40zcY8bgqRFGBq3hC,1.8966042903209777
6oz0TkxZqdcyHYp5UOjvri,1.903780013462192
5R2pz8i4k4bvRAqiIFXzKz,1.9063210192324676
6asKJPlXOTx6BLyGnEAagB,1.9204531328482566
5kFiNl2f50ggsHGvpG3Lm6,1.9220059163356953
3QnCOKN6LMqZZwfv3LbsDd,1.925368815498215
2wOXxtHZgRkkrkEbKLzzqs,1.9331290093328264
