,0bdVK2OSyj04MkwOOxKIKI
0bdVK2OSyj04MkwOOxKIKI,0.0
2egEF2zjNVYDVpD24KNeP2,1.7439360666075088
0d7nYK2zg5ZnvWfneBZvqJ,1.7964408859268017
7A1YIYMrprZIPKoUptyYQd,1.8035172884633301
7qSeh2DAHZZ3V4fjnt0EeP,1.8325773675453514
0xtIp0lgccN85GfGOekS5L,1.8363043954767784
7GIPB25XFSIgVAWn5dhANL,1.843800380847885
71wZ1KJdXSa5hC51kvGBL2,1.8518320702421944
01WZpX9Ss7ZexSFX6ntYeO,1.8540647299448516
2AHjnkzzIE1o20jfoQngab,1.8578199988540096
2ySDKHsjXDrvEOtgEW2YWg,1.8590404371786227
3E6iea9uEmB7gRru4lyP6h,1.8650276603359253
5XJbLWHhhbmLuRSe2h3Avl,1.8658899077530615
7kQbatgtyeNSmDFrnnt7P4,1.8706625796003107
46qn9cWmzH2Em5frlIFsqG,1.872829566139822
75SMxaQ5gYrM8hoGQbwcNi,1.8752058541335843
2adF8MLoBFPSh1mxXYgK9T,1.9161427718155528
2PIVkZbTsbdg7VsXDBwiPP,1.9211806442422217
7EbRVU97goqzqVsRhXsXZ5,1.9261252506486146
77cfHbRoHkHelQFWODXlVr,1.9337123100414753
3XF5xLJHOQQRbWya6hBp7d,1.9388862022306532
