,0BEiMf0IidmdEeY2Kp1nUA
0BEiMf0IidmdEeY2Kp1nUA,0.0
7kQbatgtyeNSmDFrnnt7P4,1.854996973057763
0BP2o4rGe7nkQea1JOWMbl,1.8861643171005198
4xFqYuUC1sO6wU5ZnvidDk,1.9056560122902342
5qfZRNjt2TkHEL12r3sDEU,1.9188032838818099
3DnzEB8Ffnp5sjnCbOugUX,1.9204477047306816
3tqiGDwQquNVY1nyzkJtiO,1.9374660842693237
3HWDWyIqWuLsTHECx9DvXF,1.939057963000191
2ExrgjlmbaJ0IrnoY3uwAA,1.960999213931005
5ddXMXmXZ2FN4iliTG20nO,1.9759888337511315
1jGQtB2th582DJF57EoIjq,1.9803121854819865
7pwAOy7WJBeSBPbH9lXvI8,1.9862150055181358
0OUQhRKgGSb0PPrLUuEQka,1.9884114959231642
76FnCkhueYsfbyTv5Rm65B,1.9930377651493763
49tqZFkI8JJXAoYWPxiHdb,1.9937922579444702
6ucOlSv5N8sa18vJIkE7lf,1.9938658099000446
5qODdo5pr25z8ULx9WXVpN,1.9956517258701425
7dTrO1IogQHGQKdaRbeG8I,1.9966594172230618
6kibhu5jODy17eyD2JvAlX,2.016214945138896
1blhrVvz3o7ydQhG8Wj1oL,2.019920102374153
6btqO3QjH7QGmLfzfG7kEA,2.0213824268461744
