,0bGLvHd0ApdT4t0shCfpzG
0bGLvHd0ApdT4t0shCfpzG,0.0
5GUYJTQap5F3RDQiCOJhrS,2.048020826411064
55S2PQgSMYAhgoTCcGCDfw,2.124872176977304
4b7mLZQWsy0rLnrMtPA9fQ,2.1502164404594537
7eeg1G22Q386Zigie8qrpN,2.237273140401568
6ZDQdAeTYt13V67K7LJXDv,2.238737755276611
6iOhd5wNnvvwGDEuNILvM5,2.276512685222117
6kmm2jcandx3obXukxQ5bi,2.2830058303726988
4Xgk8q4SoFNLSNrNuYpnz6,2.292615556499554
2lpcY0lROi0khLsnBCMp1W,2.2944117599742833
0KtzMx1GbkkPyA2TQceHoM,2.3040702178034302
3py7gGMJaaxYcEkmqjwsaQ,2.304542796001102
4cUauqPP7hLPnTDDJ7pB6O,2.3088716878845146
6KfO5tEll4owFUX2vbFcVG,2.3098123577574308
3jqg8gLVlGau6SyespptqN,2.3180263397717207
3EgJiZO0htv3dW0MivkyPh,2.3256216872308544
2ray9NV8csMwj6zvL1VYu8,2.3265757270655643
6cYKaY3rEeaYoIHwkhXZGt,2.330164371146621
3L310NpvnPHb4QRy0uXJWP,2.338540340004332
5YLuXKsZ02FNK9MyaKi9Uw,2.3388485313055183
5jklyYwzYIY20CiWG5uccu,2.3401138428731127
