,0bGulLFbiIEUmfKiwsHWih
0bGulLFbiIEUmfKiwsHWih,0.0
3ggB6zA2bjaxjHC3XGb81W,2.114682956523495
4f2aGfZngFF8lQ5pgw9xPV,2.1292073723251796
5VIUVUvwHPM2vJaQpznd5W,2.1341856273523785
43iKgGbmfqPLh3mxUlospI,2.161220875511239
3jJ5NJ3aNWvV70Rd7hgZIH,2.170453313074654
6c4u4Isc3P85pY4HnY5RuX,2.1919630575914564
3RVXntC55Fa0xfUcpxLuZE,2.2067716255615455
4z1YRT2pdtzDKfuJoU8w3k,2.2113978392138325
6WOWeafSarYtIMlKO1cbfB,2.214520819453537
1LDNoleOzLl8LdHH7L9e5t,2.2253299101217174
7M5beITAQcBxYSHpkj7yyv,2.228007102324061
3UnkzTzx8ANeCh8ymXo5ap,2.2590644053359648
6mzGAzxqR9doSfBhcjbr0k,2.2604471934691506
1BZdJrCYel0jMNmKY8KkUD,2.268859467604336
4pITJBPgZ3d0ZUwK3fsfpx,2.2759515157436927
5RxCC8ecpIb6W9MVrJNmSF,2.2823431115383
6Na5uKk5SsqZimk0hAWo8y,2.293106632304892
0aeZzfSoZAcETjba8MCvco,2.3025007460320226
2dMUJy0El3BcQUy9gP9gt0,2.3037552575644384
6pKYzUreo64O7QVdFuPsGv,2.3044958293156625
