,0BH5Z9lsFa7dOYd3A2cYA4
0BH5Z9lsFa7dOYd3A2cYA4,0.0
6dIZb64N6ICAWrf1RJrKfB,2.1743343834836817
72kPrwYb1kR2c2AUdUyeF7,2.2690403234997407
2RPDdBOkW50nhE96JWyEIV,2.2805380159393267
4Y46EWgFZylXgqGfEBUEt1,2.3073214875447614
2ZrHbO88rM6Ijeg0aJmSzl,2.3329357500698773
4ejxfi3UJf6Czx4Wdkr3jh,2.3461076753191197
333eVY2brM1sNQMBPjeGhW,2.3639981672156933
5f0uZvIkrgpwHP6dRCyKZC,2.3734084172106202
3W3RqSXCJWCSloBfIUolYu,2.3741351055654834
1LkY3MoBArHfIZdLOqjQRj,2.3792263425409526
1Pl641Wv0HgDoIbPfVS8hP,2.413461253632392
13J4KuQoJaf0ubp9gzPuFo,2.416041756276833
2GCKWEsbb0Xo1oodTOKVi1,2.417874126588408
4NCkcPwI098rttxxFggaLV,2.4182331108219004
6yyvLpiJLum0qdgM7W268T,2.4210735001336734
5gMhDjTQ9o48VtlcG9NEt8,2.4274923905543093
2bcGwAjF7I01TJndClXQSB,2.432879947682684
6700Z4Izi8EbB6JNthU6Ma,2.439052373316452
6GpwkENEvGqAr0PXMwB1gL,2.4461947191543127
1yk8IZZY7aHvKF7liXDr4L,2.45484069593572
