,0bIAUChT86MNxGbYyep01v
0bIAUChT86MNxGbYyep01v,0.0
5KydtchFLAU8FoYznOIWba,2.1620418391042175
6JUXpGXq7xmVSlIxArGrxB,2.174968252686988
6ueeOR4UgGYx7J3elrEiPQ,2.224531678581033
5NGVnEhrimV9vYwPRxsM3i,2.257490110144006
3iFYuSmn6o6TZXtK8eu2wq,2.2753796274120677
1XGmzt0PVuFgQYYnV2It7A,2.2759467891030893
4uY4fBNMiA2vwfQKxsLv0n,2.3062312151302993
1hR1K837ZhhMpZ8LFbFlTC,2.336438551481914
5d22pL2gpxRzBmOIcNYMWM,2.3367052440247926
4OHjpHTTrTFwEt1HxHYbm4,2.3541316483738974
1OSQyI88RS8L9Hldr0r9NR,2.3567300258379777
6uS74hRGhCtRTRDDEjoveo,2.3676736703052104
1Z4fG5PdosWFQwCkAtsPup,2.3703473359274314
5LN18EESrpCemDDTBEbA1m,2.371994655805744
5GsPMRCf4Z6JqMwDZQLe85,2.3821530291347934
4LcYLTtnmRaGf4Ai44ht8f,2.382932847926852
1g1RmSl6D0I6m6MEtDvxYn,2.3957702765329314
2VBbNPioFgkakgcp1jvmN7,2.402590157378105
6onGPPlA3MuXZdWqE5YBcX,2.406686575202305
2fIVAH4DJ3E7tg1RsdQGr1,2.407197237940009
