,0bjQdaOlpGmwM5zQbetgBP
0bjQdaOlpGmwM5zQbetgBP,0.0
6vTXaO5B87JIE8imQ20ach,1.589533198780322
4cSbZ9ZlgMSpdzQ9cTWZN8,1.6167536778942349
7iYT18hlRHQ1tdhaoTAADp,1.6213008211513926
6C6Wo9w3I2pfDleW1ktfAP,1.6284288350495633
11fEJnYg66OiKzN4XPtooK,1.6361086342901212
1heVw7Nm4pLIO5eA697PyM,1.6529626236546973
6Ind1AWnuYb1pSKwnJgRWh,1.6697282511061564
3OfbIrAjqFHuLbg4t1JNSL,1.670259963261857
6T74sWvcHvSAO5prlk5dDw,1.6741041318314103
6DST3HT8zF8WpNmg9tHuaa,1.6776043861807786
60hLMyn6QmSnGA5fHxt927,1.6975015512623433
7gGlanHOEieKGuEYfGRnDU,1.6998983659689069
6k2aELCvO7AMEFSMnTEe7b,1.7023951299833826
0eZqAzBOBKrnXFdGRA6lHy,1.7039464099279982
33DWsxiGWzZTtpNMtQND22,1.7109114789934143
1ZnmPbnCXnVYCZNc8lpe33,1.7114044318246757
4CLC3s96hVQvtcHfWGDVqY,1.7146972608293343
1BgtlF5x3xm5jXA3qwMzX8,1.718466260432275
3jKUWKcKBkyiLyJ24SUyiM,1.722018907567789
1lf4YLmeJ5Q8hhOZOI4mbr,1.7295657803626092
