,0bjUuLA909ELFKmRkdRbEk
0bjUuLA909ELFKmRkdRbEk,0.0
3qYCfox9txQoEQAG0mbwd5,2.1844994824591835
1qY0j46pC8flm36R5E1ITB,2.2065943403685884
09FMjUCLnkdnSBlZba6VMc,2.22952006365805
5qEsQiKndh4h3d16LiZs5x,2.2372137587559076
33npucdtC2uQou2OM2KmRQ,2.302360430554418
4nyTG4faxWrcECCW8ZYvol,2.3038685179471985
6i7ZCerJICjhpbisBz1Lw4,2.3162003288049804
3NmHNVe0vfbkmD6a8OlxEr,2.3375672887587937
4buvG5Kmstm8UMjSgUrv2X,2.3452937045433755
5AKlnLpP3WLwZseNbjquND,2.355937848456598
5OS3Z1ASNCR7cEoTNwZ4IY,2.3578528152175413
2tGrTu6kK2jLWmY3YRVcRl,2.364224861478419
44FZ6TP6a75s7eU62nHBZ3,2.3670921227416373
4RoArPM0AsuW3h8hW8xtnr,2.374739148544765
17uivGWu6kfAvH6UgR7j4x,2.3808523695635673
7f3QoRSTtRbQ9iE2ksxhAP,2.3837843937827374
36sLuskgtYyvpi2lGz9Giz,2.388648840836396
6XSxQJgbqqNmOjiiHCVqM6,2.391345999787694
4bOWvAXASQ6sgoLqfLlp8U,2.393069311112357
33me8A49wNca5WJ2riMf28,2.41051712044676
