,0BleHROB2SxV7jv9dOQr7J
0BleHROB2SxV7jv9dOQr7J,0.0
7G41SWTexIdCJgbpLlNq4E,2.2041422620205156
6TW9Es1ZWH0P6B5u4mfFoQ,2.2990870519416102
5d967hRg6jQtfyRQTt9iKl,2.354517043187565
6VrLYoQKdhu1Jruei06t65,2.359131600264575
4EBnHYbkqP7xJF17VL4nae,2.360905931672706
03ensJD4vIcC4qFSqJfEOG,2.364352686978925
7qHSh89fSQrezXIl2Pmf1t,2.3668928758664203
7svmpuzodXg1fhLpLziMT9,2.3704979064208977
1L7n9Ifjdks0SAU1QR3hJj,2.3707664318341712
72C7aUQECOhNtnD0AC36ua,2.3741921694087345
5XdxxH0PxIRMwZ3gMdSxiM,2.3871938260910235
1lVxqyb7ClAP1IjeE50XD8,2.393592541495846
1lx8ddGT5wCD6W2xmLeRKG,2.414122102390444
4F881nJKIeP4y6DiIKhsCx,2.418082742132413
4V0x90QcMh4ZxwHzEWOdtK,2.4222766852493938
0kpUik8UD6gRmPk2u9op5h,2.4256493073026224
3bOfawOrDpk59qq9iuvJdw,2.439482393748078
7sCvsudqsDwDcjezHcMXXF,2.445646232294485
7iRwQPbohMDUB57yg4FiiJ,2.4543228759236504
7IL3UOlcJ6nmcCMwpnlfcA,2.468084037724264
