,0BmIb7qf0IIx9Lmvf6a28T
0BmIb7qf0IIx9Lmvf6a28T,0.0
4TczzqgorzzX4t0mzaBXrK,2.0504286762728805
4K7uOtmjhElXY21rgdOArT,2.0576318284087205
4Smc57rqnTjKvz56WJaunv,2.0962785479257136
49FYlytm3dAAraYgpoJZux,2.1095718340015024
4mArBIy1VuvJCKjbsqUm9E,2.1268410375102826
7ED2Ow3trsqXrfDxr87OBD,2.142446171729717
6thTungozwfrGE7SC50AEO,2.1649466985647874
6Y61YHqGY7SNGOHqlOwyBu,2.1720518986923296
3HWDWyIqWuLsTHECx9DvXF,2.1825990241253432
3BUnW43cyllWNWTPZxfcxZ,2.1888157734700178
7BjobE2epeRjddpjdmlOGZ,2.1931836638275573
6GJZaic4HSan2B2jgvI2L4,2.1992355719738326
1qht8QACUgwyAy0hXx7wte,2.2038916441711924
3pj1HzBsnihN5PM8wn4Mbv,2.204259619761979
2eMVogxm08LgfgnWpahooV,2.204875987351599
68NPj5fpULrj17tEVhYbIN,2.209339707387715
2WtFmi6oTPyHoPPc1MiHmb,2.2200898471041572
7pwAOy7WJBeSBPbH9lXvI8,2.2217653880337904
7xL9TvhxzEa0yV8HJMau4e,2.2236146806113566
0NdTUS4UiNYCNn5FgVqKQY,2.223665010905937
