,0BntF4FDGrxOAbmYprzwAL
0BntF4FDGrxOAbmYprzwAL,0.0
2RPDdBOkW50nhE96JWyEIV,2.2699400865712334
1f72O8NCHd8WVQ3VtLSGPp,2.2851466153573803
3SFHfGrEA7PqIu2cWDapJR,2.287375435710299
3FNhIlb1fONI20QrBa1QQK,2.2913941626214656
4uh3YVxkgqeVmFNgRSI8FT,2.3547126000184466
2ZrHbO88rM6Ijeg0aJmSzl,2.4065718244439536
5BfMJ6iytQnu1r7iiCYSXe,2.4114770736614326
10AsRVRdU07cMAFHeGYO3c,2.416096259960482
5KsVtf2yaOmlahB6iYLbLJ,2.43225123465375
6dIZb64N6ICAWrf1RJrKfB,2.4407386241047475
5EA06TsQmqmQXZiEhr1AaM,2.447502026798168
77DmJDLYeHbzA3cqgvGiqV,2.451360090853191
5xhJmd0I15jFcEdqxfCzKk,2.4661599766476137
6RGh0LzwNcYNWYCdNJwHvG,2.4752180908990566
49PuPc7vsgnkzMpF0Hzfeq,2.4757818245468997
31suvgK8vvhfVXyEa2JpH8,2.4814011390632276
2SoQaB0BbvLeG9kAKolPX3,2.4872344509223714
038dB4x8tAfC8EGzyYMD8n,2.491829729962942
6Y9OhYhJFYjG7fUWJDFcI3,2.498119901925818
72kPrwYb1kR2c2AUdUyeF7,2.505764016490866
