,0BP2o4rGe7nkQea1JOWMbl
0BP2o4rGe7nkQea1JOWMbl,0.0
3M2PHpiMb7np41m7dOCnQD,1.723441678810803
7DLMPjlUHdnZewnwmlCo7q,1.728417303951036
66hkKBOzU29h6OqaROxnsj,1.7394990351204922
7hJbnSihbw3zrGE0bzYWcX,1.740863956493433
6xOfafat53w1yN8NfsAwcq,1.7528956903712545
1khfmZTlbEsCi0VXylEJSQ,1.7824841735713572
5h7xRU4YPhS0cfk7o3N4fg,1.7875160721856176
2LWMF10STZqYY9a3YqBiOG,1.7928926144488364
7qSHJzQeuxXNlSVninLrAy,1.7934788309512573
2NuVCsz7g64agl6AKivW5U,1.8011926800975626
30O2LILRUDHmfLa9scND3k,1.8063286230310316
2flnYutr2WlFzi6ZpXz8ci,1.8092643343694743
6t87wHYpHlTwOctOS6GKXa,1.8104655530708293
5jxixAiTHXl3UiYd2tSvHY,1.8118814338859388
20sWlzT71XHAmI9TX8TVtp,1.8171340951799992
2mUFodFEiKVMINyXAYKqAb,1.817455808195219
3wzUgDQLAswiQ4i14GF04z,1.8176304390852724
4AlZ0FgehhgtLHddKx0Ou7,1.8189794774364076
6iUlUzSGZzKtlCvQ3wCVZD,1.8215590508893278
4L3qlrNGnTKvJoNMsb0675,1.8220209343589528
