,0BPWY79wNehGVARtwJawYV
0BPWY79wNehGVARtwJawYV,0.0
6mDoM5FGbr1Or5nY9pTnLy,1.4647461030053435
5KSI3kzHfvUVMkU7fzLTpf,1.5091597874015066
5XJbLWHhhbmLuRSe2h3Avl,1.510713209088612
7wC5eZcFS1Q1BsQ35DU6H4,1.5306194799504025
6ldgZnNK2v8JEZpWUQyZe9,1.561138540377133
2akH27wwc9IERY5TEgM5of,1.5637554411192052
6UNZ3vMZjyAXWaCqTFMPNU,1.5840989667958518
6qERU5OSRXZVE3WPFc04x9,1.592900082361973
7AXUdQmZMA5u221iv6gB0m,1.6085071789683916
01WZpX9Ss7ZexSFX6ntYeO,1.626764079733077
1l3pQggnZWxBCG1lreZ6KZ,1.6379537389820724
2TezZTKVASPv5htyXo5G4T,1.6490859541098875
5PXoaY8MACEl6kp6Ng50W9,1.6526526950592348
6y0tDMrNysXshULtc6a5tS,1.6585294623861504
6EIVLz5xM1xE29r0OmIkWt,1.6658443489975956
07nH4ifBxUB4lZcsf44Brn,1.6670564956125216
5KpDSMRdeJkpJPVxm6azxM,1.6723576967593914
4wVA1OlDoVKILzGmAJMSH4,1.672933911198957
58NE0639huS0DWQAEKXsB8,1.6850908591928955
1kk0Zd9QipIB9kAlWt8LzU,1.6907111162067436
