,0bR3ZRex5iMvLf7R8Llfox
0bR3ZRex5iMvLf7R8Llfox,0.0
3n3b5WNEohHP7Ou4ndBo6b,2.0925228388144594
6CdV33i2ztlvFheXGz4Huc,2.106959370017049
1lntL1cI2UIWlxjL5QiN8g,2.1131808924017066
1lq0bu8E8teVTjOHY5LrkL,2.122427676056775
1Sx9PkF2aZ0R61SMGMOisg,2.1246472425753677
619A7U0RtsSEvqJeJdazJ3,2.1389912653663523
4FuzqtTPlQAaO3ay8qcwXi,2.1451191605117366
6MDLO5bi8mGexqSwF9KmpH,2.155889523949385
2UMiwpFmpG3bI1dj55Il2n,2.1852094595536196
3HL81ZgFZrx8vNl7zRxa4i,2.217581255234906
3OVZSTxoVzic5wWEHBzG1c,2.23068845334446
4ZB0BYG0GUDPUKSCLslCgB,2.2334356875328143
3ilt7lMNflb49pEDpcZPAa,2.2378157693089116
1SH9WY0eACGHxtrmW3QAn1,2.252633177055458
7naGWci9bflvfdzxphFjAw,2.255235736434598
5o0iUgoa6t7cHWIZfqnKNh,2.258963821292225
4XUmBPJJMTIrvRntz5ROqH,2.2595584523271603
5VAyBXMEouggNcNuSiWADF,2.2770153313438812
6l2Q66TlfZqzbRkFrZOMT1,2.2772507376286
4XZxalvnG4Yo8YZLuiT1kV,2.285023277721697
