,0brrVj6VnvrG70SjRTnEJA
0brrVj6VnvrG70SjRTnEJA,0.0
4Tk8tHCDWGa6RGIm1koD9H,1.7145748479855965
6cqXhzuVIH4Hm2CkF7ZN21,1.8083245387242934
3jnrt2gEadlTy3BvRzYJMO,1.8251805899682834
5AOVMgO0kIIhmybU53gAvX,1.8268769383098284
5UedqzjOkNIcNgJ1JGEArF,1.8276129414746745
3gZuENvQgnjcqTDbhRMb77,1.8638516266771765
4G9addS7Yq5ihZBQLXG2Mj,1.878827418184058
52CWzR3JR9BjYvPIhTRcjW,1.8854544297244693
7AFiFyTWOma1qPY5QhlDM1,1.909456207389031
5cbpoIu3YjoOwbBDGUEp3P,1.9206131645018016
0oM0P2EWtGagKaCmqsubWb,1.9306148093909348
429wX8UGtVFTtR9vy77CAk,1.9352832048530844
4wVA1OlDoVKILzGmAJMSH4,1.9459541509080365
1GqfuGDmnaeoAYA35Knwgh,1.9489003831578657
7LHVnaVTlArnux4kbyFb6q,1.9559487589627849
2gZUPNdnz5Y45eiGxpHGSc,1.9562350967627025
1UnQRfPU5Mz6J5owKFsH4k,1.9565260012078578
4DqHbPrY0nKnieLeCC0pOl,1.9771495576361948
3kvfHegGG4v9X7zYMX8DEi,1.98328023814226
64i1dyG9Td5z5Q0TCG17Pb,1.9833840733304249
