,0BTg2rhKCMBsV9ZxNEpC5p
0BTg2rhKCMBsV9ZxNEpC5p,0.0
677KMGwR0Mv5ZAEbAqJYMJ,1.6220437003939525
1l3pQggnZWxBCG1lreZ6KZ,1.750873569051322
65XUDO7KZS6plnGLAIq0D1,1.8035492775202102
6e9hppTnLvAsHiTFRvPbOe,1.8557801373936984
799Z65iUG7NuYzwFeO7bfs,1.8610072741247747
5k6ioThKIxeklkIt3MNJjC,1.865678589853546
4N2yjWLIxZjOXDrCu2VlJe,1.8739947066666751
3EwQuOcTRtLRgcYPwGnLM9,1.884479944278082
3ED9ttzMwojoif1ejeDLYu,1.9164398823026247
4vTrLjWQsJWeyM6pTlqVI3,1.9217602517706833
7dBkGRBm8IqBSn8oRUsIuc,1.926791558069854
2BWvTjxFT4CuS5DaltuHxn,1.9290225642182606
3jnrt2gEadlTy3BvRzYJMO,1.9305423677673812
7LwOt9EJwYXNhrzNztVzXC,1.9509728597394076
11zf7m4vw9Ze7cer9Nyhk1,1.9689127609801662
56xPWlaD9Lb5cYVX1zn3kU,1.9695615552778873
6SIZskhGAJhELaq1tn3kJ2,1.9732405768058174
68wurpbOxfyI6shur3BHGJ,1.976100924124223
7Mce1dTzyHcuBX3W5TPE1s,1.9780601503582822
2elj70iBhDLecyW9aQbGtQ,1.981893492802082
