,0BtPw5uIy3oYByTEzljyNc
0BtPw5uIy3oYByTEzljyNc,0.0
0bZDQlvx2oS1NiUZZ1aXGu,1.7476682247149637
0dqREqnSQyV4mBwfPdFbLk,1.843833965840915
7ATOaMFgQuvItrY65Pqq8X,1.8528453785914134
1mj01FdNhQ90N16CxId0EU,1.8753118096915997
17eKAC74e5F0Ru5awTXJf6,1.8822242497061559
2XbcltKrNtMSdVjaoFYVfO,1.8822242497061559
7nCYx2tac5Jl4GUhbleKNI,1.8936581683704767
5wIZjekDSGn7TPWn0aL6Uo,1.9366411985348062
2g0xsUTDAvNHPVT8TBp1DI,1.9483461058001807
0gRbdp7rmKN6l1lRz5PwGc,1.9630581969453833
50FJV3U4K9reve96pN45cq,1.9652304954466409
1hjTNgwNWMCIw2GHzrk4ns,1.971094852032476
3U8gSvBmwGWGO5IUCfG86o,1.97740966372909
4esu2pWjSlNqQ1D2zFxE4z,1.9841004426366147
1uqukhK8JUrjBnbxB9KlS2,1.9874144333244197
0rlzGuEgluLExBK7C1F6pb,1.987590336760818
6AAl7AECcCH7mVGNqHGmaI,1.994854550248595
7pPTEEeDbOVLnBP6U99BSA,1.9972723537331825
6CuFNqgHYbHenYaT4u3C5r,1.9974078139003248
2uQ4px5SPONsgcUpulywIQ,2.001261336069172
