,0BUFJvuLjUm7lN7DPkGSJV
0BUFJvuLjUm7lN7DPkGSJV,0.0
6fzcnVO0X2cpYjsHk19GJo,2.18469332540611
0rZfBVJaKDO34tP9M04fdL,2.21419049524381
4u9Y4Z9i9VaAbBK7rW1Rha,2.224399705881194
4gWO16DBAKjyKsLxRZWaQm,2.2520055206842975
4ac8pAEa7a4jxc1aebXssW,2.2768671529062146
70mp1i01VSiCIBIGHSMKAl,2.2850989292218373
5G9S6rmvFBQonF6x4oAfJD,2.3027519305995536
5VIUVUvwHPM2vJaQpznd5W,2.3216622194305434
5YLuXKsZ02FNK9MyaKi9Uw,2.325078776413115
3RVXntC55Fa0xfUcpxLuZE,2.3439039353935054
5KsVtf2yaOmlahB6iYLbLJ,2.3536559408891193
4ld9QYEpwDD3m8gGfUn19Z,2.3568758755462365
1oN5NPKE4oxO3IrguLosDa,2.365812384616907
7pY6xLJqmezJNG7VwuKVSH,2.3707493627214427
2NjO87HyT80fsgejd3PLYW,2.3734474635060296
5GcXKHW5GOXoXFY5dH6lb7,2.376711427365544
4V18jYoK8nWTGKtTKhlDFG,2.381922183092645
1pHELafx5XouPAJDU0YHMX,2.3903629978709886
31nFfi3gUILpx5zfuPvaNz,2.3930014299051425
1fO6NNs6kMltGkPTwhvdjl,2.393223375660769
