,0BUnHZCQhlMdSLFSR022Lf
0BUnHZCQhlMdSLFSR022Lf,0.0
3KR7OrTW5huABPJNOR1mFY,1.4801414056589404
757tJVvkzzxSIhKWVWH73u,1.6062687023488782
5KSI3kzHfvUVMkU7fzLTpf,1.623491491258057
20F0eLQPAPJGiHNoUZyQ6D,1.6314216887644524
7wC5eZcFS1Q1BsQ35DU6H4,1.6414370315640092
5WMM12xcKS134ww9lzpNV6,1.648110855625143
44n8ReJXTulnTpSiDg3whQ,1.6632380713964408
6EIVLz5xM1xE29r0OmIkWt,1.687076319816787
3OjjlGf0bwFLQaDiFn5WLk,1.6898116475041998
0rlzGuEgluLExBK7C1F6pb,1.6912854688782628
7s5f5J732iyXSqtyaF96mK,1.718030020940165
7qtxpp3xkyRQ9nUhuNh1kn,1.726667113956268
4fVCh5slVy69EE5hOOTvR7,1.73543401494792
4VVKAyYt2jFt0ba1TVbaxB,1.7389210140285787
50PzsFjhABlOUVBj87bQhx,1.7396672040001548
6taGfamu0Y0cSuWgZ969UC,1.7426566086826303
7iJrChWegPl7ZkQv72qmL5,1.7522266331602105
7E5PRdbZq6m5PcKskAhPJV,1.756162795558527
0BPWY79wNehGVARtwJawYV,1.7574994429367208
6ZJXlKG6U7FkKWNL6IMKDC,1.764553977921616
