,0BvEHGefBq0jz61NJ9JLPJ
0BvEHGefBq0jz61NJ9JLPJ,0.0
4i42XI9RT6QRSoaKN8GT8r,0.2637315891488219
4JgnFrlB0LO7UiiaY5H94H,0.32863923679889523
6fiBqVve9HWktF3KkWRTmH,0.5495972679374681
0GVBPuCT3pBrXCdY3Uiy5B,0.5643190449458337
60ezBer1XcUYoyIxThpwPh,0.615173777375582
3npAFR4Kebu8TzpOKWh4dM,0.6180032347616542
5nbUosnMlq7ssdxXJnS7tm,0.6180032347616542
4HjiVbjQV3TQKGcqiHZl8c,0.6447914929800851
7baNYnxas4NlQXcoj6kSmp,0.6798842137913871
0wxtV7OjnFDfuGdi1WoTxT,0.6824032341659689
32X4JWt8v06fq0Ofy9q58d,0.6876112390469736
0OIUi1vNj6msjjhGtjYJok,0.7475368280704396
113XoYfRyakRO2of1zfELx,0.8206283840920228
77It1fz8dwAVneUbZA55W0,0.8269271876621276
6wzcqm1ThpdCB5efJmZT7C,0.9119949469951117
5wlkpP8iSUYmEaEArX4eHI,0.9241099572942112
5KDt24TFSN2IxJcssylfux,0.944066320690567
0JZfozP913DdM4jUbfRlOq,0.9560649387074218
6JtUHAH22sgKdPmwNhAWD3,0.9776324471328812
5vIdPoGUqHL1gYsL4QAaKL,1.0047925037613465
