,0BxE4FqsDD1Ot4YuBXwAPp
0BxE4FqsDD1Ot4YuBXwAPp,0.0
4e9d6k71fCGGRpZRb4tmvz,1.549916835953894
5tDmXlv5KAUKBz7raR3pBg,1.560450231825276
3NU0MFGJ7ZhDPuYWXpB2xd,1.5654694660750654
7uyUXNyOEJUkYV3LbcHeow,1.574583343561465
6L42Utj3rnzJsJXwhUUwmw,1.6131113577931815
239HVAXMghTUXdJVsAiwSa,1.641900410942384
6SyGyYzbwyFl83ApCqKqGp,1.6550403348209215
58JkM70FipESoVRxKCbZiz,1.6589314589526736
2MCBSxOnkMcVkbaLplGYjX,1.6677621992745737
7Bl5Fqa2g1UFs2O1VJiKhb,1.6700888775201497
4aYnNoIQjhfTEly3N18Lh4,1.6726145743246763
5WpVNCAasM0D12cCJt9A5Z,1.6776898258843427
7bLbuKipY5RHQW9q2xhxoh,1.6823989006064777
71kl32fFCagQiR9XVQzwGx,1.6846952155385186
4kCEgmt97j9AiSUUpUsw7x,1.6849974558506038
6PfSIlaxab5BcKe5xLd6Yb,1.6856523560663994
1g8SAhlSBYxRcP5boyr4r9,1.6871155411862724
3m0kl9IZVzWxsMd95O7kWA,1.6874120456831112
2dJTSO5t3uZiLem40nnjfN,1.6916951059675855
65z3lkP7P27npGyyyMv2IF,1.6925220505170344
