,0BXgcEJSZaTE2g5fjVsppr
0BXgcEJSZaTE2g5fjVsppr,0.0
6Pgkp4qUoTmJIPn7ReaGxL,1.962005791400239
6D2ZD1yIFU1c1R7GdHsrtD,1.9733163619413177
0BPWY79wNehGVARtwJawYV,2.004508590500461
5bRQLbNUqL8jx07dal6JHZ,2.0158156943296857
2LaWNhaHKWyQ9B5igNh9UA,2.033468595092812
4YaNLEPw3MrIgkGOkBrAh2,2.0396913254183073
7ybuzkdqKUkGKsXCp1eu7z,2.0639356300104743
5HCXMBxZIVaVLXpyoqPM3g,2.065176313116388
5emntevTESKC3u0SSQvcO0,2.0695189126491216
7sPbp28sThpD4opAhQsMTx,2.0707431061669173
6SgchVrNlA3k5HXQ8IkRFv,2.072445010905246
1l3pQggnZWxBCG1lreZ6KZ,2.0768352388499673
1plWd6HPu5RUGa3kszuaYA,2.078720655059787
0jnSjyof5ZrQCBsashHnma,2.081604206966701
3UocS5j1d8i3Oy5e5IQdcS,2.0842872288245435
7jIOfVSTZWb2Qvr9KhA4r1,2.0872574319357593
6CQnMebNgdhuAkIkEBpHUK,2.0883253319408537
4qzoHxgp42ylb18ga1SWTL,2.0924449944441816
5inT4CQYHmHufPDx65ZnRa,2.097234050165785
73ql1yhK21ea2u2XbaIyqL,2.10215693544511
