,0bXltQvW3tWTxTvZyk8dM1
0bXltQvW3tWTxTvZyk8dM1,0.0
4TFvlodroovcb6QX8aLGTM,1.4910280098757822
7apwDovXT0NUglP5Nxtiia,1.6852643202571214
04ETxjrLIyEMJFLQKEABJS,1.9333302418291325
2MMRnNWjuM6DDoQ4jAEJiE,1.9760385208657762
2VsrIKfRfWKzWyKIhvaQz5,1.981057615244606
4k3dyslxpip7V300NZdH8z,1.9862717327048167
2AyMBBR8dGKHT7tBuUOFao,2.004103875799513
4OLtlQ6rjT1xId7Tnn5X8X,2.0324212780907183
7fcgisGFCr4mfbfNSztr84,2.038300652316436
2Oed9gZ5WKs6IJ55G1p3DY,2.0427050322987745
23DfvYoXdZ6eSuN5MUpZgQ,2.069705478511111
11SB3yglKUxKMidlcb5vmz,2.074601698374307
3Wto3qVmbTqpSskoQ3YIxt,2.077424396261744
2lIkaxlhbqzNwQCE8PHKYp,2.077836121970558
4djz9dpEMMCYwkADOvrCZL,2.090032670511636
5kxVyCgEUND7E2QKG7JmoF,2.0925118805805525
1NsEoCwQET7VCVBNrJqmnT,2.0975644813476193
5xN48kwYZWTUDXbPxVeszJ,2.099648170641758
4QIo4oxwzzafcBWkKjDpXY,2.105208163887893
2IPNoVksl0gQ0YhzpWIrlQ,2.1069137207878113
