,0BxqHzvd8c2IpRwdYusH2D
0BxqHzvd8c2IpRwdYusH2D,0.0
4zcZLstE7ge87tUDhUxc9T,1.895737449744248
4VrWlk8IQxevMvERoX08iC,1.9954723092532503
1rOlTL4pKQ9Y1fURua4AJR,2.0393769545262765
6ww0mbRkenmRS3Q3XdIIRi,2.083089869710828
7bTxH0EbMwhJ0ISY0M2Yce,2.1016984264293708
1VZLEW5ZfcAbKZ94XQiSZF,2.1017661858515684
1eeomkGph9F87Lfi4PTYhr,2.120118808764808
1lq31ZbKSc9MSFQXAVFt6Y,2.131500386986535
2RlMWXRqVedbLCpouImTZw,2.1334083660422904
0IKK48xF4eEdfofyaeKWWO,2.135863831234319
7A1YIYMrprZIPKoUptyYQd,2.154686296550532
2ejeiQQcxOONtMDgV2GXSu,2.1590730538607037
1CGrelazpf6orzDTdGwIc5,2.1747183643716195
4FUGhOQNLbs6NOhFR5CaaJ,2.2076649077358628
0bdVK2OSyj04MkwOOxKIKI,2.218761925269738
4NiehSBQthimPzRsVeOgCT,2.2196679876726666
5ddXMXmXZ2FN4iliTG20nO,2.2271948449870025
0pCNNLJjW3VXiHRgrPONEr,2.229913950724265
3vaEUJwqNMJHuNJEeW3DGc,2.2416828724511095
4p8qhuurSA5UOuMAFiyRSj,2.2474942636165793
