,0bYDebBlQxsDR4hCgbbpOW
0bYDebBlQxsDR4hCgbbpOW,0.0
7ilAiDbhLaROEx9G9ecjPK,1.9575244656463409
6eDApnV9Jdb1nYahOlbbUh,1.9965759041830118
6VGKfZmYkkMsd2pij0jNiF,2.0183813676000812
2Lk37qFIc6R9jFOGUxJUZT,2.0392082097028936
67CY1sdwFSvQQLcEajOj6C,2.043209355934079
7i9763l5SSfOnqZ35VOcfy,2.043209355934079
1kAcUQO9bBz5c4zwIXIGMO,2.043300118811509
630svau24EHHzw1kNk0Bdq,2.044219226008366
5go6ZFe4i9b6tOBo5GGgEY,2.0491921296675133
4SsqtAwPLrvDmls36op1IN,2.0617652251251943
77WSY0bNb0dR6EGWA3PoJ5,2.0636125447352263
6Xpn0GYN25gPAlhLdO971J,2.082678746562528
51XZD1FCrWyU3dDWJH4nzb,2.0872505575534515
7p6VzsOamJwz8zTNdzSHmL,2.095772316886055
6ugg7IuBIwi4jk7DrXSOWZ,2.107943717731449
2MNqeiT2Pi3jRWvAKl6KQj,2.111144863907257
3CxEwJdQOrHWzr7F2ZxP2g,2.1194922691742777
5OMCffelD9cnJCgG3xnHzU,2.1303841909290413
4t6dqSAxE5osx8Mfxa0Quz,2.137630866065393
2tYPx6gPuRDKOmoBZOGfNJ,2.1382329068814676
