,0BYgMcb2OiTBU83W5YCGTL
0BYgMcb2OiTBU83W5YCGTL,0.0
3XaZ4zJnU3SbYFj6PhI8Y7,2.255740771285644
0fWyDYARNbNd0zaa5bsQIY,2.255740771285644
09N8D0V8rZm1JEOmNYKrKr,2.2712114552020415
3tn0Ik8HPHkPe5ndyqPfbh,2.277103389263921
7vcNp4cj4uF4AyX5aKY4Ps,2.329103997629713
1JJFpHdZhIE4TgG0EZfiwp,2.338019769089449
4BreyjJu4w5EUhTKPIQymq,2.3944176587184374
38aPeueGAUmEneEEJoANXO,2.4020439750327514
1LjDiuvTooXDqaIsVCTFxm,2.429793482331827
22VdIZQfgXJea34mQxlt81,2.4315553829509984
4MloswMM3eu7dHZ7MOzW3i,2.4441651433431586
7iiPCPiyAcKTwFfElnQUB9,2.4447156255506433
6yyvLpiJLum0qdgM7W268T,2.4493052769987815
2ePgwid1o7NKDpUmNGC69b,2.4540547697467505
5EWoUFIiguH1n2BjBoqbLf,2.4596803595241234
1YnRzw2S56QR16zhKZJMiv,2.4636634554745727
4dP90SAmFzv9hjyaqgVVDG,2.4651403455079044
3tNpXsxWVIykSnDMT3cD2a,2.4679924782545637
6X1DiQL7uRQwLXlWSWSN2w,2.4785011349618165
0xtu9tJlzxiPfHF82g6Xrp,2.4944972717883496
