,0bZDQlvx2oS1NiUZZ1aXGu
0bZDQlvx2oS1NiUZZ1aXGu,0.0
0BtPw5uIy3oYByTEzljyNc,1.7476682247149637
7ATOaMFgQuvItrY65Pqq8X,1.7824053473677344
3wx2kQWPn9p5UppQbNhPAk,1.8039607670963476
0dqREqnSQyV4mBwfPdFbLk,1.8285621146141442
0480zldyxMPfcy8brNQUTT,1.8560356623635084
2juJ1VWE4fwQbGkNYnkgia,1.8610880035668427
2hUZf4tuxZG2H8OYXa89qW,1.8651398265674173
66hkKBOzU29h6OqaROxnsj,1.8892925086142718
7MS8xxRhoedXm5z8jTALjD,1.892329427672673
1mj01FdNhQ90N16CxId0EU,1.8975841594757834
5u8ouS5B5U1qYGreLC5bkP,1.921269308965996
3AXoBagRfCVOLokemf3xNu,1.9367436617306328
3oWCb5AEbq6UidHUF1ySay,1.944548704790264
7IBaWJgk81AoQs6K3VOJds,1.9460222380891847
2eucFttlfFNX5fRD78JBdI,1.9546444662760187
2uQ4px5SPONsgcUpulywIQ,1.9647544306051574
7LB6xhGZ0jCbP3PfUDA7yw,1.970637042651665
53bwArVbvrLDhIQTKboA5W,1.9732118584184264
4kSKacywUJHdhyst4PL6pl,1.973877451872787
0gzqZ9d1jIKo9psEIthwXe,1.9749821917844266
