,0BzDQgmeRdA4V71VhfBvXT
0BzDQgmeRdA4V71VhfBvXT,0.0
2X89n7LOYnkKzfIlvi8sRp,1.3973859022258601
0GEJ5r9ShlIr64Xv6nHt0z,1.4056577866620723
7jSctfsxmybYYxvTAfrLLM,1.5400274788097499
57exMMIWTLMmwerkzcxcpu,1.5658625692286627
1hx1AOE7WqIZMG4XAHnopo,1.5668866503743213
3VMXthb167x6pQOQe42m6f,1.5793685560513757
7JSixgF6zx9HroDMRnjn7p,1.5803210588485166
4sAyDtswbHLWyFJgUMt8hu,1.5970952546748491
3Wto3qVmbTqpSskoQ3YIxt,1.5984896089441885
2MHFmOFvXC1m1MwAwjsDpw,1.6030703888288462
0ga0ZHvW4rOQ16BN4SOLam,1.6121568791021998
6uPfKK8weKRZhnMd72mIPL,1.6141847695827851
2Vuqr2eGP13wC8v2Gbysfd,1.6282808000168427
4D9rjDz5003EEyaFgElGD8,1.6291256032701062
2O0PpdgMmzBj2ZY8cqjfpO,1.6450929699498924
0VVt7RZS3yWqMeKyZA9Dsi,1.646776378635448
2MMRnNWjuM6DDoQ4jAEJiE,1.6490706886694109
0zRsYMipqgzvSe2rvNt9uH,1.652275627804505
26z7KohM7bJTyP5z3ETe24,1.6568142922281406
3PhbzvTllkq1rkULafc6ns,1.6653326615857946
