,0c0d62ApSDCCnkGdIexLuM
0c0d62ApSDCCnkGdIexLuM,0.0
3l51Krbny6C6yzJWBnHlnL,1.8357639602207094
4JfvRO1zItKFkTXZSF1eDq,1.9993754131474741
2RUuKIHFHjk41E7YsJ9HNP,2.0225885046712615
3STqgOS8Gnn0BQFHVbMIEI,2.0435904434497885
77JzXZonNumWsuXKy9vr3U,2.06529773308622
6o4nVtywF4F75RkOcDxrtd,2.0962013985129566
0CIJfnIVYj7CVQwgfSswx8,2.103845304979091
5Wep9D9i6iRbG6cNWwH2hQ,2.106481625280292
7KXjTSCq5nL1LoYtL7XAwS,2.1307867750690583
4Cnc3trziDrp6BNcvxhhEP,2.1409445409693832
0nWMTq3fBceV1uZlhFn6of,2.143253689733583
35tWhD29yvWwB0IDRr6zsL,2.146719192813165
7fheaybAcABeiuYU6VgDrQ,2.1485509997186596
2EAHXJbcFLmREbJCTv2RnD,2.1546764084572327
6mXwoyzrpb4T5Iveoo4k5G,2.1565581392217426
6D57xlSNsuMSPfFTt0GjhK,2.160885417356657
7xVwwsQeCIYYafI9hiehii,2.1657835379054893
2JUqYobT8NvARdPmc4ES2x,2.182500925251367
2TElexeJMX3OyXil4DWbVs,2.182894040696249
2YXEUNdnNLtFuf5gi3LnWm,2.1868465032107927
