,0C0XdTWIgF1Va0AJzzNRDv
0C0XdTWIgF1Va0AJzzNRDv,0.0
2YaDRtIlQiZ5WDDB2YuEOC,2.4522872531889677
0vCDPTin4a9GW0WqPNxojF,2.6850380549316313
2xLMifQCjDGFmkHkpNLD9h,2.770904130545018
5TuoUi8aBb89z0bqb0iQ55,2.8180619712941155
7mPoCVGP752A5DtHf1SKkM,2.8305774756013444
3rE5PBReux0vbrIqbWFLnt,2.848726887464764
66LEC8sTiqD1UnoQtlTOue,2.8563116824714854
5mZJwWdxAOR4xUvSGZvvMU,2.880504423501922
0CnlGvfNM09rtLvN9Ojvd5,2.898351156246844
1DmnEYXa4WfbdhAPwNzgD8,2.917366640182857
7mxdmQpLi9Pkmtn56Uklw1,2.9265183272617667
32nJr7tf1IYl5uTLvih1Y5,2.973650658995612
4PA16FAl8LPmFmOhARawdV,2.983755493348009
39S9lkTFwEwR5SvOuxjwAl,3.003660283960115
2n3k300vERaQqhZfeX4SFn,3.0168054728332736
6AdLUPGOVpHT4LAiWYktH0,3.060986014149964
5LiR7uXetyUiDYISi8ZbJP,3.0798515862982714
1KeOceXRwh3e7qHa00jszs,3.095684694560591
4NVNapccSX7E5JLiW0uQEy,3.107755078337934
5OtzWWFMgGhnTQxmAeLTL5,3.1079639781369037
