,0c2Gol6OVTVwkDxRzxg3wI
0c2Gol6OVTVwkDxRzxg3wI,0.0
0azl8sUKPLwTYDbEqyUPuY,1.3293233925158165
0eZqAzBOBKrnXFdGRA6lHy,1.3353446405932838
69cDKPk9BfrgLRPmLLONkI,1.337562446921509
6jegsiFyEOCmz1SLNl53a8,1.3410804997551955
4wMR4fRKMTyUJG6VAsmccv,1.3717185689926596
1unoUdJCOkWGdWGP345nbR,1.3949949602193958
6Xs7OKt6i0Ddq8B4M5Dgvr,1.4226727323285104
4LrAgCXHMhMGvcW7Myw5yL,1.4323674422032444
5z3MGkL2m3SZF6XGohGlm5,1.4514872997694617
3YTjYKC7KvmkHYevKcnNnq,1.4575340613323873
0zRsYMipqgzvSe2rvNt9uH,1.459171542868105
6WaDXXE9JXtR5dFO4WudFJ,1.4687390027328715
52jRs9Al75OHR38ryCGriF,1.4924361972856561
0uNicj3qxwGhHWQ4QnNfC2,1.4927388232302263
2KbnkNVzg8ubqK5wAXSxf1,1.4967814357298133
4QThPJn14lPoMqDgsFO23Q,1.5070545261204669
12FS1RC3IXSAzubDefgkBP,1.5099052786561362
1ajkQWUpLCfqK9GbgCf9dz,1.5222229660902564
4X8ywvVdJnWf2cNYiq4Vxq,1.5382054129805887
6i677XiPUUlh2PdAvkSRry,1.5385934544663487
