,0C4e5m5HogFCgAc5GaYSBD
0C4e5m5HogFCgAc5GaYSBD,0.0
5em6auotB8rsJgWfpO3wND,1.7573420768439083
11oZczb6eoVlb9eH4Kc86W,1.9451245785836218
0xkWhXID4JvV36qh0ptR87,1.9522313359843202
0sMZD2KXYkkR0xDZiBoI7g,1.9927769754091853
1OCIcUzUTS97xwHYqSBUAA,2.085931877648181
2n9VBYsb4nusaBK5anGpxs,2.0940069239918015
0OF3oM38ru0SX2R8Tl10FT,2.11131517103436
0qCJuVo2eL3wMBVqL3oTjD,2.144963446590809
3k0466XwffkAS35ofvbg3G,2.169397765630403
2uCncSbMLOMF6rlA2ThdGO,2.1880660663797085
74hpFi8WyIwFIPBUv0idC3,2.2307239361527795
4BP0An7SXctTY4kF41JxIQ,2.246757985479416
5aZrmUOr1kL5U6cg0WZNyw,2.2524656137006933
2QTL50KC6sdHZqxwZvQBdg,2.2616379643433997
7wTAXn3i8pmNHWS5wnIztd,2.266753698909319
7FYH5AW3bVfZHJIQpq3UOA,2.2705661146932465
1srm5YnZiu7Ksnd2UTTmmk,2.271281594326989
0OinaHioaKrnbtEnlVAzpS,2.2776415787156523
3YrcUQYqtaBcbgjOXI5FZv,2.2920611058505775
4Bt6a9i7RnygXmYLHbmKIJ,2.294154455253802
