,0C4ejWmOTMv8vuYj85mf8m
0C4ejWmOTMv8vuYj85mf8m,0.0
25dAGIi1Psxz5kzlNelPLN,2.113659226748653
2LKBQK8FbulL6VN0RoAmyU,2.1389679621014253
2dMUJy0El3BcQUy9gP9gt0,2.1622306634665867
5ddXMXmXZ2FN4iliTG20nO,2.1946550099193427
6t87wHYpHlTwOctOS6GKXa,2.199353537002893
3rKYiySCDMUKTw5kGVVhaa,2.212963052357576
7L4FaJq0jIIz4XzGajGqiG,2.2171320992330674
6u7UrwiZERRglVNSpgmxNf,2.218983038560003
2h97U98Z3AgF7RjKtyW1c2,2.223332708862746
4EDijkJdHBZZ0GwJ12iTAj,2.224987315163742
5ultt0HvfJjS9bGWNKho9e,2.2509129357428654
3vmrjbeOFfDFqGmBKie5Dz,2.2661389432228116
07GmMxHsUMR3qFOCLmYuzN,2.2677250765112165
54yVv14itUZw4D7ZVBnKbH,2.2767158532366056
6ZIYOhMY8nNTPp6eIr4mSV,2.2856581287669826
3Id2q6HEMtH5m3TP2sa6oM,2.286936720259025
41CgzGD7xlgnJe14R4cqkL,2.2878919844389327
2voWPWlDfIthC6GUjaIQyV,2.2895175470147073
2G6HrgZpsMhPPv0dS6wYZ8,2.2903824937055024
6Yj3cqFEuX7PpeZRVHPJJ5,2.295877318902818
