,0c4IEciLCDdXEhhKxj4ThA
0c4IEciLCDdXEhhKxj4ThA,0.0
5WsZ3nNApCUv3IoOtAA3kv,1.6203010869615952
4nDEirAHqPKVfakSlvJOCn,1.792898876547053
7JaSHd963fDy6sEVV1CyFl,1.793525006623971
4tK4ARuilOrBzwVQK73E0Y,1.8106188101573264
5vAsNDOJ1Xy1yINtBkEOtk,1.8158864484343413
6RFhskPzAjQd8Z184DPZKD,1.818797743249228
0j3obufLXq5toSs592dX9U,1.8318381426732064
3aT4JIJewsuf6lMW4U0rjK,1.860002693912803
6K6kKT5JD8fpV3erVAvpY7,1.8613228241629725
6AhlUyXpCsQgaXMOnWYQbo,1.8670848858539466
3iohh4bLsUKefmjHw5jhbq,1.8672720449014497
7iOyMOxdOULvXqUqC26spJ,1.8837490080521295
30ngg6jCMqOBcvj5fLgfBe,1.89007333070925
5eIKjHINCv5Gf43h9tQPM1,1.8913034087152487
5Kuw0zF0A3nOSgwu8XLBsY,1.9008018608670922
7ut3HNS810Db57hQbbZSUo,1.9101918587318307
5WqcLwanx87IgXy3WxYxY2,1.9131519536346187
5F5hhx63QBhlTpM71bvRvY,1.9256530214156564
3V0ak0F8fLXmp3hYAEQKZH,1.9325121078408456
46MflIkesm3B6GVp1uLW4e,1.9329993514891524
