,0c7V10APHbimDgQppV8dFz
0c7V10APHbimDgQppV8dFz,0.0
2FHQ0wvmcZpYU4mSY8gVoE,0.3733601888302421
0aO0JVI9S2shiUjhRa6h0g,0.4751719644944917
0qJ0lqsb6rTH3jelcLmmff,0.48035057759452343
7pb68fYeLOoOMVjMGBfENx,0.482890137588674
4nmrLqwDB7qxSLgwvu5GuA,0.48466236932674633
1ehqvjaXeISQUcgsnzdzWM,0.4902840872544336
3rj08Z7MlxxLm8r3wW2fID,0.5159728381790605
1G4s7WkhgmdQvYaGCHjw1G,0.5171575759754766
7deNOgcnSseExDbh0rKbeZ,0.5171575759754766
2tsWBF3o5g4N2piepzJY9v,0.5171575759754766
0cTF7AXUMetMKhwxaHSN2K,0.5171575759754766
6kwH41LJ6hfxlGn2c4oh6Y,0.5171575759754766
10V8oTOGIEfPr8aTHCuDvX,0.5171575759754766
38MOX1Bw90OyP7zkpBlbCj,0.5171575759754766
36V7bhzrhND5w4LilDWTAY,0.5171575759754766
7jAt4ULjZ9PMioduX71M9a,0.5171575759754766
2D6VbgcGFSBhhZJHbVAN1Q,0.5171575759754766
5Nu5Uyoauauy9LFePYL1Z3,0.5171575759754766
4SBm0w1nfqAihnxpdlyl7t,0.5171575759754766
4D6TpthzUVNTjWQqfBW5Kb,0.5171575759754766
