,0c8X4ApJu6CNEXoIb5VKMo
0c8X4ApJu6CNEXoIb5VKMo,0.0
7yZBfnw0qwSkZWPX1bJNYD,2.099213581226829
2Vl6VlxpDQk99QU7TfQGjO,2.152883597385869
5J47US3xIritcjXjVVFzMh,2.1849398032535015
6ww0mbRkenmRS3Q3XdIIRi,2.2142246814378623
4GKk1uNzpxIptBuaY97Dkj,2.242501647668242
1dhb3PfWISm5Ggudncr7n8,2.263539460755553
5EUKamS069t78WSsXeNAOt,2.2679526917362858
0gRbdp7rmKN6l1lRz5PwGc,2.273793842202362
1Skmy7igdy3HorzoG6zaqL,2.282054134690966
0aYzcrBjLeOJaGUOPF3nZ5,2.28936435320503
2NuVCsz7g64agl6AKivW5U,2.3090202594830282
1hjTNgwNWMCIw2GHzrk4ns,2.313225560433868
42vnYEEJ1688pX0CFw1fAf,2.314757625671975
4VrWlk8IQxevMvERoX08iC,2.315455680608398
4dIkWktTqBNtL0FLsG16iG,2.322280059908058
7d0ouI5QwFd56ax0VnJyZk,2.3257365953059
1mj01FdNhQ90N16CxId0EU,2.3505174405016263
7Jz1NLz3hMWWfcQ1M9M6PS,2.355632884091878
6kUCOYzX7YTaQMIXzlpfhp,2.3583774758660008
0TYC36fmbYl54IqTxjdmDa,2.3607313656397553
