,0CaHZUniQtDRZleX6XK9p7
0CaHZUniQtDRZleX6XK9p7,0.0
3lyH2gI9wumj0lvwMboDhV,1.8179094765784325
3eXvL5VKFNHVZVTPiovnsy,1.8753725674496056
6bXkZRdlZXxFu87If4C121,1.8917137212657125
2elj70iBhDLecyW9aQbGtQ,1.9154736212275576
4HEtWYYzROeE4KmZJald5V,1.922190024383186
0x4ofkb0oUUA0sACJTkozV,1.9546270624614563
4N2yjWLIxZjOXDrCu2VlJe,1.9579182702876867
4EbkpSxyWfJcpqzO2MzPz7,1.9849712213328374
2XOTqTNpELKBqq2FQaXcik,1.9971019043037876
7kLKmnAhILaZlP9Lw3CI2s,2.000099132119692
4wA5BbdmAcgw8Lc5cWCnk3,2.008562787815854
2R45zD7U3FS2wkE0h48b9q,2.0129026719990217
1o6YK7phnXgsljfWSQQfWc,2.0275017530473556
66wUEDv1S0QXnQCdHIA7YV,2.0325769096507553
2FTeQQ5Rg9tBpgpTF5mnhE,2.0326968229124813
2KLRTMNwO9So42zXeZ3rSm,2.0404919316095462
6ObpR8ek44tvWefQRcSo8K,2.0448843694236603
6roJB6lLHshWsIpQRyljnw,2.0478276891631086
2WfY2W1dGfBa6oAFQyGrI5,2.0503256686343763
7aHK5phEahf0v5K0hfXvVe,2.0527263551582666
