,0CAugnKxS7xneO9ShRRxuY
0CAugnKxS7xneO9ShRRxuY,0.0
6UHBtJfidxmEb9BZibXrLc,1.371975503392838
5jzICnPx3GiVD2FzvUhP1T,1.50359359401834
0ZZWXHDXn6zWDsnz6KSfGQ,1.686489129688918
4rTKcxWlZlRBvxPlwy1pzy,1.74706304501585
6BNymc6C7PlRwBzgZBm5dk,1.7514430554274862
44TMQoBzzvSPhOouSxiBdT,1.8892144392229988
72jhDg3ZYZxwb2jfHIeCXS,1.8937676731427306
6tarvNiKnEjYMj1VZhlDqR,1.9045635715472773
729WIUjxIG67whWORcTYpt,1.9403075970173131
3xAXYCtd98G5G0SSJAHtqd,1.9448713313986372
51KhczDsaLvGM4Z4JzctxD,1.946629183466285
7tk5tOCj84jine8kKJkPYs,1.946778329404772
3ZFYvE2CoxAKCs5O5DFkXA,1.9572826341644596
4C61YwZyiVfzrh8walv04F,1.9593938903577115
75GdpkB4w9ldmD9yC2IB8X,1.9609242963987576
6fwWKdZi4TQQM4EkpIrp1O,1.966130419759315
0GjB3nK2afzE1DZy8fDsLT,1.9698352649132114
1nnEDoSsNqbUMolxXmxopa,1.974161823996529
57qvqFm7s8ULbFdkpqBlcL,1.9749784808455622
2PsZsnqSMXt4oKi0xHVvgF,1.98428431001923
