,0CBKejeCG6Hc8A7DhHGDdm
0CBKejeCG6Hc8A7DhHGDdm,0.0
5DjqMJjTimzQedYq6Bn8Q0,0.9202951044702057
1jDRuj1WTn6HeAdWx0No7T,1.0020269098246595
1iEuLiGRu1FZVJLELqToIa,1.0075806834949266
0XCKqo9aY8M6UBSK6YeYGV,1.0115064855861038
2Hs2GfrIgUtUkoOapXQWIu,1.0210977772245378
08mnebY2jh7acSbDb2YCn1,1.0446922388241962
7mVj1R3omIBoyFaMDV0fG4,1.0497631369740206
0sN7vBHIF1DiOVfrFpUjjt,1.0519868069037264
5l1WXQ7UZ6SwXoPvvG7fPc,1.06321359070495
4UwG5N2eU5EtQs9mhFLmO0,1.0640662961517906
2FPYD747rUnfKxgNFv9vNt,1.064642467453853
0aCDtuMKIMyxrvx2AamMRk,1.0654794106777
50WH2WW7dbvRbVFHx9rAzz,1.0689545784170291
64Ci6z1RDlZNnXpgqGF5or,1.0699408883968047
2HbYLDA1SigY1ilC94ieVu,1.0766755766963632
0uV5lCaTMaJ7eAFr6LlITy,1.0807053893461598
6OOODr4O1Z9XpqzhW1ywrB,1.0884950766194597
6x83H7s6fVMcUFLXau9EBr,1.0964493343217014
6SidGsmaVHOsKgATwdFQcV,1.0996733308057116
5D3BJ4ZJ2zcK5ACxOOseQ7,1.1046197419650632
