,0cCJ8mOuvpqb3Ic2FAooW6
0cCJ8mOuvpqb3Ic2FAooW6,0.0
4JwOBVIlajGrkE0LXhAFvZ,1.5109671093826902
3LKGi5hi5jPeQLJQSi9N8E,1.6241229308279586
4fv1bVofsMcwqGZpMT6eSv,1.6419793334761639
18W0n9N0USkeXgrCJGV2hg,1.6474301388646782
63xELEu2i48btNc5T1L4zk,1.679934481646041
1LZze6qMDB6gOfnPJXtFk4,1.6946302227784675
1GnI88Q9SjNJIUmvrWs4sC,1.6983458656018315
5bnvGwpYphNHbqFobzfHmP,1.7070685219239214
5OQNEPwAmZO4ObsRxd9vDq,1.7175664081694597
7sTtHHrD0zDpmzQzH3zegz,1.7358101326307298
4R6lfH6Veeuk5T7tgAoFp5,1.739914973733555
5Y8IMaCAPl996kjC4uo9Tx,1.752602003887808
3gDUdpPr7IxAgS31lEhHxU,1.7534476769920526
5nxuah08yYECil4UZuEE8N,1.7550293757541178
5I6exXg95LKzq9Eb0hCFXM,1.7581352226932712
2daZovie6pc2ZK7StayD1K,1.778107660959857
0gLQ6jhJsyYfl7PrD1RZ7X,1.7797099744097322
5nYy9BGPpgn8iQvmykhN1K,1.7929375202220843
2xdlISXeaGfWKE8eBEFyUh,1.7993493423174851
239HVAXMghTUXdJVsAiwSa,1.8040974566605021
