,0CeIk70HR38H1xxH5j6yrX
0CeIk70HR38H1xxH5j6yrX,0.0
7564ofEBD5mEiIkTclAW1J,2.436764457121985
26SzctPrO5Km59OHWst3rb,2.4427841530759964
36NqzlcNq3QDEU081dB2ww,2.475410749580071
6j4w8O8gEseBUZTOo8vYMK,2.495883956345734
5hMtzQe1ewf3FNG5al8Eug,2.4989106794822837
4Rab4O0lTJRtfnYK13jptm,2.5883969917379086
2CBtDxdTSz3MP8yUnA4Xkh,2.6069449383977
4zyh4qTq6kKebRBqMUALmK,2.608291966219695
2LrOjkIlb6yzYYpfp5zBZC,2.6174876962089977
4ZJPwET9Jrgpkqi4Vo3Yg8,2.6220519165629943
7fEfIU4ZVvB5Wb6xg2zcvx,2.6327932224127424
11epXuYHuCAbmz6mO2WmTi,2.652250613637582
49kMYmT8BmP0YlUFQjvtVQ,2.656561196110917
1u1VcXquBfZfu7dc8PVYVc,2.6644707752498866
1K7E0oRSmoDWPpm26tkpVv,2.668427612632074
5uZm7EFtP5aoTJvx5gv9Xf,2.6698196560969847
2hloaUoRonYssMuqLCBLTX,2.6772008514052974
0zpPt7i8FsRyTioCoZxU0V,2.6794039630390865
5k8LB57xOq8UUNVaKWSqrf,2.6815805803433745
6DpVLCKsNQXDmYdNdcNGnR,2.694267821497101
