,0cELvuwJW1acISUHYB6suj
0cELvuwJW1acISUHYB6suj,0.0
6vnHHqwogh9t48kzGpk7j6,1.7868509204346141
3MXDEDLmQPSQvoyJIYbIp3,1.8001459154112982
4xHtqR41LGmHHUsOFqJZwS,1.8135744562751492
3kb38wezoUA8ki5jPYy3t5,1.8302921926480078
5qRbHxaCRuFjJzrNKLCcwd,1.8601608053562824
2TbQOKDTGrg3ppGkO3gltX,1.8731562619973874
6q0wu4qjc9XVyqqRv7vlMZ,1.896166551550317
2CwzLqZc17ReEAJAZyCKfd,1.9121809696251209
5huVDPXq5eaDwyNLToWMrw,1.915264164480555
6Xw2FLih8m5ItDbyP992HH,1.9321579649437857
7cmPP4xB5o3UqNlFVJJn7K,1.9360918628435086
5Y9IIH8Xmo1nuk0gfFjc4Q,1.9755730164511847
0fJWZwrXSGM12wKwLYgCzq,1.9770978814222957
7kjUzVpN8IAlG6OQdXjDvR,1.9801795004691798
5hzDfgefsM9YwW6lJ3dNO7,1.9965107103853938
7BGg9wSF98j6FzvHGkq3f0,1.9998538056324158
0mgn6ENlvhp4M3msVYWwXZ,2.0114948893736466
4OLtlQ6rjT1xId7Tnn5X8X,2.013463949202426
2kSoonW7MnStYrA20aX8a3,2.015193034075229
7jn2nokiUvPr350Sds0xjo,2.0155199500415244
