,0cEoDfSVyJmpjpj4TtzcEr
0cEoDfSVyJmpjpj4TtzcEr,0.0
1PIyUDL5MlHK9MFHMXl24Y,1.966258396433467
7wRQFEIEpRsO3ULL0XGezV,2.045386026111377
2PttdezZsumXSdsrf5r5Ea,2.053666794034123
4cSbZ9ZlgMSpdzQ9cTWZN8,2.1047167260392206
53Dk65hpOjbhvIIIvc33F6,2.112714102510653
1heVw7Nm4pLIO5eA697PyM,2.126496753688597
61XspFITuKmAlYdQacNCbF,2.15327771021462
0IKK48xF4eEdfofyaeKWWO,2.154388386227114
6PGrkeJpDpgiFLvgKYD489,2.1701760935900722
02sfVWVut85SfmTa6p2kLF,2.1759107784726264
6lWX114aSllT2jePshZSdD,2.176986384125275
3P8zrkBArAfdjFJxPtZRUO,2.1976071644245425
7m2Xv9FwBdLxD4mcaJPQZI,2.198056034232316
1kporP8OPSVwzzrcgKKzOJ,2.202771673970346
3IHpL4jl0jL4oUepeidOpY,2.2057486283594763
2crpmiIJiV6JDOw0acn06X,2.208034964464115
4fP4xTSBli3tKck172LEZ4,2.2081811891736733
7pJyt5N484KPhplVgEEuil,2.2165231290837486
2X0oCaxq3s9YqswHWSiass,2.2197631656436423
1aJ992GNSBWLKobxGsXK8S,2.2213203011441776
