,0CETmgFGt8Ne8vLnaLcduU
0CETmgFGt8Ne8vLnaLcduU,0.0
2RnlcUG66KojoICSo67Nb8,1.5139538965231698
0M2mHjTnzuOMq3w7umCzdQ,1.5774289973565745
1wxKu3oIyPuqDl1O3q1w4H,1.5905581125157413
23DfvYoXdZ6eSuN5MUpZgQ,1.597684090391503
4W4epbCvrPEes3IzY27Nso,1.6066248989451777
3CHfuMoubpCT39PBTvAWk9,1.6447025997843578
4bk6v5SBxNoVsbOvdOvUAJ,1.651349319074692
71kl32fFCagQiR9XVQzwGx,1.6627377691997038
2HLIu8hnNYP5ArbwuMamFr,1.6686462890633975
2GuQWxBzFpvBZC795uHdR0,1.7002008167337406
48eWMgBl1BOLMwN10g9wGA,1.7051714614993287
2DRx0dnOqzgW7Eo3b7VbV7,1.732766389192493
5nYV6DCxjG6Leki1pzgglZ,1.7466172373527153
4163s5AIcfezLq6kpncyvB,1.749924499941963
6CAG3rBGPTAinoqgVD7fBJ,1.7525123652035342
44UqsHkvRuW93K1Yilw5UK,1.7561645025738923
4qRjgQqYrSPZFzQM4vfRxw,1.7598448794757189
71MPACGISFPMVKP6swcZzU,1.7701755707632145
2aJhiU35Cu6Pydq6xZUXcv,1.7715370787392115
1XpYodsD36XN7ygcdF7mJJ,1.7780369334505408
