,0cGHpVKe23cOiXnown4yDi
0cGHpVKe23cOiXnown4yDi,0.0
6LEre6jKaLhumIw1MW9p8r,1.4370380288670117
4djz9dpEMMCYwkADOvrCZL,1.6615502716425976
4VxSbV1XVDwBSvb3oDpcz3,1.7446094750793646
6c5QZx2v9753q26g1Fvo2F,1.7661097845888423
4RKkYBpfzwdUecdC1XxUvs,1.7790243122023055
5veSO7OmEwcMtKEogfzHb8,1.7855760049811658
4J1DXVKlC7h5wSgeuULPYh,1.7871061354735334
4XFrFUWYNVEnNISgWF7WbJ,1.7910528143633424
4lDxNSTLHLAOEHUvPEJLTM,1.7939711851902578
6YU2t4IIDqHE0rbCWvEURA,1.823834567654528
6Zh9b9bty83VzIekHnbSuT,1.8313825811297981
4u2JQ1rzBirJVn6Ka2aQ5l,1.8346706591584094
6Z394DZLBLSbJYz1h6eVdK,1.838165370301333
3SLPYjHQ6nuHEDe5Zt8byX,1.8489696081903026
0R1f96MrgD3EoqA2zv80Ac,1.8507715360629875
1s9Mv9c8QnTJO5fqF7oNu6,1.8550983539444343
23DfvYoXdZ6eSuN5MUpZgQ,1.8572183449612205
1KDI8xmjrDyFl863SWPK7a,1.862436536618433
5muKpboH0luhcFYs3khVcq,1.8656412092629016
6pI1TqgmpEjMJs9LMzAkc8,1.8781035210212564
