,0CIJfnIVYj7CVQwgfSswx8
0CIJfnIVYj7CVQwgfSswx8,0.0
2hcM3AtNY21kLKdWJj4wNw,1.734662934844107
7puXQU8klq1pVgxShCMwvT,1.841478029373752
2durxb17bXcmQJHSt8JAdO,1.8528364359948373
4oFtLSgHyZPNYDCcANhTnO,1.8689676498407473
7vg47qMIEdLfNdTE3WLf0T,1.8708818987222764
0ZYNW5SFHDI3zLr3m0Nu9r,1.873984595659596
29vxkoDeEXaW7cFcNn0Ikh,1.8956502565643603
7xVwwsQeCIYYafI9hiehii,1.897107921824162
7u3k82TlS7aPrGob9XsyNm,1.899100930510009
69C96XLxbkGtlAwhOaz2kq,1.908375447860922
4cAgkb0ifwn0FSHGXnr4F6,1.9203137229891394
2eb51UvA5hKfZOC1cy1oA1,1.9226577642466574
6mXwoyzrpb4T5Iveoo4k5G,1.926596693252971
3AFJIWhPXhSCiHSpY3sxXz,1.9344917698972248
4O0qHBvIV8yHOcPkGJUUIZ,1.9362477039828239
6g0TAJ1grweRwBMLQyiZFb,1.97828717301497
2vaMWMPMgsWX4fwJiKmdWm,1.9809077534819408
6ZUa6qKneJEAOYsHFgOPrc,1.9826913773468011
3i2XxFTLd2061UISvE5W7f,1.986924527116569
77JzXZonNumWsuXKy9vr3U,1.9928291485891525
