,0CiyUD4UpIdztjBQZoGC6e
0CiyUD4UpIdztjBQZoGC6e,0.0
1ngqzBOOjZHyHvZSqNqUDj,1.5673770521609047
7G6X0opUNdPzju3R8DkxAu,1.6016802419434835
4QEVErTxEByWRe8haofjnP,1.6604753659381795
3GAKdDYtNBhC6jFx9hzQfA,1.6868709687354
3SphIXIZd0525wCBr44aeI,1.721150317974134
0AjUcL4hvofaSkpuxqK3XI,1.722229519075153
7EUcOIbJSePmXGvAe7G79C,1.7329024403241415
5I6exXg95LKzq9Eb0hCFXM,1.742990015110216
1khfmZTlbEsCi0VXylEJSQ,1.74325729469554
7iJrChWegPl7ZkQv72qmL5,1.7540168106020624
0omNbptgQhHn9qsP5QF307,1.7589717988161706
7eUVluJU03fnTuCcNC8ITH,1.7630231304513586
0cNnTmu6UMP81Zo6361fDg,1.7634012639535637
1BVmfCtjNeZUQdCQYE7Cxi,1.7655490578132902
6ZJXlKG6U7FkKWNL6IMKDC,1.787483046191827
2xdlISXeaGfWKE8eBEFyUh,1.7926594481487816
4anpRvk7QZm8c9ExI6fVGf,1.7958123255770746
6kSFIFltpBFMMaaHO1g2ON,1.7968327739698047
757tJVvkzzxSIhKWVWH73u,1.7989934176257116
4n7XIt64KNrCeNgSzumGJC,1.8001624229109647
