,0cIzLqNb6Q4ulZOcuOmPcL
0cIzLqNb6Q4ulZOcuOmPcL,0.0
66gNgqsRVXhcP6fN6bJX26,1.734626242916288
4Tw9JYF9HOuPRyccNWMgwf,1.7763221228332053
3u5bTqHMM1P34ZkbwzdckV,1.7823190478666127
5lsd7n03AsvODMfXlu57w7,1.8008320823632271
0QnQZOelJIQEWC9Tt7syOf,1.8312054058242664
01WZpX9Ss7ZexSFX6ntYeO,1.839494007466103
4kSKacywUJHdhyst4PL6pl,1.8523625845249472
6eaz9tmnTImTVxp8c9IB7Y,1.8572803716298538
5h7xRU4YPhS0cfk7o3N4fg,1.8672536723682456
6nC71F5rmVYA1lm1R3Dyyr,1.8691718265771602
2NvAdwDIQ71uXIWZkr6tIO,1.8718452360417992
1JpHcyvy1yoYPIChLiIe72,1.903257994475137
5lGNNXHRUf0xC3m5lCmcIG,1.9042168738927865
09Hj1Gk62ejK2aJtiOBjoP,1.9059363309023711
6n1x3DYFDpRau83XsI32NU,1.9169622977762357
6LEre6jKaLhumIw1MW9p8r,1.9207424382778029
69AqPpLtEmP1Q8RAsuuhMK,1.9258038031846874
5VrG9nS46NuI1fRWcvPRKQ,1.9308222009748168
0cGHpVKe23cOiXnown4yDi,1.931187624411048
3K1RX7fdPtgZfUxvyiVUXB,1.9384671003036922
