,0CjJqkWOpIUXdem5hUcxAk
0CjJqkWOpIUXdem5hUcxAk,0.0
7AnpOEcpdtJOu5jlW017lv,1.4379967880585993
4WxqOuzA0OG1851xcChR73,1.601486014385847
14AApZa6FvYYmRhPUSpPsF,1.673830367408375
4vEE6XA9OIBcawGVE09ssH,1.6851246736634249
0rlzGuEgluLExBK7C1F6pb,1.6858952073602052
43QhrhgRrH9NWy6eoUro4X,1.7040023925336554
0gzqZ9d1jIKo9psEIthwXe,1.7061712437678
6q7DbRBknCb3GJyCJ7HCKf,1.7064776305881286
6MlGqWzDiLkZ0vmAEsisEk,1.7564805725958592
0BPWY79wNehGVARtwJawYV,1.7566609428260525
6vnfObZ4Ys70SBAtti1xZ9,1.799138129635235
3E6iea9uEmB7gRru4lyP6h,1.8037203609741794
6CQnMebNgdhuAkIkEBpHUK,1.8043602677537591
3yapR7DctB2WtbmXkHHviC,1.8071815894423169
7bg7YfErUZJ2eyYzNVEti1,1.8133329698353666
0fqsKxf7u2jYxTwf06DnUg,1.8138962686770295
5XJbLWHhhbmLuRSe2h3Avl,1.8234188429462326
78YBucPLVsqh0ZCmbglDpt,1.8245041948738616
6Ng7aSXUQpu0bUD02e7bLd,1.839579412489725
3sNVsP50132BTNlImLx70i,1.8418549473698758
