,0CJvDUBeEL1Rmpx7MH28CQ
0CJvDUBeEL1Rmpx7MH28CQ,0.0
1PRzPluPFUFgYxTq0JbReE,1.8004827272427224
2TezZTKVASPv5htyXo5G4T,1.8063458834792367
5slYHr8Bwh2uLYAm9dJmiF,1.839464597429406
6e9hppTnLvAsHiTFRvPbOe,1.9158908809421444
0BPWY79wNehGVARtwJawYV,1.9222910525959405
1IaYWv32nFFMdljBIjMY5T,1.9352040804449029
1PUTNFggGRKewfRdGzzO2k,1.939710034801061
4SXtvUC0xvwqlGgLAjV0XG,1.9444952257660917
0tMSssfxAL2oV8Vri0mFHE,1.9486241891134584
0To5xGI3oTXYD20z7pCQ0n,1.987001419305756
1JnMPr7acsIhcbNjjtLzHn,2.0044280693449648
0hAMkY2kwdXPPDfQ1e3BmJ,2.006429393408272
5ao7iGf2HhRta6E7xFAQxW,2.0107688371283365
2iNjzr8IXHufW8XCCxo8l4,2.0108127821389714
3EwQuOcTRtLRgcYPwGnLM9,2.0182173617826997
56xPWlaD9Lb5cYVX1zn3kU,2.0213467696511107
590219nvIX5lrYxmmmLYEq,2.024909829718875
12lUTQg5jYkdN0CWSodELJ,2.025707990441857
4R5BLVVu9eVhyQa0OUMHKg,2.027204166932178
6yyQumU5oO0m7mWIqU907u,2.032809938948286
