,0CmFlFn5dUsuzx7TyVgTd3
0CmFlFn5dUsuzx7TyVgTd3,0.0
4KfVqItgM6GkOB40fQFu6E,1.69930923578971
5dTmMvOXkRU7xYVItmeihW,1.7386595757981496
2oHYRL333Ik3WcePTd468r,1.7593901058855408
2azNFMUG0aoYYdpknXZEV8,1.7841408308075002
3SnXwQUrvSacFziUYXTNKY,1.795172684146069
0flYos5C5cxdYWwfD57NzB,1.7973582500131677
0ThIeJpqmnxAb9XvWlSIjO,1.803935217694548
7CiEBRYU9Yv6MD1TPZQpWj,1.8055173013412844
2AGUFka8kBWCM47h5uTlDb,1.8104924538228822
5wIZjekDSGn7TPWn0aL6Uo,1.8360781209689336
2DxmjucrEJZGF0gy9QoEMV,1.87258018287239
35xSkNIXi504fcEwz9USRB,1.877372950493736
4SZepBIPDRwPaHIjAKwRDb,1.882028544710405
6jhzu5suAcJiIzCmmQaO5c,1.8858748837173318
4Fs5W5sSrqlhErXeZYDeFX,1.8858748837173318
6AYKgDgkBsMDxNFSRecPt4,1.8952284687833219
46fk9wjYcPm0sgym2b7EEE,1.8955561987388228
4niMLFCikwDbyzCQx75Kxl,1.8992701546700654
2GcMzuOSfC0Ldd6PPpCGCR,1.9005978948281983
7qyOmDeaMW34vr5EziIxgq,1.9067962094256985
