,0Cn4UhpHhgf88eWaS9nn5u
0Cn4UhpHhgf88eWaS9nn5u,0.0
63xELEu2i48btNc5T1L4zk,1.8169111277736247
4FlsIdIOGS9wG9zhE2YM74,1.8207576948945499
3rEkgHocUFNhVB3b7arnTf,1.8260585154200772
7cmPP4xB5o3UqNlFVJJn7K,1.8342580761699143
27SwNPCT06QkpufKP3t5ev,1.8808331525078812
3CqOsjVamOisF8E0e9nPUo,1.8861704100827978
2aZoKVi1YtX20gwgLSmDdI,1.8910853930485754
7cAx1FqlYHRoxJmnNNjbnI,1.892223821965018
6SDFgjxYfe98XXUJRsObHN,1.8935827490132993
7eZNjtJ7bn15vsZZcK8aSA,1.913613138298468
4R5BLVVu9eVhyQa0OUMHKg,1.9252368453816522
2kAIpGWnlFLQh48iut6Zzq,1.9405260839915393
2TbQOKDTGrg3ppGkO3gltX,1.9486842024830549
7uljNKb9leurDlZYAagvgK,1.9547758555029504
6uLumOytyfcMIab643YuHA,1.955157869058327
7j9pMHopmhkEXiM3RIWH5W,1.9677910398681735
2Ut6atpq6GKW0D1wSihxoZ,1.9699550091988205
1LZze6qMDB6gOfnPJXtFk4,1.9772200876608115
48nnqkmwmjZ7ohyShSyKAm,1.9777617429426029
7Kq5gz7mHuXvVPA2PirnpP,1.978316598692143
