,0Cn7vCLvn6HBI4SUcIxHXo
0Cn7vCLvn6HBI4SUcIxHXo,0.0
3x7NGlfDKQYN2wnwEnL7r9,2.1601341833858285
7lIyBKp2KX7ABDjDfo9EtL,2.173880665716745
1h3B96lx4lywr9nddimP8d,2.1805372278582915
43QhrhgRrH9NWy6eoUro4X,2.195159397678026
77ECVBCSD4fbvpXzlh3WU8,2.1964895065327186
6GiZOlEpMmATxhanI3UDmK,2.2072492362569753
5Rg5Q7LnP6WIH26kZn2P1m,2.216969207592522
1rJvaquOqAd353fzF8VAld,2.217508843021116
4zeZBS8TjwWN5t4NdheBTX,2.230893215920868
7I3skNaQdvZSS7zXY2VHId,2.23228343511717
7BgGj9choLPeJJOflkaAhB,2.2333385877082628
56ZNDzfWItLZiRa5HIlZLZ,2.2358669980197905
4Q9tidZmBnAttakq7XrxdR,2.2393556031066764
4znGPlVqO1SjtgVcVuPtFl,2.24493799008742
50sCt74buKulxsxGK56ksW,2.2480041892806932
2Y0DPFc9tlSixZwEuOmVUi,2.2550446326978273
1lLN29dOA5RBRiNHTTUz8N,2.2691567312890517
6EnRqDCy3my9C0HjJDUm94,2.2730663921529053
6rQrr3PfpuFZSJTUrr46kZ,2.2740008651098407
7hPrWUKzS3a3nnPQGbj1y5,2.2783664993054242
