,0CN72fWya38TPEQzrsr27w
0CN72fWya38TPEQzrsr27w,0.0
5tXKUlGgXbUkr3cyT1ivWn,1.6901289609356958
6gknJVkbQb8jkAXbXx0SYA,1.8137382670995985
6UNZ3vMZjyAXWaCqTFMPNU,1.9213365689164388
6eDApnV9Jdb1nYahOlbbUh,1.9549097150604706
5Nm9ERjJZ5oyfXZTECKmRt,1.9937668860059752
4xQazMuU8Whm9B6eRPsVZi,2.0119137765782877
4V2qQZUW2Hcs4zFKjKafs2,2.0294047109510367
0xwPzLmBAYro8BUz7MrtAo,2.032576388608429
5GXXgD0V3Hfz0Q3SzxWGGn,2.0342360155906563
2Tc1ag82LELug6MqzJS80l,2.040881161536266
3po8fuUjadkEvw0HRV8ebg,2.062407245730123
48Qp9fQyumixKBLsi73xUg,2.0632480321387976
2TxqdVgWtOWWwwNwRnEOA8,2.06563577202014
0B61mp2EK13mGdeZar82Eu,2.070250442890658
6xAvjE7Nmq8MeZbBGRbzgs,2.076363254656695
4Xb9WKmzyiPeQSRqNQ2djU,2.083993462741131
6mIC0zmQTsvOMfZ1YqQwLU,2.0896618758451577
3Ngl8Fn5UtCl2K7UD7EF9e,2.091031615945586
3NgCzSW98SsqBdpYcnm4kv,2.1039012190755777
5OS3Z1ASNCR7cEoTNwZ4IY,2.1046089979860447
