,0CnD7Hiw6pae6rLsZw5q5W
0CnD7Hiw6pae6rLsZw5q5W,0.0
2w3eXFL86RgxGtDr8bzwgK,2.0227554623904176
1oR4MUBpyNrAViC8wPNpfm,2.057904927122106
4giCxIFPZNQIP4bIZM4sqH,2.0750249121351443
3MxJGBnYaP4yQYUv90HLqZ,2.095821436357728
3D7izPzeEcz7lBhcCZJccl,2.1070438744454134
6JnqbWl6N8g4Ikw5uZiJY4,2.120691011799918
0Rk28UmIFyVI5quXIl9xJc,2.135324735904645
7GKiBHjFfvPRNqqOuRYqLB,2.149696371711772
5mXWsT6WxyliAWZXNw0HMT,2.1545586539229795
2UVPkh6lrARjYDK42jC6kD,2.162503071876135
2oq2dbjW3sxOY0BscMWd7Q,2.1690133532433222
3pUWV5hvXsI9diJ9TeNeCh,2.181127600045993
2NkbRmygVirMQFCjSkyY7Q,2.1850641558072006
1fiXn4gAZ8B46MFkQQAl60,2.186226474607688
22EHZTTJE7otfnV4nH7O4L,2.193123373544787
6Pgkp4qUoTmJIPn7ReaGxL,2.1978648435795063
1f7sOU1T03SdAiheyYw8O2,2.198936604058924
153bWE38AAzOWZFq976pw0,2.2057957639539794
50IkVoRydHjbi21LKFoX3y,2.2083433516884488
6lwGqoVp5rDk8qEJoRYQKP,2.2125237909465683
