,0CnlGvfNM09rtLvN9Ojvd5
0CnlGvfNM09rtLvN9Ojvd5,0.0
7LlK43t856txlzdxctWa93,1.8167432996557136
6MlGqWzDiLkZ0vmAEsisEk,1.8602840651290096
5mZJwWdxAOR4xUvSGZvvMU,1.9157381275420433
2Oah03oharaPTFWTIVPuCC,1.9203023333555975
7mPoCVGP752A5DtHf1SKkM,1.9317321458089693
7mxdmQpLi9Pkmtn56Uklw1,2.0149634575816187
3zDNGCNu3JxLlZlLmy8YNh,2.0750844928594785
2n3k300vERaQqhZfeX4SFn,2.1164075716836743
2xLMifQCjDGFmkHkpNLD9h,2.1649491182687237
45yucrK27PfhsgUGxS5WNi,2.193077380256212
2g2cBOrUa5n9ee1RtOISVT,2.2123881771327474
0MEcvuqZScGOugwgG3zTvi,2.2181797590551766
2YaDRtIlQiZ5WDDB2YuEOC,2.241374559773808
3Wd0Ol9QZxz1WcqocoEEYG,2.270244350895237
0u4zaXqDSnfkzWRDdSJfaj,2.2717807710046443
0q7LGcVSpsIoSbjChtZ8lI,2.283525597275463
2PESSRrfGBuDrJ1I7rm8dc,2.292487579119891
2hcohLIysMxofYziluXCoX,2.2944319141814913
5AvBW6vKKL2jIxwMZNMaDy,2.299898477526796
1nGoy0cEj0extAwXYNYTWd,2.32147906960248
