,0cNnTmu6UMP81Zo6361fDg
0cNnTmu6UMP81Zo6361fDg,0.0
7iJrChWegPl7ZkQv72qmL5,1.227786559037023
5R7HS6JmnK8WWjxHaAU4Q8,1.3666568222552717
4n7XIt64KNrCeNgSzumGJC,1.402248564995472
6jIeGEoTMWBKHkV07dYKQB,1.402571233679427
47Rb2pHWI8dl8SceIrw6PA,1.4189032240758568
757tJVvkzzxSIhKWVWH73u,1.4755305732672785
3GAKdDYtNBhC6jFx9hzQfA,1.4928767754028291
27SwNPCT06QkpufKP3t5ev,1.5141616305061663
7cAx1FqlYHRoxJmnNNjbnI,1.5158092279942144
144HGC0924VNvw9jxGZ7zI,1.5185728450049014
2LMkwUfqC6S6s6qDVlEuzV,1.540054485803148
1y2wHOXeaLMP2wU0ZaRmdL,1.5446287291706868
2QyZQSDzRttz6vnN97gIvZ,1.5478985624668362
2O99aywAVBhaPrsiJ6zbSS,1.5600410659313593
4zcWdqDGbCgoYewvhqxExf,1.5601553154078192
7jn2nokiUvPr350Sds0xjo,1.5605817125889512
4jfU6AxaEViS2jvNRIaRFH,1.5659209512105963
6ccohnnD1uxZHwLeZDvKjP,1.5732263691222594
6ev1T5AZx6aNHzeZBDWUqp,1.5829107534558975
4QEVErTxEByWRe8haofjnP,1.5834759573526391
