,0CNrpbpJ9HsFffF9hqWIIe
0CNrpbpJ9HsFffF9hqWIIe,0.0
3TD4c5J9PRILbMcqPl25Cd,2.1666658924825355
127uq83uGFapbddqiMUKky,2.1800750131286004
4KW1lqgSr8TKrvBII0Brf8,2.249381675744241
2luxaiKCpNvVSncN28hnJB,2.2664563092418333
6ktukGrnG46COzyu2xbPVm,2.28152783410534
7iCRJNVxJB0kTquPjJfp5t,2.29868987442583
3GJ2Fi6SJFSGE1Frt1tD5f,2.3056618263927553
33npucdtC2uQou2OM2KmRQ,2.3117977172982185
5HwnezK198pJCEj1l2Adjy,2.3358401338951276
6GDptMjPjrOA71ZrDVYXQt,2.337983518144972
5G6Gt9RtNaeIE418pd4yre,2.350879543269892
5U3MWICGoIVVIR1N8CdCgd,2.3527399929785564
3KFklky95yKrSNHJUyoe9I,2.359708746296657
37R0bQOQj5a7DOqh1TGzvB,2.367250366783809
2B4huGbha2eVb4MmLa32kC,2.3807089776368833
4uh3YVxkgqeVmFNgRSI8FT,2.418182561220922
15NPZ2ev924HA3gSFT69cO,2.418650049359781
2JzI278tX8YUCelGMZjPO8,2.450916698169192
1oh6hjPd82XlGFQGUh2Jfa,2.4551239522863817
2Tp2i6tmEHRlefwIa7ZnWs,2.4608252244758244
