,0cOb8Li1O6cvWZIghOKJjH
0cOb8Li1O6cvWZIghOKJjH,0.0
6iUlUzSGZzKtlCvQ3wCVZD,1.624981946731372
7LVHVU3tWfcxj5aiPFEW4Q,1.727110999020353
3CjTfVN316nCl2NRIVaAYV,1.780831909579443
01WZpX9Ss7ZexSFX6ntYeO,1.782404062643266
24idLuOJlzoYIfqRXikdjE,1.8073181599057433
0vCGFGq7SnmNMsGDWaKEdR,1.810571585922525
5h7xRU4YPhS0cfk7o3N4fg,1.8109212909824668
2l1LrD3uWJZf3WNsYb5KZ1,1.8180174536825817
0BPWY79wNehGVARtwJawYV,1.8240335730212565
4zJ3S7wjKwPvLbWmeKhceh,1.828954300380699
5iqdPeaqFcNeZMObcUjqFU,1.8328259377519955
7K7YEejtHd4rK57J6QkuMr,1.8351283235703504
4Bo6FwC7Oe9zywSZc6q7hO,1.8432417342061551
7wOuVDmr0mc2xh128egdHl,1.8435556737244378
6VooVlouWbmVMLGKiVDlVg,1.849404307546043
0j3obufLXq5toSs592dX9U,1.8578467558459248
2EU5LDgtGnh8RTz7VGlGoR,1.8671602462954497
4gs07VlJST4bdxGbBsXVue,1.8678945590535985
0BP2o4rGe7nkQea1JOWMbl,1.8728459458254012
2d6dhdNVmJjrcVhSzQaYRt,1.878691776575365
