,0ct6r3EGTcMLPtrXHDvVjc
0ct6r3EGTcMLPtrXHDvVjc,0.0
10SriipyCjMKwsZkS9qllA,2.204337836429644
4vemkLD0WUL75MXlO6pc8i,2.2947557889789922
2Za1AlJNvksouPPWbXpR2X,2.3115838227781818
6VSmHLLvYAAkzrYFT3LloU,2.31409222621171
4j8gmCSLLy0TSFg2brV01g,2.3336024595932616
2wxnJBAW4brJqj9ljEglBt,2.3364283818473366
0zDbbJ71fcLI9E8dmlgffZ,2.3379765489388267
69AqPpLtEmP1Q8RAsuuhMK,2.3603096874113496
5ZKnJAJJRe94bnL3xe9xtG,2.387975900252471
6wcWYONsa1wGcmhu3WX7SK,2.392426779501721
0cGHpVKe23cOiXnown4yDi,2.40145926450373
5fSgXNTAh3ImNGfh9jsE9N,2.4092113516428064
23CT5RCCZ4k6TzVYdZNrzG,2.422936108065615
2x7h2ABCBEifwpDgNOGHGm,2.4230924763731436
5b2uXyeH9SID3O0a9xBZkq,2.4264868487654834
09Hj1Gk62ejK2aJtiOBjoP,2.427409609063303
0cIzLqNb6Q4ulZOcuOmPcL,2.443376909952291
2cy9wPHKTdvJjgYjjEKZDZ,2.445625110231696
0UiNjVXzijaiX0uKPisDT6,2.446031185873833
4bHG9BbfjobU2C8qrKihiM,2.447420628465635
