,0ctBsZVhuR5neBVKhidPLt
0ctBsZVhuR5neBVKhidPLt,0.0
2PV3u7DWvl6kQDjl2L7tAt,1.2546442436290204
7uljNKb9leurDlZYAagvgK,1.2979644781151563
7jn2nokiUvPr350Sds0xjo,1.2996598695385044
6o1Mtp9fflM9z1VUiXzFBR,1.3140599461522509
2fXNC26pMv1dOzEwR4jwEs,1.3339631273992438
2QyZQSDzRttz6vnN97gIvZ,1.3519380221665482
3YCoVXFnaF5cct0hOxFeQO,1.3798303219138746
1V3BpCUSyBt9PDZ309652A,1.3878121487125352
4sNViQRUXTq5qLjpw7ON7J,1.3896477812131378
1UnQRfPU5Mz6J5owKFsH4k,1.4051209190333311
0U6Vg6RUmzADUO0Y9fVKft,1.4054953159348316
5SCKSxUtTtiXUhQFIlFxJG,1.4346242141577483
2w4IOwRp9CLexehyJN90Md,1.4416079719956347
7scmyTl2lX0LtulqYYoZxQ,1.4416501484099318
6ev1T5AZx6aNHzeZBDWUqp,1.453566363445365
3IEjZqDOnScItSTyfpPo72,1.4600231231091354
32KeusAdyCeV5tAwUZUIvn,1.4654164092481436
7ExcclQypkEukgHqC40JNp,1.469207530929669
7IM73yy9leN8ftZsOVmVTO,1.4708702880071396
4K3adSK6GHMqro4wC4WWDF,1.4901782688283924
