,0cTF7AXUMetMKhwxaHSN2K
4D6TpthzUVNTjWQqfBW5Kb,0.0
1rDdFUQnX3fu7LFrrBgTOv,0.0
2tsWBF3o5g4N2piepzJY9v,0.0
36V7bhzrhND5w4LilDWTAY,0.0
38MOX1Bw90OyP7zkpBlbCj,0.0
4SBm0w1nfqAihnxpdlyl7t,0.0
0cTF7AXUMetMKhwxaHSN2K,0.0
10V8oTOGIEfPr8aTHCuDvX,0.0
5Nu5Uyoauauy9LFePYL1Z3,0.0
6kwH41LJ6hfxlGn2c4oh6Y,0.0
2D6VbgcGFSBhhZJHbVAN1Q,0.0
7deNOgcnSseExDbh0rKbeZ,0.0
1G4s7WkhgmdQvYaGCHjw1G,0.0
59wlTaYOL5tDUgXnbBQ3my,0.0
5b7lUXrT4NrbRS5vvZdpfn,0.0
7jAt4ULjZ9PMioduX71M9a,0.0
4dNp7r8IbkGFBTHbaHWGcC,0.039985546345423686
1WlEgRN26tGLh5GnrUAnzx,0.039985546345423686
1wjyGxvNK5POKbIfNroB3E,0.039985546345423686
5qH6n7rZ1XQeeXdrnzke40,0.039985546345423686
73NTX5rLARXkN4NHetrcfG,0.039985546345423686
