,0cubprlovs2l7EQjlPviv8
0cubprlovs2l7EQjlPviv8,0.0
6fdVBAXMxv5vAABQCpOtI5,2.2245478810242285
6SFTYQSczxhBNKR5bYjGMD,2.240676207796797
6Dw696uOB5aKDyLzUJREBr,2.2934957461651817
76FnCkhueYsfbyTv5Rm65B,2.3106810535617224
0jRgFcR4BExaHqi8SIg98X,2.3359714019519284
45HO1Ms22THV7HrmPymPfT,2.3572828798659704
5VO0AgGhab4Jss8pgFwWc2,2.3831933422724
3GTu14aAvjqwmYq45XHI1F,2.3985224998166217
4B6yOpxAwMRqyyypZYmkkX,2.418595538324678
4YnmnuwKxJ3apVPkB3ygt4,2.426377513656228
5776LqwiAk5PQEXSw8v4Pa,2.4348059291039856
66bHlxRzCibCOcMcDnnz2Q,2.4360829490470612
1blhrVvz3o7ydQhG8Wj1oL,2.4455572708538815
40sRwFjfrRnaTdYPJIg4CP,2.4486042968787256
75SixhsPWyRRmtqHeffiXr,2.462587250931666
4fQjex0ezXcMGpdjlGVi44,2.4626474964927163
5uAhey7v2EaggVCqSXdMkN,2.4665825023343846
51xBgzcyzojRpqFW2ICQAB,2.47727235313649
0uxl841gemkjNQ0ogl0I9x,2.4799481655686613
3nzu7yAW1FLFvtwwH6Hymr,2.4822131002310233
