,0cv1Mnb47oMvjVKMc2cyZw
0cv1Mnb47oMvjVKMc2cyZw,0.0
6TrE9xBB9qJH6jMBSV1o95,2.135141020677296
31L9yLXSj6LpCFupyMV6CR,2.159783658274507
1OTx5hUGPTP3DrBlPHtOcT,2.170878821741677
0JnYzMYChOTG10sLBwNcl5,2.182297596558225
6Qn5zhYkTa37e91HC1D7lb,2.1977665689567236
7tlFkEJZXoZmMbY8erwRN2,2.2145994316471134
3C8xEEXfP2dsYbadZ38Tej,2.2254112653229923
4XNZWe6lIUZboWUEfidn46,2.227123732089761
56UP6wuaWkML6NV7kcsQeN,2.2295263007289865
6HZIMxdZCtJAOiO7HbT5G3,2.2321488819725626
6V9w4jfCgPM67rRWtTEBRL,2.2515657434084546
46IxnXnh4KLUBbZTtGmcfK,2.255965696041437
7hrunTeLDFHh1oeQUJNXje,2.259862964181312
2aay5Exr9xPNdvLztiWl35,2.2733116891368113
3MXCT4ZkB9ERTSiC9nXFSc,2.2737443631644645
1OSQyI88RS8L9Hldr0r9NR,2.2742899233443707
4JJ5zGKnb1IpERyBrfmb1y,2.277464380822559
4OGL8HVf0HJRUo3pUtxjEd,2.280899722812506
6IEc8l3p6Z5OBLMFg6Z2V1,2.281369051221997
5uRj69iBz7aFhHLzIzf4PD,2.2838654276695496
