,0cXfUG7uyPgW9PD1WsfOD8
0cXfUG7uyPgW9PD1WsfOD8,0.0
5OIarNZ0GKz9bch7dYVxsr,2.1591759894901106
2LjA5UUnyUKTMZ3qdBI8De,2.305555328051913
42dbDZX9bsEGqMZWYmnR7J,2.340742337735781
5ltBz3a5wh9IWwdhBaHu4j,2.354039810426726
4DQxCnroq4gU26LINLxbzW,2.3742251789149686
0fJtP2HkuZtzfh30XIMtPw,2.3777533457981
7ljTkaT7TrMyypitgXcDLg,2.392700556831972
4IfXyEqsZfY3O6o5J15aJm,2.4032277414703755
6mbrbG9YLUJtmmDRR0aJBm,2.4054379741665293
06u6FoDMiAoIDb4kPlypCO,2.440776328333416
6FI80Dc5usykSgDPaKcIZO,2.4436386458945303
3guLAXM1jE3iqBhNFTIKHA,2.443696768455229
5jZlPGOiYTcBjgVCXofrOz,2.446050104816134
4WAGs6vahsVbEmPaZnM8Ur,2.4496532525412866
6rFEVI8GSrjXBHx73Kllwz,2.4533928401038665
48HnxVlZTochNpLhLESRC7,2.4550203240051003
11OACRUKjd62a7in3lZpXc,2.4587189931515923
7oiEcG81HDmNHI2Ki2FaRv,2.4628349171077653
3BBvDLFPJRIHMPc7coyuYC,2.4631370603782305
3lbfy6AavEGDudGKKpRNDu,2.4698298579452045
