,0cZS0qVwDadhqzmrDd2QUe
0cZS0qVwDadhqzmrDd2QUe,0.0
3kwRiuw2oJoArGs3EusCgn,2.3542450506966563
4nyTG4faxWrcECCW8ZYvol,2.43652660376439
56uQj0dKGnhOWcwOjygWkE,2.464043451960004
5tAa8Uaqr4VvA3693mbIhU,2.491123634415383
1oR9TXVjjTgQn7eYnuZr4I,2.5128699751087233
6xnh4eQ4poVpqQBacETxia,2.517515047176485
4b7mLZQWsy0rLnrMtPA9fQ,2.528144352025502
7klL6qvAu4ZzthaUzLvtIN,2.539772639942683
0bGulLFbiIEUmfKiwsHWih,2.5567704440467103
3ggB6zA2bjaxjHC3XGb81W,2.5688808990634278
1oN5NPKE4oxO3IrguLosDa,2.6036573118572846
5UJshy5HDHdNEVqlJwzsQB,2.605432834629847
3xhg9Aq50p2KPjHACAVR95,2.607996881408347
7sbJNaGVPJJHVLMQVlXAzd,2.6168791080396
7iDxZ5Cd0Yg08d4fI5WVtG,2.61864054001091
2yYgcbDaPhgmKgfkLPp8iX,2.6191814863550693
3nB1luIDE1motEUhMXImp0,2.6349037691601658
6465KnsDLxiKq3mNPxXF41,2.6474367157278182
024VOzOBCmiBeMZQHNVXUW,2.6474367157278182
7u6DMPznGbpziuEgCE0JGQ,2.6506516968171416
