,0d1xpRXVKdQxZ6NsWWh1uG
0d1xpRXVKdQxZ6NsWWh1uG,0.0
0It6VJoMAare1zdV2wxqZq,1.5677563729199946
6tSVprDHvwkFFwOiz2TxGI,1.5738335799054541
12lUTQg5jYkdN0CWSodELJ,1.5784957957771664
73AdxKbsjrVUzt7q4RVuEN,1.5871757246617835
239HVAXMghTUXdJVsAiwSa,1.6299851965502314
2kSoonW7MnStYrA20aX8a3,1.6312779292678747
3JIqkXmgSnatbkuSE6VjLp,1.641795072058883
5Y9IIH8Xmo1nuk0gfFjc4Q,1.6552260404946344
2Oed9gZ5WKs6IJ55G1p3DY,1.6584041945832224
6P8bmalMijQOpjhYbiqUBg,1.6720059504979305
3NU0MFGJ7ZhDPuYWXpB2xd,1.6857371412563793
7rWpSbLgcaWXsvS4o9wJXD,1.6875995514360211
68HDFn0gBwfUN0Ih9FqLyT,1.6922708735271657
6uLumOytyfcMIab643YuHA,1.7037688662185477
6Xw2FLih8m5ItDbyP992HH,1.7233069671180896
27SwNPCT06QkpufKP3t5ev,1.739306476395568
36YJWsgSCEMFsv9Y2jxI4U,1.7441362612136748
5F5Gr7sgJQP2Mxfi5Ui9bR,1.7459301671891965
1B6lNRCk6yKvqIKfFR7Wvp,1.7461802833836972
5iSEY9x2UHbDArz4NmlGTZ,1.7481383342925048
