,0d5GcWeay1qI7V9BdAXlQ3
0d5GcWeay1qI7V9BdAXlQ3,0.0
7vyQwt3xnZccpLDtj0X45b,2.105997703092851
3kJRBUfW9qhYkWnlIBFAMw,2.1389645080457793
6nIvYsUaVzjpq0KQFEKoh6,2.1731562849180097
4UpTOj9KRe70ar0S66N4Ym,2.2015424577761054
5J47US3xIritcjXjVVFzMh,2.2162893768556375
3FLtmn8HRQJMThfQzq0pTl,2.235038526417793
2p6XlybsJTLIj6GiYSMDVQ,2.244267542052555
1o1cfKC7eCNeqDSkYqePFY,2.2596606791925264
4FCb4CUbFCMNRkI6lYc1zI,2.279375413724126
3fng36RfOlduFkrrdvl8WV,2.2812995417995885
6xOfafat53w1yN8NfsAwcq,2.306504408111779
4J6hxKlPDsfIonA9pILsLJ,2.306770538972559
7Jz1NLz3hMWWfcQ1M9M6PS,2.3070275055154434
5zHnJf3q8i6nmPi8CtHCKm,2.318195338891964
7gnpun7jTjILqKuRvilQjM,2.318195338891964
5zaDOajG0eKIKSqUZsQvJS,2.3210434065907317
0Tn997k4OPDZaT96R1MR8r,2.3250779659665146
5EYrDfvpGNc6P2x1Ask1SJ,2.3428873353436437
129HD6dvoUFhtHjG6ObV4T,2.3477715683246783
1DaNcUyPGiESUCgvVbRzcH,2.358582923141654
