,0d5VKlE39Sgo36BoZdn1T6
0d5VKlE39Sgo36BoZdn1T6,0.0
630svau24EHHzw1kNk0Bdq,1.811891948012832
7qSeh2DAHZZ3V4fjnt0EeP,1.827367391540299
3zNcS5H4bkhTKarTLfYbZn,1.889691602420942
4zcZLstE7ge87tUDhUxc9T,1.9249953384683698
1eeomkGph9F87Lfi4PTYhr,1.9360472297551472
3x4bEEBmXEZUtFiTpXAygx,1.9393436377172029
3vaEUJwqNMJHuNJEeW3DGc,1.9404390562043996
4JiLudhWwrm7kW2qntfieW,1.9558293626106167
1CGrelazpf6orzDTdGwIc5,1.9820644502138391
3D3cEBADuPsbxRcJLAFcbY,1.9929165455267643
72EOe9jvjhUFu3Dw5lhLiV,2.0008615953694746
6AhlUyXpCsQgaXMOnWYQbo,2.0020539871824106
2Wl9dGzDkgW0jUrUzKO2Ln,2.0022138495305835
129HD6dvoUFhtHjG6ObV4T,2.002984591589183
3n3S5cH3IyaOswY2XSUGTS,2.0155658946336126
1flePT1IUUCHLqXZdUKCtQ,2.016618540210033
1GD6T0kyOgnv1fk1Wg5lOX,2.018134547040736
6lwGqoVp5rDk8qEJoRYQKP,2.0225923999250774
0jDzF53LecgvsnlWmmU2kX,2.0274871123209177
25dAGIi1Psxz5kzlNelPLN,2.0386397822137594
