,0d7K341aL7uQ0DOF03GR8j
0d7K341aL7uQ0DOF03GR8j,0.0
0kN8xEmgMW9mh7UmDYHlJP,1.9188013606914043
1Q3xOjQ4G5bgzBV4Ep03F0,2.012495175456648
3p2OAR0pYrjl8895Z0D1Bo,2.019390750631872
39KG4kom3enSx4GTThuDGt,2.0311768008738196
61P6gN03VsjKR96QAPubci,2.065595803063208
0pzuvJR0gkTsb6mApE3h2w,2.0821527180581447
0mT5Dd0hY8BpqqxPYrGPEp,2.1031671814214326
1PXageFImXnjV4XmcCmuHE,2.135089363820493
0jOKElmLN3iX3RZCoiRgCc,2.1385185558089277
7CiEBRYU9Yv6MD1TPZQpWj,2.1429173517086695
7n8AqkmfO4ZnKWla3GYv1H,2.1524281970916714
6JQjQk8Xhx5HtSQEOv8EcG,2.1551893305516123
2c2csx4OTYtbkzvbSTXlGY,2.1616484002524365
0PzgXXiJpbYbOmwvvKAIwS,2.1634561749580405
6XKxePxVMpAorONKC55huU,2.166054516115942
0yZw8jZddKP1pgyLPZr1u8,2.1670703606097117
7LRCzA2vlK4EIAdBPz2BEd,2.17306259181316
7K7YEejtHd4rK57J6QkuMr,2.1834386141560884
3mNfKVgSiejiZYmFRVjNbQ,2.1852283993496138
0zH1dJoXYgEhruG2L6ayaE,2.210453027226151
