,0d7nYK2zg5ZnvWfneBZvqJ
0d7nYK2zg5ZnvWfneBZvqJ,0.0
2adF8MLoBFPSh1mxXYgK9T,1.6661306863317795
6mPJvjjx7pcfZuI57Dh95o,1.7649304840261402
0bdVK2OSyj04MkwOOxKIKI,1.7964408859268017
64rAfpuF4fS1IGCnv8qGK5,1.8040892081046507
3RciEQxS7PxtLqMs7OwRsU,1.8207182295415856
01WZpX9Ss7ZexSFX6ntYeO,1.844653264682753
4EhbLHYOXzEoPmOfaVoIIW,1.855368911297069
7p6VzsOamJwz8zTNdzSHmL,1.8628838936046894
5tBr7edjxkQkeu4KqFU9LP,1.8723989871412003
2BfUHZGaDgWYpaPPHFkWRK,1.8916356710894688
3lyH2gI9wumj0lvwMboDhV,1.9170673746514413
4NRF1B6kriUmtXflcVmed7,1.9190420403964767
75SMxaQ5gYrM8hoGQbwcNi,1.9293020563632046
0B61mp2EK13mGdeZar82Eu,1.9330641844504555
5qPmLgAVPeNC0CaltI03YM,1.935052981069932
3UOvW9TnZiOpMQfxX1KFmF,1.9537071971374012
5nxuah08yYECil4UZuEE8N,1.9548108829347746
2Xe77pPzUA2VEXrrHkDnOn,1.9574581598365417
7A1YIYMrprZIPKoUptyYQd,1.9582155775017343
52n1Hjoo4BLj06VVjmGGto,1.9735003084058276
