,0d9CyCAtOL3Txly9Jo02ra
0d9CyCAtOL3Txly9Jo02ra,0.0
0lI3C7jXLDY88pQPRjUCLR,2.003798163233611
1edP9mOIcf8lDzlO1ORbCr,2.105326199758537
1wWRtPIKD7ZNvtsrzLyTev,2.106776288184355
2mCRr2EjObwLYpYyL4tiyt,2.111129746540946
3PpOLeE0ButEG52CR8Wm7c,2.1377544734132257
4Ox7XVntNVTtyYgUTjJ1ok,2.1392090045742544
0OjdYVtCMzOQBPZL3r3j8D,2.1597366628678043
1DJY8zj0Cbglv1kMjDivke,2.1802205928100364
01Ch5LzVStxCFPKkT1xg6k,2.1824610176864967
0Kx5ZVqj8qumgWBzDJbfzV,2.183830260767587
4p6ZmrrHUcU3sz92mTfYUL,2.2121087760562004
2b1QXImv4zX2lDg2gRpesp,2.2187737617471712
1PKNKessUE10zYclDWNRfE,2.2230598808301996
1uc8gnKzOBHeXHKsaos2RP,2.2438391773840913
3U21A07gAloCc4P7J8rxcn,2.2593700726033963
4olNBNSYB0jknut4nO3GvY,2.262408709843682
4cDjymWoZJ9eTvVO29wQvq,2.2760102433051754
7jLog11XbKla3c7KjIwsVY,2.279406172858353
1232dpQqtpxSs6IXaLOum3,2.280440626640505
6vnfObZ4Ys70SBAtti1xZ9,2.2817904800157796
