,0dAZ7oltcKw0s5tIHm3JJ3
0dAZ7oltcKw0s5tIHm3JJ3,0.0
6N5ruusDFjQPYvCka8ejwP,1.7705303244313195
34jNyCDWrxltUXTyeUc1rD,1.8412778275103738
6QdnKD1zwEgyOWtkrdzlOF,1.8461551594590782
0Y2nl5FBXqFOwduXQ3jndf,1.857330222142127
6ldgZnNK2v8JEZpWUQyZe9,1.8851305133260534
7H8zey5My6uNdD2TxeCb9F,1.9026780001701462
4OEKDOXGcMuiUs9zei5HLm,1.9560260441218422
41zXlQxzTi6cGAjpOXyLYH,1.9706201577571927
5aHoljFBd3krVwGmCRnj7c,2.020395909263531
64fIuElpE4qJGnr8rv02RX,2.022113117959771
7rWpSbLgcaWXsvS4o9wJXD,2.028068621862626
1mDAuoLm9FBQ8E06pH9Z9W,2.0372029476929274
7CdZc74a7aHMJD8OOH9wLC,2.039739008488023
5k6ioThKIxeklkIt3MNJjC,2.0482713047327086
4DWFSrNnZXow1aB96gByho,2.0497524577716275
4flXBilJBD7bqTdhctouvo,2.0502942227489376
1MfRXRUJsQK40GjFV0Sm0t,2.052707185299352
3EwQuOcTRtLRgcYPwGnLM9,2.0537210192139295
5t3Vk8bRKylx4fjj7qlbib,2.0568215673351538
5KpDSMRdeJkpJPVxm6azxM,2.0853598225288046
