,0de2AZl6sFg94V1smKaZjg
0de2AZl6sFg94V1smKaZjg,0.0
7rl3NjLzloRZGki6Vxuz5l,0.5880505422011398
5VCQhibJ0rBxrEwq7pWYsZ,0.6233782410453919
5JwZwNT0SyOZlErdpvdEg3,0.7660269500556237
4WzsycqZkpkS48H9AAAGux,0.784363653865901
7mW3MUurXi179MzCFxyfMm,0.8095818209206059
5yF33pmtR39xmPI2yHeOgW,0.8225338528410508
3ToWC9JYSmDIa9yJs0k6PO,0.8319460889856949
0fnD9YAdor7u5XCPS1IjMK,0.8425988431333775
6TgCtQoarXCNj5YrsWx1cq,0.8503665354942589
5vaA5IARCuJtbSeeiFQ0r8,0.8627045275931259
1gKAME4Sh5JaMvLDtpCC7l,0.8627045275931259
7ncRy35NIlwfEyPytMu2DX,0.8647835652266209
75TGJwXghxDppCz3n1y3GH,0.8864528235121686
6rROXfjFzQyH2w9FAiVkq7,0.8864680551588577
323YI3Xa1F4pVroefzbndH,0.8884075557549226
1O7ZpUgCW71ss5fZIfgp5u,0.8895370738483015
3zt2xM5p2AUiwx8wkY13kB,0.8903556764450583
5U0tKveVl4lw0DaWvb1Tex,0.8935608976764969
7zbrpJXXznxu9rbAgKXIAN,0.8957930643436941
6LGfyv0yhK95t74fHVPub6,0.9013928948652067
