,0deHsjyrgcKGMZzIuvawq3
0deHsjyrgcKGMZzIuvawq3,0.0
6gDIDPnHK1CjAbVHDgtVkO,2.3246359281153293
5Ix7eNDeGdS2y2n3OSTCr5,2.372306926323199
0BP2o4rGe7nkQea1JOWMbl,2.3974473412421444
1XLmZz1FjfQKj9zWw9o7EF,2.406220030522641
2vVrIBFqftbGnK2j0PuMOX,2.4081557993464155
5xNE6bGRS65lxMEBIl6xbT,2.4414828190731797
77yuzxCS3csrgTPSW0pvyk,2.457021337737241
4raxfkjx0pYDyonrMpfNhv,2.4598425951052327
21k9IKVk5c3OxEUtSXwFkY,2.471487554003239
6wt7nmG9ZX7eFo0qQnnz3j,2.4874031047867557
4p70FGbzp42lqIuLbGGbtI,2.4930135656524284
4LzlD6LbZYEUOWUSw6aApW,2.4943947826060513
6ww0mbRkenmRS3Q3XdIIRi,2.498930655543913
4kFjJd11A4zAEYjuzwqDCy,2.5067903748455604
32Cimaqis8qkGRMACGsOkh,2.513764979235292
0s3NkyKgz6sO3pS0jSzATY,2.5171772360401814
31TsIuRykzLRn5Rm9Pxz0G,2.518492853078061
653ugIJrPinAki2yAKgBTb,2.5204027703268603
2NuVCsz7g64agl6AKivW5U,2.525154162899078
6BbIybrP84Tp99DLJg1cq3,2.52581611821538
