,0dEQaNYfp5G7Sflek2Qnde
0dEQaNYfp5G7Sflek2Qnde,0.0
0qCSIWL5pEzWLMQvjvixiJ,2.3302232939768475
1oR9TXVjjTgQn7eYnuZr4I,2.3734708384939536
27Q0lsG2b9ESRSSJYPhxzp,2.3846407012115787
65k0neADpfqCpec7EGaMZm,2.4028647821626885
1zZUYMXOSa5piPfHn7fQWD,2.4198286997618976
0B0tYbVp7pDQAqKDhgMeaL,2.4217624330408594
0PQ5sM92SKFMMdEW6fA8S6,2.4428889738143114
6ss2vUwrV64xAVE4fXZMIh,2.443594543877081
6qNALlmZa1ESnCxJmXE1K9,2.4593730993160468
49tG0W4vxwEQtpr0FfkzTQ,2.46769769166288
75Wq5C0oTeHI374K1skNlE,2.4831086932658035
7n2Q46UVKsCubWADEN9Sio,2.485973394835435
5QXCDigv2k0W4idywIy4oc,2.486017218068707
1lVxqyb7ClAP1IjeE50XD8,2.4870888760598753
6AExPvfOTjZgJ4HBUu6H17,2.4942186336606027
1Km0EwfnZXSgNEZXphorwg,2.498818286531744
6yRP4xHI9wKemvIlI1s3t7,2.503227169062489
1TOiDnIY8HgPyDLSR08QXq,2.510922521134615
23ApbHdDqDusdw0PYroRS5,2.5142755627958846
5jklyYwzYIY20CiWG5uccu,2.517069781683798
