,0dgdP5q0irOwAn7hEvEep1
0dgdP5q0irOwAn7hEvEep1,0.0
7rjK8CDTtTn2KG9Zja7ETj,1.5024207215572714
2wegPppAY5NVEZkQ26HmPo,1.5565812331266182
7nMBhRR09ugqN4SkH8L6pg,1.5637452354224877
4I4LP6tuqhl5SmBJ4XlYRk,1.5679265104757287
4WTEEdY8026kdpoH9UUjxZ,1.5692669743524372
2WlpzXrQcrJIlsVvCkWjFq,1.5883769873413642
2QyZQSDzRttz6vnN97gIvZ,1.6125187238319068
5x03a8mreDMOVHDq30dDp0,1.6160087546477226
66MwdlxiFMZ8TJGLEJnS7x,1.6186076611674438
72TldwaVBqvXVXQ1COID3M,1.6473277830302777
24OSmmEzyRFpnEiZfgXqfW,1.6479879064729426
141FcUnskfg4zfIfn717f3,1.6540371065176274
0b93tWwuoAC0nXe1CfR30I,1.6755118581299735
217XcGdjdfBnn91EYqC35V,1.679426186897362
3PhbzvTllkq1rkULafc6ns,1.6818545511325533
1khfmZTlbEsCi0VXylEJSQ,1.6926715339948428
5LXj9Ch3O9ATm1NoHT8GXn,1.7070084871572817
5oC6JfNcoK8flfsBGib8Nb,1.7116661682781256
4VaV5lFAz2njApojiWxtQD,1.7147091728781774
5krRaaWKlI8ZPOsNZaWxSy,1.7177552830801281
