,0dgrFwOa0RrFzWcM0azTzx
0dgrFwOa0RrFzWcM0azTzx,0.0
3klDKws1sU7Th1htqC5iDO,1.6439440993821024
37efsEcjTE7xHPbyM4oLoi,1.6551158382464406
2XdSyWqDa6g7qBj32igBAN,1.6989666350685166
2AVKdkpd51Kn2otAkICBWJ,1.7069222566803968
5Y5dD1FX0cZzr7sO7giHwD,1.709418139704416
4pHQ9RYFhn3W0ha5KEuMnj,1.7439661222341978
56GFlp1dkt7dw56pQdTwqW,1.7578831790996845
3FiVtA8z2yUOyw7MiHjiVM,1.768025740360347
08r5ou7k9ZaLiHN8TX5RWo,1.7917335294814318
6dl3hiNQqHQujGHXq7U9nM,1.7953464064997224
6SXuMPOForput0p9DTK93k,1.795810215713828
4WfECusRoWBB9ixBHN6Tv8,1.7984289037882535
6jsPzGxZtgPFUVMHOMZXZp,1.7992023957412246
5YNGqDmZVVbAbCa1RhZiFY,1.8021106076782663
4LIpaxeTfxh17LZQcBt7V1,1.8114057652764406
3ilPTn5Jj7k4cP97wllXoh,1.831859095834125
0xWWKuoaPe9MqxokU8pXqN,1.8507065743678557
1xlevl2lnq6najvKHK97Gp,1.8683772267671703
6wVWJl64yoTzU27EI8ep20,1.8691335200274557
26Cb95EHoVkBFE8jiKYhve,1.8758610164416651
