,0dHM31MLd2F5jzNPDMHOpN
0dHM31MLd2F5jzNPDMHOpN,0.0
4zTHYH48021nSS4boLgVUG,2.055850363588989
4ctqzWJU38yte7Wyq98rrk,2.0866533579099276
4nyTG4faxWrcECCW8ZYvol,2.1274545416437793
16QN8cBubEq706vNtPpOME,2.154723796895249
4kmL5aBBiA1bNVfMtb0OhN,2.1866476251030527
4c4M4NGmDo1MVpwqucvuq6,2.1869775745419577
2Gl1Qdx5Px5kVYe0PQoGI0,2.190555321529379
5qEsQiKndh4h3d16LiZs5x,2.2012777022614234
6xkryXuiZU360Lngd4sx13,2.23300610948231
0t6DdFmFQhQYWhmfa5FJer,2.2369583843836542
6WOWeafSarYtIMlKO1cbfB,2.2515501530734463
5c16qTJKks2JuaKzKPv87g,2.256388005468718
3GONDOCwJprD1lZZ32JbuJ,2.2581203990034884
3wyrAqvuBzF3iCRzKkiTS5,2.261022291271329
4lH5AKFeldnkq8wRikIqWP,2.261595185103741
63y6xWR4gXz7bnUGOk8iI6,2.2899291596202165
0zZucBnwVPo4f40LzmkDmW,2.2912724630838572
6qMiZK4mGuCRkVwRFds4Sm,2.2975560950775993
4L1MrFFkGrs5Mxkj7Xamti,2.307191508913035
5uZb6AYDI8A92lj3CF5aTG,2.3347346599710694
