,0DhZB1nXeyZcCvedppY5Wd
0DhZB1nXeyZcCvedppY5Wd,0.0
0tNkCx4OOKJNNvTwYHFO3j,1.7470745041839266
40pPI2TbaYSZlKfV44HRjn,1.753363480637139
4U92mtwh7sIAUvYrKltqjZ,1.7543909757205085
6BGxbBw5J314z6BDxbEanm,1.7556577925764945
01uwmQU4sbcMnFwklgKMVc,1.760908000866752
6d69Gd9D4dpSfahKTOiyWw,1.7712469852378712
1hHuyqVCZCbhYQixEkdQCo,1.7814809275745134
239HVAXMghTUXdJVsAiwSa,1.7891095092807447
114rzL6VEy9bb3amPcY3tw,1.8073703571511561
0fok7FYKcgsYXXJJB3FDGc,1.8255973400132481
2551UIRFybSmnEgRf9PPNY,1.8324538212590469
1w4T78gf2IomS9eZR4cO7S,1.8337189405293721
4oFH5vGRucmVFp9mhWDwSo,1.8337901759621222
55BFzOtElm0yrmCRqYH5HY,1.84879578941066
2cEZEdGtVwHa8ZMC2DqytA,1.8540738926358105
7rocbCjRtsELoQwjPEqqf6,1.8610821792025243
6xa2cULuz3E4EgcD32VqjW,1.8700689362281486
70oK6ePjILgOuBUzRDOfCR,1.8820899446533523
7Bl5Fqa2g1UFs2O1VJiKhb,1.882960429580471
6WZ2HHv1VUeRzv3ZnirZsW,1.8848553287565695
