,0dj1CtyRxZ4bnIT4Q20jNT
0dj1CtyRxZ4bnIT4Q20jNT,0.0
4TO2duXLoFuUrnzHzdkDQq,2.0684701526162366
17xFcSuciJ9O10WqDERQep,2.158041024118818
4OHjpHTTrTFwEt1HxHYbm4,2.223790959746872
0OBNXQmgxgOtCLMZ2F2Y6W,2.2835989976069717
1IR20KDogt3ZIEr1W7YxVR,2.289358823352939
5wAWPFPFNF1spvyz7SMD3S,2.3039983694270347
62lRj72gtFyhovAyfbZGBu,2.3100957616488507
76FnCkhueYsfbyTv5Rm65B,2.310138274857484
1mj01FdNhQ90N16CxId0EU,2.3289818998417213
1flePT1IUUCHLqXZdUKCtQ,2.335718387366365
1MfOcqqQmaBvI0ZhddcIUR,2.3453755739918685
0vwkXrG2ts3piPNwuHtwEK,2.3522491054511603
4gdkvLSPKvRoxpANbItCoc,2.3552833936555153
7keXdrB4mz57u4b8YkCwag,2.359385938176855
31L9yLXSj6LpCFupyMV6CR,2.3596393774163
2oeySdF5FtALXQxYNBvq78,2.3629340531640497
1z4g5zYfYNBnnkKwMc4BdO,2.366035611489023
3FfHZSYwGrvfTzagBedIK6,2.3720658894968247
4Ufn3UNYEo3vCKjuc6EE36,2.381387907894677
5xEnDg0FBVOM1DK2vKfuCr,2.386826206866963
