,0dJL53qS9Vc4hLONKPJ7tj
0dJL53qS9Vc4hLONKPJ7tj,0.0
1E5a3jV9UQ8kjJQnBikYaR,1.6406518630479037
1gePK7D2pfZXYyEH6jR64Z,1.7481799247190284
4eHbdreAnSOrDDsFfc4Fpm,1.895564374225388
3CxEwJdQOrHWzr7F2ZxP2g,1.909301525743016
5e5NGCN350zUvrNwQKN8d4,1.917825376539977
6J6gi1bU4040h1hhphcSzI,1.9691245477991053
1NMzLXCP8jEv0WLz6wrhrs,2.0483455959875787
7qSeh2DAHZZ3V4fjnt0EeP,2.0881770877863386
5ureid9IP0JZBLDFrUXOxr,2.105214057606577
0cOb8Li1O6cvWZIghOKJjH,2.1054339623370604
2x7h2ABCBEifwpDgNOGHGm,2.1239609464059663
19W5OTEcQI3ZoRW1HERMyy,2.1305285110208603
5x7dU3Eq7vWRNrgCPnpctF,2.140429709226701
5U6WGP7J9SNH8OHBlg95A8,2.155960631244528
1GD6T0kyOgnv1fk1Wg5lOX,2.158999469291156
0j3obufLXq5toSs592dX9U,2.168032135733986
630svau24EHHzw1kNk0Bdq,2.173579501784177
0OcTupzUqeoSWXx1HOuHfY,2.1822979917626797
6F18ZWknjidRGotCPw2vOe,2.1876499744575537
009ImBOrIUlWgla8U05RAC,2.187799573341317
