,0DkV3bGqrYj9SSQ7NCVOJt
0DkV3bGqrYj9SSQ7NCVOJt,0.0
6o860TiYS9ZPBOu94cQuhF,2.06874213772189
0aMVcqSblK2qTbrG1RbSTX,2.2160947199233574
0NdTUS4UiNYCNn5FgVqKQY,2.2564833643096653
5ZumDJdLaRXMxy5xFZeF43,2.290612609523261
6DPFE45zF8qhcyZWpNLpQz,2.2906148694071424
2057gQCNGvd1WIEdypt9HK,2.2954817579962508
702DHpdOZV84IS7a72Rv1g,2.30224010087542
58GAsdA9tRkY8bggttVlxZ,2.3064784903823545
3IR2OrBS1mdp6kyFiZJrZ4,2.3082026158395506
5kBUIe8UcUUGLzP4hoc8XJ,2.3145265971310667
2eMVogxm08LgfgnWpahooV,2.315204551666495
23j8jfJxgapB1mFdbG0LUx,2.3158586418733327
30gA6f0V4Kfdt0Ya2qGspV,2.3213076003123185
0AjUcL4hvofaSkpuxqK3XI,2.3236705668657365
0Eb3vRMzyOFwEsPRALgCKd,2.3295013583823496
1rKqsfuQVUFhROVwcoGJGY,2.3318276571644057
0RTtWFIcKYOlT9Ad7bm1kR,2.3322956394330747
7ybuzkdqKUkGKsXCp1eu7z,2.3332226056813496
7KsZHCfOitA5V9oQYVdltG,2.334157405872966
2R9giNqesA6XkpaNcxoNmI,2.3367711713830452
