,0DKvcH4SCRdhVYTxStKx9h
0DKvcH4SCRdhVYTxStKx9h,0.0
3lXekiVK1ZPZbKconsys73,1.7638567559575484
3UEWVLwYjf40ci9w2k00zc,1.7952875986280845
3wzUgDQLAswiQ4i14GF04z,1.8344581329785123
7wG1H4LEtWYhY2eueCwPhn,1.8769677160105107
3k9LuTEhL5xBKH7rkN7RJY,1.8937398113427621
3ioZYZQSYdGiihWph7Wojq,1.9372491021446598
4PMvRfhHAx5j6Bb3XsFLoq,1.943654611314274
5PhrLxoAqrnKKll5iy5AQk,1.9555917465665063
1ZzehTXQaSjL0okOGJBVPB,1.9573402799390278
3nnpX2OcY7wvZUUabuEk9d,1.9643320193909761
1EG2jcKMIfHPkc0UPpoMtL,1.9706077389246988
4eZzrQbvC8tKwkrf8bz3V8,1.9750640134816209
7zZyRGklevlEnVEKSPlda3,1.9793150705656783
12pC5zaEg3DBUCBxaAT0Fc,1.981241300624241
5IZvHSW6xqxHFnZIfgWImC,1.9964228528688526
5lsd7n03AsvODMfXlu57w7,1.9974589065793844
45sEoTedb8O7VQpYthxQcG,2.0008018198566493
6mPJvjjx7pcfZuI57Dh95o,2.013277932418918
2GfH4yaPhlpNYO4adUvM8j,2.013681660609941
4omNVyxroNruTQsitu3Fn8,2.0179204996536457
