,0dM6Wr1Hhvfcic5ilTL6gH
0dM6Wr1Hhvfcic5ilTL6gH,0.0
4JiLudhWwrm7kW2qntfieW,1.9424475034613469
4eXL9ici1ddorTRr5jJQvm,1.9933175263127847
5qPmLgAVPeNC0CaltI03YM,2.0149303837017047
2SEXsl9UShqKSc3inzSpIX,2.0392268113162473
56MBIs4yUjXHCNnYC6RrUe,2.0434894488744106
6F3CI5iEUAJ55LqxFfLC7D,2.089899802894376
6V4jDRc7vz1mxMaGlD4sFM,2.090023105135615
7BXW1QCg56yzEBV8pW8pah,2.101234255220349
7usBeywmTK22GDsBrpvPr4,2.114846430671229
2Jr39bnXx3WOUmdlI4S00f,2.12421674519906
1GD6T0kyOgnv1fk1Wg5lOX,2.1483534881230084
630svau24EHHzw1kNk0Bdq,2.150726769507933
2Xe77pPzUA2VEXrrHkDnOn,2.152005441824614
2BnfMbmWbfqi7ac5y7GHXn,2.1688949259751604
1hyeUTrRd000AXLPDxV4q2,2.178770877683521
78W3OjLt8Ugxaar3h9mY2j,2.1879371999113286
3M2PHpiMb7np41m7dOCnQD,2.1881512421408646
29UQTkexPwDjBNgbooBN2Z,2.1972824554836365
4eIiCItXz3BsK5A8WBdP1w,2.2016266055284137
0iV9yfj1knFNOSEiuTHZwl,2.2125329514594427
