,0Dmi9ykcCODLhBnB3OvWOv
0Dmi9ykcCODLhBnB3OvWOv,0.0
7nMBhRR09ugqN4SkH8L6pg,1.625011329719295
13uyMAetJNWMWJamO4aynQ,1.6561376829944006
75XDbHf7Sq4WR9XfFyZLle,1.7113823164821962
7BXJuouNlS0JXQllk41MbO,1.7213562409837633
67zXWqZE8wX35AT73bz0hc,1.7393580962286126
70K0KoAy3mh8hZVCjDdX9O,1.74550377807421
3GpWADl5hikd23jYTOFqzg,1.7516074337643903
2cwtByOe3IVC7kjBZQnrvg,1.758364844582705
667ZLHBPPTYrs0D2kYI79e,1.7779733002358276
6HkgmG7vzq2yoaq03QLZPy,1.7841522408999466
5zyfzNnBzN7f7PVkJFnW2g,1.7860510760299626
3lxB1GaYdngwmrM0MBXF1C,1.7962082746151993
2krOA4uK7BBZko6soEUUEz,1.8046721313119731
4obcumgYmPElDTZNWzvLTs,1.8105269244253277
2QXCQHtpIDFniRJluM4sxP,1.8136013988267445
4WTEEdY8026kdpoH9UUjxZ,1.8136534459855171
5WyhwoQ7Sbj6zyGy7pqjVL,1.8157704010302111
0dgdP5q0irOwAn7hEvEep1,1.8158286953799299
1wxKu3oIyPuqDl1O3q1w4H,1.8214701904105783
7hjgA9v0BI7ytPLpzOd7Ae,1.8224819525217746
