,0DPVOmUk43KQvlTwAKEnhF
0DPVOmUk43KQvlTwAKEnhF,0.0
5PVQ3JpBE2vFtaIlS2EYdG,2.5082362864150713
7a0YvS8BmrfOtvG2HpPpE9,2.616850128984448
7GJClzimvMSghjcrKxuf1M,2.6429553685992366
4T5Dg0qfSkfEdCPk7NZ6Vh,2.659471319004326
2J0X46UkpfLlWbuCXFgDLr,2.6662028342080237
5jklyYwzYIY20CiWG5uccu,2.6763780715156837
3bFxumQRhWqt1BiXLeVrKa,2.684052600868353
2qcLYz7LVCiPTLeNYbiBsL,2.697347056004986
5GUYJTQap5F3RDQiCOJhrS,2.703687365351301
6WOWeafSarYtIMlKO1cbfB,2.7046429921192248
3MRlyrcNvLflDJlIkrpRvG,2.712573371292057
2iR7urSs05m4kyRzoh1zCl,2.7162945621021306
3zPUhMchkqs5ZQO76et5TC,2.745049594633347
4EbxcXyUEkCHLFCGaZj2Eh,2.7516199754420407
4E6cwWJWZw2zWf7VFbH7wf,2.753694322876942
6exVWorXc8lFp06wZgagKM,2.755208588179784
0Ohi2pjBS1yak2BSgJRaIs,2.7736017889127704
7IL3UOlcJ6nmcCMwpnlfcA,2.774183272013819
6Y9OhYhJFYjG7fUWJDFcI3,2.7906314583416605
1iaah4Yp7671NJaHVJtXng,2.79372889045816
