,0DqDSW0xdTUMwhOLYLtC9m
0DqDSW0xdTUMwhOLYLtC9m,0.0
66lxPWZ5fcUdD4S1FKs7Vl,1.8765857682721658
639Gf4AIzHnC5wkr2oq4G3,1.9461113027441501
5AO9qDWvB56MkPDlAEZkKM,1.9816822872722002
5ntAYVFBrgbvQPj5Aqrxjd,1.9850300623478956
7wD9MEXs2kNhTQS6abx9Dc,1.9980312177497692
2EgIkNeq1Tsx1JamvF6JWg,2.036422303727358
75DKbWGsID7CBKRi8TruJw,2.0454559921976645
3pj1HzBsnihN5PM8wn4Mbv,2.0618801838669607
4qdcVJCTERGdj21s28nBbD,2.064907985512683
6wnEJI2Nc8IeQccUDu73Kn,2.0798623394411018
23dIvJu0yfes1JRFut1NMQ,2.109388757572263
6SIZskhGAJhELaq1tn3kJ2,2.113690265222999
5LeGRlEBxdkIaU2hlCCIA2,2.119306062178222
03j354P848KtNU2FVSwkDG,2.131260703770376
5lWdRAzgbT2AHflZ0IZAtW,2.1382882249386963
1bmPRwZ5BdncW5o2jcIiud,2.1391916088215024
39KG4kom3enSx4GTThuDGt,2.1521540808082142
6JQjQk8Xhx5HtSQEOv8EcG,2.155299711553595
3Ymr7QiCcj0bn0K0fWfrfD,2.1578509016514666
7zjfkrX92vPDg2mJKGqhEl,2.159986352752057
