,0DqKMbPXhUIXcgDOVmohiM
0DqKMbPXhUIXcgDOVmohiM,0.0
5jZlPGOiYTcBjgVCXofrOz,2.0833060227929567
3SoO8OO9hNorwSkSewzrCa,2.151226325368223
7wJXcLnvs5qSYG3vL3eeri,2.173769086521328
6qMiZK4mGuCRkVwRFds4Sm,2.1939562231300105
6pbhkfdG5RvTJaC3VKPaJn,2.2003101609532307
09FMjUCLnkdnSBlZba6VMc,2.211418753337098
4Ro98RCK90oHqqSZUnTFq5,2.2165683297296095
3qYCfox9txQoEQAG0mbwd5,2.219335545956901
6mRRVtPPBHNaRwVx16u6VX,2.2550469418835286
6LGwYMXXgURfaequXipzHx,2.2645508899663374
6kibhu5jODy17eyD2JvAlX,2.2675968366241457
6qFEkCFsHB8rNerOBfY5Su,2.282385214935677
76FnCkhueYsfbyTv5Rm65B,2.2826113857068613
6pFsKEXPXVFqusPsSFjM40,2.2850261966155276
52OTQanye10mWvSX3R5O62,2.286769937569525
4RoArPM0AsuW3h8hW8xtnr,2.286883881736581
4buvG5Kmstm8UMjSgUrv2X,2.292724973697957
17uivGWu6kfAvH6UgR7j4x,2.3001076996039926
7jxqo5q4plsOJloZ5U0hrf,2.3045487648386276
4lH5AKFeldnkq8wRikIqWP,2.305647072304768
