,0dqREqnSQyV4mBwfPdFbLk
0dqREqnSQyV4mBwfPdFbLk,0.0
6iXNLBkSJfy9ecCMv2shKU,1.7232369741755214
1STAWoWHYJh2UVUx41pYMD,1.726514436132448
75ZOpHTdeAfbCKZMLcUaVp,1.7346491346495072
1khfmZTlbEsCi0VXylEJSQ,1.7572153390924614
2hMtYQ6KvvSidwV7JH7gnx,1.7759101272335183
4cdSdpRnGCXnwxjmHN2nb5,1.787929210918206
1FSL7Vv9QEC1FSTVGMW5P0,1.8084539836739126
0bZDQlvx2oS1NiUZZ1aXGu,1.8285621146141442
0BtPw5uIy3oYByTEzljyNc,1.843833965840915
4RSYgNxty83tnXcexSdgVA,1.8670449503151867
66hkKBOzU29h6OqaROxnsj,1.8736578515955529
2uQ4px5SPONsgcUpulywIQ,1.8751361608707204
0QhqxKBvIsQwIvCwfAf0lI,1.8773240039958423
1r6IfDCKm3YqPo5UyFvSMv,1.8821918891694431
2NTthHOGU0Z4YAU21YPRg6,1.8823519840947485
35xSkNIXi504fcEwz9USRB,1.8878996698330837
33yMYketIcAicQ9bEgryw1,1.8907927995702631
3GJuu8Owrnv6pqWE7JFWfC,1.8939053259463505
71MPACGISFPMVKP6swcZzU,1.8980862062689143
4QaeQX43q3OdWE4JQxomF8,1.8996856357551206
