,0dRhSF9LV0HR8Jwd3MMMKJ
0dRhSF9LV0HR8Jwd3MMMKJ,0.0
0ikbcCJIJaY9sKEivAXJ4I,1.805911784996713
4BzEyisyti5oy7fypZt1Mr,1.8716627528029044
6uRcby8iPxF8EKtFA8k1hO,2.051552146822745
2Nut5wxGFEwdbjuEe32syQ,2.0559703569392687
31sh5OOqmuPz8RhgtokS7T,2.0571491875774433
4EDijkJdHBZZ0GwJ12iTAj,2.078609297068414
6QdnKD1zwEgyOWtkrdzlOF,2.086885969494207
3xLC7blc7GP9Mv6ypjt33s,2.09656972813281
5OcEw7p7RRk9uY54DKR5l0,2.1081655958228414
6HojDglE8E3EA7SbTLE8VF,2.111828060797901
0tEDQZ8gXWqPwtVmbetI37,2.11619425093311
18P9FFTRXFzHdAzAphl7sy,2.124168330821575
5ifYJ63gIczbF1Bdr28Q0D,2.1283048910102367
5TM606Zfk31aNXIR63baT5,2.132291814874578
1oiwANJpaXZxYkwvLWor4f,2.1399247156892596
1eOJAiCKFuMda0fPRvjcuc,2.1491716164466697
00SbVevsdFCgVm4IrSbuVJ,2.170495184330507
5CMdasTE4CPRNSC9VSJrsz,2.1768084687261995
3V35bKSSm4usoSPjdaRGMx,2.178400780375164
1pbue6khgOfJVEZ1zoFTXL,2.1793718045149992
