,0drhRfgrGmbJgrcR1ifTcW
0drhRfgrGmbJgrcR1ifTcW,0.0
670nipjYh9di3LfQ6auOo8,1.687578422519872
4IAUtu08gKQtOcQWKklPct,1.694098649992578
7eChhm0CaN8ycQ5YGL4zBV,1.71629382090542
7Bl5Fqa2g1UFs2O1VJiKhb,1.7349641328488596
22qUrdPuyxvhQMCPNfd1Bj,1.7443779581803913
5ix6YlX6SDYtQ9MoK3wWID,1.7610614048065316
4l1wkdNUNjEzUerp34s51F,1.7715218939820137
239HVAXMghTUXdJVsAiwSa,1.7893777835939562
6LEre6jKaLhumIw1MW9p8r,1.802911087494572
5veSO7OmEwcMtKEogfzHb8,1.8032714449335598
4djz9dpEMMCYwkADOvrCZL,1.806559706735869
3NU0MFGJ7ZhDPuYWXpB2xd,1.8134783901113545
2vaoKrieU38LtJAYWXpeju,1.815997923632312
71kl32fFCagQiR9XVQzwGx,1.821779496940886
2MCBSxOnkMcVkbaLplGYjX,1.8279864998520614
0sQpqRGBBlbWNL2bhHG6fs,1.82840711165502
5iSEY9x2UHbDArz4NmlGTZ,1.8296422514611017
5KntTbJ6akL6SWeUHsx7bd,1.829829339607654
5AWweE4D3WKcVMmFZ27Fg4,1.8340950964825495
6WZ2HHv1VUeRzv3ZnirZsW,1.834305740641848
