,0dRLSYGIqeZfYgziFykUey
0dRLSYGIqeZfYgziFykUey,0.0
4sNViQRUXTq5qLjpw7ON7J,1.0949011536850568
2PV3u7DWvl6kQDjl2L7tAt,1.1237230177004696
5D3BJ4ZJ2zcK5ACxOOseQ7,1.1809098097059827
68yi7ORx4bZCptWjjtLLBq,1.1932648196081772
4LCtMu7AcHqynV8kETB0av,1.1977455881516785
1V3BpCUSyBt9PDZ309652A,1.2113416719930141
7LgFl1iNSMfVQVT6rGY4vj,1.2143560955346686
5tprHASjzXCxTFS7UHIOEr,1.227873282450409
60vuhLUk0tRARLhH9AWG07,1.2308880931835402
2w4IOwRp9CLexehyJN90Md,1.231410608450532
7mVj1R3omIBoyFaMDV0fG4,1.2323459653698732
5fsfk1Oogb99koL8wyzomw,1.2328644371963693
7f9I5WdyXm5q1XqnSYgQZb,1.2398368703289928
7rDa74MQsXwwJvvGKx6Tah,1.2436487358404167
6ho0GyrWZN3mhi9zVRW7xi,1.2554283137966689
5UUg2hnupvzzPK4lNuBwzj,1.2605640051927314
5P3tgUmG2grkksgIC2vTLw,1.2630395320456829
6SM0FXzpPtnBZ55FEzthXA,1.263708625757145
6S5id3qcbr9S37IiJjv8Yv,1.2734914009446316
3xdjI4AdnT93n9z7rIe7Tg,1.2786847417495761
