,0ds5D8mJ5K2jOxCdKFJHEb
0ds5D8mJ5K2jOxCdKFJHEb,0.0
2cdMeMq02C8OYHcMqm1OW5,1.8701103605955602
4XEQZ9OqZb6xLxKsFppO3K,1.97768571440782
2aHaV4XNKx4K00Lw8GBFBT,2.0079769062313524
6y0tDMrNysXshULtc6a5tS,2.0081509743849772
1plWd6HPu5RUGa3kszuaYA,2.0084857318653615
5slYHr8Bwh2uLYAm9dJmiF,2.022775274326386
0ihbdT5P1nDGwVRUWhFXTF,2.023815279389254
2Lk37qFIc6R9jFOGUxJUZT,2.0334287761551666
4fQjex0ezXcMGpdjlGVi44,2.0416693171049247
32gJ6tgfi1TQGpaOXGq5se,2.0619536321826737
6xRwb6TnpsRIDWPbwktEmD,2.071880252026895
0BPWY79wNehGVARtwJawYV,2.0761409278880323
6baGTtDakSNvUfW3FJd8yX,2.0777165027340105
3fVnlF4pGqWI9flVENcT28,2.082027228010028
58NE0639huS0DWQAEKXsB8,2.083452866603047
0FMjqbY3aWo1QDbo3GwXib,2.089373536741699
2UVPkh6lrARjYDK42jC6kD,2.091358880602068
55h7vJchibLdUkxdlX3fK7,2.100980004681753
3Iq58ceNpVxghuRWqMLGHy,2.112391801432245
0gouR5DWFvUKRXXMGjWUMl,2.119013046505832
