,0DSNgYs0ORlVjxnhfMLsbg
0DSNgYs0ORlVjxnhfMLsbg,0.0
2LMkwUfqC6S6s6qDVlEuzV,1.9466905389669926
5kxVyCgEUND7E2QKG7JmoF,1.9649432075866213
5tLYxU8EqE7wzVmKvJMscJ,1.9860390349587995
6uebH2zFyW3yrgC8haeIWK,1.9942533009954144
5AOVMgO0kIIhmybU53gAvX,2.014316849420048
4N9yfHDmIL1AgCHGrS2QkQ,2.0157396769055893
5k1KFuEwm1qUpLuWlT2G5P,2.0213143539185445
0xWWKuoaPe9MqxokU8pXqN,2.029578729587716
22qUrdPuyxvhQMCPNfd1Bj,2.0465557787185906
2DTBXyVq5YqQUB26nP0AKc,2.0645300909544404
6yu2RPqsGdwSCnx7ZqDeLa,2.0658199156419457
2IPNoVksl0gQ0YhzpWIrlQ,2.06777636657893
19YKaevk2bce4odJkP5L22,2.0691863695656503
3KR7OrTW5huABPJNOR1mFY,2.0710176695781946
7lan617hkncOR369dRbO61,2.0712634556005294
5FCOeIzOMJv9A9sz0XYEUP,2.0823659882281156
6SXuMPOForput0p9DTK93k,2.0846776000603415
2BqfIlpahcebJPeu1IUTEo,2.0936340030075384
1HwrBqZKWs1LTsNep2ldR4,2.094045608242778
4enTc3kGw9fB6WUo0ZraqT,2.0940796412797984
