,0Due109sq8Ld9G5xkWRubf
0Due109sq8Ld9G5xkWRubf,0.0
6XDFllpzmvRaYiTbcv4IB7,1.6471608226674304
3E9VIdvL5CCXMq0ZMetJqJ,1.7239581795393828
7iTnJTqiYHO19TXxd3003F,1.7444708128176398
6oz0TkxZqdcyHYp5UOjvri,1.7558236271656666
608a1wIsSd5KzMEqm1O7w3,1.7618084162023824
1fRuRNJVZjDU1yKXvarKqW,1.7723048768144023
2eoRAhuZcuc6LyP18UKcDS,1.7748999735514956
6Yaioz3XoxTUIS8Gh2hEBx,1.7783100859616938
3BoPOp7YNORLqMUjE5XAh9,1.7805447123780418
7Iu8YSQ5Yosb0q4yQTLDYB,1.8231969675477402
539wfGOsGcRmT1IBVUfiJV,1.8392044932425402
1Pw6RYNuB40ihP2SQkCGF1,1.8912666741130357
0o0sbV4oT8H8gb96EAoQkH,1.909225635012207
5ExHDzOoOhC4xZGPh9zyQZ,1.9265881998500303
6OaVWaGfhXn70ZJfdVcabn,1.9341462433024144
1vc2YF7ZvUtwr45HNpdGch,1.9422839766705147
7jQXN58DcQ1tWKhEYeUwT0,1.9461477992183196
5pQR7OLdUPZBvrp7H0Ol8h,1.9467638277636927
7GEidxhfGNteiW9n0kLyxH,1.9597792938508338
4W598w0KcHVG5Nwqk0qMpj,1.9631732610596186
