,0dUp0YuYUVp57o0Xnu2cEo
0dUp0YuYUVp57o0Xnu2cEo,0.0
0quvsyz80WMaUPXpVs1mpA,2.0457384365817615
601913bnwOH19HblKXMr2d,2.0554987812469308
718b1ck8gBW3KnpnvbRTEN,2.077926401385086
7oiEcG81HDmNHI2Ki2FaRv,2.1510574641222515
5J2iMmnNbuJlevbLlhV3XN,2.1727008121608566
4E3afPSY5fUEelQS9ppL0e,2.1824087285096483
2KcJUkUlx2uGftmWkMdIaG,2.1884791211651478
7Bj7aloW9SpFs20JmVJgZQ,2.1900750354921814
2CXP6T1s7btzDE2ftTJJ9g,2.1962384360080427
4a9fW33mYR8LhXBOLUhbfF,2.2065080106700363
6TrE9xBB9qJH6jMBSV1o95,2.2069381134904575
76FnCkhueYsfbyTv5Rm65B,2.210455867556806
0Tn997k4OPDZaT96R1MR8r,2.2129808913940545
6O8R2qdAXWvSlUjE7A0mwa,2.2174963079239105
1FlqmkbTFcjl5Fd6RQjPMb,2.2177044928631506
6mNZPCf9y79W7C2nKqbvYj,2.2368795663576835
0tlfXooBX4p8Qv8ED6GT6Y,2.239993348077452
1WtmYmcM3i2irFQrJKoH8q,2.2434284131660367
0pNVJwSLl1J4RfKzAQ2MTS,2.2465299883397245
4wnqFGTV4268VQgCG1jn7J,2.2502356621290973
