,0dy0S3KBV1lkcN84cjyn8e
0dy0S3KBV1lkcN84cjyn8e,0.0
74CbQ8LC8uWKl763mNfdZx,2.2394115320905508
6Mwmi127jAOdCK4X3xFPCX,2.3333841762986887
2lrh8nY5ulqflfuQgC2AFa,2.3507621706683337
3EgJiZO0htv3dW0MivkyPh,2.3934717356410102
2U5EnqMfSGH5VsohF8xiCR,2.404847800251673
6wPohGCdXTVLlZd57t7f0G,2.4100056796268534
06P2iKs10Qfb7RK1stVpCR,2.413688630916065
3DYZZZgqcRiQki31E6PHhv,2.4287347116194
7ccjweWso2CJmeRTQ62Ccz,2.455119462002443
1sBRBaY6ajUjq8JnblGbF0,2.458034510866833
6C6o1thW23zGypBnWdTKec,2.4591511739569407
57EQle4bJl5Szg74hrE3Py,2.459711159766471
34xTFwjPQ1dC6uJmleno7x,2.4616277227821772
4ZLu2I0cwI4Hp7jnvg4eIR,2.468008659488242
4NiehSBQthimPzRsVeOgCT,2.4698795115290277
3s9jQRTJehn1nCm3OUtrhy,2.4699322908385306
5XZwplSafMqggyQQlNd0Se,2.473928526729372
1mVfwyo6KQUSyBWon13OVO,2.4745060017655667
6GpwkENEvGqAr0PXMwB1gL,2.4780564715721707
6YWStBSFmmeE5TZJmlUfhB,2.4782298060257455
