,0DYRjWiFJHvLjxRrywtltC
0DYRjWiFJHvLjxRrywtltC,0.0
6dl3hiNQqHQujGHXq7U9nM,1.7214852292965077
2aHaV4XNKx4K00Lw8GBFBT,1.728085393496894
2SlCiWUTBVs0lcU93SLogx,1.7961289009441697
48nnqkmwmjZ7ohyShSyKAm,1.8252847525948515
7lan617hkncOR369dRbO61,1.8260948644942572
7Mce1dTzyHcuBX3W5TPE1s,1.8268031212652842
2iNjzr8IXHufW8XCCxo8l4,1.8455954111338027
56xPWlaD9Lb5cYVX1zn3kU,1.8608331547538957
3CqOsjVamOisF8E0e9nPUo,1.86748812724119
1G1U81TObJZ9USKxqmz1wH,1.8730606440803317
6D2ZD1yIFU1c1R7GdHsrtD,1.8860378769348431
3jnrt2gEadlTy3BvRzYJMO,1.896504430357602
470GRgn0wzQWq5EBTqEQ9R,1.9007736630642917
60NYRHjg9z1wvv7SZgNeMK,1.9071014832903217
75ls0gurX68lUmMjE7QcsE,1.9106037401199794
4n7XIt64KNrCeNgSzumGJC,1.9115161732796513
4EEpg53wU8JaiLtyuSdZ53,1.9124032614559654
0yDr111P0vlLbUPyCJWgu6,1.9151968735395555
5WMM12xcKS134ww9lzpNV6,1.9184375604607893
6SDFgjxYfe98XXUJRsObHN,1.9193828915011864
