,0E4UBpsUOZ6Ic4SCxrXz1L
0E4UBpsUOZ6Ic4SCxrXz1L,0.0
63y6xWR4gXz7bnUGOk8iI6,2.1649708091831386
6t0c7t14prrgAZ0yLXMlrv,2.2020973218079813
2Y9Xxdn0ANAcaoDlBWh9lB,2.211567388718412
07mKNZh1IbiERVivfJP5gB,2.245127697829411
6Hx6xQJyY2mFqQNg1gWjbH,2.358566764222985
50NZKlQPUvBKSglzn2fXaE,2.3676362106564377
5c16qTJKks2JuaKzKPv87g,2.3879527084475645
5ddXMXmXZ2FN4iliTG20nO,2.38907081477934
6kbRL1WkHrKxHsBrV3ComC,2.392444623530448
5kq3YD407av1s3ZHMaZIGv,2.404526931123408
22fNTudIjRCE0uApP4yei4,2.4059098357564928
3ZMsp3NuUgAqXc5nZ9VnVb,2.4146338800387324
2m9H4KAw9CFHqtdusL0lUA,2.4307744223675125
6PS9AdyOKTPwlDPfLzJ7Ow,2.4333414004268605
00SbVevsdFCgVm4IrSbuVJ,2.4435673173315835
5cn4RhNZPPjt0onhqUMEfa,2.453682058535862
5waH4K1bmTMlikre01uqKi,2.454672554897666
58vvWxNX1uQVs0ZRBAOfOi,2.458175944598765
0SuG9kyzGRpDqrCWtgD6Lq,2.460879854814385
4hjuUelurEBKlqpJPJ77Iw,2.469461432918649
