,0Eb3vRMzyOFwEsPRALgCKd
0Eb3vRMzyOFwEsPRALgCKd,0.0
7p6VzsOamJwz8zTNdzSHmL,1.758787299047806
3E6iea9uEmB7gRru4lyP6h,1.7859320968496961
4t6dqSAxE5osx8Mfxa0Quz,1.8046347485828986
5xh8yaN8U7H0nkkesxUax4,1.8359694312450794
6AYKgDgkBsMDxNFSRecPt4,1.8421047780864281
5V7jK3SwshmN6tJ44RZJMU,1.8437369631398008
3UocS5j1d8i3Oy5e5IQdcS,1.8447934126527943
3P19NoMAGg72XG22EOf4zm,1.85075851548441
4EDijkJdHBZZ0GwJ12iTAj,1.8555815841211114
6ucOlSv5N8sa18vJIkE7lf,1.868581814706271
3eXvL5VKFNHVZVTPiovnsy,1.8709908038322733
6q7DbRBknCb3GJyCJ7HCKf,1.8841144725386634
26cOIhUpwYFkH6sWayGLuN,1.890692062899284
152lZdxL1OR0ZMW6KquMif,1.8931278792362547
3TeNkdbYRK8mGfvTMZtXBM,1.8933085019901057
7GHSSr69BQ0NwSbpfTjjSm,1.8965157379228403
4rAnR1Ho1UkZYAUAlZVg5H,1.8966025010037464
1MYpR4qlg2WQT304NecqXp,1.8986205168783197
7bhbkaahEbudEtcZd2VUfi,1.9022911590250424
0FQkl2Gc7xfunY2WmSgPEW,1.9076013282905622
