,0EbNfrtewVrVYzHKBArtyv
0EbNfrtewVrVYzHKBArtyv,0.0
6QAUnv3ERVpvyVyFZwm3gp,2.339674797271636
0258EtxjiL6jPMPcqyVSEQ,2.409937815971151
0jsANwwkkHyyeNyuTFq2XO,2.498687470367411
6aIJ5Tc5BtiPSQc6Ago1Y6,2.5614200988734592
3jDdpx9PMlfMBS5tOBHFm9,2.5654092014249255
0SPGL2j5OrG1L7YvP6tT6X,2.602762705728882
3Pxz6hZXhcSFOOSR6N5yKE,2.6119555000393686
2oHmRO0X4gW4VlCJRcZzez,2.6137251357170097
2tGrTu6kK2jLWmY3YRVcRl,2.6154247275726625
6cYYWV5y7JThjeUsk0GDra,2.627913223283556
3W2QKq6ks7QInnM9j4pOBt,2.628043140874529
4hf0hL4kWyjWztZzVsM39V,2.6409936649528527
5wtQLRo9oz9ifiUuc7HWIo,2.6476538701865286
3tbNT2X5tfMIVeUflYbZUZ,2.6538214375231832
5TBdOFnK0nSLl693s6rDJx,2.6703544448895897
40NO700X5Zimoi5JogrJmv,2.6704705758955662
0WKril4ZJgpbwxlqvvPfOl,2.6915070092352984
5Zdd4T4VVsljAJentjnwPl,2.701383116613281
5Z9ocF6ng0m2haHnKtHwTp,2.706152665150516
3WYRUx0b226iKCP6VT12au,2.7202759959236475
