,0EC2t3MkkGkkTFrkZix4J7
0EC2t3MkkGkkTFrkZix4J7,0.0
6WEsbAAKeg9LjqmYkdFXtc,2.222077198360369
4MMAuvuMsZIcBXdsgR7uQG,2.222518267802227
6Gj3oHBAFYHlcLBHOXZ3oz,2.2436126255922595
0Wdicgd5PR14AEh6xLHd99,2.384390970664204
7aiDY3Y45YNXiR7MPeOpgZ,2.4145690958354513
533wHLqC8eK5x5PN5aJ2x6,2.4203381708953633
1vf0m8FrWV2f8CiU72mysM,2.423538326440179
2VBbNPioFgkakgcp1jvmN7,2.431206254964555
6QDzA9wOCaF3cOFd5QRvIc,2.4336622474236878
1lVxqyb7ClAP1IjeE50XD8,2.438727322409867
1bhmrrcGqbVFx04jYaGOW6,2.4443982642778668
1XSJ3mgsnkT9DnhbXl29uf,2.4454781957021985
7qHSh89fSQrezXIl2Pmf1t,2.4510492885195965
1xxHNAaIBZA6sRE8IvFOdW,2.455488709665712
3tj5523lMxVh6TjcAb1tdS,2.457491492720436
3nSCzDdmi7C08Az1DiLPCY,2.460327881537461
5jklyYwzYIY20CiWG5uccu,2.463099411916495
2odq6OBoCryVyS5XeObblO,2.463322228785112
3dhl7hXKfEeGYshNWUqaiy,2.46502377151367
1AY7xcMNSEoX1GQJcKb6kV,2.4654643278040735
