,0EcU5IQCJ53kzGnVYvalRE
0EcU5IQCJ53kzGnVYvalRE,0.0
5G2kKkkGXI9pmokERv9grF,2.2948164263335973
6Gj3oHBAFYHlcLBHOXZ3oz,2.3348183703261083
3twmBbZV0Oss0cjZoHsZa1,2.3962649944900116
2VBbNPioFgkakgcp1jvmN7,2.4116841156904747
5JErOxU2pwx8sIGeNHrE4t,2.4303466729052556
3mxE3SneEeJExysqIZSyuj,2.4445634551931645
49gE0a0YPRMXRp43QhnHH8,2.4463580588180713
1dS6zUPhOKBhhDHkTeaMjV,2.49430101446866
5gwDxtCoBbc6nE8IePV9yq,2.5524518854303895
5RXsUlAXIzrFtfzH77L6iN,2.5578033831608233
4NCkcPwI098rttxxFggaLV,2.5580822958851397
72T1BJtYJc0JCByDHlzw3U,2.563066885150948
4W2t7IWugHayILQdV3FLun,2.5643499543764174
40WI0bj0BjQBWSYTksegAZ,2.56552769103784
25WjwnIXMtIOT7XvDelB42,2.573373884727178
0AxlBZL93xkzzD2ZCTWUmo,2.592053870539557
3Fpr50PyFXqzbpVBW9bPmq,2.5922125387532846
3HsP8NGJvDdZqdlv9OyORj,2.594799694345553
4iPViJlgZcEJ8eWpPxQzpY,2.5984374525158733
0jRgFcR4BExaHqi8SIg98X,2.6026587459053707
