,0eDQj41kzBhMKQIkTt6OJR
0eDQj41kzBhMKQIkTt6OJR,0.0
1pJQAHpD51J7GYaFrrFO9S,1.810682543743041
7FFlGyV87oWeCxYdJYoshJ,1.864023748826159
7yzlSD67RojSPBeJNKCqUX,1.883178742853304
4wVA1OlDoVKILzGmAJMSH4,1.9495592091077134
2dPWBRHYDnsB52PigbWreu,1.9605074727712812
6zQ1OjnGS4GiEOHje3tDX3,1.9841586658540717
3WxmlTZ85sCYFnuIXmUAEe,1.985334422143911
7Mce1dTzyHcuBX3W5TPE1s,1.986886046153353
6HtqFPcX3j5ggXGEy45mEn,1.9917723573484578
7xrwGUa11hnnxXWeTIzcHf,1.991944219267788
5KSI3kzHfvUVMkU7fzLTpf,2.011281278138653
5xh8yaN8U7H0nkkesxUax4,2.030941437118784
78BX7MEzHfu2v94eVq1vGJ,2.0312292169027426
7naGWci9bflvfdzxphFjAw,2.036656622900744
6Slvi85s1hIaeykjvDe1xk,2.0409707903104772
6XRUnnM6CbA6rcfuc79uBt,2.0421108951334346
64i1dyG9Td5z5Q0TCG17Pb,2.04507107632976
3KR7OrTW5huABPJNOR1mFY,2.0544567673724674
7lHwwf58l4INOth5hdjXM8,2.0577651589300032
4JH8GF15zuGIfInwEGUaE4,2.0607920347311097
