,0eF801IbnGoiHMlGjaLlZ0
0eF801IbnGoiHMlGjaLlZ0,0.0
1PQhvXN7EepkLAjMvs5P6x,0.4785173238242273
4hpfxnJm4iZXqHWSrtQQDE,0.5391334929018978
1OeSH6hCcrrjZ5PCCjmCCd,0.608802426299749
5KDt24TFSN2IxJcssylfux,0.635253802573846
40PKmnMq2m1mAfOZqXYuYG,0.6405327987946283
5hVuDIyOW3Ub5KFLthGCHL,0.6501167945652233
2gcFxa6RuVchIYm5cd3cxx,0.6627731466097493
6m15UzndiqE2JeieOkuVes,0.6650933176825012
5vIdPoGUqHL1gYsL4QAaKL,0.6807361907417078
41FGlhYqpuJLQ6AGQFlSa5,0.714759631113642
77It1fz8dwAVneUbZA55W0,0.729642043678403
41fd4W715itodNL2Rqf0RV,0.7393481311314872
7bidE1jPbUyAdFowyy9Sjm,0.754318045204622
5FtTFPeaWD0AWq2nPLl9ff,0.7656115890989386
0OIUi1vNj6msjjhGtjYJok,0.7860366269914124
42926g9AbfriQ3TO8mV5tn,0.7932600276460775
6Ye85KIG2qM1TFlfI1wmR0,0.7967552901257776
7APwv4D2jYltDzPH1GwCly,0.7967552901257776
6ZcptSWYkxZd4vOMw4otYw,0.7994959557571478
32X4JWt8v06fq0Ofy9q58d,0.8315118898800501
