,0EfsDEYaSjGYd66Pr881nq
0EfsDEYaSjGYd66Pr881nq,0.0
5nFyaoBWwwMJ9fv33tZ2MB,1.946824361808773
7vzsz8qe2T5ubnu08xPsMU,1.9474405348438484
0mL0LFUwNwNRcmbC8mnlYX,2.01486381309536
0JjJGeUbFqCRe4nKNVCAz9,2.036689056740445
3oG793h89G42Pmf3APLQy4,2.0632730760311304
43A8FeaAetF2Imc28DX29I,2.0703266761169323
4Y46EWgFZylXgqGfEBUEt1,2.072606608653926
2SoQaB0BbvLeG9kAKolPX3,2.0775465765724066
6zoiP8OWFfvfnSbEYHO9ma,2.104162144699934
5gPvJIm1lXEKiefB0pFmxs,2.1193610881265714
4V2qQZUW2Hcs4zFKjKafs2,2.1413902278475585
4VDbibQjEBIK74HRVTxO07,2.150874971812555
7xyvMaJZA7thwtPQv6OCbc,2.158865030065681
6rKr29yPKnQNhOxXMYvE9Y,2.174681642788707
4io2VXWG4fmIpsjKXWALzB,2.1842417080139733
41cQPDvsP9vBCigVqQjnqg,2.1916741711050576
7093bTdRHwRhpJ6TmquvyO,2.202435918568459
6e40mgJiCid5HRAGrbpGA6,2.2036456838967715
0UW3PzFqmfDW3sAqLwC8PY,2.2063387062391207
1fXKWTngt7bTPo8eZ811ts,2.209818544352175
