,0EftP1nY8Mklt77hAMMMug
0EftP1nY8Mklt77hAMMMug,0.0
42vnYEEJ1688pX0CFw1fAf,1.9085365183239635
1JpHcyvy1yoYPIChLiIe72,1.9505741920153332
3IwAWUa9JeTbwumBPvnOj9,1.9790858446930213
3NgCCVPbOUc250q5Ch3TJu,1.9794889603337036
4304kbwhzhb8A3n6wl27Kg,1.983222731018203
23zRkeMfBMweIRFveMygKq,2.0149118338068366
07oL9qivaClyMYIz8Ekubj,2.025378854215439
2Xe77pPzUA2VEXrrHkDnOn,2.030616086902027
3lp9ykWetDT0QVEXKVcCa3,2.0376303134241764
4IyTNlvWHiMxDdZ4Ii5hnA,2.0438930644780235
42w7pX3r1TpLR0i55Ek5ND,2.05642445387701
3W93koK957HaoaNHyA3dTm,2.0693522298920395
7wXNerKiK7LMxtAVCzPpOG,2.0717124211012883
5lsd7n03AsvODMfXlu57w7,2.075714820761751
33iU3jys4YO9wkgyCXbTtd,2.0794409822994737
3AXoBagRfCVOLokemf3xNu,2.0814688645085098
6ZKkWBVnREk5AYc2nifJ1z,2.093248757485479
2ApLCvg4gvhG7kPDq8NJjL,2.0963688004092567
4YOJEll0Ycd3HjKqzWdmgR,2.1020176329518083
5imShWWzwqfAJ9gXFpGAQh,2.1032219530403125
