,0egGmGkZ8maYdEYo4RrVsZ
0egGmGkZ8maYdEYo4RrVsZ,0.0
3ERdSYicyIi1e9Wk7diCGY,2.236598682488144
2nT6eBvX3BAMXtnTnOgvig,2.3177787969586654
64XlOtseHY1oM4zNLO4Fkv,2.4115361987509503
4jbmgIyjGoXjY01XxatOx6,2.411638179442256
4NwKC8ltCTCTcsnFViTZ7z,2.4146451558780044
5jD9Zf1iRXa4Mn2LBHNxpu,2.4576992556819413
7saGbTF3jtZy6JUMF3PHdF,2.4730912703302113
56C2uNzqET7lVpgeJEgUL3,2.4751966238747563
4rDvvfEnMZbuXFrslLihZI,2.475974422136652
6vWEAOUSxohKxhp0K1BsxL,2.4879904377608173
4Y3xAHzPolNwbf6TXQcxRh,2.4901170437235205
1FBcwHd20t4tNg9JZWI99c,2.5092377489785553
2AqGzt3g1L447rpkfqByiR,2.5175787104616463
7M62jxrvr7UJdo6DchAFf3,2.52257702440349
6ufrOaf4v6Qady6GiIpQ0s,2.5577714442288304
3qYCfox9txQoEQAG0mbwd5,2.56580414554181
7HvtrRyRYqSOhllmbIW1Kh,2.567684663817784
4Zz040pU7i9bWoSyoeahKC,2.5683872656077438
4F7A0DXBrmUAkp32uenhZt,2.572179421753225
6MlGqWzDiLkZ0vmAEsisEk,2.5790958361474106
