,0eH2eHURaXUP15D8gQlfjx
0eH2eHURaXUP15D8gQlfjx,0.0
6VtwKDdtNMYl9JGPjrlqlP,2.0122078570921063
3lwQpz9k4qPDGBzBfbuPaw,2.0557936419080014
57WY4jiOHZkjDK1P9BK20m,2.0557936419080014
1MYpR4qlg2WQT304NecqXp,2.180635451574255
4z9KeEqeey4xegq8J3hfAM,2.1998174526315575
79fSGcz8VaLDOzxIbj6ux0,2.223921069253677
31suvgK8vvhfVXyEa2JpH8,2.2260022346145085
74daLeG6ARYmkQ8r2nBF9D,2.2480728479687726
6KfZLbHhQ2qwG8H5lIYqUH,2.2795791340759
68NsOuum1AegLDhOIr2ADL,2.309048637220394
3p2OAR0pYrjl8895Z0D1Bo,2.336528445649331
3mSoszSicci7wGb0lDKftK,2.345546048774847
3N1bQ9rnwVXIKClKx6vcpG,2.3643415942523305
3bFKqzUQUKuPZBh54gQxPS,2.370256094564557
5IXk9TVBuxG87sFrwclBJw,2.384399047479728
7nYw37hFYh1BufGA2HT0Ol,2.4006830824957914
4z1YRT2pdtzDKfuJoU8w3k,2.4168920594272354
10AsRVRdU07cMAFHeGYO3c,2.4171885346063595
5GjXMhZsT6cdfRB7nurGu2,2.421229050627802
0Eb3vRMzyOFwEsPRALgCKd,2.432345259017968
