,0ei3uNcwJOiUocuks1vWcb
0ei3uNcwJOiUocuks1vWcb,0.0
5tLXA5R8DlzSHYDMwil1AB,2.2013149127141425
3wdt67FZe0kNM90DB6Lp6U,2.208301753055034
1WtmYmcM3i2irFQrJKoH8q,2.24574311361376
76FnCkhueYsfbyTv5Rm65B,2.2458951535372687
7MxhtoiYMmro4VyBzUFm0P,2.251955954448904
1SH9WY0eACGHxtrmW3QAn1,2.257180082523498
7aAholeRCIGZD1QhHYKDDq,2.2701160885813603
3NT5B1jrtT2Nawu0gTegYm,2.2773811518445455
0ZcuJA7TDj2E6enJeUx7zW,2.2777803710127333
2SeSSX9VmBZ00pMZp128BJ,2.277952024549696
4LcYLTtnmRaGf4Ai44ht8f,2.289912792279431
2wwS8AIk7P3HRe4ujYg89R,2.2985610265148955
68trMAaEDPEUAijiOku96U,2.298561904662656
48HnxVlZTochNpLhLESRC7,2.299524399786282
2oq2dbjW3sxOY0BscMWd7Q,2.303720099801296
7DFOkiPIVq5vWyReXnT4JN,2.308759711817433
4gWTBq5Jftq5CEKYpLXD8R,2.312371604926184
3snOmtYV2IKiExIo0Umb1D,2.316765037622141
2bP1W2vAebhRQLMAYhquWg,2.3196028290860653
0QLmY3Ch0dAJEwyHITYKOG,2.3231127774816978
