,0EkE0ripJ9OFNzvZANzo5C
0EkE0ripJ9OFNzvZANzo5C,0.0
5KhHe6yaiaZWlqzFV8Bf0C,1.6603936192954232
2w8WHHMi18DmQl1cHZAVFA,1.7169836600888895
1k1WULisPoF5aWkS6l0GAn,1.7361357603005505
7F5oktn5YOsR9eR5YsFtqb,1.754141742635249
05y2r7ivSXSExhmoePOuUY,1.7630836719762955
4L3qlrNGnTKvJoNMsb0675,1.8029917714918227
2mUFodFEiKVMINyXAYKqAb,1.8372214748073499
3XQDvvdeVznf9GDYCtpEVq,1.847106510846662
2zpdPPsPJYGQ9VYRVJXfv9,1.8500711970013453
443mys5890w6L7hGLgmL2w,1.8536384130669392
2sCFFlnYg6Lk75GCcfSXEz,1.8540990286531587
13bzEcIVU2gI2r3zyyck8y,1.8553218376992089
70oK6ePjILgOuBUzRDOfCR,1.8651958353890001
07kBp5VuebubsozpQd3nyK,1.8699207703506733
4jrCMOG9OPe6iF4vWFxatb,1.8710471466342657
3NgCCVPbOUc250q5Ch3TJu,1.8749113085838978
5anpVU8cMxK3ZE0eeaynbn,1.881128271182505
4wotUXhvAAR4ev2Bv7Qkn0,1.885416810179333
16rxxuJZ8tGIR0wAEwsNcu,1.8995607797571297
0fok7FYKcgsYXXJJB3FDGc,1.9018277144704365
