,0Eki3JBL9fNnVzwATiQpYK
0Eki3JBL9fNnVzwATiQpYK,0.0
7vAtyxWiSO24Q6tVj7LOGo,1.8593020290493252
3BZvaP0PJlHxwW7Zbd4feh,1.927046781963922
2ngZKzSGyrQTK83kcE4Dkc,2.03003665855052
5jBdjKVBUQwoNOUnFoIZp7,2.040284387073752
6OaVWaGfhXn70ZJfdVcabn,2.0501322010281293
1Pw6RYNuB40ihP2SQkCGF1,2.0771078386225095
4hqZsuvsZYJ2XvCBJI3DkO,2.078734242036409
6jl01C724Mk68qlOQLco5I,2.0822822603214477
4AFgK4wP1iD5i8BYaLr9Vf,2.0907777796010665
6KlVxwMX2pepWM9RkIYQvu,2.0913848807143505
4QwyZncLTHlA1y409ogbON,2.093900131765396
1fRuRNJVZjDU1yKXvarKqW,2.0989510171110295
6Mz7ULRwNSCOdut6M3tNs2,2.120640782983171
7Joe56uHGGb8OmRRtGUkxm,2.1209885800934285
4gowy3WT6D1yhMLgRBlf9C,2.1265515607961665
0bd01M0qfQN0E5N6NVS6db,2.126895188564557
4Km5HrUvYTaSUfiSGPJeQR,2.1356423360674808
12d5QFwzh60IIHlsSnAvps,2.139854906191212
6oz0TkxZqdcyHYp5UOjvri,2.1406313538603383
2DtqYVY9L3m7yvUvra7Ge6,2.1455923998205253
