,0eLFTVG3UTGxcWq9Vs4CUm
0eLFTVG3UTGxcWq9Vs4CUm,0.0
2Dj3m9YhpT4QAX3x4OKetG,1.6375236093249954
5eIKjHINCv5Gf43h9tQPM1,1.7432298716067305
2vaoKrieU38LtJAYWXpeju,1.763192398268717
7rocbCjRtsELoQwjPEqqf6,1.763219967359567
4fv1bVofsMcwqGZpMT6eSv,1.7962200668588835
6KPyeOZWPwQKEgQcUHm1g0,1.817118807366916
3jZBWSNJy95E9Zfsy8WUOv,1.827224608670543
3NIyyf8VRZMJn9ZyaUIY0F,1.8332717001543757
1ovG6NnVterZgBLQdeddOq,1.8334429312504683
2U10b3TDYNlZmmTQtYVWQD,1.8422649955682602
1hP67N0ybv66RJvnC0ajxg,1.8526915971746325
1DKdfXVo7rk7F0G7J87Cm3,1.8556579153986208
7ArTBb7Q4o1YURM0NDHvpa,1.8762929294636925
58S0iOtaIeHsOBALnkFXPS,1.8768835045326275
3adfvQ7X2bma9IKIvaRFSp,1.8847268696197768
48eWMgBl1BOLMwN10g9wGA,1.8919383421774056
6bH2d6eZwgh26hz0XJL6Qf,1.8954256078813732
6BGxbBw5J314z6BDxbEanm,1.8984830098860452
6NYFHVsiWzE41A4ZssbUwx,1.899882454802727
4CsPqurKdV5zh800asDbMf,1.9000257964070433
