,0ELWm49HJEJqIvqzTdZK3n
0ELWm49HJEJqIvqzTdZK3n,0.0
2PIVkZbTsbdg7VsXDBwiPP,1.9140069011325753
0gt9iP8K1KuOVw84jmi3fE,1.9593093116761429
7A1YIYMrprZIPKoUptyYQd,1.9600854814795725
1y3bE5i57eUm3hfLAc7h08,1.9709283606852581
39yfQlQLPcOsgqLPqM4hM1,1.98601613912049
6AhlUyXpCsQgaXMOnWYQbo,1.9893173710087537
2AHjnkzzIE1o20jfoQngab,1.991269873712525
4IYnDpdRGhiflvDtPUlwjJ,2.0118193287707733
4dcXbB7MFoWiqBlDMZDZdv,2.0333419013101985
0xtIp0lgccN85GfGOekS5L,2.0421445142095362
029xoQnXFfmb0krWdM5gGa,2.043425119259395
2h0JffoZxTcCK95cekgyYT,2.0515054319111297
2takcwOaAZWiXQijPHIx7B,2.0536511291042814
4EhbLHYOXzEoPmOfaVoIIW,2.061242377683147
4304kbwhzhb8A3n6wl27Kg,2.063518346963288
5J2iMmnNbuJlevbLlhV3XN,2.067004174489889
77cfHbRoHkHelQFWODXlVr,2.0710488576511907
3Inx7AeBQjQ3bHAbvExNy5,2.079748052237196
2adF8MLoBFPSh1mxXYgK9T,2.083320646523523
6xOfafat53w1yN8NfsAwcq,2.0849636885183473
