,0emoJVldapc3xGkD7MDgtV
0emoJVldapc3xGkD7MDgtV,0.0
1klDPm7SfsS32hl7KHV9iy,2.2756995450146755
6oLCKqkkzhRNJ0rJBel3y2,2.3463179281520943
7ntxPuQRnT21fv6SuLFofs,2.355280485786738
7kIwVGX93RF6c8ZLKpeiNN,2.3785940555863925
6J5CxgvIkIFjMJ5QlIPsVA,2.393571586071643
2Ks9TtFe2AD6kK2GX211Ie,2.4260130791343957
3wyrAqvuBzF3iCRzKkiTS5,2.4408366303676363
7FuVPIYsVLvfJbHbHoAkxr,2.458757292273689
5n7JHKyKIJXMXXv10f1AYk,2.4654909484683127
79d2OA4Sj4nfw0vk8EV82D,2.4691317164830338
6LSbJRDOIOMPg6CiMBwQzg,2.4805828874323743
0cv1Mnb47oMvjVKMc2cyZw,2.483216270772262
259FZXq0YL1cRIGPBuSOfO,2.4924774719227
5bJ3imTI0ErWNsFWEgi5F8,2.4978805749176125
440GIX1uR5Ve8nPvek7W23,2.497955317956911
2AOhJjoCApDRungDXIUQkX,2.518453180875343
1tjfYeFu90zhXtY8PEHNZC,2.5310232974551865
2E6S7RQ1sfh3deHLsph1UR,2.5310232974551865
4icTrdgZHzeSKWq82XPeBa,2.5444532684217305
7xuPfGGsYYObHC0HMKUxbl,2.5444532684217305
