,0eOSEYDx7SpcZ4rx5lDuAi
0eOSEYDx7SpcZ4rx5lDuAi,0.0
5Mtis1DwMRnuDlPHMcza1M,2.109752976690689
1g1RmSl6D0I6m6MEtDvxYn,2.1392883918325865
3nvVjT9VZMXTS95cctNLzc,2.2074598494744
00f9VGHfQhAHMCQ2bSjg3D,2.228196246229033
19mR38avjtoRssdk70QlJM,2.2508780684993006
6K72MqCTSQTb1I6spurCTB,2.2543687985339
438pAGBdnW56NzXrnezJoe,2.2582675564270334
2kky2FdWijLG4YtQdtaB8p,2.2787529697439646
6qx8K2tyUCLAmC7fC2ux9C,2.2903870700153823
6JnqbWl6N8g4Ikw5uZiJY4,2.2927066250938353
6mbrbG9YLUJtmmDRR0aJBm,2.2943726057015845
5c8XfmZCHnEugUgHdiXna8,2.315796015924127
1UKc6rNCdcDgHq7d6BMIFG,2.322282029558569
27SKGriQA1EKLQAc1u0A9W,2.344652241554298
5kcaxCYOzXC3qP1SEEjJH7,2.3529798725712934
2RjpDxBii8EvC6p6wxwCSz,2.3565759583495773
1nZmXuFxP505q31fgAvuHd,2.3566822301894237
7AwU1wxdM4XBMUIuQI4Arb,2.3634774692114213
4M7rZ2TROL4KXmHc3UZiR6,2.366546089198572
67Pak4fb5GLNFAW7SaJtuq,2.369224585963874
