,0EpLZXMMDlgyTDqx2JvoIn
0EpLZXMMDlgyTDqx2JvoIn,0.0
1PxE6A8WaTSqcky80Ldcz6,1.6701963448425674
4BYFbb324TDw7dFalXDxmV,1.6925787695202532
3MgDUrtEiddcZ1Fz9piMhp,1.762988077787055
5fH69xcVMUgnhgXOd1V7bY,1.7655310029121207
7viI1N8rULbYKFUql0S8yO,1.7806524536160278
3DnzEB8Ffnp5sjnCbOugUX,1.809686347841783
5wIZjekDSGn7TPWn0aL6Uo,1.8394519981168111
4mQyioOFV2XAPiALitk2PN,1.841519968944048
3tqiGDwQquNVY1nyzkJtiO,1.8486569154403532
3lyH2gI9wumj0lvwMboDhV,1.8506649480995663
6CQnMebNgdhuAkIkEBpHUK,1.851874017050729
6q7DbRBknCb3GJyCJ7HCKf,1.8571911349725012
0rlzGuEgluLExBK7C1F6pb,1.8573582312715107
5epXU0uOEQBNom5bW19YkP,1.8643100312438492
5PtoBDWcwPahPDflHJFV6J,1.8667496501620537
1ngqzBOOjZHyHvZSqNqUDj,1.8798949624135286
4KqBoq7MoDJeVsvUHTjXCM,1.8809774309453122
6ObpR8ek44tvWefQRcSo8K,1.8815148117203635
0CjJqkWOpIUXdem5hUcxAk,1.8831685773420095
0FQkl2Gc7xfunY2WmSgPEW,1.883328024070807
