,0EQM9tof7YplZDCDieXRO8
0EQM9tof7YplZDCDieXRO8,0.0
5xh8yaN8U7H0nkkesxUax4,1.6647266577714341
5tO6NJy588hF0zgTCXxKkz,1.7492142171989855
6hkd96xGgvtEJTee8TXv7w,1.820582754841377
6iUlUzSGZzKtlCvQ3wCVZD,1.871561948853953
6C0T7QMpmeDoDkke32Ctqb,1.8946972203702217
3DnzEB8Ffnp5sjnCbOugUX,1.9201985152565002
6t87wHYpHlTwOctOS6GKXa,1.9226919014048125
58t4UysofGey2TzRseCSmd,1.928217037923526
6iPzFPafHG23FomvNwgOLl,1.9289518860145842
4304kbwhzhb8A3n6wl27Kg,1.9303555178808045
6ws9AGGYhEebF5Vbo6iGqL,1.9414057706047099
0ygAYQQy7bfDN6gH640bbl,1.941970697937086
3bIF9Iee2Xmt8dQ71pUPGF,1.9543236525965044
6W3amrg6ruSoG2xa4rU3Js,1.9635180927118645
7GHSSr69BQ0NwSbpfTjjSm,1.9639780837263492
5VO0AgGhab4Jss8pgFwWc2,1.965941076883688
4SsqtAwPLrvDmls36op1IN,1.971160325191836
3UocS5j1d8i3Oy5e5IQdcS,1.9856566910176092
6AYKgDgkBsMDxNFSRecPt4,1.9871703254546504
7jAtnDZTP6xZK8oaTnTwf3,1.988391906365524
