,0ESJlaM8CE1jRWaNtwSNj8
0ESJlaM8CE1jRWaNtwSNj8,0.0
0nWMTq3fBceV1uZlhFn6of,1.780100349174613
150a7VlsKvbQjfR10T3Bab,1.7851286462382858
2sNrTfdjbYiLL5xtYwUALB,1.8093978374645738
0FRCItQsKhyIge8dB6v81o,1.8256291512581293
0F7FlaQBiyNkV8iakTocsW,1.8365011179063864
3S8Gd1Hdw8jLLgeLceTl0d,1.8465931154990254
5ToQFiuatsVjWZEdWo4xaK,1.8507072249953296
6uJmfWyFMLGCjvvRF5mpG9,1.8636228252947387
5kFiNl2f50ggsHGvpG3Lm6,1.8818469059224316
6vbafkvao6NErZDTjh2sYC,1.8822844494591602
6HyKI8D9l5nw2uZVLOXZ6M,1.8839924395575038
129PKoRRCYytSf62vGQyOI,1.912509433437285
2gu7yQEL58zV2kU1JETOhl,1.9228302562028396
3P0rlkgDBdfeALoHnFk9p6,1.926482466105349
5JXnmYdaarEcv12K4MS1tC,1.9301416707331842
0f85bMoarvHbdIcfhDjSjN,1.934645024202936
7uKSil5r7uHexnM9lukPTc,1.9386702152952033
4GXl8l1MfZPf2GvpyRPJBf,1.942205504052774
27qEZ8gMU4GELlLhtVjW3p,1.9433329042215697
2d6qyeXtP6LkmGPT7cH3Dt,1.951871886530693
