,0ETUtxLFEUrTQkVdW75YIm
0ETUtxLFEUrTQkVdW75YIm,0.0
0fpRA0mhBUxImpPnbDVXVp,2.0515217308609577
7CzxXgQXurKZCyHz9ufbo1,2.067651627320723
33bwyWUpCdtKO7ucePCS7S,2.1543173742551454
7hNvy2hmOdOiNAnSHyZ7nX,2.1851742952985997
5FTwW1JWpcoeuia7cjlkmG,2.192579576417622
2Ch7LmS7r2Gy2kc64wv3Bz,2.193335014996706
42dbDZX9bsEGqMZWYmnR7J,2.2035332934864247
7ipG7hBDxdtoJqWnXSHFoe,2.206367909296936
5uRj69iBz7aFhHLzIzf4PD,2.2120773221279957
6CEA8LEZOa87bkE181xsep,2.223623322689069
5IvhE3L0nR3dxrrmRLHdpp,2.2556471101766435
6NFyWDv5CjfwuzoCkw47Xf,2.2585497927501343
7we1R3muLWAk9oMcw5Ry0W,2.2599581517728153
7G41SWTexIdCJgbpLlNq4E,2.2765066203559674
5qJtczwNmr4CswF4vQieUF,2.2821619222954053
4V0x90QcMh4ZxwHzEWOdtK,2.2880124688285757
69yXTzS47Rz9TPLgJbBK8I,2.2939556128788308
3EgJiZO0htv3dW0MivkyPh,2.2956664061708896
31nFfi3gUILpx5zfuPvaNz,2.2978503583661305
5IkP8b9o6gtKKe2Q8MIjUH,2.305279257610259
