,0eW6LK9xeddRp1u5BnfrjW
0eW6LK9xeddRp1u5BnfrjW,0.0
22YBnVwVPsfeN36qddbGtm,1.4948227742455686
6zacFouPpUznuzZOBLPHA7,1.5400101446600671
6C6Wo9w3I2pfDleW1ktfAP,1.5464704868689603
4CLC3s96hVQvtcHfWGDVqY,1.550640923324905
5E6VidlnFqvmJu3SZmaaqq,1.6070069882343316
5erqMzqPDSzRWDAKlYF6Bz,1.624595508249258
5yvFoIEvti2wLqqNlyJkyu,1.6284757014665243
3iyYmoZMI4o0xW0nCLwAT3,1.6291104234813962
5tDmXlv5KAUKBz7raR3pBg,1.630924949894441
4l1wkdNUNjEzUerp34s51F,1.6339364975177202
0uNicj3qxwGhHWQ4QnNfC2,1.6380309436229343
6IfitwQQ1Gu9g9QnLWDHRY,1.6386724320090207
689c8yX3gUWypK2dHUQ4yW,1.6552062365788704
4pQMsLW9wd8AhmYiNbJe6v,1.6592368006819436
4m5S4wvLY031rN6beIWoRe,1.6665683883857607
6WZ2HHv1VUeRzv3ZnirZsW,1.6673858296126853
6T74sWvcHvSAO5prlk5dDw,1.6811329577229814
3FThhn6RWj7ZEr6q8TRtCr,1.683363104450012
0mh3kdiViRyeH8JzVL61Hw,1.6853501420855237
21w2VjNut2RpKJ2t3TnVmQ,1.6859159164671011
