,0ExjS2TkTWgmJdoXCa7rNx
0ExjS2TkTWgmJdoXCa7rNx,0.0
5OQNEPwAmZO4ObsRxd9vDq,1.685730319240977
4fv1bVofsMcwqGZpMT6eSv,1.7704242682134013
6gzMTey1L7RDVkYB6KVREd,1.7932956273934286
4PjP1pyA9pDDByAheDumTH,1.8211725410302086
7eZNjtJ7bn15vsZZcK8aSA,1.8305435006102937
4CsPqurKdV5zh800asDbMf,1.8315788475354284
2kAIpGWnlFLQh48iut6Zzq,1.8450967167799772
63xELEu2i48btNc5T1L4zk,1.849073395845999
1Ng4tk8lYfiwXbw4t8gdA2,1.851439297209178
5xN48kwYZWTUDXbPxVeszJ,1.8778887913816389
3g8tGs4GDt6yML0U38eXS4,1.878083491681509
470GRgn0wzQWq5EBTqEQ9R,1.8783780228254356
2S9tY6X04CTb9ZAA2PCpC2,1.8899135544856294
5ePONM01k58mlp3kgYLGyL,1.894906664208298
4lyV7BUIrW5XAP5rX0v3LQ,1.8953130378404885
4aYnNoIQjhfTEly3N18Lh4,1.8998920011765361
7Kq5gz7mHuXvVPA2PirnpP,1.9006127407048488
4n7XIt64KNrCeNgSzumGJC,1.9030417198217804
0cCJ8mOuvpqb3Ic2FAooW6,1.915242267066765
0YzK2H5AQSWynXqJNRZ3DE,1.917853673418897
