,0ezH9xNzlPDy63UXvZUg1v
0ezH9xNzlPDy63UXvZUg1v,0.0
0GoplGLA5SbwWBX7OCi4Oe,0.37808477756240844
2Eg6dOam7cAe5turf2bnCg,0.3822349994240428
70lnL3QaSOIIyMa2X9aVRL,0.3910462834429859
2rOFmbfyM0ZF9uwsi5qjaA,0.43008073572883815
5hnJa6971SqZRVvN2FJVCb,0.43734088951377575
5N4HnYozzdHJNAT6VdV8fz,0.45103733121642425
3VGxvsU6OSdO2lWuCWcy1p,0.5148567095801888
3TZNOCoBeIeMMTAkyMJUxq,0.5351386943076162
2vB8or1KxkjthKijpjH09p,0.5632451342174991
6DzXw0IEY1ErHfiVagW33j,0.5659782107417867
4YAwwUM8AvDkl99Dy7uWLw,0.5697265787695494
0GG6YY9gu97vmVYDcZeaVI,0.5787687402055046
0Xohp5sdsRtH74SGFlfgzq,0.5931683714458565
4pnlIPqSrrzifO9GBqAUPu,0.5933232861332587
6jJ7hPivVXlKI89s8HNAWX,0.6238170747059333
47ZFYpPEJhR9J7VXvzTcEn,0.6272366450805086
6ja9N12lzBD1TRuQfZb18z,0.6551071341825857
1OywwhB979Apoaq2IYAlSE,0.6771392433455595
7vPhS66JQeI0grgyByCBCH,0.6813196169128503
4NYqp7u6wGgT19BrbAhQmM,0.6985318010169662
