,0eZqAzBOBKrnXFdGRA6lHy
0eZqAzBOBKrnXFdGRA6lHy,0.0
69cDKPk9BfrgLRPmLLONkI,0.6266461005043248
0azl8sUKPLwTYDbEqyUPuY,1.0637099222361783
1unoUdJCOkWGdWGP345nbR,1.0928952596708175
5l12zHJERYp8DO3Vz3h4y8,1.0988097348921047
5zLaH3gC26RVIa38eHRoFp,1.1014007795852208
6Xs7OKt6i0Ddq8B4M5Dgvr,1.2625484292032547
0uNicj3qxwGhHWQ4QnNfC2,1.2729160347922783
1xkSjcO95bQHj4KIUJl2uU,1.3048766193459047
0w5TmZvjORfojDR3S2AbBZ,1.3111981492062665
6HR7USdWzCQoJntVEWqGaZ,1.3170256245947973
4e43xh4UVpfK0zIzysRYJQ,1.3180568840357
12FS1RC3IXSAzubDefgkBP,1.3180874301289949
52jRs9Al75OHR38ryCGriF,1.335150172698806
0c2Gol6OVTVwkDxRzxg3wI,1.3353446405932838
4m5S4wvLY031rN6beIWoRe,1.3410280055803696
7896tlWKyc0YVTB4fF4N0b,1.3499853477426886
4jrqZ6Ow3eJkabXqwipN0B,1.3529947032280858
63r3mjZ1iGSoLObHLe1enl,1.361061548280245
7BPNK60mnEQsJ27GUELFwy,1.3615072492125488
2JbV3RaGztFQggGx09njG6,1.3653253121438373
