,0F050ZE4CAxTaK0b012UH9
0F050ZE4CAxTaK0b012UH9,0.0
4ZJPwET9Jrgpkqi4Vo3Yg8,2.0381712371462175
6Y2ehTiPJPbsk4Zr10RMrs,2.068906893200268
65ACnVMmePTp8Xdk11jP2y,2.0761022187112492
31adnbEEiHwy6DDQ82F3HP,2.1630993383648387
5Nm9ERjJZ5oyfXZTECKmRt,2.1669008270763968
1iebvc2gYV8wni1jana3Uk,2.1786893647110475
4RoArPM0AsuW3h8hW8xtnr,2.180059363342421
3oFm9PLUTytFcnmV8DO68G,2.1927802712216233
2RPDdBOkW50nhE96JWyEIV,2.195232744395759
6yL2kTsdVwYnGwPkKGtMd5,2.1987873094159087
4Y46EWgFZylXgqGfEBUEt1,2.1998576278814133
7Kjh6A5voYQ1rFFnYEbYq6,2.2047744267318197
1xi7L6YU6TRzXgh2rogz1h,2.2072580525433416
6KdmNK9MogmGcnO3wNZHhp,2.217325514128326
69alfiPINWtMrVuTsxUMlN,2.2214305772759864
43A8FeaAetF2Imc28DX29I,2.226038261451658
6kB1ncpixH6BqHhRutgPYB,2.2301992679261624
5tXKUlGgXbUkr3cyT1ivWn,2.2367881907471014
2nT6eBvX3BAMXtnTnOgvig,2.2388504511998786
01r1q2OykW2e3L17kB5bi3,2.245251859800966
