,0f0Ec9IfCBWPSrLAxqZ3VG
0f0Ec9IfCBWPSrLAxqZ3VG,0.0
19YghPHjRNp5HRwWoWvQ6j,1.9246820324308997
5l6GqSxplqnZbLg0LTPQeG,1.9931033305016936
5OYQe6ZOXoFBDszbTcLrZr,2.1142327549142195
79d2OA4Sj4nfw0vk8EV82D,2.126957831099878
5PxFv9yJEg9dxvbZggykro,2.152980885698547
2dRvMEW4EwySxRUtEamSfG,2.1782160955342307
3tj5523lMxVh6TjcAb1tdS,2.181087252790638
2AYVRHuzCRn0eZipEZX4EP,2.1889014656054133
31VOknKjFrEX47bZXzqcoF,2.1939844075695576
5QHTBX42B4ajSF4Vs4o420,2.199854927704082
4YpWlvxGkGMq55rJUlsWNx,2.2259178701779803
6nh6zDSvONACUF6M2st4iH,2.2286465822741954
0SaEmR2rdtfsZawPjMYkWg,2.231079776743148
5gbxzSqABThINGDb7vIiwe,2.239631088856129
6C6o1thW23zGypBnWdTKec,2.2463406408678126
3EgJiZO0htv3dW0MivkyPh,2.2530353964709473
6wPohGCdXTVLlZd57t7f0G,2.258640906380137
6Jf7Sx68vsWFKeWjOxcLhQ,2.263186044055033
43zdsphuZLzwA9k4DJhU0I,2.2664522429212473
4ejxfi3UJf6Czx4Wdkr3jh,2.2697960467531417
