,0F2EFQxsyVchq0W3Wb2TQV
0F2EFQxsyVchq0W3Wb2TQV,0.0
1u1VcXquBfZfu7dc8PVYVc,2.1590855488493355
4NBTZtAt1F13VvlSKe6KTl,2.182614198833177
6rKr29yPKnQNhOxXMYvE9Y,2.196045592077535
6l82XaHZyodfRvNo85Pdqr,2.2325847543278905
2NxIdd7If64gEDYmWJ5LU9,2.233250674740289
2pWhizMrzd6cdbWqKsOCPQ,2.2355530961941312
1UAXlOxY1NXiJpP2sEK102,2.2767437013927574
69alfiPINWtMrVuTsxUMlN,2.285774313232379
7sCvsudqsDwDcjezHcMXXF,2.3002783054247105
6ZDQdAeTYt13V67K7LJXDv,2.3264827556008902
6kB1ncpixH6BqHhRutgPYB,2.359736845238175
3Y7OJ4lY8DmGHAvHfNJmCk,2.3623220776199485
1f72O8NCHd8WVQ3VtLSGPp,2.363513952766986
70sg6mJLEUw7xSPQu6uvr4,2.3676216603642732
3py7gGMJaaxYcEkmqjwsaQ,2.370019304038958
5MIMD5WMooNWe8QsMqCrE8,2.370171641410494
6wwruKU956ldDyz55DZTt1,2.377506937832141
5zuoz1NBnpoHK6g5sbEH8F,2.3846465914030497
3ir4E3P4i2ImKS3KakVP03,2.38990191367132
7795WJLVKJoAyVoOtCWqXN,2.390536039251111
