,0F4ebHLK8e9rBnHcTDq1Ei
0F4ebHLK8e9rBnHcTDq1Ei,0.0
20zayW2jkD3zL08DS2B61V,1.7026720987499457
2rG0suHy1HWApXi9NZhw5o,1.9797882125089274
6Slvi85s1hIaeykjvDe1xk,1.994902920303429
3l1m2yjkCeV2kFwznL3W78,2.002845401891001
7jP5dRMrHFQZblvBftHhbZ,2.0336751689047423
4omNVyxroNruTQsitu3Fn8,2.036770822217134
0O7t7lRtESdjd5z01HLzvG,2.0436888443746026
1k1WULisPoF5aWkS6l0GAn,2.0516458770839243
2VCYocQNzewllGaFs8BJSi,2.0583043987569156
18gcgxBSF2UUAs32mHWwen,2.0695780129302284
32pTMLGr1bv9Ff5Lk03gRJ,2.073961748390235
6kKtV12sxdJy28Zwr4DHDB,2.075953376069243
4wVA1OlDoVKILzGmAJMSH4,2.0778768565716876
21b1ughSU8M3lAgWQ3paSy,2.082370980162709
6KfpmNp6zJgl1Es2bSYZzC,2.0852428191919743
63xELEu2i48btNc5T1L4zk,2.0853360212003857
443mys5890w6L7hGLgmL2w,2.085564636233524
7CBMeOrdftJPpzmNOe53Xi,2.0894010972442083
6AvpoXv2KL0rGYIcZ3v3QI,2.0953027541525557
3NgCCVPbOUc250q5Ch3TJu,2.1016487170914435
