,0f5cTeH6lHdCaBusNgUCvl
0f5cTeH6lHdCaBusNgUCvl,0.0
0GK7vjtk0JBVEAynCIjieE,2.025880818752625
3M2PHpiMb7np41m7dOCnQD,2.037101027167774
3HWDWyIqWuLsTHECx9DvXF,2.0418455706506307
2eMVogxm08LgfgnWpahooV,2.0477375751502787
5LEdKHWBLEh4CwjFQcxs6x,2.0588568584117075
1PXageFImXnjV4XmcCmuHE,2.063632099120546
2057gQCNGvd1WIEdypt9HK,2.064013247475754
643ZDkyffqGWzkDTzSfMCM,2.0831153901669484
1xUZ6CgfpXspcQuEIOhf2v,2.0861998796260073
0N905dkCOz0vU9mOXvone3,2.0867326419423713
50yvvXV8oUAhW1lPAqlFQQ,2.092006329912658
6kbRL1WkHrKxHsBrV3ComC,2.09416317467946
06u6FoDMiAoIDb4kPlypCO,2.098053509068121
1SqE4ETEBIRyZCvf3GMwrx,2.0987425765003307
61hXfKJVSytvEgXSFfdjCT,2.106643014693368
1nAuXxGguNT6ZGdd2A4Lh6,2.107634447517452
7qtxpp3xkyRQ9nUhuNh1kn,2.1083914783669213
5zZMED3FuINe2GgdGmjM1t,2.1096863038521203
5dUR0lnyDsbN5TZF64tqWC,2.119461531494959
5HtF9xhj0688WZq5neINTb,2.1196459857318732
