,0F7FlaQBiyNkV8iakTocsW
0F7FlaQBiyNkV8iakTocsW,0.0
0FRCItQsKhyIge8dB6v81o,1.3177165151073413
2d6qyeXtP6LkmGPT7cH3Dt,1.324067574458198
4GXl8l1MfZPf2GvpyRPJBf,1.4224271096643941
1I3ZAmPmbFV78oNKnibOiW,1.4374521093312091
5kFiNl2f50ggsHGvpG3Lm6,1.4548062239614146
3WRIaWsws011vHMd9uzPjG,1.47493524157891
3YDh4ajfCB842s1nfhunfQ,1.490263833030205
150a7VlsKvbQjfR10T3Bab,1.5024239943608144
7uKSil5r7uHexnM9lukPTc,1.512605694560613
33zbOXJSwW7uf4VXXWow2O,1.5204620418154178
7lMwZhbLJfgXqc5KWboGwp,1.54133221650244
6uJmfWyFMLGCjvvRF5mpG9,1.5530032856218354
6hjd3a4z7hDeTOi7rEqElO,1.5549463921058704
06aiCjSnK0XXBEERhduZWZ,1.5644547373779074
70ivWyLvP8Yg39wBM65dTf,1.5951580264509022
177WEvlLsCc0FzCTWslawr,1.6147953657585414
6BbINUfGabVyiNFJpQXn3x,1.625424968408821
7KXjTSCq5nL1LoYtL7XAwS,1.6454534220025943
6Yaioz3XoxTUIS8Gh2hEBx,1.64644990376363
2bWzeOO5TD5MS0QtZZDavS,1.6482558834433783
