,0f85bMoarvHbdIcfhDjSjN
0f85bMoarvHbdIcfhDjSjN,0.0
44dSt13uPfxGRfGKILm4fs,1.552808303341838
3CK1r5LLARE3mtR4huLIll,1.5742296442680557
1UIUkZtlgyrjPcH2agNomU,1.5790854495417388
65qpcIQTOznCewVWZL4HjQ,1.5798733686244626
1o5jdqnWybW9Mau4GDWPMa,1.6075480391731167
5kFiNl2f50ggsHGvpG3Lm6,1.6358878871565983
4Km5HrUvYTaSUfiSGPJeQR,1.6462522379460496
5JXnmYdaarEcv12K4MS1tC,1.6882266967755917
1k4EDvqWhmBq1B0hYKV6wi,1.6903317836547074
6HyKI8D9l5nw2uZVLOXZ6M,1.6962496363891426
0LXsRmLeaojJkqplpHG0lo,1.7093189251377179
5ZIZgRrrDj60O0F5oA9bVz,1.7113161835675017
27Id7sMVAVuk1weaTcPHHh,1.7214359228592844
6Yaioz3XoxTUIS8Gh2hEBx,1.7258487471113393
0nWMTq3fBceV1uZlhFn6of,1.7301433634578873
2L8cFPItBljPNJgPjTnuIf,1.7369639925869125
3vC1pGM9NGVoMWlekIhfsH,1.7509102830501666
3STqgOS8Gnn0BQFHVbMIEI,1.7580186681905203
7fheaybAcABeiuYU6VgDrQ,1.7583786571203202
2sNrTfdjbYiLL5xtYwUALB,1.763855967225156
