,0fAoPbcLqVYS11D3Eds7J7
0fAoPbcLqVYS11D3Eds7J7,0.0
2xFqpAcHkREOtEc9fDAeaQ,1.535130623523178
1dOBu6CMdpoK59xA0wq6Wi,1.5460835184958148
6SLmYVVXaQy3l0xocyI1Vv,1.5848115320828322
4v8HdwtOuFgpVww16IQFe9,1.6504291053971956
2Ll44WxlG2eiqL6NtEnf8M,1.6724975896584853
6T0dHDN1lPn5jamdHlWypt,1.6808200569614902
7ymAlPwzavIJMLIdasH2dD,1.719589321481661
3iiDK7xLc1gHFYb2GeiSHl,1.7320105010484672
1aJ992GNSBWLKobxGsXK8S,1.7422608981768342
5KxdAq0Uv5kxkV4ne3Uv8t,1.754103937290705
3Ai7wKn9UYkkNuygKgf4b2,1.7681217206028728
4ZHRSY3NQ8Hgv7PimtZJ4Y,1.788351929437994
6AevYDd63Dt1A1IIbNwxfP,1.795697228625886
3lxB1GaYdngwmrM0MBXF1C,1.7964214712668325
45n7uujqwmMyBMjBu9SwRu,1.8170236485070779
5Aayecn16UpaCQtsKKAfAM,1.8255161476201307
53PvBe8ScrPt66y7KbFwdb,1.828258260979173
7hjgA9v0BI7ytPLpzOd7Ae,1.8349413858231436
7xqWmiqrOXLywkE6aIvB7Y,1.85044423666896
02LoOMR6Nv7eqfQKefnDXk,1.8571695746792198
