,0Fb4nlnX8gnLGC4OJxkwTY
0Fb4nlnX8gnLGC4OJxkwTY,0.0
45lrBGUZa5dZH5hhMVMAOU,2.0216240883059755
7zTaY9x1HfvDoe4jroIvb5,2.0216240883059755
7hYRRo6nE3ZghrlMSp0ipk,2.092511848632338
7HZOCMa0XEXNFklxUG5kKb,2.0943669676539876
7Kjh6A5voYQ1rFFnYEbYq6,2.151101874075358
1KYhK4cT0osxaaju0iFOdP,2.1544231095893838
74sb4Gib0cL3TQeCjYF8vh,2.1709199976565245
2bjn980VIpaBqdU2Nxq3Bu,2.1799243642471
19RemqbBlqzF18hl6J2NSI,2.2030306528927643
5bPiRI2vw577tjmvz1MfLp,2.2218626347590402
3zZ6YO9P4iZhGmMDkx752d,2.236264939283712
44kgtDJyAFv4Z01z7bIxco,2.2451022978916937
7HjNOz8Y7H7uSySXuHNg1Y,2.248534355017462
16BQQ2jiZvlH9bp4OhSW5M,2.2733504308894292
4vemkLD0WUL75MXlO6pc8i,2.275105806741694
4hTpxQ2ddv12Owtz2GnOAz,2.278716099591114
2qBXnlzhVSBQ6VRS3KxrMg,2.2800366249031296
5ksNgN3RWCBbq2sUB1KoNv,2.287248540366715
21pk3IBK6R9FDKgI55Pijp,2.2902890389062325
1bhmrrcGqbVFx04jYaGOW6,2.2948577365752065
