,0fCWGSfnXMAanBsFkvdzJC
0fCWGSfnXMAanBsFkvdzJC,0.0
024VOzOBCmiBeMZQHNVXUW,2.32795575410092
6465KnsDLxiKq3mNPxXF41,2.32795575410092
7vrtXD8xPBC2E69eOCrkhj,2.4535074889613124
01BlGnXpLuC0BjgUxVYZFb,2.511330771685041
2yedRoI0ixMxQSyHE0q1Jq,2.538667341195618
5SrSCFXjjn76bK13engFQr,2.541089076257462
0ILWeU6bcdqWejX0ILu8vG,2.542340037615235
4fVJSzPT5mzsTVt4CpR5XJ,2.5547298979254274
4V18jYoK8nWTGKtTKhlDFG,2.5569456209576393
0ipw45WnRqENWODVGRHlXS,2.5577367309009733
6ugHtf3IModjYQ7dHDuEhO,2.5590273988041177
2b3vwNaT4IJ2t9GjGzS94x,2.5626625408827817
7ijwh4l9CJCoLSZiokIfFa,2.5643529449697655
2g92k9vKTmpAUbjvGLA2xq,2.569542814354639
1tgbGr5C070SXLBSJD0rAZ,2.57857531674302
7lXOqE38eCr979gp27O5wr,2.579536277402428
6h4JFamZhYCPtR6WkrFdv4,2.5922610905055707
5jklyYwzYIY20CiWG5uccu,2.6073029993307966
0bBpYXY6xfGPZdVLUtF7Fr,2.6132577153796053
3OitWDgR4SzAUOm3TBmvhw,2.628555468231798
