,0FdgdF61t02gov53xa8r6h
0FdgdF61t02gov53xa8r6h,0.0
4DNqO8l3cfKg0XYMW7ihF7,1.5904360505907893
2ti6vKzYNKvZVIpbPNtTcq,1.6499422954632534
0qochh4sUrYpilQZKTtutC,1.6611134969952357
600VS08hBDKkPt2vK9hfD3,1.662736851270149
4BQkuQf137KXMFUN825hBG,1.665053112312669
00AlGnzeNVYmilww5OFUw8,1.6858135081921257
0a0AbyQETJZI7DqoJ36Iru,1.6924392650120088
7CE8PsswZIpA4MIwpRC7R3,1.73596737449898
2AVKdkpd51Kn2otAkICBWJ,1.738217373212942
2SyNOQgdmhlXbyfPPiEq0r,1.7428409957267974
0wXAIarGKYUorLwp95FRcG,1.7522179541306
0NNqYRgGfDvU77WLqW4qaD,1.7652456795382339
3xZMPZQYETEn4hjor3TR1A,1.7684253562729193
5F5hhx63QBhlTpM71bvRvY,1.768662734105095
66hkKBOzU29h6OqaROxnsj,1.769324971736781
4dcXbB7MFoWiqBlDMZDZdv,1.7747900289145246
4163s5AIcfezLq6kpncyvB,1.7793660190003195
2e28mT0kt7Gk0qDm6v4PVQ,1.7808695407064397
3Ai7wKn9UYkkNuygKgf4b2,1.78544366390243
0zoWR9ChfiAMb1MMFOFW7J,1.792897976077547
