,0FDzzruyVECATHXKHFs9eJ
0FDzzruyVECATHXKHFs9eJ,0.0
1eeomkGph9F87Lfi4PTYhr,2.2137960134355623
0nHFy6NhdXegDdokhXrTw0,2.2315789092923164
1jLsirPDkUS2g4gnkYua58,2.242969771035913
1dTROhfQaxNPuFTeYn0Tks,2.276551555773692
0mzdb9UGlba92FXj9c8Jlf,2.3381367277855496
6jHBlKpIKNflU51QlsJx3v,2.3530603717336374
5TM606Zfk31aNXIR63baT5,2.3688235944943195
6AhlUyXpCsQgaXMOnWYQbo,2.382884900562134
4EDijkJdHBZZ0GwJ12iTAj,2.384751560204689
7qSeh2DAHZZ3V4fjnt0EeP,2.396781044804349
28wtawTMXtDrO9lMuBYCah,2.397060206891174
3n3S5cH3IyaOswY2XSUGTS,2.410014001621995
1FBood57gfbNNJrPZpe8Rh,2.4141910126304253
78YsyNTyIOpl0T5G1OyIMp,2.4157374039136355
5IESFrcaw6jYbzjUoCHidl,2.4246232611343226
2b6pyyrxfP79LhV2hLtTm4,2.4265970038472253
5imUTBF35uIoABlV9g9da2,2.4298491513503424
6xOfafat53w1yN8NfsAwcq,2.435143969324812
73ODXPw7a6735LqaucXjmG,2.4356914660290268
4VWhrm7FSkZwWqtHzGAfqs,2.4380987315454656
