,0ffOWJVrYmtKcmQJbPWuhc
0ffOWJVrYmtKcmQJbPWuhc,0.0
2GCCFm4IUNvWLyPEdk5U73,2.158232570253291
5Z3GHaZ6ec9bsiI5BenrbY,2.2061268774399827
3zmn4Ot71BmDswutx83lAW,2.220919145312597
1PGrlexMIHKwInhS6eH08H,2.254044102052423
0x4ofkb0oUUA0sACJTkozV,2.2669894356573055
1AdmqWMl7MCSRMKpwiH0yU,2.270029865900837
0nJW01T7XtvILxQgC5J7Wh,2.2782198854727413
3s3xMd0uMOz8zUODGuAbe9,2.284534911367978
3F7Kz8rY3QcLaUdpEYRbpK,2.2922917314291893
20I6sIOMTCkB6w7ryavxtO,2.3038111150587675
2fIVAH4DJ3E7tg1RsdQGr1,2.309241358638986
4PMvRfhHAx5j6Bb3XsFLoq,2.317039484984085
0DKvcH4SCRdhVYTxStKx9h,2.31838386761463
2fyIS6GXMgUcSv4oejx63f,2.3358186476324616
5RYTpsSI7op7UZznXWqhIP,2.335880350016027
71oRBS7K7Czv7XBePGFwBv,2.337468280814409
7q8X7MgKF1DibazLyjWuvF,2.338262983877714
2GSkQmsRi6BIYjAXaSigFD,2.3417256404263034
7LqPbpF0tmGOkBBmXKmfI8,2.343582415332844
1NRQH3aSAceShiZND67jOD,2.3519239886515066
