,0FFRWqBSYjvJMh1QDXS1bV
0FFRWqBSYjvJMh1QDXS1bV,0.0
5m6DHmNqWy2GmKTFT3FQrB,1.8274724676774452
5BqfP9NnRR9G8lnlwjxxk4,1.8373905599316853
5DkPTGTwl8hXuvreetQAmf,1.8474982048128992
5EYrDfvpGNc6P2x1Ask1SJ,1.9479566088022064
6m82xAYcFLVjQ4kSpcZI2K,1.9616748300845273
5zaDOajG0eKIKSqUZsQvJS,1.9622464813671423
1jGAGf2ne3NETK4mb23Hnx,1.9684810016388112
2W38WksrVoQuTWSS98EhEg,1.9948209373855232
4jjLWUyXPR2mVfaivkIkfZ,1.9978034296388891
4GAdh4UqPh6vQGLadG5wVU,2.0052499378523976
4VU5AFuuSaez5Nt7vTPlHH,2.01401591912208
2o6J1olllCx6h6xDeb9Llc,2.021409842261478
3lPr8ghNDBLc2uZovNyLs9,2.0293162931983537
1khfmZTlbEsCi0VXylEJSQ,2.0383518039371102
5veSO7OmEwcMtKEogfzHb8,2.0391575256973993
4jmADw2rRriDjzSruTySZ7,2.039990506715219
4prEPl61C8qZpeo3IkYSMl,2.041181328311147
54K9GOVJqIaDZNXLnnxiKc,2.0416697254945
0TYC36fmbYl54IqTxjdmDa,2.044325745912595
1SJtlNRJDeYHioymcvsqev,2.044380221414477
