,0FfX0nofboxZjP0diT1eFv
0FfX0nofboxZjP0diT1eFv,0.0
2N6bB5ck67CNILInUX1Ctw,1.6706902668692223
7viI1N8rULbYKFUql0S8yO,1.766027298454116
2OAOAtuDWWfzhbgdkZ24sw,1.7898604633893256
1ujCsKssVQtv9A2sNaeKAy,1.8272859973946254
6FOzbjYulGELfflz4wHkNi,1.8292804725597536
6kevl5fnM7GRJ2K2rBBnxq,1.8341179469004245
5G1Ri3ShMkYw64SEKSSKOS,1.8413208355119954
2ykYcXI2NSRnic4kMIaDXz,1.8434789520156052
0BUnHZCQhlMdSLFSR022Lf,1.8436820398083185
6oFBHDOIyA01QkiEWAJcYS,1.8532431777732619
6t87wHYpHlTwOctOS6GKXa,1.8626390350408435
0Rk28UmIFyVI5quXIl9xJc,1.8641576097284382
7p6VzsOamJwz8zTNdzSHmL,1.8745871842960284
39yfQlQLPcOsgqLPqM4hM1,1.8772396596850902
4tj6uekOEtNOqJJ8BpBP74,1.8879600342418246
1AxFUO7d1evxonZw9y1NzN,1.889934893848471
3P19NoMAGg72XG22EOf4zm,1.8951341377538218
01WZpX9Ss7ZexSFX6ntYeO,1.897654237527684
5RpHnFJ4gd6GD5e5kWbclq,1.9036769716785644
2Xe77pPzUA2VEXrrHkDnOn,1.9088336333642324
