,0fGp9iOThMvAN3bvZdB14n
0fGp9iOThMvAN3bvZdB14n,0.0
1khfmZTlbEsCi0VXylEJSQ,1.4760947934354502
58JkM70FipESoVRxKCbZiz,1.5430630270390233
35xSkNIXi504fcEwz9USRB,1.5559320014310425
217XcGdjdfBnn91EYqC35V,1.5808562056541817
4zpeoCgp11AvBVIoxAOUbB,1.5943904981605994
2QyZQSDzRttz6vnN97gIvZ,1.5990954321526851
2WlpzXrQcrJIlsVvCkWjFq,1.6072653534396615
2RGEQlf87DCbRdSAlhRwL6,1.6086908415096346
4QEVErTxEByWRe8haofjnP,1.6088608200308219
41jRQuRpRQTgs27Ox2AeL4,1.6108598072590818
7nMBhRR09ugqN4SkH8L6pg,1.6146113604272039
7iJrChWegPl7ZkQv72qmL5,1.6255256818174473
7jwDuO7UZvWs77KNj9HbvF,1.6314557722204077
648ZtRkrlEe4T1M3MfDUD2,1.6338750786385112
2UIpBt74IpnaIIzPqRTy7A,1.6341008318655534
6PfSIlaxab5BcKe5xLd6Yb,1.635381849116111
5oC6JfNcoK8flfsBGib8Nb,1.6421789469402506
0cNnTmu6UMP81Zo6361fDg,1.6462447920745529
7kjUzVpN8IAlG6OQdXjDvR,1.6469469102740475
1FSL7Vv9QEC1FSTVGMW5P0,1.6552434964312115
