,0FgXHZQ5e6EVLt2LUHKXSv
0FgXHZQ5e6EVLt2LUHKXSv,0.0
6ozuOzQjZSe8BmBEZcVHXf,0.5000809333324822
5FtTFPeaWD0AWq2nPLl9ff,0.5935352051125389
76RGBJysh9CZEevPJnW8JT,0.6020907772519737
7m5acB7TGGsTjoUzjNwtlY,0.6142129256546324
6ZcptSWYkxZd4vOMw4otYw,0.6426201509007593
48NdPcIvE5x666kAE6NwKF,0.681010125154236
41fd4W715itodNL2Rqf0RV,0.786888113108735
6bPQiHnFk7uxr4jiZi0GcX,0.8189553457895266
6OEUQ0WS1Hen4NfxGH2YnD,0.8189553457895266
2lfTg7dtS3C1fQl9i4ZBJw,0.8245945228416418
1PQhvXN7EepkLAjMvs5P6x,0.8252726593890368
42926g9AbfriQ3TO8mV5tn,0.8449351367266401
5hVuDIyOW3Ub5KFLthGCHL,0.8588023165285193
7lRkkSze0fatXdpMMS4bQG,0.8641411072557103
5JX4Suq6wv9s9sUJl6SxSD,0.9132330358967522
41FGlhYqpuJLQ6AGQFlSa5,0.9135671972311965
3o1svdvziwusojBqd1J25P,0.9267079301630945
1OeSH6hCcrrjZ5PCCjmCCd,0.9514651509147141
2QzcGgvlI4HPQ5bwHexvCG,0.9556198968847219
6LPhZFyHTwnz8xgffFVzdY,0.9667753864220495
