,0FiKvquBocc7I8dkwTUDp6
0FiKvquBocc7I8dkwTUDp6,0.0
5ZgArVi3iQlNDsZiPjMIJD,1.960819669429026
5XLOSBYkeqeoXmO3vWjyxi,2.0512964933378854
2dRvMEW4EwySxRUtEamSfG,2.0548898601720973
09N8D0V8rZm1JEOmNYKrKr,2.066302015079146
3EgJiZO0htv3dW0MivkyPh,2.0816864558551424
4bOWvAXASQ6sgoLqfLlp8U,2.095015581966347
31VOknKjFrEX47bZXzqcoF,2.100884895675325
22VdIZQfgXJea34mQxlt81,2.1011904109610007
7LMJpOf3EXHPBudC3rbo0m,2.102278752497399
439olY49qvhiElTz4JyXdj,2.111917464729688
6orR1gtNeGiZ6z61ft7nfX,2.1339721797604354
17yKOKhEsmTYha9IwjrLuG,2.1470227365655385
6vDDjHDHIwTziAPDDvvVE9,2.155857678593742
43zdsphuZLzwA9k4DJhU0I,2.155897329946736
73SDA3uGllgkNKrMNT1FNK,2.1741227844373023
7093bTdRHwRhpJ6TmquvyO,2.1985572802924866
6wPohGCdXTVLlZd57t7f0G,2.200995012993995
7vmC4xb1DwApE3ZmWRpWO7,2.207351986986611
7qWUrTYMUIJOkAdy5x8mtb,2.2122528809572217
5JXkYhrs0ome7sreVhZ9O5,2.2139608981420884
