,0fiQ9leRZQtTryi5eJGAn1
0fiQ9leRZQtTryi5eJGAn1,0.0
7lIyBKp2KX7ABDjDfo9EtL,2.113976988139355
0jBPITJzJTW4rFQqyyEnpA,2.132556787954673
11zf7m4vw9Ze7cer9Nyhk1,2.1431436437475386
7E4y4ixVgPd9sMNzg6PMxn,2.167659430900313
2R45zD7U3FS2wkE0h48b9q,2.1951477296889395
5IG71azB6D2y10RnzysZ9e,2.195834232230565
2akH27wwc9IERY5TEgM5of,2.2007452072933003
0yyyapBjZ9Ek1vcpp3e9bj,2.2058840425466695
64a5XZCVDWwvC7gwPPCsH6,2.211158881033113
42dbDZX9bsEGqMZWYmnR7J,2.2127320765224305
4ztPah3U03EQ6SZUrSV27g,2.2219929491316344
7BLZGoLrh6pcZFYYXMcWqk,2.227349103348505
0xun1Olh7EtEef4wIg9l3l,2.2328079227304087
5qQsj2gUoKkpu7YbS6rb0w,2.24405737341518
4fQjex0ezXcMGpdjlGVi44,2.244105421354767
7qEKqBCD2vE5vIBsrUitpD,2.2450120098698316
4Wjaa3vx2BiLGF01AZMlHb,2.2464046122749886
3N5Ao0q93rJXF7OXDpvO2G,2.249825101374871
4u6gJZKuSbGbcgIEkhlyjb,2.253627302573389
6iuNNBl3qtHJtZVk9Pi2iF,2.259121350588071
