,0FIQsnFfRa2Dq6F6ksl4d6
0FIQsnFfRa2Dq6F6ksl4d6,0.0
6AnGoHp2RQ8PqIjnv1u9Vt,1.1845768843604718
5fsfk1Oogb99koL8wyzomw,1.2387222175852657
5QyPEoUCWF3PrbGO1nOuj6,1.242448388503978
1tVRVQqJAYY3qwbdGJO9pD,1.254077030237467
0CBKejeCG6Hc8A7DhHGDdm,1.258262768370601
5D3BJ4ZJ2zcK5ACxOOseQ7,1.258554116174154
4jrqZ6Ow3eJkabXqwipN0B,1.2599458990155015
4W9zZsQKsqikYbKM9vcN5Q,1.294778326114861
0R59eArOBsIhCksLCgvdOZ,1.2981129182420694
6SM0FXzpPtnBZ55FEzthXA,1.298526119017084
4K3adSK6GHMqro4wC4WWDF,1.3016207071124295
4q91GjZYQAZWICmRaOu04F,1.3213184435488012
1Z9Mi4vyozlHZcY5TrjTQ6,1.3233308125281775
35ZYfSQau4LjHpAOGufrRj,1.325855706603788
1iEuLiGRu1FZVJLELqToIa,1.3420047121314365
08mnebY2jh7acSbDb2YCn1,1.3446829232110051
1jj7zMBMRzvXlR6SATAFhm,1.3466200878241121
60vuhLUk0tRARLhH9AWG07,1.34956246761837
7jJSoCwnZ2PFaFiqZm249w,1.3510655958298088
3KNnA3zH8wInPB48DRQ6Lg,1.3609661997912086
