,0FiSM3tuxfSdTxFW8SnHVP
0FiSM3tuxfSdTxFW8SnHVP,0.0
4EtIza2cKMmR2XP7idebXG,1.9712771480015918
2EvhhRsXDZxQ54AAPVGbvs,2.005159660772686
3NT5B1jrtT2Nawu0gTegYm,2.021917818752002
3Ns8AyoKZ12U5E0qtwquM9,2.039003831222554
6ztZlTKrU8Tnbs9ePd8K9D,2.059354027048925
1y16PXKUnTicVy1IopfAbQ,2.068888473874627
3DCqtMFJtMHMVXSbZTcSjZ,2.071197884204533
4MVolTUnON9XZqmzn7kNeW,2.1032384285957706
3ezXUoRmedc7AP3t8VrE3s,2.103505414874879
4EhbLHYOXzEoPmOfaVoIIW,2.119769846504852
0PQeTsz4cXpNjboE14Obtv,2.122776644835813
78YBucPLVsqh0ZCmbglDpt,2.1287092019843348
35o9a4iAfLl5jRmqMX9c1D,2.1386712076418517
6ZgaHk6yrHBbHrbTmKl2pZ,2.151018932644725
3tgKPIjhpelqSeKbDzaG3c,2.162841463959574
06Zx6ElJsZYYBfBh0FDigl,2.168253067906635
5EPytk5jah5T1EqOmu1QfP,2.175665318236659
22EHZTTJE7otfnV4nH7O4L,2.181800420847453
65njIUOttrk8Q6XRlLP4Mw,2.1850624270363928
5zO14TOQlaRI4t2zp2TIFw,2.1914311484436917
