,0FjFLyGP4WSwWuaGFXnKHa
0FjFLyGP4WSwWuaGFXnKHa,0.0
6m82xAYcFLVjQ4kSpcZI2K,1.6621100184585407
1bnzK1Vva8X0hmXy6RRz1G,1.8203424532275172
6RGiOQUMOlR5V2zFErvQ4q,1.8455771325240573
2vaoKrieU38LtJAYWXpeju,1.8853070895279014
2AVKdkpd51Kn2otAkICBWJ,1.9130045759928922
1rdHROwnGd44aCl1PPeA1g,1.9148142727568094
5G1Ri3ShMkYw64SEKSSKOS,1.9582458860177823
0a0AbyQETJZI7DqoJ36Iru,1.9653914447934158
02ckSWja0a1uutSiZ2enQG,1.9706940881719333
0SluRdjccH2l4f2S4zYOCw,1.9816361767706137
1B6lNRCk6yKvqIKfFR7Wvp,1.9833342443182596
2mUFodFEiKVMINyXAYKqAb,2.007529018512908
5zUConNsUlEaZAEydN1bcM,2.0119096228027806
3NU0MFGJ7ZhDPuYWXpB2xd,2.0131410693273377
5veSO7OmEwcMtKEogfzHb8,2.0205563040700314
0It6VJoMAare1zdV2wxqZq,2.0209368714239786
5e5NGCN350zUvrNwQKN8d4,2.021483923052518
013AKdJ8Xw3I61kSpwvnEN,2.024152690943682
0zxavcxox0wDnzDKSZWvMf,2.03044821185914
6AhlUyXpCsQgaXMOnWYQbo,2.030658254656101
