,0fJtP2HkuZtzfh30XIMtPw
0fJtP2HkuZtzfh30XIMtPw,0.0
4DQxCnroq4gU26LINLxbzW,0.05821812533269026
2PIVkZbTsbdg7VsXDBwiPP,1.7944631005404543
7zKCU1MpFBMBFOL46Tfh4X,1.804388891573054
4AEX3oWCqLrclYTjLyRW3n,1.8057716657284935
7A1YIYMrprZIPKoUptyYQd,1.8256007012682771
6A8llSO9QFF4djCCmuCrNu,1.8319776482164676
7ijC7ZrsEeiM3lv7QiwySQ,1.8426861241776804
4xFbDRt2WK4lKAW7fAaTaE,1.8557636285496515
2w3eXFL86RgxGtDr8bzwgK,1.860242301117869
5epXU0uOEQBNom5bW19YkP,1.867764677034837
0omNbptgQhHn9qsP5QF307,1.871851775997077
5Lp3yhnEHrcsE1BYiT06r8,1.876799456559834
30gA6f0V4Kfdt0Ya2qGspV,1.9132401334302718
4J4CPPkfiYsuxAjHY591Uh,1.9257413721851957
5WsZ3nNApCUv3IoOtAA3kv,1.92933103607684
7DFOkiPIVq5vWyReXnT4JN,1.9357018937014698
3zNcS5H4bkhTKarTLfYbZn,1.944262679700644
3MgDUrtEiddcZ1Fz9piMhp,1.9464922581334332
78DwRIo6Vj6wqteyerGetr,1.9532129355176149
48HnxVlZTochNpLhLESRC7,1.955997751232216
