,0fJWZwrXSGM12wKwLYgCzq
0fJWZwrXSGM12wKwLYgCzq,0.0
7cmPP4xB5o3UqNlFVJJn7K,1.6781369665635748
2LMkwUfqC6S6s6qDVlEuzV,1.702283466377687
2Otog0kg568dNJf7HC60JK,1.717983388880604
3g9rfVxgLrcHEAjnbnulQi,1.7221517122856087
1Hn8Mo027K6M4ZSTbTrj7h,1.7267959234751282
3DedixZcTdBl7rSjuexrVA,1.7399192388977436
6zKCMiNpAG3NDSN3T37Clq,1.7464896140486281
0QPokU3PXoj1YtTb3fBZRJ,1.7520357595780962
7jn2nokiUvPr350Sds0xjo,1.7595685058781851
2CNsbRpx7g5GIGEA0ckXlO,1.7672337423102844
7dLIBLyWAsbXDhcZFMzKVv,1.78406048471174
6Gqp95KfxQ7l5HKuwLFQRV,1.7850944215315507
1aS1uzcAC14lduwuNJZjqE,1.7893522106863333
1mRmRCG2nD4GAgf6n7y8rv,1.7900052635175998
0x0VHk5Te53fVrolHS6UqW,1.7921654980652453
5iLiqvKin9KLbMEd8NLNgq,1.7953894488092113
5bShFhmCTNCpVX5Nb4weCd,1.798535214908099
6HGkdCSj8ThQkwKbDm2wTR,1.8031780374622823
7Jm0LaTsjGTU19ESsPhQZX,1.8041796155375243
1M3WV3EnKoHqDdHO4ksxlw,1.8063101999652684
