,0flYos5C5cxdYWwfD57NzB
0flYos5C5cxdYWwfD57NzB,0.0
3pj1HzBsnihN5PM8wn4Mbv,1.5182954563627198
75DKbWGsID7CBKRi8TruJw,1.522316398657763
7jwDuO7UZvWs77KNj9HbvF,1.5847878928095482
2WlpzXrQcrJIlsVvCkWjFq,1.6256967662658723
41jRQuRpRQTgs27Ox2AeL4,1.6268906199452595
39SQnz9u6zd91nZdaPmmJK,1.630962551120551
2azNFMUG0aoYYdpknXZEV8,1.6547864744139895
4LIpaxeTfxh17LZQcBt7V1,1.65711454415618
2HEsewd9dzzLg4751JIS4p,1.6590037134587714
58JkM70FipESoVRxKCbZiz,1.6617078252701079
2dJTSO5t3uZiLem40nnjfN,1.6793643757549008
1khfmZTlbEsCi0VXylEJSQ,1.6840520539604513
2DS4xpPos8uCYNO7zdxkPH,1.686149707505601
0JaVdpmiex2EP7bBzyKVTa,1.6975469209389447
6SyGyYzbwyFl83ApCqKqGp,1.6983430974897222
1dzQoRqT5ucxXVaAhTcT0J,1.6990144801515976
6npyWHlEY9TJGNZguw7jhq,1.7129892039715213
5Lm8wha7kmEuqyjJ237HNM,1.7159430990624613
5TO7BprYybGfK0gvcqMd9G,1.7255106393574673
1GqfuGDmnaeoAYA35Knwgh,1.7297529660012565
