,0FMjqbY3aWo1QDbo3GwXib
0FMjqbY3aWo1QDbo3GwXib,0.0
5U6WGP7J9SNH8OHBlg95A8,1.9143669217332773
3FGroKkISgo6wzrXtzlntE,1.930623294021245
2UVPkh6lrARjYDK42jC6kD,1.9313626017220797
28wtawTMXtDrO9lMuBYCah,1.9407208337209279
6n1x3DYFDpRau83XsI32NU,1.989456109073324
3vx0le45sSoPol4r4sSuk9,1.9968933721072455
1PGrlexMIHKwInhS6eH08H,2.040548404079438
153bWE38AAzOWZFq976pw0,2.046489557664016
1LzmZWMpiPqeEIvaYCzO3Z,2.047387211995386
0zpjG9KjXTWNGJZaBhi5ZI,2.0571447751175587
32gJ6tgfi1TQGpaOXGq5se,2.061444940514646
7gnpun7jTjILqKuRvilQjM,2.0682187077508836
5zHnJf3q8i6nmPi8CtHCKm,2.0682187077508836
0Rk28UmIFyVI5quXIl9xJc,2.0699197712268753
2ZiW2I58DguCOomz9M5oDs,2.070051300017315
44s1007WDd1HI6iim6zYmV,2.070902658282561
4lI73SWB2qO5KD8acPYeg9,2.072916969012008
3rMsX63C0IZVnOT5LGYoTH,2.082597571044732
5CdeRe3u5hjanT6dxfov4R,2.0868166301498294
0ds5D8mJ5K2jOxCdKFJHEb,2.089373536741699
