,0fnD9YAdor7u5XCPS1IjMK
0fnD9YAdor7u5XCPS1IjMK,0.0
7KI5Gna4jc0aj91VTWkmio,0.48158499743687094
6DUdDIRgLqCGq1DwkNWQTN,0.5017814461950041
7w0aBhGKyaf18MIvfoEbvi,0.5187040399337054
3iNPY9AOdaklvkNAgmRHRk,0.5531789940419396
5J5uyhoBZxJwmjy2Zg6DgF,0.558795709477199
0hpp3VH8llgaufmlfCsXmw,0.5615253978379526
7mW3MUurXi179MzCFxyfMm,0.6210402667450783
3bJ2sQrc2PPHkhAOu2Lx3S,0.628313445263539
7zbrpJXXznxu9rbAgKXIAN,0.629877275087931
1OywwhB979Apoaq2IYAlSE,0.6366598869349371
4NYqp7u6wGgT19BrbAhQmM,0.6395102019959158
2FCK2nyKq0QXzIuWC88hVj,0.6431739581689344
74RrMiuSOzAHZEqLlC0BHz,0.6611268549429278
6LGfyv0yhK95t74fHVPub6,0.6804453004157178
3zt2xM5p2AUiwx8wkY13kB,0.6873702861749319
7ncRy35NIlwfEyPytMu2DX,0.6886363578497994
2ylsuceZ6n9KeQX0km81m6,0.6980403230418325
5U0tKveVl4lw0DaWvb1Tex,0.7185335392865045
3SESZ1maRpb7b12VpbgRWN,0.7194076414747544
6jJ7hPivVXlKI89s8HNAWX,0.732890929494766
