,0fNM58H6Bj6UbmRoipsAdr
0fNM58H6Bj6UbmRoipsAdr,0.0
2D4BSm5Z8Hq5zYbSgJwEOh,2.0616664025594744
3xakCupROVjegfmbsi2HoW,2.1180764994938333
1o6YK7phnXgsljfWSQQfWc,2.124017311005042
6GDptMjPjrOA71ZrDVYXQt,2.1256099155919173
4hqUViUILZxyUCi1989vDB,2.182639558556191
2UZnIwxcMv4lYjeNYoHjJD,2.2244923766071243
3rkAqA4V0niRSLaDd65rQD,2.2419773289574847
66wUEDv1S0QXnQCdHIA7YV,2.242405748968494
7hNvy2hmOdOiNAnSHyZ7nX,2.242546982045346
2m27vmpWw3bInuBzllEXjU,2.2594782990715947
27BgDmciSjoxTG0almHTpZ,2.2759445945988603
2fyIS6GXMgUcSv4oejx63f,2.2866929239088245
56C2uNzqET7lVpgeJEgUL3,2.298215911388215
3phQFD2GIMvQdEk7dWGfmE,2.2982306222797746
3Yub3anoLj8w58TVpEXUJv,2.301343751099571
2sURFWwqvgXIAki31xCFEN,2.3068376838529434
2CMIRqcGe12yk31DGrnqCo,2.313787297523483
7BqBn9nzAq8spo5e7cZ0dJ,2.3156485562405207
3WqpSXVHkklIv8y8Ng1X12,2.3167298569432457
7uNg5ObaQ0PIRVjVRqJ7bG,2.3168350056565004
