,0fnpQT5REqtW5edoeSPJ3m
0fnpQT5REqtW5edoeSPJ3m,0.0
2w8WHHMi18DmQl1cHZAVFA,1.8435001547023182
4DNqO8l3cfKg0XYMW7ihF7,1.937434838404226
6jjikb25A1EYyLrEVi8niB,1.9572780911056755
3W93koK957HaoaNHyA3dTm,1.9607191975058642
0FdgdF61t02gov53xa8r6h,1.993562406048634
4j8wxVNmiKP7bZuWEckFxr,2.0070173421126607
3QUtbFgjjnAHTtLup31xVa,2.0195307933005595
67Bzf8n42MXKB6D5qvWDaX,2.028337584676134
5zPCrJ8VIm9UKRVovQ1s5X,2.0337853052861337
2s8q3MEyTXW7wZjmXkDxDW,2.035210094387734
3lp9ykWetDT0QVEXKVcCa3,2.0368877088026633
4IyTNlvWHiMxDdZ4Ii5hnA,2.04238534631167
6xGcgV4ia2fNbPddMzD0Ri,2.045373434095553
1dTROhfQaxNPuFTeYn0Tks,2.057038882333993
2NTthHOGU0Z4YAU21YPRg6,2.0699572176574903
0IWfRXJEnUXzwk5eeYTAHu,2.0706528632261403
3uOiDEvNLe5bPPkkHi2vRD,2.0758467356455346
4TJm8X1IrngREA84YHPz5G,2.0770765551966144
4IlN7SswB0myKwHVAo0eH5,2.089593513176128
3fVr5m0RATQSztSP4SNc6u,2.092974164035919
