,0fok7FYKcgsYXXJJB3FDGc
0fok7FYKcgsYXXJJB3FDGc,0.0
7rocbCjRtsELoQwjPEqqf6,1.412574155478457
7pkrYfwDOixoFKdc84YFHf,1.4637378923148627
3qpFX3sEc1lnYAfjcgxAxA,1.4992750337491116
1ovG6NnVterZgBLQdeddOq,1.5025611169691002
2551UIRFybSmnEgRf9PPNY,1.5031941406313079
4hMJqUCM6Tpgrmd6EQuSe3,1.5541175539271286
0w5TmZvjORfojDR3S2AbBZ,1.5577518735439408
1HwrBqZKWs1LTsNep2ldR4,1.5808247860469231
1o8D2Vqn537vxhVMMRav2V,1.5916603754351397
4cSbZ9ZlgMSpdzQ9cTWZN8,1.5944863250328067
6d69Gd9D4dpSfahKTOiyWw,1.605783421939884
7tiHWkAxAOeqEkFxQ31MhA,1.6081193981286783
6ooxzFS76CKSy4eVF5jiSM,1.6113232226030167
3Ai7wKn9UYkkNuygKgf4b2,1.614378081061592
55BFzOtElm0yrmCRqYH5HY,1.6227385894457191
6f49kbOuQSOsStBpyGvQfA,1.6239365921445579
01uwmQU4sbcMnFwklgKMVc,1.6246233129758214
03LfyhvgGn2IHBFKRK4atG,1.6301210964075286
689c8yX3gUWypK2dHUQ4yW,1.6424537671287196
2cwtByOe3IVC7kjBZQnrvg,1.6450763250571063
