,0Fowr6vlOSn5Y1VrDUSd5C
0Fowr6vlOSn5Y1VrDUSd5C,0.0
2daZovie6pc2ZK7StayD1K,1.6212473685766366
48s4feNgV243gbAGTTBIrc,1.6770967785018576
2k9VkRK3xRW1THgajCC7Yt,1.7018057384695253
0yZw8jZddKP1pgyLPZr1u8,1.7033680291183733
2iNjzr8IXHufW8XCCxo8l4,1.71548548895873
5nxuah08yYECil4UZuEE8N,1.751161444702453
40WWDaK7arn7ilmufbHmdo,1.7546528117234876
18W0n9N0USkeXgrCJGV2hg,1.7581437770358648
0vCGFGq7SnmNMsGDWaKEdR,1.7649256076586082
5kYv7Vrwoig68n8JO2xnMN,1.766034667266353
6vnHHqwogh9t48kzGpk7j6,1.7668861615861091
7p6VzsOamJwz8zTNdzSHmL,1.7834134317210273
5qfZRNjt2TkHEL12r3sDEU,1.7861396820192064
2mUFodFEiKVMINyXAYKqAb,1.7916345110368004
2vAts2sr7wl8NJwd8qmUEo,1.8115296923019841
4wVA1OlDoVKILzGmAJMSH4,1.8117702959857467
0SFLtgsOzadeD8Qpm2uD9s,1.8123380675303373
5jwFcL4iWpUKmLsaud8z3f,1.8130886602457155
6q0wu4qjc9XVyqqRv7vlMZ,1.8141162954201109
3JIqkXmgSnatbkuSE6VjLp,1.8156044813431047
