,0fpRA0mhBUxImpPnbDVXVp
0fpRA0mhBUxImpPnbDVXVp,0.0
7jgPM1tEs9WNqQ0mYBAvWA,2.003624555058479
0ETUtxLFEUrTQkVdW75YIm,2.0515217308609577
3EgJiZO0htv3dW0MivkyPh,2.0587766993854992
74CbQ8LC8uWKl763mNfdZx,2.214789586825558
7hNvy2hmOdOiNAnSHyZ7nX,2.225937252212842
4ejxfi3UJf6Czx4Wdkr3jh,2.245243388305795
3mAbarEtkWbXTmUS5InXm0,2.252022579771365
31VOknKjFrEX47bZXzqcoF,2.2529364750992342
4g8Q3pJ8WzzixZhtGJ0qAH,2.2563906757479613
5XdxxH0PxIRMwZ3gMdSxiM,2.268327120434512
1DKtFKF7pGWWnEvzUBDKx4,2.2719706833481075
31nFfi3gUILpx5zfuPvaNz,2.282355343073803
6t0c7t14prrgAZ0yLXMlrv,2.286177918185961
45bHK5dR8PeWcuMJqmpsP1,2.2862074874304077
7sT621Iv8V6bMv6Z5B16PO,2.299228745864756
3rBO0a30kWk85iYAV8K5as,2.3099062828956396
5YLuXKsZ02FNK9MyaKi9Uw,2.3168275635576356
7fBv7CLKzipRk6EC6TWHOB,2.3243400005559085
5QHTBX42B4ajSF4Vs4o420,2.3340088487854187
2irgxFQWRJBrTn342U0agb,2.340710570155462
