,0FpT75cRdvf6va1TARHrl5
0FpT75cRdvf6va1TARHrl5,0.0
2Y0DPFc9tlSixZwEuOmVUi,1.8999678756021234
7vGGAJBkHKxKtOnGjQduDV,1.926003158849875
4ld9QYEpwDD3m8gGfUn19Z,1.9418006693403531
3fJ2gS2uZiUx6cuNXktj1Y,1.9428277821305855
1PxE6A8WaTSqcky80Ldcz6,1.9546681582155143
1cDRpJiJa94Voj0Ayc9iGJ,1.9624200550129096
7EOzfH8P0K4pKZpXE8JMmT,1.9768577645635386
1o6YK7phnXgsljfWSQQfWc,1.9786686850144801
7rwOai4X9GjSJONKqcrNF1,2.0478279531745525
4Q7Iacj0dnfOu3bdXTcCUA,2.0493316663593424
5Rg5Q7LnP6WIH26kZn2P1m,2.051175703132473
7xrwGUa11hnnxXWeTIzcHf,2.053475138713196
22OqansuvEMQu9W0EfiGTI,2.058172810100315
6e40mgJiCid5HRAGrbpGA6,2.0587143082809827
6HojDglE8E3EA7SbTLE8VF,2.067778348146698
49kMYmT8BmP0YlUFQjvtVQ,2.0739581956223896
1xi7L6YU6TRzXgh2rogz1h,2.08964430105407
5slYHr8Bwh2uLYAm9dJmiF,2.094263549978749
2WfY2W1dGfBa6oAFQyGrI5,2.109362492859261
5xmzpyK1yQmkVqRJgJW9kk,2.113683670894322
