,0FQkl2Gc7xfunY2WmSgPEW
0FQkl2Gc7xfunY2WmSgPEW,0.0
5fH69xcVMUgnhgXOd1V7bY,1.6530526506686716
7u8Vq4WcQLO256TI8DybBj,1.7076427483477445
31DABIyjC2fRRZyP6vyjKI,1.7912892541047254
7a4mTLsXkBfRrakiKQVCTQ,1.803677582341548
6t87wHYpHlTwOctOS6GKXa,1.8347198008883774
6QSUWL516NkDFm0LfAWGUm,1.8436185757680201
1s9Mv9c8QnTJO5fqF7oNu6,1.851824353728914
2egEF2zjNVYDVpD24KNeP2,1.8633556460807854
0EpLZXMMDlgyTDqx2JvoIn,1.883328024070807
5ifX5aMUoHUIMIgotaefNq,1.8866670971319175
3zxqTbepxLQesm41y2NoE4,1.8885070070821641
6iUlUzSGZzKtlCvQ3wCVZD,1.8892638054917528
7A1YIYMrprZIPKoUptyYQd,1.889936678514828
3lyH2gI9wumj0lvwMboDhV,1.9030551329606842
7viI1N8rULbYKFUql0S8yO,1.9051463340005828
5ZtVABdh9HKgAxIHKYW1KJ,1.9054272179326666
0Eb3vRMzyOFwEsPRALgCKd,1.9076013282905622
2ySDKHsjXDrvEOtgEW2YWg,1.9086676832733764
5PtoBDWcwPahPDflHJFV6J,1.9108670808974138
2uDh6JEo515miAtjuGjGMr,1.9221898774911483
