,0fqsKxf7u2jYxTwf06DnUg
0fqsKxf7u2jYxTwf06DnUg,0.0
4mQyioOFV2XAPiALitk2PN,1.5139709998743323
35OppZQwLS8hpxIom3LGHz,1.5495229295373674
3scmbeDBz5pzvYby4NW0LM,1.5536095740330553
0KILpLVmznIF6qWxphtpV3,1.5798235389036355
0PFGyReBhoc4wqrIsoYLUz,1.584784924304729
2AVKdkpd51Kn2otAkICBWJ,1.601312961198084
4qAHuJq5T4Q97EQZG47H0P,1.6060277371572582
3setQxCpVJpNVSnFaNwtfz,1.6313453897776469
13CYMx7z7Ts5lNMp8Rz1ZH,1.6371231763520637
5Lp3yhnEHrcsE1BYiT06r8,1.638603863348067
0WWz2AaqxLoO0fa9ou6Fqc,1.6402450725680289
6uhqrrrgiOrWL2jNoc2KV3,1.6481701789985008
6ZIYOhMY8nNTPp6eIr4mSV,1.6499161471752049
2xalFZmyjleCTdhKPxqzdh,1.6569717273467983
4xFbDRt2WK4lKAW7fAaTaE,1.6716960443158888
0rlzGuEgluLExBK7C1F6pb,1.6728791437815815
7dB1PiZseXwBZSObScI2nH,1.6748761571688626
7BdW2EOVrjzaygWj7alZIu,1.6758756059704396
4nDEirAHqPKVfakSlvJOCn,1.6793213965031095
4dcXbB7MFoWiqBlDMZDZdv,1.6795705445852778
