,0fQuzbQNLcD1ofo7B2NcFI
0fQuzbQNLcD1ofo7B2NcFI,0.0
6vZsfjhqfsJonnr2Zd1L37,1.647348365156177
04S1pkp1VaIqjg8zZqknR5,1.9130401685863654
4zJ3S7wjKwPvLbWmeKhceh,1.9494429236967619
7dd5v8QADPEQeXwF1rM2Hm,1.9941423507430323
2ZroUx8b9r7pCZOdmbiwPj,1.9980701224623174
4cVgV9EQ8rCVs2BCgtjkwa,2.0041080446295743
5cn4RhNZPPjt0onhqUMEfa,2.011296241329113
0cOb8Li1O6cvWZIghOKJjH,2.016216959370048
7wOuVDmr0mc2xh128egdHl,2.0198202242585612
4t6dqSAxE5osx8Mfxa0Quz,2.0294201479166607
2kXL6Pv3Ozv6hCsToE84SU,2.0440580668377666
5bODPM8nTwwTIE4W9fuUcC,2.0658988164235814
0pIIgkW473UpD6Cb6pp9qC,2.0746021929533076
7qEKqBCD2vE5vIBsrUitpD,2.07574666849074
0BPWY79wNehGVARtwJawYV,2.080353622158147
6n1x3DYFDpRau83XsI32NU,2.0815500956338164
75JFxkI2RXiU7L9VXzMkle,2.0822719430279517
58vvWxNX1uQVs0ZRBAOfOi,2.0988049927084695
76s0yDfINBdTdiykbpERjz,2.102185975745859
5VrG9nS46NuI1fRWcvPRKQ,2.1130500911280192
