,0FRCItQsKhyIge8dB6v81o
0FRCItQsKhyIge8dB6v81o,0.0
0F7FlaQBiyNkV8iakTocsW,1.3177165151073413
7lAK3oHbfEnvUQWosrMMpR,1.3215073748971906
1I3ZAmPmbFV78oNKnibOiW,1.3382487425490273
5m4X2HQ0eiviwuKPoREanT,1.3519940173008937
6CgQvuU2UYBDrPJxWbgUHE,1.3633445116058673
06aiCjSnK0XXBEERhduZWZ,1.4136151321576587
1WlU4jsJ8AoTB96dgd8LJA,1.4177946170654816
2bWzeOO5TD5MS0QtZZDavS,1.44829963448558
7uKSil5r7uHexnM9lukPTc,1.4488994281105827
2d6qyeXtP6LkmGPT7cH3Dt,1.4750791028667085
2Vuqr2eGP13wC8v2Gbysfd,1.475187095750737
1BnJGRM23RWirvx7kpL6Sp,1.4896603076107984
36OK9V0r5WlJExTQtzT68i,1.4916578465221746
0UvVZwaKrd4JRXS03D59p0,1.5093777256349075
5JXnmYdaarEcv12K4MS1tC,1.515906606623145
2hx2w6pWNGrL9RjBsQWRyc,1.5195853148619183
6uJmfWyFMLGCjvvRF5mpG9,1.5219808108811785
7lMwZhbLJfgXqc5KWboGwp,1.5303198544230785
3Y96xd4Ce0J47dcalLrEC8,1.5367225557891957
3VMXthb167x6pQOQe42m6f,1.539392092481391
