,0FS3eVaJTsGwrUorwn0Gvs
0FS3eVaJTsGwrUorwn0Gvs,0.0
2fXNC26pMv1dOzEwR4jwEs,1.3680484847273433
6GYpXbkBl0PrbTZqmbLwom,1.3891679756353317
2dp2JM92DMNoEwzdIpe7KO,1.3909619638909576
7FTybly21IrpotgmIq1h0S,1.4081079106991516
1cCbsojaA6GIT7Y3zuMJ1q,1.4273745140630212
0mgn6ENlvhp4M3msVYWwXZ,1.4274819783035926
4pQMsLW9wd8AhmYiNbJe6v,1.4364845969091256
4zcWdqDGbCgoYewvhqxExf,1.4415051692590557
0lo98Gacg04cnpdrPHcBcF,1.4464573962220464
7eFTNCuoCYmzfdd7PLaw9r,1.4543599262991378
68HDFn0gBwfUN0Ih9FqLyT,1.4744625469526673
5krRaaWKlI8ZPOsNZaWxSy,1.4773062555685086
7uljNKb9leurDlZYAagvgK,1.4828350947112647
25JD35LDh7CEJ9gKUNruVj,1.485201486312308
0JJM039uYLSCtOiYGSLcmh,1.4908034713402454
4OLtlQ6rjT1xId7Tnn5X8X,1.4925114168281668
0j0majKoNlF7GkwA8xNQHG,1.495246160204982
4l1wkdNUNjEzUerp34s51F,1.503001690860488
2PV3u7DWvl6kQDjl2L7tAt,1.5055126224741757
7lan617hkncOR369dRbO61,1.5188905537994002
