,0FsqhyyHNZJfK29IpHihMK
0FsqhyyHNZJfK29IpHihMK,0.0
6XddLa3bdlJJQC6sImufdH,2.3919632048989485
6WOWeafSarYtIMlKO1cbfB,2.420103317021703
3bFxumQRhWqt1BiXLeVrKa,2.4668871360766014
4DCJHF63GOcdzBtNq7Jn9y,2.4921417091817113
2J0X46UkpfLlWbuCXFgDLr,2.5212184759282428
1fCz8XdLhSqUZoIpZjpg10,2.5240581489317675
5PVQ3JpBE2vFtaIlS2EYdG,2.5279323921415977
1iebvc2gYV8wni1jana3Uk,2.5323762367383127
3FNhIlb1fONI20QrBa1QQK,2.535348716554339
6FWT1W4zFkx8shuLMweCqV,2.541393418876667
5JXkYhrs0ome7sreVhZ9O5,2.546188315252461
7klL6qvAu4ZzthaUzLvtIN,2.556761859814086
43wAtgMgdMVCUfHyrCLvfB,2.5640162790684866
0bGulLFbiIEUmfKiwsHWih,2.5652582163139734
5JmlDl3RIht2nkUFA14czE,2.576806317968291
6qMiZK4mGuCRkVwRFds4Sm,2.5907389193699344
4zTHYH48021nSS4boLgVUG,2.594385848756007
0nRLxohHGXHonR125mhDvn,2.5950818250306824
5UJshy5HDHdNEVqlJwzsQB,2.602281650873979
6pDVjCUA3B1vg9waKutAsv,2.6092063502290195
