,0FTdrBz10BKS1LI7rXAjFp
0FTdrBz10BKS1LI7rXAjFp,0.0
04i90Qo67c3MKp9OBtR48I,1.5456513703178572
2xdlISXeaGfWKE8eBEFyUh,1.7281727835999006
58S0iOtaIeHsOBALnkFXPS,1.7358131765402114
759WPcrKAHDVI29f23qkMj,1.7601793301720083
1DKdfXVo7rk7F0G7J87Cm3,1.7630227818188056
26Lf790qcmVs1pqVaBrGZ0,1.7819730555705409
0fok7FYKcgsYXXJJB3FDGc,1.7854550233697952
0ToXo5xaIATg98fNtZWj9y,1.8041190269087755
39yGuVuxqQk0cqezpj4s7C,1.8143743150748315
5RKeRFcdWsum7TEHdzAqNe,1.8154376382194917
2LWMF10STZqYY9a3YqBiOG,1.8186818462438563
4PjP1pyA9pDDByAheDumTH,1.8282239509021185
2lupLXIjueA5t4Pq4XUNcG,1.834073933850518
2E2Vuq1cWX6NtKuhcP3IcG,1.8522860789488083
7JaSHd963fDy6sEVV1CyFl,1.853911649806893
600VS08hBDKkPt2vK9hfD3,1.8559659561895838
02LoOMR6Nv7eqfQKefnDXk,1.8562900200654164
7rocbCjRtsELoQwjPEqqf6,1.863977295812504
5CsBLUEkwVGCscVczSlF6w,1.8649605561795464
1ovG6NnVterZgBLQdeddOq,1.8676683770973093
