,0fTFmyy8AwWHiRoDgTh80w
0fTFmyy8AwWHiRoDgTh80w,0.0
100E1H4muHUd6qWOCe0g7M,1.2426956925700503
5lqw0qFf5AR1MeXHXP0uLE,1.3163178464783127
5QP6MepxxLtVYlKNaC9qrd,1.3268557943346
0jF4xsiVd8AQoIEUmn7KLt,1.3452043770687185
4qKn9uhP0rsrEknDVsimHV,1.3750871476367925
6mZF3mQhPxwjs3FghmAJXT,1.380225191486553
6ueKoWHXKBwsnhFjTORjHl,1.3841454765034027
7tC6nVqWp4FALU6I3li1g9,1.3892868615305252
1uI5OBcMXhlBmC7j3xoelo,1.3958814156044328
0KhWp6xAL13H14Skfw37Ep,1.4133248833162633
3XdvHWZimP5jjyQ7MHfvjn,1.4195789464819815
2uhvj0KSzWTSrgHutV7TFl,1.4196444569105486
5HPcJlxGyCAoZ83d65pVJB,1.4203538966591251
3WqqUS0FcemJ8Xom0YwHb7,1.4219423377952303
70lsg6dhiEapltkE7ZfDLw,1.42311879070549
2jOBW71zz675u8Z11kx3p8,1.4281716934185762
5tprHASjzXCxTFS7UHIOEr,1.430914504975698
37mu8GU1vbpixiCj8UACUw,1.4347594034776001
0zRsYMipqgzvSe2rvNt9uH,1.4350634094985504
6hkfgHhYXyDVYahUOZhGRd,1.4362256921164558
