,0fTiDOXRNEN0lUeYGoSHml
0fTiDOXRNEN0lUeYGoSHml,0.0
7zKCU1MpFBMBFOL46Tfh4X,1.8864492604269427
5Y2JAWAAGAAfHgJ3O32M4T,1.8889106061323397
2EIEJ1zpvjpHuL6eWKGDZ8,1.9377625200796256
4ZC474nQwB3I1UP6yCCGCL,1.9667971201163439
4jB3hZFuh26qsnO9TGkvpe,1.9768877740060977
4SHBXMDT21gYu1yP5zZyGt,2.006838778257741
2FOX5q9f1ZZHyePbdkt5WT,2.0093540208167857
4lQzPwJQKLryQjdHBFzE11,2.012176998332421
4DPeoiIGRS5hWe3cliQbRH,2.012924912397553
2egEF2zjNVYDVpD24KNeP2,2.029705504125637
0CjJqkWOpIUXdem5hUcxAk,2.0314093391982864
3yj9pIOJkgwc5P40CbdADa,2.047269388486526
1HNywa8Bk0TmzRwQrzhtPo,2.0503928689424615
3EwQuOcTRtLRgcYPwGnLM9,2.050984484633734
5KGbRvZyVyKP2AEJMHErB4,2.060979143037502
56xPWlaD9Lb5cYVX1zn3kU,2.076980912595295
6K07Ahf6V7CAQn0ikrOztl,2.077703459407142
6TlOU5zqR3533QYwjQUdGP,2.088465627055336
6MueWGuuijpLhRz0nUUqbW,2.0904915393247245
051NZ3rr3HXTULCEySJRX3,2.094547673586938
