,0ftMOhVfFm5Wbs5sZdEtsC
0ftMOhVfFm5Wbs5sZdEtsC,0.0
5H01gqINZoq0R0WBrGDzYZ,1.7131940417067313
5nSaJLvwfxXUTNP7CJFrMY,1.7503178422406718
4TZdeM7zelZGz6JPrXSEZ1,1.7708783569164415
2NvAdwDIQ71uXIWZkr6tIO,1.7923557829352241
2AyMBBR8dGKHT7tBuUOFao,1.7983072927214567
0rlzGuEgluLExBK7C1F6pb,1.800342646136064
5eyTC5GZzpzlN7YRO9AoPf,1.8215670646043498
2b3KgzISdjZVNPJJ1945nw,1.821820081508585
0PFGyReBhoc4wqrIsoYLUz,1.8674220684254066
3ZhMxNCJcoYBj2wrO4VU3l,1.8722364993988085
5j2LDsUsxbCnZkhJwLkbKp,1.8727622711214191
63OitVF8FEGoV2yEPvBxsu,1.880374333287275
3scmbeDBz5pzvYby4NW0LM,1.88248979994162
642l5l21ljgxoK3M9KAI7M,1.8866018514270253
5zcu1QREYJ441DpqTFB9Ik,1.9044594668406964
6bXkZRdlZXxFu87If4C121,1.9076439193363794
3lSY5EvnCx8PA5bWIWBhoL,1.9108986626845363
2tBByfHUDMmAgyj25yMdv0,1.9204447674333303
0LXGeRiwae59hBtZEQJxvM,1.9229523774401722
02ckSWja0a1uutSiZ2enQG,1.9262816028249865
