,0FUhPYqlG41y18bq4wNaOD
0FUhPYqlG41y18bq4wNaOD,0.0
1bYW7P6Uk83IJU61eozUfE,2.573504036759095
67ByPZWH3E3peoesXrY3Nx,2.5884806875079263
6KfO5tEll4owFUX2vbFcVG,2.6043072334993735
6uF83wfSx099oL1ldpGqun,2.629051204584332
426aL04zr2l5hhHHsg8xfF,2.637346425145479
6eOum2NgDJv2huKlbWgAZO,2.6504717974123344
7ePp6ijQFyYgoBZCjozvJH,2.6530511250699997
7ubIeT81utrNEkEy9Iaeqo,2.6556077395487776
6yHZ09mUcQRZtWBYW73OoQ,2.6773247233650075
7svmpuzodXg1fhLpLziMT9,2.683718477545229
6pyqx57qiN5ywvD91hUvfh,2.696345881802228
0u2lumqwdITUiJFZuygCYL,2.7028973882539264
2aO1wo2q6I5WNIT4cqqgDb,2.7238768339209707
7pI9GKwF2T8XvIFYTfN0vD,2.7273558394314503
5GUYJTQap5F3RDQiCOJhrS,2.7311037076950773
7mhGeAWscqB3KnRPBBNenB,2.7347643747903807
77lGafvlU68CeHgB2pkHC9,2.7380987498041516
6yRP4xHI9wKemvIlI1s3t7,2.755476983435951
3EgJiZO0htv3dW0MivkyPh,2.7716566027542626
4QXGm1WvuHS73T5PHjnbGV,2.7754950792944184
