,0FuigsRUH9SPy5MfhHb3TT
0FuigsRUH9SPy5MfhHb3TT,0.0
4PGWramunj3Bsz5UXCu4ex,0.6260806138063139
7mVj1R3omIBoyFaMDV0fG4,0.795258904580021
72boGlgSwUK01n44O2tOCv,0.8440174346349313
1pXyxHvseGwj9C0zbhAUpK,0.8719598653385666
5l1WXQ7UZ6SwXoPvvG7fPc,0.8795419493510525
5lqw0qFf5AR1MeXHXP0uLE,0.8884239851813792
57exMMIWTLMmwerkzcxcpu,0.916834063755756
4WidRX7HuOreEGkQ6tKBBi,0.9201779604837867
6PPkiTepGRjymMBwdvlOBU,0.9410756739195568
5tprHASjzXCxTFS7UHIOEr,0.9525529654736394
1ZB4DrJ1sHsBll5Y9a6jQ0,0.9567079392470528
0azl8sUKPLwTYDbEqyUPuY,0.9675320627212574
0aCDtuMKIMyxrvx2AamMRk,0.9836153896792588
6CbOohD6jDqDX6ur8kdmoG,0.9900873159028236
3WqqUS0FcemJ8Xom0YwHb7,0.9999578927856628
0uV5lCaTMaJ7eAFr6LlITy,1.0005264865346686
7wVA3zxbi89DJ5Jfw7fWO4,1.0051821209845686
0uNicj3qxwGhHWQ4QnNfC2,1.0072837471604703
4Ixf6QPQ6xc8iMLWpuM4YN,1.0098794342346546
3QcqUffnkbQGWJlfyaT3yF,1.0115026213578344
