,0Fv5N0cHBsl4bzCbollCAS
0Fv5N0cHBsl4bzCbollCAS,0.0
4V8CUdbNtU6oGefXyPJZ4X,2.093440113091968
70yy2LITzwomb4J7UbTQa7,2.121091821268121
00JA27dAnIPXljobCwtS36,2.2182286810710297
2BAmF6QyK5IYEOp1TFmt0u,2.2450087829337755
2MFefDKgehX9tMhWV1I1Tt,2.250863213001431
7HvtrRyRYqSOhllmbIW1Kh,2.3135884154444755
1FBcwHd20t4tNg9JZWI99c,2.3283561947803184
3ytFAEqtuwlh0xRBz0npqs,2.3502904810214122
5mPSyjLatqB00IkPqRlbTE,2.3522905956845785
6vWEAOUSxohKxhp0K1BsxL,2.364313042555403
6gKFd4Ipu8b6ChXGNRk7R4,2.373545497636267
30CZcZ0NpTXjVJJa5X5nwf,2.3845017333135927
4gjgpBC05fzkPEBXtPnT7L,2.385271790312721
4PhsKqMdgMEUSstTDAmMpg,2.3988294139348314
2wj0P6nrq1EEA0azma9lVm,2.4018935658209712
1r0faljjM2b876iNoaDUh5,2.41938585061919
6j97zG4DDrh3oUa6rZbFOs,2.4200843764630444
4CeBNMk8Zo22V9p8LTcD8E,2.4274291560095183
39OsanyhSbUZIYjPPNeeO6,2.4295428203577774
0NWqNXBJTpXbkI5rPWNy3p,2.451382179181498
