,0fWSwkgqSLuB0fnsVat0KF
0fWSwkgqSLuB0fnsVat0KF,0.0
6dl3hiNQqHQujGHXq7U9nM,1.8184136391281496
0BUnHZCQhlMdSLFSR022Lf,1.824328004762526
20F0eLQPAPJGiHNoUZyQ6D,1.8312705031911676
3KR7OrTW5huABPJNOR1mFY,1.8356237639582593
6EIVLz5xM1xE29r0OmIkWt,1.865687596172212
7lan617hkncOR369dRbO61,1.8797465273497858
4QEVErTxEByWRe8haofjnP,1.89875153554989
22qUrdPuyxvhQMCPNfd1Bj,1.9021874000167291
27TCbhzetyv16eOKKe3cn3,1.9031771669226
28CePseDHb26Cw2mBXlCqk,1.9160256032556586
2UIpBt74IpnaIIzPqRTy7A,1.9211321259870193
2LMkwUfqC6S6s6qDVlEuzV,1.92236524583755
2BlEfmi53Qsx7JfurcyKtK,1.9384590630519356
59c2SQ2hE8x2JQrrEZs6c6,1.9459068535765156
6aN93mUFUGpt2GriQMJgdG,1.945965634813505
27SwNPCT06QkpufKP3t5ev,1.949294070056558
6yu2RPqsGdwSCnx7ZqDeLa,1.9603562201692233
4aYnNoIQjhfTEly3N18Lh4,1.9622785825064841
768RawbMvID5MrxZEjznHx,1.9626640323195208
1fAQNQd7X4MHkh5L0HMX84,1.9701237104344773
