,0fWyDYARNbNd0zaa5bsQIY
0fWyDYARNbNd0zaa5bsQIY,0.0
3XaZ4zJnU3SbYFj6PhI8Y7,1.1920928955078125e-07
0xtu9tJlzxiPfHF82g6Xrp,2.163227833689358
2Ch7LmS7r2Gy2kc64wv3Bz,2.165734672086652
38aPeueGAUmEneEEJoANXO,2.241751862450966
6LP3BiaxUPoCWVloD1eL2s,2.254061407703457
0BYgMcb2OiTBU83W5YCGTL,2.255740771285644
62jN5Ky97gXVoT214SsUea,2.2580072847513857
4BreyjJu4w5EUhTKPIQymq,2.2829147597383814
2IssBpPtHcViZL5vYQNHhA,2.283220772227327
5YLuXKsZ02FNK9MyaKi9Uw,2.294719992896226
4V0x90QcMh4ZxwHzEWOdtK,2.2969716813304877
76FnCkhueYsfbyTv5Rm65B,2.298744507922943
7GKiBHjFfvPRNqqOuRYqLB,2.2993911421959066
6K0b4X3EvVR2GLyIHmqGXd,2.304027345000617
4ZAF6mRZNalOGMk8F3wTGu,2.31906114499709
6Gj3oHBAFYHlcLBHOXZ3oz,2.3199066573158538
0JXXNGljqupsJaZsgSbMZV,2.320686483321309
76KRM7p38Iy6tEM6hzDbdu,2.3216633606144064
0mL0LFUwNwNRcmbC8mnlYX,2.3345413652988314
5MxJfJ0ljPIXQATV0S6F5W,2.341459101813763
