,0FWzfj7ZknnfczJ83bzmPY
0FWzfj7ZknnfczJ83bzmPY,0.0
09N8D0V8rZm1JEOmNYKrKr,2.26698592149958
7Kpe5xYYkGWm4cy8jOwKOy,2.3119038740469438
2dRvMEW4EwySxRUtEamSfG,2.3399362595212936
7jhCqJlmx37u8o0xo2bjaj,2.3613041262339696
7Boa12fsx6Jr4CLpCpipOF,2.3849282082570125
4OGL8HVf0HJRUo3pUtxjEd,2.384995850989126
1NtMkOgf5U9YMaXyuEIRn2,2.3892013142184294
6phKkVuSzTNEriX3uciCb5,2.3966728214595077
6nh6zDSvONACUF6M2st4iH,2.4097310335533675
6B9bgML1RCTwVEeaLvMIu4,2.4167944869405447
2qjdTvT3ZM3OuI73KxwKnH,2.4202310726444054
0YxybYQuj5YyWKT2EipBXx,2.4220291651004886
0nJW01T7XtvILxQgC5J7Wh,2.4422876280712122
2kt6WRnuzhoELsrQOeUPO3,2.453641440537099
4hrQGaFalrGJfcsILMxjuc,2.458737722179257
1kZCnVgcieSeD40q1o62dz,2.463115286968216
4YpWlvxGkGMq55rJUlsWNx,2.4634954952492163
1r47gotftKr40kR4IMk5X0,2.4772296574925505
3YZ7spw0bI8B4prIPVhDbY,2.4815593628938095
3NhDsoowimZMc97tDuG1T5,2.4883399100508043
