,0fx6213AGQ0zQD8EqZ92v5
0fx6213AGQ0zQD8EqZ92v5,0.0
6qEgn7WHwQUZhWJ4dBSpR9,2.1771692140519137
09W50kf4FMNSKwJnkzOHml,2.185244003889314
5ROyw8Y6491Nhp8uZaKW6Y,2.2042462755341883
20r94xA0bsYNLtYSiOE6r3,2.209593772882261
0mzdb9UGlba92FXj9c8Jlf,2.247756002549359
1pdFF61AGQ1ynLS4CHdKxt,2.282068561610432
028njLMKzGg4gAVSgMeOhm,2.2957257041664256
45UBAYGBZFrxIaWdEwl02q,2.317216723832535
1MfOcqqQmaBvI0ZhddcIUR,2.331475147177229
3kw3rqgqtF4F7xVmHqTsGj,2.3396369323317834
0Tn997k4OPDZaT96R1MR8r,2.3403308757675525
7adRwVME0exNJNKjARKpzx,2.3429811587586538
4KHO8IMcEXl1hhG0CoEgf4,2.3463019113731023
7yZBfnw0qwSkZWPX1bJNYD,2.3470287222830692
7H0FsG1nPZbPBZ2DLWZCSk,2.348407871467228
6GiZOlEpMmATxhanI3UDmK,2.349838826115062
0n6LoYvLiG3BEZ7RDZLWG6,2.3599406764360538
2VjySzgGQeZcMGWuPMAnBF,2.3653292641690022
1z4g5zYfYNBnnkKwMc4BdO,2.3682623739794457
5xq14rrkKuZdvgHOaKlF8q,2.3748526888227333
