,0FXI1DzlVxnv5GNQoscEmM
0FXI1DzlVxnv5GNQoscEmM,0.0
1eRNWai6OWRRKN7xI2OH17,2.1432457162186154
6K72MqCTSQTb1I6spurCTB,2.1943980032451487
5qaEfEh1AtSdrdrByCP7qR,2.2188250437737045
73ODXPw7a6735LqaucXjmG,2.2397239556638135
6k7vkIuoR9QDoIGsomn3m2,2.310328156678442
5KydtchFLAU8FoYznOIWba,2.3534016125764046
5UHrKSQhNs96msAx8LPVwS,2.3658237938190934
4GKk1uNzpxIptBuaY97Dkj,2.366573978933228
6hBgCQ3EpokNUVty98X8Vj,2.3671792754312113
6LNmopAcFlYh6Y1osLjoLh,2.3693222016663595
2GooP1VwhUaOiBl3jZw3Yr,2.3848692349369336
4SIFa5VB8DQRwRaEoQs8Ra,2.38706123926181
0V1hQ5tvsWfEqm1wwJZvt4,2.4062106660588745
0lg0A2AtkTSUGWILHxil8z,2.415640573678869
473W1V79Q5abOCVHb9Fbt3,2.415640573678869
6fdVBAXMxv5vAABQCpOtI5,2.4291821546382213
0uqMUcdMvQtNQLO4jVockW,2.431310285353392
6qEgn7WHwQUZhWJ4dBSpR9,2.435745924778911
2U5EnqMfSGH5VsohF8xiCR,2.4377812440288826
260jSxvzkFt71ksvkcy2ke,2.442549524612568
