,0fXS5YBrQo9jNTNnaRbnqk
0fXS5YBrQo9jNTNnaRbnqk,0.0
32gJ6tgfi1TQGpaOXGq5se,1.9670559368361527
4uQcu4YZSma1ZA8OUazmW9,1.9735356445466645
3MgDUrtEiddcZ1Fz9piMhp,2.007071831821295
6hOzFBABk3JknbCdazg4cL,2.0153724843013894
2BWvTjxFT4CuS5DaltuHxn,2.044416783698297
6y0tDMrNysXshULtc6a5tS,2.0543687978947927
7LmcqvYgXlsMiPsxlMg3Lw,2.062763420126488
5VhNPOtJ4e9aQ9is8kZDx6,2.0795878480293704
7LZdVs5rpSfRsVdNcWL5qd,2.0795878480293704
6bXkZRdlZXxFu87If4C121,2.0857053902346916
1LzmZWMpiPqeEIvaYCzO3Z,2.0996652206193933
4BiiOzZCrXEzHRLYcYFiD5,2.105903525427357
5W8YXBz9MTIDyrpYaCg2Ky,2.119176759127391
1PGrlexMIHKwInhS6eH08H,2.121821074957345
6Ng7aSXUQpu0bUD02e7bLd,2.1401255486634576
25ijzWHxJdxBYvRg8LhfR7,2.141026730915003
0BPWY79wNehGVARtwJawYV,2.1624189310696
6oVxXO5oQ4pTpO8RSnkzvv,2.1726371077675632
1yt4kQPgYSWm1ZbBK9GrbW,2.1765717966665132
4CwsraEX5dQGUtsAXiVNmY,2.1819230524311917
