,0fYKRSx0kobcTDhL4jFzkB
0fYKRSx0kobcTDhL4jFzkB,0.0
3QcqUffnkbQGWJlfyaT3yF,1.0437226929642556
3WqqUS0FcemJ8Xom0YwHb7,1.2244521440809075
5lqw0qFf5AR1MeXHXP0uLE,1.2389489260582496
4sAyDtswbHLWyFJgUMt8hu,1.2436219577580603
0zRsYMipqgzvSe2rvNt9uH,1.2747609241224112
0FuigsRUH9SPy5MfhHb3TT,1.2881230764034628
0uNicj3qxwGhHWQ4QnNfC2,1.3043466777842851
2ZtyqjpAPQX0E3nVN5oOeY,1.319088129492166
1pXyxHvseGwj9C0zbhAUpK,1.322589563409886
1YvbtzUkXtgotCTo6QeqkW,1.3393981199732468
2rsswxxShjBqoEj7dbr4Sb,1.348497079021169
3RCpeJEgBWBGhdnmvK5W0Q,1.3524411966595629
4D9rjDz5003EEyaFgElGD8,1.354217059606056
21w2VjNut2RpKJ2t3TnVmQ,1.3599424723678706
1ZB4DrJ1sHsBll5Y9a6jQ0,1.3629045440052643
2ieEE7mA0H69hHbFvdgP4s,1.3801940029171198
3XdvHWZimP5jjyQ7MHfvjn,1.3819301917173705
3oGcwblXqImjpbPdrKPlDx,1.388358199960306
6PPkiTepGRjymMBwdvlOBU,1.3918563068203997
3yTLGqvOeInyF3n7xbGGU5,1.3949353410446652
