,0g8Q1Pmem92k7PzI3VLWKz
0g8Q1Pmem92k7PzI3VLWKz,0.0
1UKc6rNCdcDgHq7d6BMIFG,2.006784660528241
5naar7XewEOAjOywIp6Jjq,2.0830699238519945
3tj5523lMxVh6TjcAb1tdS,2.1124413845387218
4pWHjlzm9bamcwnPlNgKf3,2.1224614225941782
6kibhu5jODy17eyD2JvAlX,2.1256295761378223
4WRtWS4aFIQNczhvkA5SKI,2.1350659582495624
43zdsphuZLzwA9k4DJhU0I,2.1478018059654667
31VOknKjFrEX47bZXzqcoF,2.155159327244713
6nvt8j4TizWDWty3irmSGR,2.1625992206158484
7jhCqJlmx37u8o0xo2bjaj,2.1681799279793315
71gomow09j9g0jo0Pr4ZxA,2.1809963288774235
6cYKaY3rEeaYoIHwkhXZGt,2.185755785663636
373q2bp4ZvyJ9kFZcpJSMs,2.1941458340555378
2Iug43iQrHN8CbGsUd2tEt,2.21433172383688
3ZMsp3NuUgAqXc5nZ9VnVb,2.2266369566539166
3T2Sa3CjxSYphyw1V9BNu7,2.228686000930778
1WtmYmcM3i2irFQrJKoH8q,2.2334338188507203
2mSrVZsSKn2Ye5f0YuAbMh,2.2352817684457413
3MXCT4ZkB9ERTSiC9nXFSc,2.244779887808996
0tlfXooBX4p8Qv8ED6GT6Y,2.249700406064074
