,0ga0ZHvW4rOQ16BN4SOLam
0ga0ZHvW4rOQ16BN4SOLam,0.0
3fGzgtqDSOakD0pfMBLL5h,1.2594681231884697
1pXyxHvseGwj9C0zbhAUpK,1.2664542651743382
7EROK3PMgkCG3wdwcbeauW,1.2682788282333965
0uNicj3qxwGhHWQ4QnNfC2,1.2931141706885094
4wMR4fRKMTyUJG6VAsmccv,1.3080105808152211
4UwG5N2eU5EtQs9mhFLmO0,1.3083881347139306
0jF4xsiVd8AQoIEUmn7KLt,1.309892544865887
6i677XiPUUlh2PdAvkSRry,1.3129304154595483
6x83H7s6fVMcUFLXau9EBr,1.319248434205214
4X8ywvVdJnWf2cNYiq4Vxq,1.3218481818463792
7BPNK60mnEQsJ27GUELFwy,1.3258338898729307
7IS1gW5MZP6UcewmrduYM0,1.3367737323843176
3e3W9kBiGUbPq3a7yJx9Dr,1.3412756058321496
0azl8sUKPLwTYDbEqyUPuY,1.3633393102286258
0zRsYMipqgzvSe2rvNt9uH,1.369676389130305
4Ixf6QPQ6xc8iMLWpuM4YN,1.369999421662107
1t67WYNfUxfOiwaz7SJ66b,1.3842210331665799
57exMMIWTLMmwerkzcxcpu,1.3876088575188932
2ZtyqjpAPQX0E3nVN5oOeY,1.3891694239951584
0FuigsRUH9SPy5MfhHb3TT,1.3984064666767437
