,0Gasl1wiqhENYa8RskLpPw
0Gasl1wiqhENYa8RskLpPw,0.0
7GJClzimvMSghjcrKxuf1M,2.3225698251634546
5jRF6Pwdh05CfcaZlLpzOz,2.416270911853753
3GONDOCwJprD1lZZ32JbuJ,2.4423733216039114
1czvGLPOnjKWndMltL8HQ0,2.4439184813109702
0rVPrbLlFgLtJWd31gM5Cw,2.495510009664504
4aBvNdk441AYYJ1BRgDkrH,2.4995145290865937
51rphRpJfpc3m5iPehxlKd,2.5057537122748625
5QLAHKawoQwVRNf1waaVW7,2.526778243336862
6wlRfG2sGpmhxyqCDK45mQ,2.538612550872262
43zdsphuZLzwA9k4DJhU0I,2.543599850757544
2kXL6Pv3Ozv6hCsToE84SU,2.548681687958403
1QRTWv4xXD9LLhCdeS8Pnl,2.554795757227615
7lXOqE38eCr979gp27O5wr,2.5632225534691195
3AZAEuBA6XcDBN2OhoiIkd,2.5839715128117478
0bBpYXY6xfGPZdVLUtF7Fr,2.5892329252135946
2WWfjbHALIb3e7FMcj9mr4,2.589880675870535
5depEP3NQaHUnwItyP7Puz,2.5988509869341776
6cYKaY3rEeaYoIHwkhXZGt,2.6008280056063806
0TCRMLcilbYgj1Gb016JbJ,2.601343200714207
07mKNZh1IbiERVivfJP5gB,2.605437131084093
