,0gE0ceiO2pAsCjvFRt0JSb
0gE0ceiO2pAsCjvFRt0JSb,0.0
6Wiyd7AsRdXvXGrxNkbqQ1,1.973931764302299
7A1YIYMrprZIPKoUptyYQd,2.0392945576876924
4ZC474nQwB3I1UP6yCCGCL,2.041399076541562
2w3eXFL86RgxGtDr8bzwgK,2.0513726531344285
3V0ak0F8fLXmp3hYAEQKZH,2.0573666560128543
0aPZbnkMoWJaJ5CNVLCj8S,2.060183495428062
0rIDAFv0Julag394N6relV,2.0738991060535157
6ctEsuQJsDltdB2PebWXaS,2.075381249718858
5WsZ3nNApCUv3IoOtAA3kv,2.0981763446753794
0LsPMahsdH1i71kfuT3XR1,2.1026867085505514
30gA6f0V4Kfdt0Ya2qGspV,2.127352532230722
6pFqCPdvm6C9IHbJrEu8aG,2.1334300054922397
54d6U1U3Y74mDmJJECZNNQ,2.133648378277779
3WxmlTZ85sCYFnuIXmUAEe,2.1353807588716625
1yt4kQPgYSWm1ZbBK9GrbW,2.1357540721255615
5XJbLWHhhbmLuRSe2h3Avl,2.1459144022132484
4XTXamS1g4g93jPxyuFJJ6,2.1460668621739094
0M9BLmpPGzy8e5TxJ6tfBp,2.148377142691213
7AnpOEcpdtJOu5jlW017lv,2.1509869647834763
0CjJqkWOpIUXdem5hUcxAk,2.1518827488261847
