,0gECJfSDW3Q7SO33tU5bgK
0gECJfSDW3Q7SO33tU5bgK,0.0
0X8OzorIbQ5n3Ibz1mb9wg,1.671302464931765
24OSmmEzyRFpnEiZfgXqfW,1.8347947289793949
0zpjG9KjXTWNGJZaBhi5ZI,1.84103615867305
72N6EqiE7DyFM9ji5BNzKl,1.8469479041420156
7s5f5J732iyXSqtyaF96mK,1.8663473748193464
2wegPppAY5NVEZkQ26HmPo,1.8669679866125022
63xELEu2i48btNc5T1L4zk,1.8753388684963614
6JQjQk8Xhx5HtSQEOv8EcG,1.8784918378443944
5bRQLbNUqL8jx07dal6JHZ,1.8858961676025867
2ySDKHsjXDrvEOtgEW2YWg,1.8913465291901477
01WZpX9Ss7ZexSFX6ntYeO,1.8927503784026434
78zUxUPvONPgMIt46q5be6,1.894787723033857
6xq3Bd7MvZVa7pda9tC4MW,1.9082738011846494
7p6VzsOamJwz8zTNdzSHmL,1.9161116680705053
70oK6ePjILgOuBUzRDOfCR,1.9197778477393326
1Q3xOjQ4G5bgzBV4Ep03F0,1.9225674573029996
7nMBhRR09ugqN4SkH8L6pg,1.9260395950624247
0IYRevdNDK32aVtJZhQBNY,1.9306843728149279
0HVzIz7N0OMXQ5sSxpbeu3,1.9327205787841988
3qBCFtoxwyYIF2II6lXcvp,1.9357757572028294
