,0GEJ5r9ShlIr64Xv6nHt0z
0GEJ5r9ShlIr64Xv6nHt0z,0.0
0zRsYMipqgzvSe2rvNt9uH,1.0910293842927195
6mZF3mQhPxwjs3FghmAJXT,1.189869131285685
57exMMIWTLMmwerkzcxcpu,1.2003707721666899
3e3W9kBiGUbPq3a7yJx9Dr,1.2116783330208238
24OsKc9qr5IFyiaHNCAk3h,1.2197224627692604
70lsg6dhiEapltkE7ZfDLw,1.261355852557097
3XdvHWZimP5jjyQ7MHfvjn,1.2627458625649066
4sAyDtswbHLWyFJgUMt8hu,1.2765298356693584
7tC6nVqWp4FALU6I3li1g9,1.28370724802028
3fGzgtqDSOakD0pfMBLL5h,1.2917094188280769
6jegsiFyEOCmz1SLNl53a8,1.3026266733856366
4wMR4fRKMTyUJG6VAsmccv,1.318709382109062
1hx1AOE7WqIZMG4XAHnopo,1.3478018840912047
2jOBW71zz675u8Z11kx3p8,1.3565428698706379
1ZB4DrJ1sHsBll5Y9a6jQ0,1.3606706789768979
5HPcJlxGyCAoZ83d65pVJB,1.3643602140420643
3cPOyCp3luWrEQwWM3C5TK,1.366002014208933
0FuigsRUH9SPy5MfhHb3TT,1.3669994961366305
3VMXthb167x6pQOQe42m6f,1.3697914375951405
3jSH17GUW5mfkI90UOASax,1.3747639364920952
