,0geNERhyAP47qUaTaRz2o0
0geNERhyAP47qUaTaRz2o0,0.0
59RNuOo5eKbW3ZV4ixMJue,2.341939247938487
6AExPvfOTjZgJ4HBUu6H17,2.3422761956527114
0TCRMLcilbYgj1Gb016JbJ,2.3534194955306442
6uF83wfSx099oL1ldpGqun,2.5239189896355825
2AOhJjoCApDRungDXIUQkX,2.5280175520513946
0kpUik8UD6gRmPk2u9op5h,2.542521252054599
4MOBPIIRUgHTBAp0NpgLTm,2.548634139128901
5NT62icwvrIODhclCdTvzy,2.5579401086860574
0kxvCmLStAHSjfzeA5flcH,2.5616513706778243
7IL3UOlcJ6nmcCMwpnlfcA,2.5652217145865963
439olY49qvhiElTz4JyXdj,2.5686077214063023
75Mdxidet9XgTS9KDZxLOV,2.569092411254839
4DRz1A0Iul8wW41v8RYrOy,2.571391168179673
1SV2PrxE3ANQxqT44AKorG,2.5744384641851306
4QeqcrhcEbnKr31j2aKVRK,2.5832439314889437
6ugHtf3IModjYQ7dHDuEhO,2.589542109285258
2GCKWEsbb0Xo1oodTOKVi1,2.5899400972547086
0sB95316MVikK4D0BfnirE,2.597273366587011
1Mt99R6S6YnG9gxbk0aZGg,2.60105060391814
4FFh8DPprWLaVdWoRnmZxy,2.6094868221546688
