,0gF1HEME6aKQHgm0IGfIbm
0gF1HEME6aKQHgm0IGfIbm,0.0
2dRvMEW4EwySxRUtEamSfG,2.1198131791278687
5XLOSBYkeqeoXmO3vWjyxi,2.1753836784176843
7vmC4xb1DwApE3ZmWRpWO7,2.2119093038191133
6yOrwpSdPCgV0u7Ud3c8w0,2.2210581775734166
0FiKvquBocc7I8dkwTUDp6,2.260970627566345
6nIGq6LQkfdoRV9EnLGze5,2.2742004694900273
3z3AsD4yljn1qwvSOvRRMh,2.306024118562426
3vzT5SNVL3vaDeAgnG9QhF,2.306024118562426
5uRj69iBz7aFhHLzIzf4PD,2.3603827476854997
4JJ5zGKnb1IpERyBrfmb1y,2.368792699253978
46IxnXnh4KLUBbZTtGmcfK,2.395708244123142
6HZIMxdZCtJAOiO7HbT5G3,2.405334641468429
31VOknKjFrEX47bZXzqcoF,2.405701441088047
5OYQe6ZOXoFBDszbTcLrZr,2.405913086947844
5IklCIP5ImjFG3VoykD09A,2.4155465151798157
5JmlDl3RIht2nkUFA14czE,2.416254267933247
3h8mGFJU0OSrMGyOSRF5xH,2.417099094434374
79d2OA4Sj4nfw0vk8EV82D,2.4220561619058
440GIX1uR5Ve8nPvek7W23,2.4222264741707127
514rhnksEwHUh6LxXsQ4Y9,2.423026628803116
