,0GG6YY9gu97vmVYDcZeaVI
0GG6YY9gu97vmVYDcZeaVI,0.0
5N4HnYozzdHJNAT6VdV8fz,0.522197849452516
4pnlIPqSrrzifO9GBqAUPu,0.5600074557256105
5hnJa6971SqZRVvN2FJVCb,0.5704423700966118
0ezH9xNzlPDy63UXvZUg1v,0.5787687402055046
2Eg6dOam7cAe5turf2bnCg,0.5984201387420952
0Xohp5sdsRtH74SGFlfgzq,0.6269378920313946
0GoplGLA5SbwWBX7OCi4Oe,0.6440149154116354
70lnL3QaSOIIyMa2X9aVRL,0.6545944707770219
3VGxvsU6OSdO2lWuCWcy1p,0.6551394383255922
2vB8or1KxkjthKijpjH09p,0.6570384868360446
3TZNOCoBeIeMMTAkyMJUxq,0.6704440398361708
2rOFmbfyM0ZF9uwsi5qjaA,0.6728968274298202
2kGflpDFBexojT5vIu6tmr,0.6983471813955111
2Om6rNxZBUXZ1beo3U38rD,0.7032694993993194
6DzXw0IEY1ErHfiVagW33j,0.7057696991494238
7vPhS66JQeI0grgyByCBCH,0.7097044607045229
6ja9N12lzBD1TRuQfZb18z,0.7460078207916025
3ylCAyLobk4Gdf1jTjzVWH,0.7879559369705481
1CPgQYR0lqF13Ezzp1c3ul,0.789966479833662
5Ik0tiwFixQSIkEmRKdHQb,0.7992300382418505
