,0gJBPDy458wPeWGHei3TvO
0gJBPDy458wPeWGHei3TvO,0.0
335euTA8f7wGzHYubqZ1Cu,2.427182612295687
7BuLgQl2AG8N5ajRrb0n8w,2.517164191686398
7a0y5BdFLJdlsqiLS2NJl8,2.5183403581354993
2z1D4PqjWYEsXeXxE6euQ2,2.530569691225237
2QhURnm7mQDxBb5jWkbDug,2.5387574049873787
4USmv48xjR66HcOc3Fh5Tg,2.604596783121484
4nrGqAXIwimqVx0T1ejUyP,2.638048585642702
1y16PXKUnTicVy1IopfAbQ,2.6564765107068085
5Fm0hRkJ9kHQmO3ziYl1Sa,2.6644040501717665
6EJ2BhlVCyBWiy5ydzTsqk,2.6730700235140765
76beKNlzoz2yAxHSawgU5f,2.6778303947799604
1br5vq5KqGvlCTGbwiq91y,2.68953779266162
63skrWgFpPIm2rWP18Q4X0,2.6933844351778893
3lp9ykWetDT0QVEXKVcCa3,2.714595572586617
33JMMgxQKL3zJsZeMNC3gR,2.715733338292942
1xeFvumPdnn887HeWFu1mX,2.7209363937913893
5vj7xvilPeCv3DQgpy9auU,2.7218208744312196
5600nq7TiBraBX2jobyJ3l,2.7218208744312196
6erBgFbW5c8bXwc4DbUiIk,2.7255191818766122
3n622hniaMFIJ6Dbf6B1WS,2.727976250216207
