,0GjB3nK2afzE1DZy8fDsLT
0GjB3nK2afzE1DZy8fDsLT,0.0
5jzICnPx3GiVD2FzvUhP1T,1.4420361653843523
52hRcWmjRNFuVJv3Qi7EeF,1.5556980361968364
3Uvi9diL18dYSUc3vcKk0n,1.5726808182830931
4Fi7fihVNkHPfBZ7KeSXVH,1.6227123485063115
54i1CQFlT3LeGdIVctDQp1,1.6297557488306802
729WIUjxIG67whWORcTYpt,1.6451495670763427
2D2w9943rsnJOGCrI4aMQp,1.695862322566824
5GL15144EEh5b2Z04vue8u,1.7000034896729224
5TvdhNXoHbeGeWtjCYhFuy,1.7066319853346827
1nnEDoSsNqbUMolxXmxopa,1.7072287663396815
7n2qWHQ6l7LnHQ5KC6mUJj,1.7214780791926128
2kE82JhBcoS7mimFO1SqqX,1.7480935090712775
3CK1r5LLARE3mtR4huLIll,1.7615151180228672
5MD2QLnFM2ChpKAh33z0zr,1.776541167380624
0xwn1hcwKZEQTaRTLP0PFc,1.7791766637837878
2uaJbCMrHnzEi1NofTr9ve,1.785483446924397
3ZFYvE2CoxAKCs5O5DFkXA,1.7921772793910047
51KhczDsaLvGM4Z4JzctxD,1.7977349100606883
1E6elLT25P95eXVMshcXZq,1.8030080077426347
3m2aDCqn8eT5ElXDUiboGU,1.825365486316185
