,0GK7vjtk0JBVEAynCIjieE
0GK7vjtk0JBVEAynCIjieE,0.0
31suvgK8vvhfVXyEa2JpH8,1.758412756106528
5XJbLWHhhbmLuRSe2h3Avl,1.7877793343362711
6ZteyQuqj7eC02D0pOEkWp,1.795038960809013
4j9TBVRJVzEPG6wjALFyMt,1.8642213940352885
2mCRr2EjObwLYpYyL4tiyt,1.8724493481118394
0CjJqkWOpIUXdem5hUcxAk,1.8975304305846434
7qYi79DLoih6V2F63VNeOY,1.9626623127075296
3iVcZ5G6tvkXZkZKlMpIUs,1.9639222551798066
1jlG3KJ3gdYmhfuySFfpO1,1.965091882655038
5cn4RhNZPPjt0onhqUMEfa,1.9742213578507988
7bg7YfErUZJ2eyYzNVEti1,1.9773382370429415
4Xgk8q4SoFNLSNrNuYpnz6,1.9779752937551225
3N1bQ9rnwVXIKClKx6vcpG,1.988283020265496
3HhAZV8ngUOOt4eUHovhud,1.991744288042546
6KfZLbHhQ2qwG8H5lIYqUH,1.997881521031384
6uq4CjBN51iCkbwrqc2xsU,2.004232550022588
051NZ3rr3HXTULCEySJRX3,2.006424910018716
0LsPMahsdH1i71kfuT3XR1,2.008470005736543
1r1Y2hq7wMKe0CRYRkdWFw,2.009745827905319
7wMPExYjxfDzu4SWDUt7dQ,2.0132144263916727
