,0gLQ6jhJsyYfl7PrD1RZ7X
0gLQ6jhJsyYfl7PrD1RZ7X,0.0
4R6lfH6Veeuk5T7tgAoFp5,1.6673584225962477
3PhbzvTllkq1rkULafc6ns,1.7322071041353766
2E2Vuq1cWX6NtKuhcP3IcG,1.7428284774975618
3LKGi5hi5jPeQLJQSi9N8E,1.7459184638877763
4J4zx8xGJpuGndrVc06KaT,1.7744964491358441
2NexaZ06wxLkLinZwxf8h5,1.7793942042840936
0cCJ8mOuvpqb3Ic2FAooW6,1.7797099744097322
4BCbjVLVxcPRKzoOMWuspH,1.7812902975956133
1zPn4tfkWfowVG3ROo1wUY,1.7861442807665286
6BGxbBw5J314z6BDxbEanm,1.7914328466592417
1GnI88Q9SjNJIUmvrWs4sC,1.8024549182825595
4fv1bVofsMcwqGZpMT6eSv,1.8098566833999647
38PTaSqKcn1NKafQRdXSby,1.8226501154727266
2wegPppAY5NVEZkQ26HmPo,1.8337986838951792
5NqYo7el2XVOHXkMSrS9jH,1.8371103218997542
03esnE5CZwxCLie5NedKRo,1.846302833266934
2SOT09giYc28fUo9ppjCpw,1.8604840437617218
5VchXoIQe8DkzgIu2pTIEa,1.86239427774884
27SwNPCT06QkpufKP3t5ev,1.8643615400082292
5I6exXg95LKzq9Eb0hCFXM,1.8685068015640383
