,0GLZAwTDFq3yc9gGJ7ZyQL
0GLZAwTDFq3yc9gGJ7ZyQL,0.0
3n3wVc7uVKHbOPv6kEvSQU,1.9040580703570105
3kWEw6EPn0YB1yJl6UsBiW,1.9493319285142297
7u0ixJEZ9K44cTqgYcLiZQ,1.983250074739237
1fRuRNJVZjDU1yKXvarKqW,1.9986243813208482
2SIsCEBQC4DwYEJC2zbZPn,2.0239195176295555
3IMZ6j3mlRQYsatEuzt0Y3,2.0266172505762436
0oM8pW7KOY5t1wxlQZs0T1,2.03182713461321
0AkKwgg6rD4p7EpDlNpSz2,2.0411167555470153
5pQR7OLdUPZBvrp7H0Ol8h,2.062949851863371
2Tu0dSoVzuDGeaCFokhLxW,2.0735422942848203
6aZ8WXZ6ScWP7REE1jmDHG,2.0772783266988117
2VVErx8kbi0aR7O88YdXqY,2.081808775285297
3IJ6BBFLD2I2CH3hHFQj3O,2.0886631504644733
00BnfL75e8vHSGCmwUWbEk,2.090139848837142
6ZUa6qKneJEAOYsHFgOPrc,2.0933494119631537
4hqZsuvsZYJ2XvCBJI3DkO,2.104691702314894
4byaJJOQeB2FPjRqAPEg6w,2.105405802057592
7Iu8YSQ5Yosb0q4yQTLDYB,2.1073624218164158
4Ox7XVntNVTtyYgUTjJ1ok,2.1095335962564445
5dkkwJf1eI3XPFaohn3XJy,2.130538707690378
