,0Gm6yW9dqvWhBO8DQDiLHs
0Gm6yW9dqvWhBO8DQDiLHs,0.0
7ipG7hBDxdtoJqWnXSHFoe,1.695273682227475
6rFEVI8GSrjXBHx73Kllwz,1.9029144287263597
4mJkwdrAJgyQt8k9aFwnek,1.9223444734579356
3iFYuSmn6o6TZXtK8eu2wq,1.9368722632643949
62jN5Ky97gXVoT214SsUea,1.9546720974384828
2pkL5uXoGAF4ZIJMT0ABLx,1.9666386794838715
7GKiBHjFfvPRNqqOuRYqLB,1.9683106103510442
5XLOSBYkeqeoXmO3vWjyxi,1.9824872597513028
731Pa6Gt7GAdADATMSEL0N,1.9843221385218732
7CgMPXH1C0YesTnFl3zUlx,1.9861106432674336
5vfyS6tYm0Eiss7AjkwvQ2,1.9868592804733278
6iuNNBl3qtHJtZVk9Pi2iF,1.9986436839074952
42dbDZX9bsEGqMZWYmnR7J,1.9997672716333559
68p9v7iNM1gGvISIJsbuN8,2.0081647374059473
3AfAHBrU4aubT4Ke9lN22v,2.0086503182624744
4CJmayor49yggBz5Y0nABW,2.0091200298466907
6DpVLCKsNQXDmYdNdcNGnR,2.019238625267463
7xmwLmkoWpghkq8jyEhtbx,2.022396262987124
547DBSmURHs1EjJlC4zviI,2.0348966691158603
5OmTso3gFBvJ7LtkNT0Vny,2.037836017019176
