,0gMjEaJIve4QcObtoqy7pK
0gMjEaJIve4QcObtoqy7pK,0.0
4YdY7NB6lgz8Dg9L7vfjhn,2.1145852834793475
17RXpbE0FzfCggEV9Ec8PQ,2.247889668500109
4FDD1O6U22zJxfnRIq67CR,2.282920004837641
1232dpQqtpxSs6IXaLOum3,2.29681385345644
2EmRYeSZNib7IXsOCAKg5p,2.3468665748605764
0iQJLCJyv6TTPUP4u4y8DJ,2.393275400110635
2CXP6T1s7btzDE2ftTJJ9g,2.3995210375136367
7c8yclOUFeJXIoJzOawiUx,2.400216146277105
7ruylcpwEbeCl3HfB9SSyM,2.402839340831967
2Lf9x6sBqdlHwy3odDiILW,2.4411627722919285
6hxSBMLiIMlWEoHKad8NFj,2.4415750853328637
3td1qbOtbIrvZhhT6FSd5R,2.4438565865042463
2PESSRrfGBuDrJ1I7rm8dc,2.462214747030016
7tGOEsF34ADNB5CUZS4sy7,2.4755575020968514
5Y6j5OOV7RxICBWhPvc5Ju,2.480453207295319
5wIZjekDSGn7TPWn0aL6Uo,2.480566054159483
0CmFlFn5dUsuzx7TyVgTd3,2.480568201227976
5Z5nbOXhsSbySVC7WUc6y9,2.4836087302778034
6SXuMPOForput0p9DTK93k,2.5031036309155277
4niMLFCikwDbyzCQx75Kxl,2.503543181145006
