,0gMpKudmJ2ljDVAdIe9DmR
0gMpKudmJ2ljDVAdIe9DmR,0.0
1xj9LJhjJqErXqcTfOjqD7,1.8471102151583623
4xhmd8qIwHQy8SP0EwZsVc,1.8636860581878019
1ZukopcYWgQMQGUilsKTep,1.8950806662836983
41zXlQxzTi6cGAjpOXyLYH,1.8975009630482615
3pOiu6IBvZKLuZwvogPr8F,2.0063237982343565
4ZB0BYG0GUDPUKSCLslCgB,2.0272246438368677
6u38x61qv7JBIJD4dqztmm,2.0348902659013275
32pTMLGr1bv9Ff5Lk03gRJ,2.037379559482028
5OVIlpHyF3gkk136qREcw9,2.0486192354932276
32lWdB8XvaCDjKn0yBSkzR,2.0642671622283717
2BnfMbmWbfqi7ac5y7GHXn,2.065019955700649
3adfvQ7X2bma9IKIvaRFSp,2.0652888879077103
41TN32U3P4hw4dN0dH6LOo,2.0682285511149034
3tw7RtgcB2E9lofmRdZLAx,2.0691544158156323
4FlsIdIOGS9wG9zhE2YM74,2.084717858677745
5eyTC5GZzpzlN7YRO9AoPf,2.0887507156083314
2SEXsl9UShqKSc3inzSpIX,2.090515015528776
7lLbE90f0JwqowKNSlBxYD,2.0913537824380133
70VukjWPu4TR2xQSRaEwlL,2.1027843028962536
3S2hgNi82ZNHnf0WoZE7Dk,2.1063808738944223
