,0gnoUzBw4PbDbS6AhmjvdI
0gnoUzBw4PbDbS6AhmjvdI,0.0
4VVKAyYt2jFt0ba1TVbaxB,1.4273287753677835
2aHaV4XNKx4K00Lw8GBFBT,1.5940452868021802
7lan617hkncOR369dRbO61,1.629380412793457
0m3Ze0cy8qBHSsV2exAfCw,1.66463654601434
2BqfIlpahcebJPeu1IUTEo,1.6975221172333272
20F0eLQPAPJGiHNoUZyQ6D,1.7088198731314412
5KSI3kzHfvUVMkU7fzLTpf,1.7131643378544534
3KR7OrTW5huABPJNOR1mFY,1.719365690005244
4JH8GF15zuGIfInwEGUaE4,1.7236163341436996
757tJVvkzzxSIhKWVWH73u,1.732025779048841
0JJM039uYLSCtOiYGSLcmh,1.758951224390027
0Lquf9p91A6HQnnQridWWd,1.7679018401344015
5rupf5kRDLhhFPxH15ZmBF,1.771364450508503
0BUnHZCQhlMdSLFSR022Lf,1.8095977793833735
4EEpg53wU8JaiLtyuSdZ53,1.8115860416719227
27TCbhzetyv16eOKKe3cn3,1.8200041365085036
6J9OWimIY9mZ9Bsz6HIh9I,1.8260137717621352
2VrJMuLt2m9HbifGrKWHqk,1.830861409748182
6j8OjTX4qeEjiUdeROQWTA,1.841063460589231
0ToXo5xaIATg98fNtZWj9y,1.8412749817522185
