,0GoplGLA5SbwWBX7OCi4Oe
0GoplGLA5SbwWBX7OCi4Oe,0.0
2Eg6dOam7cAe5turf2bnCg,0.3559454978537502
0ezH9xNzlPDy63UXvZUg1v,0.37808477756240844
70lnL3QaSOIIyMa2X9aVRL,0.44093198253335747
3TZNOCoBeIeMMTAkyMJUxq,0.47492599136570274
3VGxvsU6OSdO2lWuCWcy1p,0.4996010938651504
1OywwhB979Apoaq2IYAlSE,0.5145758453616887
6jJ7hPivVXlKI89s8HNAWX,0.5194741542608896
4NYqp7u6wGgT19BrbAhQmM,0.5251344470027922
2Om6rNxZBUXZ1beo3U38rD,0.5809671936527051
1CPgQYR0lqF13Ezzp1c3ul,0.5957879134317868
5hnJa6971SqZRVvN2FJVCb,0.5990009608603404
6ja9N12lzBD1TRuQfZb18z,0.6043128355306246
4YAwwUM8AvDkl99Dy7uWLw,0.6077421889023135
4pnlIPqSrrzifO9GBqAUPu,0.6100370070856235
37r8NLemQgkIGB7YWvOG7Q,0.6222318427936757
6LGfyv0yhK95t74fHVPub6,0.6318475177196946
4pGCA3BOCADbAAvK4HIozW,0.6339680227967515
5Qn56ssVeZJfNwDCme7Eo0,0.6377621005730103
0GG6YY9gu97vmVYDcZeaVI,0.6440149154116354
2rOFmbfyM0ZF9uwsi5qjaA,0.6650431080687568
