,0gouR5DWFvUKRXXMGjWUMl
0gouR5DWFvUKRXXMGjWUMl,0.0
4wA5BbdmAcgw8Lc5cWCnk3,1.9518487048255082
7EJPFb9clSBzxI2tpFOvN3,1.9550492843832616
0ihbdT5P1nDGwVRUWhFXTF,1.989073295008719
3V35bKSSm4usoSPjdaRGMx,1.9984099932545498
4CwsraEX5dQGUtsAXiVNmY,2.0179949113526847
6zR5rIivVSMFkgzIkVp8l9,2.0182060750444677
1LzmZWMpiPqeEIvaYCzO3Z,2.019200227780344
1T2xJAu9rV3BCceu3YXkRw,2.020970708082329
4wjI7mkqh0Ivjj1q3kE2J3,2.0265715039042873
6X6SdJzxyw7GzxwP2fr9WV,2.030821481390802
00nKdBKPs0F7nJ0xzWbccg,2.0357208468091272
30wvVTkqA4Fp5ZCG0xGof7,2.0371223080008107
4YaNLEPw3MrIgkGOkBrAh2,2.041255757863734
1plWd6HPu5RUGa3kszuaYA,2.04193080454582
5tdKaKLnC4SgtDZ6RlWeal,2.0537196063419665
6c6W25YoDGjTq3qSPOga5t,2.0560320087510084
2QFFI9oHhrSvmnWVCRYLy9,2.066002202133709
5bODPM8nTwwTIE4W9fuUcC,2.067141168026385
0gQrcNUTkpoK5LvNmCa2eC,2.0683648179675607
1o6YK7phnXgsljfWSQQfWc,2.07023952287891
