,0GPJmL8dWcGq4TImQHknWE
0GPJmL8dWcGq4TImQHknWE,0.0
3WqqUS0FcemJ8Xom0YwHb7,1.0918552338312584
0FuigsRUH9SPy5MfhHb3TT,1.1122759082592086
1mpkTTUxWTB3FlO2OlRIB4,1.2069463653241177
3e3W9kBiGUbPq3a7yJx9Dr,1.2194552168337973
1ZB4DrJ1sHsBll5Y9a6jQ0,1.229126960698763
4Ixf6QPQ6xc8iMLWpuM4YN,1.2387652792215063
6PPkiTepGRjymMBwdvlOBU,1.2404702051196796
1jDRuj1WTn6HeAdWx0No7T,1.244602653448849
09dKenoVuQzPRQ8Anoo6we,1.251130327393183
72boGlgSwUK01n44O2tOCv,1.2721659047813834
4UwG5N2eU5EtQs9mhFLmO0,1.2889248656894239
5E6VidlnFqvmJu3SZmaaqq,1.2917218642300206
50WH2WW7dbvRbVFHx9rAzz,1.2935588543529486
3fGzgtqDSOakD0pfMBLL5h,1.2977943471551447
7BPNK60mnEQsJ27GUELFwy,1.304463040584103
6SidGsmaVHOsKgATwdFQcV,1.3227676558399368
2FPYD747rUnfKxgNFv9vNt,1.3310899690015043
7IS1gW5MZP6UcewmrduYM0,1.3325178092094212
7wVA3zxbi89DJ5Jfw7fWO4,1.3356469173174077
7896tlWKyc0YVTB4fF4N0b,1.3370422447583619
