,0GprniScWpiyqEcIkV01Zj
0GprniScWpiyqEcIkV01Zj,0.0
6oFBHDOIyA01QkiEWAJcYS,1.9069182825264317
2PIVkZbTsbdg7VsXDBwiPP,1.9652068404272391
5tO6NJy588hF0zgTCXxKkz,1.9841840731521798
7mbxuUrelaYYu7l0jjiMgx,2.026443840904514
7FLQuyyCaIrBRqNt5l83U4,2.031334946048508
1wdPwN9fNrSs4V9T7bJyUB,2.0443615693823904
3uy2x9gRmXbgFvdGoiGDEH,2.0494637547758825
5wIZjekDSGn7TPWn0aL6Uo,2.0540781821007923
5cQFbwUJYzdUFAcy8ieIPj,2.0545031607756616
2BG26v6582CXhQHAXwByFX,2.058680538410887
7KJYWj6uL8v52z5b4cwTXt,2.059330220396018
58NE0639huS0DWQAEKXsB8,2.0603569165684266
5R6ULmrMRnge7NqwDM2KAL,2.0660982232054663
4eE0t71Al0NV6mw2aEB9b9,2.0668980618905213
1BplQYEJ9HWNR99iN1xtyN,2.0875944656317538
6AYKgDgkBsMDxNFSRecPt4,2.0979819153840253
6CuFNqgHYbHenYaT4u3C5r,2.1023607919314857
0mT5Dd0hY8BpqqxPYrGPEp,2.1058632529670644
3MgDUrtEiddcZ1Fz9piMhp,2.1092643128728747
6O8R2qdAXWvSlUjE7A0mwa,2.113397364018946
