,0gqfQ7Oecx61iexIBW8W1e
0gqfQ7Oecx61iexIBW8W1e,0.0
2D4BSm5Z8Hq5zYbSgJwEOh,2.0975147120197515
7uNg5ObaQ0PIRVjVRqJ7bG,2.135046745525082
6HYpWh15ii8637AQbJdNbs,2.1390738608548276
6588w3GdDxmdtLMLuwf1tO,2.1595805449270316
0x4ofkb0oUUA0sACJTkozV,2.1615451854970926
2zkeX5omL0jDYrMz5A2bgL,2.172104100452732
3Yub3anoLj8w58TVpEXUJv,2.174457632525711
7ormjGcNBhDVFH2nmpYyFS,2.18350084669797
4pHQ9RYFhn3W0ha5KEuMnj,2.1967269828047082
5S412rtmOI9jYAgfUKJfUh,2.1996229759798847
0KZuclyLol5tHbst9sNFnk,2.201855485080219
2CMIRqcGe12yk31DGrnqCo,2.206598278089631
5dyxxgizPlKWun8zGEEMW9,2.2122896335327398
6OXt9aSIr4DSxSR3Qjrtgp,2.2141353838339453
6wHoyI6CdZzsPZq8WoUrOD,2.2150370619707003
4NqWtn0F48GrtDHJcUliQ9,2.218831369694639
6cX1zmXxkfhSvHW82U5CW6,2.221622163329783
1NbdyBCDbLRFiF7wEcg7ma,2.2336682216646615
0nJW01T7XtvILxQgC5J7Wh,2.2368067675508976
4lOSYfq20gkKbIy40FL4CQ,2.2438631128075652
