,0gQrcNUTkpoK5LvNmCa2eC
0gQrcNUTkpoK5LvNmCa2eC,0.0
2cdMeMq02C8OYHcMqm1OW5,1.9109704668343144
5slYHr8Bwh2uLYAm9dJmiF,1.9337192360574111
0KBrrDeIdYNQgeK46AgMEY,1.9516221112420065
3fJ2gS2uZiUx6cuNXktj1Y,1.9614477111357234
6mDoM5FGbr1Or5nY9pTnLy,1.9774065860521781
7ehvyx8K9ZRbOofjeUyIic,2.0137380431542575
0gouR5DWFvUKRXXMGjWUMl,2.0683648179675607
6J9OWimIY9mZ9Bsz6HIh9I,2.080998743754734
5k6ioThKIxeklkIt3MNJjC,2.0814054767380528
0JjJGeUbFqCRe4nKNVCAz9,2.091391938350969
5RJhYnzGZlOfmD4QmWnU8o,2.096170923109069
78P2cNBhbdjXWIRYuEXkV6,2.108881599368273
0S001mAQoYNpTyVRu8BmMp,2.1253981686948586
5z6DqwGo29GPPkl6oPBkiv,2.126747953915529
6X29iaaazwho3ab7GNue5r,2.1283854942115292
1LzmZWMpiPqeEIvaYCzO3Z,2.133493676778056
1SLJMJuyFPCqcTaXD9PdmG,2.1480733506557486
6X6SdJzxyw7GzxwP2fr9WV,2.1481793500679505
1OutzYv6YiN93lrT3pJsWR,2.1492720521517645
51BroelKJaagm8GOIVFv3f,2.1571807502866402
