,0GR7iJLhj80KD5LkA14ZRn
0GR7iJLhj80KD5LkA14ZRn,0.0
5ZSIExfQuVv69tw5Qw3yDl,1.4491579875622371
5em6auotB8rsJgWfpO3wND,1.5280508677645497
7EKlg9CQDCF84jJcSnC2x3,1.530168152052636
7uEnKeJvIa2fxwVBL5IIJk,1.5771163994026012
5W9QCBJ6Em0XWX333YrNhc,1.6415945683264792
2uCncSbMLOMF6rlA2ThdGO,1.6507888977514233
1fRuRNJVZjDU1yKXvarKqW,1.6541355563406954
6Mz7ULRwNSCOdut6M3tNs2,1.6869199513792301
6pRkwu4Pt9d7Ki6g4ppOYj,1.6922651530424355
2Nfd2ITp4WkI1aoZlYpZwg,1.7008173906031143
1vc2YF7ZvUtwr45HNpdGch,1.713197385562514
5vRE2lyh7sE5Mn1dMF2Mps,1.7226126054154651
2mGNwWwxfbcjYNLxKOXpuc,1.7333403625486832
5DO1SazQppcsKQ1c1JpyQz,1.7486182396917653
7lwbWRZzlEmks6tVuIZZn7,1.7523070024723433
1wWRtPIKD7ZNvtsrzLyTev,1.7529351210819764
7eBqSVxrzQZtK2mmgRG6lC,1.762867168306933
6D3pVOWuSHOZQrtImim8IU,1.7635056437455612
4W598w0KcHVG5Nwqk0qMpj,1.7889221677459606
2wj0P6nrq1EEA0azma9lVm,1.7924129382228227
