,0gRbdp7rmKN6l1lRz5PwGc
0gRbdp7rmKN6l1lRz5PwGc,0.0
4YhjssKmqPdO9qOV4vMR8a,1.7812782185111253
2h97U98Z3AgF7RjKtyW1c2,1.8520739341431691
5J47US3xIritcjXjVVFzMh,1.8966738525627025
4UrkidOpiFFVMJ6bRdICp3,1.898428386486864
7a4mTLsXkBfRrakiKQVCTQ,1.937517743705278
4RSYgNxty83tnXcexSdgVA,1.9425311151309046
4dIkWktTqBNtL0FLsG16iG,1.9430533114703026
4cGNEByoQ3adGfq9rFGH2t,1.9444851659104239
4FR7fPfbZwNFajVLn4Bg4q,1.9465163476242227
4esu2pWjSlNqQ1D2zFxE4z,1.9553315134728144
0BtPw5uIy3oYByTEzljyNc,1.9630581969453833
06whM3ZB44hpOnF55ysOpc,1.9631397324226536
4kSKacywUJHdhyst4PL6pl,1.9782776085589058
6AAl7AECcCH7mVGNqHGmaI,1.9842405611174914
42vnYEEJ1688pX0CFw1fAf,1.9970551033612556
4UpTOj9KRe70ar0S66N4Ym,2.0025099438105545
5wIZjekDSGn7TPWn0aL6Uo,2.0089876367541377
6BSfVPsVr6zYOXvHOUggfA,2.0129661616947963
6t87wHYpHlTwOctOS6GKXa,2.013264276758706
46aacX7ss3zF8QfOmbEUCH,2.01404375071208
