,0gsDBm94QELEJAcGS59f1b
0gsDBm94QELEJAcGS59f1b,0.0
6GvXJZ8EQuUWzthpPFLr6f,0.5862031155742795
5LudsNWmB3LFwx4YMHWysA,0.7077640382097461
0c7V10APHbimDgQppV8dFz,0.7080574212359909
2FHQ0wvmcZpYU4mSY8gVoE,0.7147727185878201
3aLVNUO5nZ8K7Ch7q1Xhz8,0.7164280073812973
4BH5hK3lKiL2oatCHOWEak,0.7245522027846703
78R2j3ziLaznbWEbiPIVqe,0.7357546228016124
1ehqvjaXeISQUcgsnzdzWM,0.748754849642573
7zJYcHUkQ8acslramupHgv,0.759712130544033
5l1WXQ7UZ6SwXoPvvG7fPc,0.7649863018343317
36V7bhzrhND5w4LilDWTAY,0.7693751063602886
6kwH41LJ6hfxlGn2c4oh6Y,0.7693751063602886
2tsWBF3o5g4N2piepzJY9v,0.7693751063602886
10V8oTOGIEfPr8aTHCuDvX,0.7693751063602886
1rDdFUQnX3fu7LFrrBgTOv,0.7693751063602886
38MOX1Bw90OyP7zkpBlbCj,0.7693751063602886
0cTF7AXUMetMKhwxaHSN2K,0.7693751063602886
5b7lUXrT4NrbRS5vvZdpfn,0.7693751063602886
5Nu5Uyoauauy9LFePYL1Z3,0.7693751063602886
59wlTaYOL5tDUgXnbBQ3my,0.7693751063602886
