,0gsjyWsr6W2kjWcJGeeXNT
0gsjyWsr6W2kjWcJGeeXNT,0.0
7BuzJmV2h6eBbSDdRaDY7C,1.77077918322572
4QaeQX43q3OdWE4JQxomF8,1.792328558021672
0rlzGuEgluLExBK7C1F6pb,1.8365577343833157
5wIZjekDSGn7TPWn0aL6Uo,1.8694713999110821
5IOaOZrtzPzjYNbJwoY8PG,1.875971316643962
7CiEBRYU9Yv6MD1TPZQpWj,1.894255723952904
1uqukhK8JUrjBnbxB9KlS2,1.9257430021309139
5R6ULmrMRnge7NqwDM2KAL,1.9430461840428341
2g0xsUTDAvNHPVT8TBp1DI,1.9455291849869472
3gZuENvQgnjcqTDbhRMb77,1.9559930584162815
7dB1PiZseXwBZSObScI2nH,1.966292985010706
7bgXapbWSLtcehI95EOn2c,1.9675296330164438
1NkjSBBDOYB4abj2ieO8XS,1.9675568193419786
3L7GqCjU0FHXuzhLskcKAL,1.968637174184914
4qAHuJq5T4Q97EQZG47H0P,1.969170290620049
6TlOU5zqR3533QYwjQUdGP,1.9748165230288912
2NhhaRX38TZvLlF3OY5uR1,1.978963922546215
5mD6Jnx6Kp8m4OYRorsi7V,1.9823249234428797
3MgDUrtEiddcZ1Fz9piMhp,1.9956817301520053
3LMBDHdxjHWkYS0cICXRa7,1.996668124904774
