,0gt9iP8K1KuOVw84jmi3fE
0gt9iP8K1KuOVw84jmi3fE,0.0
0ELWm49HJEJqIvqzTdZK3n,1.9593093116761429
1y3bE5i57eUm3hfLAc7h08,1.9624354690977035
2dgFqylK6gyILa4HY65u0y,1.9924975512519025
4Xa63duiW1dXRZJZV5JSmA,2.001284734658844
3LMBDHdxjHWkYS0cICXRa7,2.0034898671848462
147ximWPJObFNQ4M1AhFox,2.012028157471928
3IUEZsFIQv3QbE5K15SbJu,2.012473732912524
49tqZFkI8JJXAoYWPxiHdb,2.0213206638264785
2PIVkZbTsbdg7VsXDBwiPP,2.038880118137575
4uU1MxH2J6PInVrCUZUvu5,2.0539633011623377
6iXNLBkSJfy9ecCMv2shKU,2.058068011968735
0w9YwCZUh9boXADGk1tbu3,2.060353608079977
7LB6xhGZ0jCbP3PfUDA7yw,2.0603680222171765
4JMwWWZXsqDy55G1ZhGV8m,2.0608429706463145
7xlIrLvCs7digqxVI3LKMM,2.06652945090416
0QnQZOelJIQEWC9Tt7syOf,2.0710489382946107
7EbRVU97goqzqVsRhXsXZ5,2.0736325164281078
4RUnjhmY37r2MV9cLVpOtN,2.079982131750607
3xKsf9qdS1CyvXSMEid6g8,2.0812911053017613
1Zo3v8Eg1Ey8Uz6u2syxeW,2.081777955517397
