,0gUzLX20GERPkoGHUJgxHk
0gUzLX20GERPkoGHUJgxHk,0.0
0MAior6fZ9hfPgzjphQLXk,1.8133422364473408
0LEAftgSm3NfbVuaqdMwN5,1.8230311521964833
5R7HS6JmnK8WWjxHaAU4Q8,1.8257312603556608
3EQVKEWwvLclt1eVXJKV9V,1.8516879318158646
48HSUrDZQPVeWuVckLb902,1.8787182858414244
5muKpboH0luhcFYs3khVcq,1.898039640921758
2LMkwUfqC6S6s6qDVlEuzV,1.9015053325323963
6muuX2Xmew8Ga7OZZ3btSv,1.9134823689147844
5kxVyCgEUND7E2QKG7JmoF,1.9200817229233802
2BqfIlpahcebJPeu1IUTEo,1.9280961511241124
4aYnNoIQjhfTEly3N18Lh4,1.9368422573557702
4DqHbPrY0nKnieLeCC0pOl,1.9420018164228687
16VNQF6gEq03h1ob0jjyuK,1.9425618860952187
2AyMBBR8dGKHT7tBuUOFao,1.94479495865804
64ICrhXuANvFTmJutuZJ1k,1.958347798316123
1Hn8Mo027K6M4ZSTbTrj7h,1.9648865730995964
3DHpXjIy8a1o8RPdWmJFff,1.9658978415223196
2QyZQSDzRttz6vnN97gIvZ,1.966953294939445
6ev1T5AZx6aNHzeZBDWUqp,1.9678637151296987
6ugF6MmSlxIStAHzvdp2rA,1.9726480584290544
