,0gv9o9mPK1JQeZd3eMFdTa
0gv9o9mPK1JQeZd3eMFdTa,0.0
1uG8v9p4cnhNyJU3m1KwUa,2.0627632494623205
4uh3YVxkgqeVmFNgRSI8FT,2.1830213456005527
7a0YvS8BmrfOtvG2HpPpE9,2.2331574270131216
6zzWHG3K5hPws2luM4LTax,2.235534543253472
5raubQ8TVZTJO1PFs2bpwq,2.2497113089667193
4V0x90QcMh4ZxwHzEWOdtK,2.2795840755237187
6qMiZK4mGuCRkVwRFds4Sm,2.281783147625682
23zoaFj0dcAymtTrIRad3G,2.2880618207640673
42JgHvkBiAc5ivo0gvVRvQ,2.3224512069885694
1LhMopPAallLeaeNutqbgS,2.354332112876553
7IMEujWDpHQdMxtEGWDp2m,2.3562383663818838
2ray9NV8csMwj6zvL1VYu8,2.35689931606648
0OBNXQmgxgOtCLMZ2F2Y6W,2.366971096536084
346FCrqgspgKmXbImeMHgT,2.3756490865179734
4pp7VqgssnQtlLJg7LIrkO,2.378670463499758
1WoEJfK8R4vcVOi3pLDx0H,2.3940068297321684
2pX0XG16kztHwnwZ0E4Kst,2.396129485057379
5TbzAWWc5eJaANpA9kfGCd,2.4014054819588746
2SeSSX9VmBZ00pMZp128BJ,2.411616624041515
1lVxqyb7ClAP1IjeE50XD8,2.411856067523133
