,0GVBPuCT3pBrXCdY3Uiy5B
0GVBPuCT3pBrXCdY3Uiy5B,0.0
4JgnFrlB0LO7UiiaY5H94H,0.5436452680342754
0BvEHGefBq0jz61NJ9JLPJ,0.5643190449458337
4i42XI9RT6QRSoaKN8GT8r,0.5840511926774222
4HjiVbjQV3TQKGcqiHZl8c,0.6924101914297764
5nbUosnMlq7ssdxXJnS7tm,0.7952239694800172
3npAFR4Kebu8TzpOKWh4dM,0.7952239694800172
0wxtV7OjnFDfuGdi1WoTxT,0.7968461456131493
6fiBqVve9HWktF3KkWRTmH,0.797240652339708
6JtUHAH22sgKdPmwNhAWD3,0.83545422991793
60ezBer1XcUYoyIxThpwPh,0.8548238247335144
32X4JWt8v06fq0Ofy9q58d,0.8794217197774856
7baNYnxas4NlQXcoj6kSmp,0.8882675218407692
77It1fz8dwAVneUbZA55W0,0.9020631519437876
4PuDBnGYv4asZzwJIlyOsI,0.9200968270096905
0OIUi1vNj6msjjhGtjYJok,0.9382045376164516
113XoYfRyakRO2of1zfELx,0.9496558406687904
40PKmnMq2m1mAfOZqXYuYG,0.9859840344659037
0JZfozP913DdM4jUbfRlOq,1.0158871516973056
5KDt24TFSN2IxJcssylfux,1.024045570536831
5wlkpP8iSUYmEaEArX4eHI,1.0319529661827587
