,0gYyyTYIzKeqobVB9Wxkkn
0gYyyTYIzKeqobVB9Wxkkn,0.0
1NmjzfxyAN9u5EaqHk1uIY,2.056436718538446
4n40hvXBCDQba3DO5BOm6P,2.2477814875964626
1QLw3wWkOcDCiIDO8xG3v0,2.267092554809921
1Uf1wYxIbhy2U4Y5bgunNi,2.2892208816447974
63rpWH4fcjeZFKiGJcMR80,2.2910813312697322
4UDXtNmX0ZL0ipGEc2aBwL,2.303179341233086
7b2905bQNdxkXxkrzBSK3F,2.331542841358641
4sysodfcDge2xfISFXYJOD,2.3428467802058965
6rsKeGcs5kLKCnLQGUM0Bo,2.3455186318328423
4Wb5ywdEB91XYTNRJuISjO,2.34729914526478
0R8P9KfGJCDULmlEoBagcO,2.347707354531499
7D4BVAlWP7bXWywcTXCjVr,2.3512727924017027
1PuQTv1Kr1gzLgVeATSuh6,2.3517618731094427
3rjajtxjHBcDlBaWSkhQFL,2.356513679126649
4mXpV4NsejEy4MGSVNESrd,2.35891281355258
1vkXc8Tz3dZGNZoU2WF3la,2.364546410006473
1mbvtW9baYNmRZr1dVa985,2.367183375437802
7h7auhB99KXrWRLH1DUGbP,2.4022962025987353
5nF6lvOl0RsTVSiGF4oIAk,2.4025276948723966
5yToLVK4AK0xPNQzL4gjQK,2.406733355062394
