,0gzqZ9d1jIKo9psEIthwXe
0gzqZ9d1jIKo9psEIthwXe,0.0
2cjgdu1MVfnVShIbLp3XvI,1.5079972833075073
4ZC5CIRCmbQYLYmqacomVi,1.581776312899565
3vNFsxBbA4dPkymPF5Jm1b,1.5873830605906565
7IBaWJgk81AoQs6K3VOJds,1.6114469577856028
0rlzGuEgluLExBK7C1F6pb,1.6190078765368143
5zCszMSP7231ZxdVHkJuiA,1.6750831098897703
6ZJXlKG6U7FkKWNL6IMKDC,1.686401546835774
7eUVluJU03fnTuCcNC8ITH,1.6888514475386431
3p7K5JD13wRJV4NP6jHmTc,1.688899465925965
7EUcOIbJSePmXGvAe7G79C,1.6898367098471807
5mioAq09NL9Q1j9Aam9jv5,1.6899977747248254
5KGbRvZyVyKP2AEJMHErB4,1.6949476545597941
3CJdDqehVinU810wsTjt6v,1.6967293237254353
371H6HjS4SXGbQ9IVfFUIL,1.7050391846916082
0CjJqkWOpIUXdem5hUcxAk,1.7061712437678
6YU2t4IIDqHE0rbCWvEURA,1.7128419608855734
4ucfQOYOe1Jz5KqCfpGobp,1.718068619064152
2mCRjAknG9a16bJBariun7,1.7211105242513776
04LuGNqUpO3877bRLwvOhE,1.7278023074492188
4PjP1pyA9pDDByAheDumTH,1.731235069213592
