,0H117ffxP9pOWGffiGCY3L
0H117ffxP9pOWGffiGCY3L,0.0
3ZFYvE2CoxAKCs5O5DFkXA,1.7673997023740973
1UIUkZtlgyrjPcH2agNomU,1.7714176807233861
6bXumqOghUv6qKeKOdJ03H,1.8157970506406564
54i1CQFlT3LeGdIVctDQp1,1.8273992569125899
4rTKcxWlZlRBvxPlwy1pzy,1.843465612776663
2U214OSw9E5ykiuZvX8p4n,1.893381094542405
28ApZ68Kt56d3npQzo4eN9,1.9050031586058114
2uaJbCMrHnzEi1NofTr9ve,1.907337341556401
52hRcWmjRNFuVJv3Qi7EeF,1.911786188179858
2L8cFPItBljPNJgPjTnuIf,1.9385675067613863
4QfVMnOYuE5Ah7E4g1p6Bx,1.9427251078156613
5GL15144EEh5b2Z04vue8u,1.9530081221919373
7pcUAvuj3ShdfZIQMOzuAt,1.9646190700141464
0pT1DW5RUHelpBMyEgWwaU,1.9662594145663828
729WIUjxIG67whWORcTYpt,1.9695314154549368
4tUHRIoPI8YiOsNOUrTomJ,1.9872433198906776
3C4FUqrrjuvWoHwsumWfIu,1.9920385384465122
6gNebIZdqveOrVehCmgE8b,1.9952107243094113
3BZvaP0PJlHxwW7Zbd4feh,2.002347730961453
7dqTTBinfTOsp4MZen0zHC,2.024009760255366
