,0h5cHAx4g0l3ppyxK6OYtd
0h5cHAx4g0l3ppyxK6OYtd,0.0
3I7nvkvsaY9mVQeSOggOBb,1.8826577832202016
4mJkwdrAJgyQt8k9aFwnek,2.160167548115705
5XLOSBYkeqeoXmO3vWjyxi,2.2136220657527694
31nFfi3gUILpx5zfuPvaNz,2.2234709754613413
5IklCIP5ImjFG3VoykD09A,2.2465911793429734
27i0rcDTtsSjkTxoDk2xZB,2.2678471489266143
6M45C0u6yfXG0vMFNLwhay,2.269104613185016
6Uy6K3KdmUdAfelUp0SeXn,2.2945092910196787
2SoQaB0BbvLeG9kAKolPX3,2.2950246029834513
05fmLn8tNYb3ijIH2jCLPb,2.304144737930691
4FjiPkOja5Z3xWsax1oiy0,2.309390744747673
46OFHBw45fNi7QNjSetITR,2.3161104720892824
7vmC4xb1DwApE3ZmWRpWO7,2.335845838456178
3M0p7XDV85pjBOiXQPIsnv,2.340482330915445
22OqansuvEMQu9W0EfiGTI,2.357577611220189
4CJmayor49yggBz5Y0nABW,2.3749705222632915
4Zz040pU7i9bWoSyoeahKC,2.3817625687952217
66QXyC4ndlpuEiTVB3VLUF,2.3879899991066025
7CzxXgQXurKZCyHz9ufbo1,2.388903881288305
0w2piYWj1F2bzUftzGJgK9,2.3979558872089273
