,0H78S0ZDqfiHNstahQMGaL
0H78S0ZDqfiHNstahQMGaL,0.0
4HFgjKulK6EcYd1xZoyKTe,2.6193501379399105
56TQ8yOqAzH6uvUzSDSGtA,2.6193501379399105
1RRZSm4akqNyMOsPUhw4cb,2.735234649241764
7xstjkdIVafAualSp1GwF9,2.7483520123600322
5L5Jq0WxDQxGzUodHQgJeG,2.750364757948512
09N8D0V8rZm1JEOmNYKrKr,2.780335325696213
25K9cWrxNv991UYiOzBJqR,2.8066349960969665
75Wq5C0oTeHI374K1skNlE,2.8206921127255695
0O9pHkUWSuQ3nIB26pPBTT,2.8310915675671313
5h9etcHD1K0OTljIAIw0Kh,2.877842493883306
5VpIBn3NjXLn0yA1hKeh2T,2.880827150024316
1X9YfnR8aV8pSbMK9idV7V,2.930156476307048
6wlRfG2sGpmhxyqCDK45mQ,2.9356309726888323
0SPGL2j5OrG1L7YvP6tT6X,2.938638193719434
7KZppFW3q3SmdTEoPOtqod,2.940979448651055
0YxybYQuj5YyWKT2EipBXx,2.9643580562685146
6lJbA3HMQlOI2JMdKbBKDi,2.965527590485066
6Rr8z4gt7bIE2A4nCaVkhV,2.9772863235793543
7Kpe5xYYkGWm4cy8jOwKOy,2.9793946853868536
3DvREgY2Bhl5hpEzkgloYH,2.9992302529881587
