,0H8v07iynWl967MmPci9YB
0H8v07iynWl967MmPci9YB,0.0
7FYH5AW3bVfZHJIQpq3UOA,1.787320536416578
2wj0P6nrq1EEA0azma9lVm,1.8320582812011013
3K0sVapHNSSeJ8o4DLHOJY,1.8845833359986333
4dvejkvTqHa8zjHG8mwBSh,1.924896248756115
5em6auotB8rsJgWfpO3wND,1.9384467646932197
0sMZD2KXYkkR0xDZiBoI7g,1.964472300488317
5W9QCBJ6Em0XWX333YrNhc,1.9711166320042977
2mGNwWwxfbcjYNLxKOXpuc,1.9885688690135646
76g0a2SWBucEFXVZbl9rhS,1.9953854089104477
2uCncSbMLOMF6rlA2ThdGO,1.9962170668889145
1OCIcUzUTS97xwHYqSBUAA,2.026297283405627
39OsanyhSbUZIYjPPNeeO6,2.0505884833170898
0GR7iJLhj80KD5LkA14ZRn,2.0645585364462784
4Bt6a9i7RnygXmYLHbmKIJ,2.0931731344727105
5ceZmQJzMQ0zZt1iJXkb03,2.0952968175060653
1vc2YF7ZvUtwr45HNpdGch,2.10445918074435
0HO8pCseEpgozNi3z0R4bc,2.1130407981361983
4BP0An7SXctTY4kF41JxIQ,2.116659387660644
0o0sbV4oT8H8gb96EAoQkH,2.140078063122186
0qCJuVo2eL3wMBVqL3oTjD,2.1424007845460435
