,0h8VaEnpNjVQzCYOFDgucS
0h8VaEnpNjVQzCYOFDgucS,0.0
6L42Utj3rnzJsJXwhUUwmw,1.3629622824806593
2OCF4vFaU6r4ScYeT1RNTC,1.4637060261703632
6lDITMl8ffCLbhuxy47eua,1.472860612946747
1FtCIt8zecbYf4mKvqJ029,1.4817587459317525
69ho6gqRw1Rjy56tXlvnqk,1.4872290820455043
1tjHKKI0r82IB5KL29whHs,1.493826560454633
6f49kbOuQSOsStBpyGvQfA,1.5108889629382283
0zxavcxox0wDnzDKSZWvMf,1.515453398795383
6kK1tvN0YOoUnRFM1NSjsL,1.524751630611408
1khfmZTlbEsCi0VXylEJSQ,1.5471249036669394
7uyUXNyOEJUkYV3LbcHeow,1.5616601258995144
3NU0MFGJ7ZhDPuYWXpB2xd,1.5636000484876909
2zyXkd7RFLgYyvgsQk9bzi,1.571693055560948
7qlHlC6er0DYWUvUWZpgk8,1.5892901569654185
2MCBSxOnkMcVkbaLplGYjX,1.5904962383899814
2wegPppAY5NVEZkQ26HmPo,1.60129855727269
4cdSdpRnGCXnwxjmHN2nb5,1.60282213640369
5wq8wceQvaFlOZovDtfr0j,1.6067211105002408
75ZOpHTdeAfbCKZMLcUaVp,1.6085391783779386
5I6exXg95LKzq9Eb0hCFXM,1.6095460418284273
