,0hAMkY2kwdXPPDfQ1e3BmJ
0hAMkY2kwdXPPDfQ1e3BmJ,0.0
0To5xGI3oTXYD20z7pCQ0n,1.655237566464075
4lyV7BUIrW5XAP5rX0v3LQ,1.6749332184793797
4ePsYEI4wSp2Offhuw8RmR,1.6763636514265234
0aSgzAUObtmSSwh1yO6shv,1.7000240433118914
4n7XIt64KNrCeNgSzumGJC,1.7040046001267788
768RawbMvID5MrxZEjznHx,1.716909124137258
2Q2goPw362zGPhI7935mra,1.7234138546846518
56xPWlaD9Lb5cYVX1zn3kU,1.7461456927638306
6cFNmW8oCIzSYqFXI60BmO,1.7499690201136175
3bOMiikGJMKuP0BrR1K7bS,1.7532360111406375
1iby4dIb842e6gJGprzhCa,1.7535912364151038
429wX8UGtVFTtR9vy77CAk,1.7539537057276666
48nnqkmwmjZ7ohyShSyKAm,1.7625869768622477
2vaoKrieU38LtJAYWXpeju,1.7780123277550506
6y0tDMrNysXshULtc6a5tS,1.7872241644935993
2l1E4WG71R7qj0jnBEyvgb,1.7887152624799267
4e9d6k71fCGGRpZRb4tmvz,1.798942464927822
01WZpX9Ss7ZexSFX6ntYeO,1.8088199936709273
1JGhCrOUIPdYG2n6K26SXE,1.8106041765082779
6uhqrrrgiOrWL2jNoc2KV3,1.8159796631142093
