,0hC6Xzj5byd9TD3p5gClkC
0hC6Xzj5byd9TD3p5gClkC,0.0
6zoiP8OWFfvfnSbEYHO9ma,1.7944121225489282
0qksx8mV28lztYIZ1om8ml,1.9838928468098163
1uLwVWTOpMqNkBsjpR1WB8,2.043035143210736
2p8IJfP7f5A2FF9uR8hlss,2.0742754826036154
6gP96LkVbgYOqRnywQCyMy,2.123526128885659
16NLGyjwnvXCKfAXQGYHJ8,2.129893098188196
0UW3PzFqmfDW3sAqLwC8PY,2.1313005917048167
7jesak0SDLqYO7SuFaw8s7,2.147466527728462
3aqd5ZizbDDc8BCTX7bfLY,2.1512815077659684
5zDVyVBJoE0NVUmYcyvTny,2.1719957155140968
4XRUKxDIn28c7uHEzbGFgj,2.1797689820081536
0mL0LFUwNwNRcmbC8mnlYX,2.183333648314307
3oFm9PLUTytFcnmV8DO68G,2.1863815202842334
0JjJGeUbFqCRe4nKNVCAz9,2.1908464830519794
7vzsz8qe2T5ubnu08xPsMU,2.20321416939864
2a4iE4k1IkIswThuJ3ROsw,2.2079535705428293
5xwrDIk6QdaqbvHy0cuBbq,2.2241027757878156
5GyzufKhA3l89fhW9zB48t,2.2351353974046115
34oB5r0lcN3fYWCs2uA1k5,2.235210004972237
0KIUaokUSznZ7FqIYsk0Nx,2.2416141616521337
