,0hcLI60oIDQks2HlfZuDnY
0hcLI60oIDQks2HlfZuDnY,0.0
40xcrghLmBuKzRFSZ6klGZ,1.7786551094600824
6mvUEZjOYQ5QbXlWv9KQ4Y,1.8979586302838112
2kky2FdWijLG4YtQdtaB8p,1.9550917739698268
0IWfRXJEnUXzwk5eeYTAHu,1.9793321333416103
5Y2VkmfbOJhTKFnUkH8ZuP,2.0048112690568627
3CgZqMmxKBRmRcrEZrcIDa,2.0078300974050967
5dUR0lnyDsbN5TZF64tqWC,2.018324867294356
3h6REaoQnSAn0tQleNo3Qp,2.0203836531212938
3M2PHpiMb7np41m7dOCnQD,2.022301522579949
4znKS2JCN0XPczgBOIwBPu,2.0285224596839653
6fWinr01LrCd52zmODbu7O,2.0496843107274603
3lbfy6AavEGDudGKKpRNDu,2.083891938454976
3VefJ4Kkzy8zeOFK8omiOd,2.0895568568454026
35LDid9nvuYrUyZk5qGD0i,2.0929705119522466
4eZzrQbvC8tKwkrf8bz3V8,2.093997786283657
6ZKkWBVnREk5AYc2nifJ1z,2.105032716247937
3NgCCVPbOUc250q5Ch3TJu,2.108642729878373
4xFbDRt2WK4lKAW7fAaTaE,2.117226447186181
6t8Ucpkps6s1RifhgraFOu,2.1185977183654474
6lzlRAp5VqLLF78PwnfHjq,2.1293176971200043
