,0hCNggOhov7e0lH9TZx78L
0hCNggOhov7e0lH9TZx78L,0.0
2QDH5p5aFo1pZP7ASEuiJn,1.8280843457638367
4ovN6grha3C4Tp3vaNxNiP,1.9267624984153535
5PeguKYcJWWscfrAk3dxId,1.9624272135303915
6xOfafat53w1yN8NfsAwcq,1.9630604917711065
2D9BrlpeyjXF0vli2dYQ5V,1.963775225348225
0mzdb9UGlba92FXj9c8Jlf,1.9851779041609559
7qSeh2DAHZZ3V4fjnt0EeP,2.0147915766912585
3aT4JIJewsuf6lMW4U0rjK,2.029863081530865
1Y3gHno5oVeBYk2YOccgX2,2.040005500018802
23CT5RCCZ4k6TzVYdZNrzG,2.047844013525909
630svau24EHHzw1kNk0Bdq,2.057892576671936
2OdVOlCGYcMFIEh5Y9IKyI,2.0696307219044154
75pOOR8GRCA5vTNglnJGsH,2.0813865175071506
2flnYutr2WlFzi6ZpXz8ci,2.082842120797443
5IESFrcaw6jYbzjUoCHidl,2.084064686193575
4FCb4CUbFCMNRkI6lYc1zI,2.0949201755324403
507CAAcWLHC4m6uGLK8ct1,2.097381526262561
4R24XFfEAyEQP0MzY6Q9Aj,2.099868232755651
5hueioKtEJ6GfBvj1JyTH9,2.101762952680522
5QcXv2olyooZY0D5V1xzhU,2.1163631098350892
