,0hdgBCsgGuBP4nDXQyYxyx
0hdgBCsgGuBP4nDXQyYxyx,0.0
1RZsDV5GVR6Fa7Twc7A8uS,1.6613242577506113
67CY1sdwFSvQQLcEajOj6C,1.8429311188534878
7i9763l5SSfOnqZ35VOcfy,1.8429311188534878
6jsPzGxZtgPFUVMHOMZXZp,1.8573226247699588
5tBr7edjxkQkeu4KqFU9LP,1.8579610111983536
7frnrTzqCZCbMLZEwioXPo,1.879784827320652
0jOKElmLN3iX3RZCoiRgCc,1.9087541248867321
1ncRLWYXmx5IRrWUk5nQsq,1.915258532806385
23sbjxh3Q6D3MWWapmJy2c,1.921616940723803
08r5ou7k9ZaLiHN8TX5RWo,1.941129305884349
1mRyi7vfCdLyQW4AeQKlnD,1.952310974098883
3RciEQxS7PxtLqMs7OwRsU,1.9656727107227754
7B8TA3WaoMiKZ3wfnF7PgN,1.9993116230343884
39KG4kom3enSx4GTThuDGt,2.00536700491228
2k9VkRK3xRW1THgajCC7Yt,2.013083946051764
4pHQ9RYFhn3W0ha5KEuMnj,2.015649548785155
56sWRGGeRFWgFhrMOgOyZC,2.018450565527437
0AHJWgA2mLYz2iFVwbCeod,2.018891523186324
6zQ1OjnGS4GiEOHje3tDX3,2.0374564968514686
1ZJMcYzDYRVO2W7I6lfzUk,2.0427758395470157
