,0HDrzBl0nHUioiFvG13iy4
0HDrzBl0nHUioiFvG13iy4,0.0
0yDr111P0vlLbUPyCJWgu6,1.5072992116981914
2DS4xpPos8uCYNO7zdxkPH,1.5741277943140939
4zcWdqDGbCgoYewvhqxExf,1.586529051539695
1hP67N0ybv66RJvnC0ajxg,1.6196899585386237
6vnHHqwogh9t48kzGpk7j6,1.6312184879769658
5WqcLwanx87IgXy3WxYxY2,1.6321958322030545
6nEQ4UEUf5GbFoejzjdTj4,1.636128054770802
52RNXdIZ7NkqjNIz61Ap16,1.6463304885753667
6dl3hiNQqHQujGHXq7U9nM,1.660216949592217
600VS08hBDKkPt2vK9hfD3,1.672750265112106
7eZNjtJ7bn15vsZZcK8aSA,1.673471123901309
71MPACGISFPMVKP6swcZzU,1.6736374315285791
2QayL5AB2qRZN3zsBIZsuP,1.6752382465519156
0tNkCx4OOKJNNvTwYHFO3j,1.6797791603188823
3IR2OrBS1mdp6kyFiZJrZ4,1.6818549665313738
5kYv7Vrwoig68n8JO2xnMN,1.686661630875726
5OJ5utPWQbBRmGOZ6HpxgO,1.7003428978843496
2LMkwUfqC6S6s6qDVlEuzV,1.702759261482124
5CsBLUEkwVGCscVczSlF6w,1.7037620060967753
5NRyrdfQwwQ3rgSkBtNMcw,1.729326324768942
