,0HEckRWFSknIupbGzavk5d
0HEckRWFSknIupbGzavk5d,0.0
5eUlGlEBUOkEkjlr9Enro9,2.1315826467627104
2c4FRqXnna2YeC4lShVONV,2.1573742866197048
3FjgMkbbUfQGziCz1E2r1P,2.1693480411576562
0iQJLCJyv6TTPUP4u4y8DJ,2.1775351308371835
6kbRL1WkHrKxHsBrV3ComC,2.1943597528543712
2yrTLEzRVYrdt7lZomgs98,2.219409644844227
3tOnrWllROVJQ1Qg4M1QOs,2.2198671662799856
3icywpqJ6o39VY61BXcGQS,2.244153717203221
7sUrtg1AYRyrDECLqq6no9,2.2616440994982634
1fiKURoz6s2OXZhMkhF488,2.2854879632063345
1NgCWYuBLfqBDA3b8MgSVU,2.291224817818501
6fdlaC5si7eOtF1sxXZPf4,2.292294751120687
3ggB6zA2bjaxjHC3XGb81W,2.2931974575866403
7emVwhF4OMemAT65nbpuZO,2.2996960794614085
5eoUy0mYMk671DTiatKsha,2.3138959713828813
5CdeRe3u5hjanT6dxfov4R,2.315944865232556
64i1dyG9Td5z5Q0TCG17Pb,2.3211841990684507
0mT5Dd0hY8BpqqxPYrGPEp,2.3261840571385757
6ucOlSv5N8sa18vJIkE7lf,2.3264983978410014
0zpjG9KjXTWNGJZaBhi5ZI,2.3293202074445496
