,0hfByzDRgR10HDLqm89lA9
0hfByzDRgR10HDLqm89lA9,0.0
4LS0FHLpU6V43upM0QVx7F,2.0299372806843303
64vzjfLILf6tk2XgEGCG6y,2.0556364919783348
5PaViyJwv0XJbCcrnBNuAt,2.072460862484187
5Pk3DazJGDRAm67NJW2Ryn,2.0882165463334603
08SUPmbUythjIMsfycSS8b,2.0950247115911127
6mPJvjjx7pcfZuI57Dh95o,2.114609481536004
3JTtZUOiZljuWbNiasfHB6,2.115506040548642
0SFLtgsOzadeD8Qpm2uD9s,2.126109048718842
2mWb172p8SCACG6Peh3Qmt,2.1278862387599857
4Oyl6oYSNeeZZP0OAxPVaU,2.142582797900551
30ngg6jCMqOBcvj5fLgfBe,2.150107032403166
6oLHyWvmk6bKrA91EIYZBp,2.155643848870584
7u8Vq4WcQLO256TI8DybBj,2.164478687585378
08WgHqQRAvNB7vuARNS2Sr,2.1670396581142133
1UiFsQD9bazBBuTh8XU1Ol,2.1716573268718777
4qdcVJCTERGdj21s28nBbD,2.1766578080141104
2UVPkh6lrARjYDK42jC6kD,2.1783462398435907
6pQadiopoIsS4x78tjSkJt,2.1794514932448044
4AEX3oWCqLrclYTjLyRW3n,2.1813492737756763
6QSmeY9pNWnE0fAUrXmYC7,2.182179064002016
