,0HG2zxaav15VdhOd4Pqs8M
0HG2zxaav15VdhOd4Pqs8M,0.0
6T0dHDN1lPn5jamdHlWypt,1.4908114348006134
1RVuCKkpjqLMtp87MJh6i0,1.5201880791011615
7qpjTz3TKWWsloGnU4vml1,1.6149267771635263
6SLmYVVXaQy3l0xocyI1Vv,1.617893502240709
1MUbG58cE4tuynKublSM47,1.62345266741447
61XspFITuKmAlYdQacNCbF,1.6284381035002928
4wMR4fRKMTyUJG6VAsmccv,1.6365036095088843
13uyMAetJNWMWJamO4aynQ,1.639770017054034
7hjgA9v0BI7ytPLpzOd7Ae,1.6465920249993888
6kgssrFggqcBMtr4187OLK,1.648744047777821
5qJjdND3psggi1ficz88se,1.6590296461391811
4XwIBhV14TMkWsknUcOH8g,1.6624619176268511
4Nucu3uvL1bcju8GHvwueN,1.6867579638742922
45n7uujqwmMyBMjBu9SwRu,1.6918018971418813
2cwtByOe3IVC7kjBZQnrvg,1.696649837643052
1LpY1HXp3rPlwuNq3l41L9,1.703991150476626
6Xs7OKt6i0Ddq8B4M5Dgvr,1.7045326155762908
3QUtbFgjjnAHTtLup31xVa,1.7066596240000138
75ZOpHTdeAfbCKZMLcUaVp,1.7115045955537183
4QThPJn14lPoMqDgsFO23Q,1.7135506000720166
