,0Hgqglypzt6Qs5Duqskcqs
0Hgqglypzt6Qs5Duqskcqs,0.0
77WSY0bNb0dR6EGWA3PoJ5,2.163268959356389
5qQsj2gUoKkpu7YbS6rb0w,2.215509772998271
4KYmHRnnODK78ujoKMt26Y,2.2519240990788507
3bzf0pu3BxYH1fy87AkwQL,2.266292737204002
75JFxkI2RXiU7L9VXzMkle,2.2759719557218485
1DqVnXqaTYRgifxIMzIKBY,2.277042140363179
4jWNwr5r9emJVwNeYCgJY7,2.309818126945276
3wRJ8kRFf3czgTR5QePcKP,2.315883333243615
152lZdxL1OR0ZMW6KquMif,2.318866664806759
4OGL8HVf0HJRUo3pUtxjEd,2.319530322452846
6SIZskhGAJhELaq1tn3kJ2,2.3238968753056612
4eXL9ici1ddorTRr5jJQvm,2.3247326258783487
38jy6kRlPt8z1GUS9WXeNh,2.327093351968478
05aOhqraGCEElAG5vvAtN5,2.3344928016645827
4XUmBPJJMTIrvRntz5ROqH,2.3547301993326455
5G9S6rmvFBQonF6x4oAfJD,2.3586513764677863
5FOAptZGxeMAO0BJSQh2fc,2.3604119271445363
0BPWY79wNehGVARtwJawYV,2.3628053352591194
0jBPITJzJTW4rFQqyyEnpA,2.3709089403434453
1KnAECtjOYyyvgvwNB8MKI,2.3723461344262766
