,0hjyDFEpTFsSODk0Nv4Sbx
0hjyDFEpTFsSODk0Nv4Sbx,0.0
2WfY2W1dGfBa6oAFQyGrI5,1.8843650694186196
6KfZLbHhQ2qwG8H5lIYqUH,1.9694727620324541
3jnCjSOAMMenUu0ZDEZbIi,1.972109157468953
1l2YtxzUTG77nu047c4927,1.975904985300312
31suvgK8vvhfVXyEa2JpH8,1.9883777667493998
63quyUCdhvorvyGUzqcmlj,1.9888474925832247
0q1Crz8dDduM8VvsNk6xGY,2.0174391721472396
0KKkJNfGyhkQ5aFogxQAPU,2.018619530979257
5xhJmd0I15jFcEdqxfCzKk,2.0218273721879907
2LMbweC2G8iLeEMOd4G6Le,2.0237980999968053
2WX8QMtZVO20ywltD9BoeM,2.0359210534545915
1k5nxmp8YloLnRpo6drPOA,2.052078888772217
6XSxQJgbqqNmOjiiHCVqM6,2.0537272505644353
7DFy64Z5FCJ9UHzEt9T83m,2.0654194192007997
3TeNkdbYRK8mGfvTMZtXBM,2.0678715852876652
2gH5JHtHrdbDMH9OK0WC9r,2.072595133608375
5OS3Z1ASNCR7cEoTNwZ4IY,2.0819136758360437
3p2OAR0pYrjl8895Z0D1Bo,2.097945121826076
0xkFgsFT2BaEl0BV4iURoE,2.1152841211387994
44FZ6TP6a75s7eU62nHBZ3,2.1173349322655044
