,0hK8yn7I0oqrqXljVVGPla
0hK8yn7I0oqrqXljVVGPla,0.0
4xhmd8qIwHQy8SP0EwZsVc,1.8132677670692459
3VH6OsFMRUBWsLOlS5IiXB,1.8646765365546283
73zDQykFwu3yT5VQ6MwYbh,2.0139032324988873
41zXlQxzTi6cGAjpOXyLYH,2.019879345581847
2oG793j2f1XoHkxURBtHyc,2.031884272460048
2r6DdaSbkbwoPzuK6NjLPn,2.0626439333081836
2kAIpGWnlFLQh48iut6Zzq,2.064047561739838
0gMpKudmJ2ljDVAdIe9DmR,2.106666023046908
5eIpUDJMdTvXeTiRBXwZ7A,2.1343255857879737
6MEVI1jiimXCYqBfWa2yHq,2.142111367174201
5CtYS7qWOWVAbTLFevDEhN,2.1584231184441522
2Rt0VJDtnqrCcg44yVQrPe,2.1745183981609646
5ypO2aV9FHp4WulbTXepBx,2.1910800391930887
5PXoaY8MACEl6kp6Ng50W9,2.2025464844310756
0jhxxEBzlvuDqAqV9i9Iuc,2.204264362346998
5eIKjHINCv5Gf43h9tQPM1,2.211809697221305
5lOF8a1Z9XyqvV9zJ8dw8q,2.214854392771248
2TbQOKDTGrg3ppGkO3gltX,2.2177514626971786
7lLbE90f0JwqowKNSlBxYD,2.2223404000379943
2ebpxlqluo8isfWJWrJeMv,2.2233912248027643
