,0HlvU30UcOzrKWJKkxYZpu
0HlvU30UcOzrKWJKkxYZpu,0.0
27DHghk2tvT7427mDoZwgW,1.9360324819446977
4GlbI3MchbYGRT50MpUs9t,1.9562311224815894
1p5696lI4lodrGfj54aEMY,1.9687613078919426
3Xu5Ifi1CuaoEJeUTFAh5r,1.9879912432059288
6e40Ffqg8yv3axNz715RJt,1.9961786729230298
7JjN5WdF6S4JyLyR6HzQ4u,2.053771802641521
5vdavx9R3iZOJwAxnUH7RP,2.0669680188722857
2dF0G2lCaP6smFaLeDLfnt,2.079937381644927
4SGst3mFm4200sQpAQhbNo,2.0885896178942978
7rDa74MQsXwwJvvGKx6Tah,2.12865528812058
0l80P6BgfuLmp931UXZIHR,2.1342731084955697
2t1rFVhlcummHG9ZG4JeNZ,2.1384149399197607
594WVpDOQSbAsm5o8SRiiR,2.159819021959955
4sln3hvqGxLEUCcAmTO4pR,2.1601673057986632
4v81cs2MS1iP7dXYtwTFIC,2.1659069744426467
0aktBBW59YFqs5Q5vq4AUA,2.1722509395422125
2PV3u7DWvl6kQDjl2L7tAt,2.1746085311072996
6ueKoWHXKBwsnhFjTORjHl,2.1973626661696612
2ax1vei61BzRGsEn6ckEdL,2.211399618766132
6rbCaKnfikjHo6RxEDAre9,2.217962748981997
