,0HLWvLKQWpFdPhgk6ym58n
0HLWvLKQWpFdPhgk6ym58n,0.0
3p7K5JD13wRJV4NP6jHmTc,2.1094004332525476
6ztZlTKrU8Tnbs9ePd8K9D,2.1128957608694043
50FJV3U4K9reve96pN45cq,2.140489801109287
1OQWd0nl8k5x1HCbrQuhoN,2.1487031362276894
3MXCT4ZkB9ERTSiC9nXFSc,2.150255757967137
2P91MQbaiQOfbiz9VqhqKQ,2.155262893323865
6t87wHYpHlTwOctOS6GKXa,2.1743188323572364
41TN32U3P4hw4dN0dH6LOo,2.182164394517375
7frnrTzqCZCbMLZEwioXPo,2.1835350378358678
62lRj72gtFyhovAyfbZGBu,2.1920851312869742
4xFqYuUC1sO6wU5ZnvidDk,2.1997643927848167
0pNVJwSLl1J4RfKzAQ2MTS,2.20627003264756
3M2PHpiMb7np41m7dOCnQD,2.2169973253305875
2mCRr2EjObwLYpYyL4tiyt,2.218752418305696
4G4gtvlaFaI6v6wWD8UvqL,2.2255640739691027
5YXr4AGfUQpLSxtFSsKUh6,2.2258792097666236
71oRBS7K7Czv7XBePGFwBv,2.2264906532976365
38jy6kRlPt8z1GUS9WXeNh,2.2312825254488025
7hJbnSihbw3zrGE0bzYWcX,2.231671093304459
56sWRGGeRFWgFhrMOgOyZC,2.238488863155383
