,0HMCdlOPJkAGlB0MlSWIcO
0HMCdlOPJkAGlB0MlSWIcO,0.0
7BynqHgYlWeLRFETJuoipQ,1.4583232893214633
4sAyDtswbHLWyFJgUMt8hu,1.6541583632497543
0FRCItQsKhyIge8dB6v81o,1.6562685614489623
2hxU82R7709kmOLF0MUZRw,1.674391053793207
4dht6ktEVkZPXYDAEy0DEt,1.6826629674572766
4oLuMvGQ4WJfU2s4OM6nfE,1.7128471671702452
3oxCefEI6Tc6Z6t20J4IvH,1.7344739029583738
06aiCjSnK0XXBEERhduZWZ,1.7389072857971184
65FWIwYbpF4cSXLXykHUsV,1.7402323195523017
717mh99cWNqJAwOEf2E8fO,1.753701463293379
5FWyHjKMW85oZoqgG1zD9b,1.7737152011890807
4ou39tecYsy19B79jnuPdD,1.7844969895019123
4729mQSaNhJXDoecLf6sKP,1.7846923179902203
3lyeSiAIdLoZUHhV8psOTI,1.7928513626079225
26z7KohM7bJTyP5z3ETe24,1.7938029979147119
1WlU4jsJ8AoTB96dgd8LJA,1.7987494226287504
7uKSil5r7uHexnM9lukPTc,1.7988223091187314
5kayB3eHxipqrag3RC5u57,1.800483276200247
2uaJbCMrHnzEi1NofTr9ve,1.803318192829959
0GEJ5r9ShlIr64Xv6nHt0z,1.8205918767551974
