,0hnlRgTh80b1emNnM0jmwt
0hnlRgTh80b1emNnM0jmwt,0.0
6s4lXuE7o8WZHGqWlf9wfD,1.5680394482097244
6ORjrZS1FO85V6YkefMm7C,1.8042284864167597
7Jm0LaTsjGTU19ESsPhQZX,1.8057054992988621
1TZV3KtcX8kQHWcRLo3pre,1.8091319509142703
1OiULAj1qkeyG3PQil91rx,1.817937451844807
38m7S5viVdH0RIf1jGuQOA,1.8215940243142705
2CNsbRpx7g5GIGEA0ckXlO,1.8564782106116402
2MHFmOFvXC1m1MwAwjsDpw,1.897924578617182
1NsEoCwQET7VCVBNrJqmnT,1.928253256936586
594WVpDOQSbAsm5o8SRiiR,1.9467499991068784
36H4cQv6jKWnunVauJUF6X,1.9723504252264819
6BtCzqEItbgOtumhjQsZVm,1.9794368078293
5Hgsqnx2r058zSNB0HWSqB,1.9850865081445603
2tvgXEAshIAoF5TiZ5zh2g,2.001628033791367
0x0VHk5Te53fVrolHS6UqW,2.005860522996155
6e40Ffqg8yv3axNz715RJt,2.009062185551071
6zKCMiNpAG3NDSN3T37Clq,2.017899393474545
2ax1vei61BzRGsEn6ckEdL,2.040332886367625
4l8w4n7LMANl0YR4ZZLUD8,2.0440936595566375
7cKLOenzViwzoHJWciMIrj,2.0446858815934528
