,0hO71r8vbnrXSaXVrR9ptF
0hO71r8vbnrXSaXVrR9ptF,0.0
5vPVxHRFg8cUwRr8j7yqXf,1.8893148782495202
2WfY2W1dGfBa6oAFQyGrI5,1.916682959771034
5sXlvnfURZTKX1IY2Qq4H1,1.942113994051809
614YKjy6iT073bbDxZuHps,1.947551172488262
5yToLVK4AK0xPNQzL4gjQK,2.036281158204223
7Co6yOkvI0GvijiYcMuT84,2.0372559489500026
64NTygIMVTPk7lqXT1a8FG,2.051290136963694
1jY7v9jG7kuUOGT9vVR6vs,2.0615066331226397
2elj70iBhDLecyW9aQbGtQ,2.11859296058792
4MACMKQ3tXCfrjN4vp7FGS,2.1403396680695663
4wA5BbdmAcgw8Lc5cWCnk3,2.141622514764307
2Y0DPFc9tlSixZwEuOmVUi,2.142640432285748
3olJJc8MQ1kYi3xqHxzqtN,2.1426921041140643
6mDoM5FGbr1Or5nY9pTnLy,2.1481317892369582
74RjqevhxutV5yZdE8bFX3,2.155659033218716
6x5EhatyECDaFsuvkbwrcf,2.1588300938033784
0yhxBvedRdGxsPZHJNI4VA,2.15927805385497
7HLs5eyU1xBbFxaWVKnJHh,2.160021704873927
689USS2B2vJMlvYyJrvmqS,2.1611020379129062
6gWhemcGP6mZC1Ro5jgqOv,2.1651112831346135
