,0HO8pCseEpgozNi3z0R4bc
0HO8pCseEpgozNi3z0R4bc,0.0
5W9QCBJ6Em0XWX333YrNhc,1.5735939738998705
5DO1SazQppcsKQ1c1JpyQz,1.6960547993797281
5ZSIExfQuVv69tw5Qw3yDl,1.7064998740022819
5qbhBDzV7r3RjT4ASzc49L,1.7743524860452229
0GR7iJLhj80KD5LkA14ZRn,1.7941839981610908
5ceZmQJzMQ0zZt1iJXkb03,1.797141535326309
7eBqSVxrzQZtK2mmgRG6lC,1.8359207839058265
4Bt6a9i7RnygXmYLHbmKIJ,1.8519860501324825
6pRkwu4Pt9d7Ki6g4ppOYj,1.8522987263716884
0o0sbV4oT8H8gb96EAoQkH,1.85326817201677
3k0466XwffkAS35ofvbg3G,1.8583293835924244
1uULQtJ8rbsX5TwjPpPc9Q,1.869613426156359
06Gyf2pFDVmN5K8XAawG96,1.9017169958423803
5ZbIqhvb7HZ8nzoTXcBj5G,1.9068559964092613
2kDDyneG3FYwCNKXgiwoI7,1.921559694638546
1fRuRNJVZjDU1yKXvarKqW,1.9251658197063644
1srm5YnZiu7Ksnd2UTTmmk,1.9320105379741142
76g0a2SWBucEFXVZbl9rhS,1.9587443588615578
7Joe56uHGGb8OmRRtGUkxm,1.9612059947713538
6g0TAJ1grweRwBMLQyiZFb,1.9689243410545705
