,0hos5WWaY0nqo4J8pWxxDJ
0hos5WWaY0nqo4J8pWxxDJ,0.0
0ZAiKfgTsYwVTzb1glV0CI,1.0275459674972889
1o8D2Vqn537vxhVMMRav2V,1.031534185272469
1ZB4DrJ1sHsBll5Y9a6jQ0,1.0688130662964181
6efaMrdCksqImu2Bf6FqkX,1.0691219646624393
5D3BJ4ZJ2zcK5ACxOOseQ7,1.0704481182057544
4K3adSK6GHMqro4wC4WWDF,1.078502692966753
7f9I5WdyXm5q1XqnSYgQZb,1.095347433317932
73bxqTms46tzGkwivw4IN8,1.1103080968918908
11NeeX2zqE4qqTL3YrSJ44,1.150726777939569
4jrqZ6Ow3eJkabXqwipN0B,1.1669601256351758
2eIfNoVHmo3LGI5IZB5Nv2,1.1691150710567317
57exMMIWTLMmwerkzcxcpu,1.2005722526804252
5CwFVeAiDCoiYJBLjBQue0,1.2045274875607794
50WH2WW7dbvRbVFHx9rAzz,1.2115288736251686
1vdjlBRN9w8z8wFwZSzRrO,1.2117387867594263
5tprHASjzXCxTFS7UHIOEr,1.2332065482105468
0lo98Gacg04cnpdrPHcBcF,1.2380712347476888
7896tlWKyc0YVTB4fF4N0b,1.2394845554409415
1R7KsQ7wnOxtrLQE38w0nU,1.2421007587833846
3WqqUS0FcemJ8Xom0YwHb7,1.2445377501385542
