,0hPLZrnDgtKxrym1BHjDhd
0hPLZrnDgtKxrym1BHjDhd,0.0
0GR7iJLhj80KD5LkA14ZRn,2.119250728580761
5vRE2lyh7sE5Mn1dMF2Mps,2.148817204211198
4QwyZncLTHlA1y409ogbON,2.1601559817779172
1KfQRrot5NXLPkXp1QedUM,2.172195134617704
1uULQtJ8rbsX5TwjPpPc9Q,2.1781235335180535
7FA5m2BnOClj67ys9VImOt,2.186684146104515
5ceZmQJzMQ0zZt1iJXkb03,2.1878522394253497
1fRuRNJVZjDU1yKXvarKqW,2.198428344594881
5cQffjWJzgnmEtTzKW6dnh,2.206086534307661
2kDDyneG3FYwCNKXgiwoI7,2.2095035755576404
0OjdYVtCMzOQBPZL3r3j8D,2.2212448015478174
0HO8pCseEpgozNi3z0R4bc,2.2341759115191864
3n3wVc7uVKHbOPv6kEvSQU,2.249577184843781
74hpFi8WyIwFIPBUv0idC3,2.2507594107273494
0S1B9dauZHu1QYy7YlpbqA,2.2527043954132333
0oM8pW7KOY5t1wxlQZs0T1,2.253422065608621
2UOYzhusMTypF7oAQwksCj,2.264797235569799
3k0466XwffkAS35ofvbg3G,2.280878328232297
4dvejkvTqHa8zjHG8mwBSh,2.2816620950197506
2uCncSbMLOMF6rlA2ThdGO,2.286482270724458
