,0hpp3VH8llgaufmlfCsXmw
0hpp3VH8llgaufmlfCsXmw,0.0
3bJ2sQrc2PPHkhAOu2Lx3S,0.34161842816698323
2FCK2nyKq0QXzIuWC88hVj,0.44940650622358225
7KI5Gna4jc0aj91VTWkmio,0.4651276768720543
3iNPY9AOdaklvkNAgmRHRk,0.514794153621675
6DUdDIRgLqCGq1DwkNWQTN,0.5537348482951813
0fnD9YAdor7u5XCPS1IjMK,0.5615253978379526
3DjXu9jBpV5lPbhHQVyPQd,0.593972679487444
3zt2xM5p2AUiwx8wkY13kB,0.6077526535050408
7ncRy35NIlwfEyPytMu2DX,0.6200534483649554
1WmbJDE80IrPTt2zC416Fp,0.6219799119981859
7w0aBhGKyaf18MIvfoEbvi,0.6486556860625999
6LGfyv0yhK95t74fHVPub6,0.70840842570516
5J5uyhoBZxJwmjy2Zg6DgF,0.7216181153090118
3AtfmXxTKKn0QIEbdRRvJI,0.7220916294628481
7mW3MUurXi179MzCFxyfMm,0.733494770170619
43RR8ItPkVLf5SEAQ4Ao3x,0.7395695556503321
2YjRJb6Wik1Db9O6dSGTHn,0.7644385338870203
74RrMiuSOzAHZEqLlC0BHz,0.7689000905815936
1OywwhB979Apoaq2IYAlSE,0.7695947903359996
4NYqp7u6wGgT19BrbAhQmM,0.7798269767695213
