,0HqdJHdnwaYQwBzcW2JLG2
0HqdJHdnwaYQwBzcW2JLG2,0.0
4K9xSSAsjDeMM4IGU61wSu,2.139578933802984
2tpIAmAq9orm1Owh5pja1w,2.330484522992739
6rFEVI8GSrjXBHx73Kllwz,2.3506460789329973
43A8FeaAetF2Imc28DX29I,2.3606675071498167
6TW9Es1ZWH0P6B5u4mfFoQ,2.3805959722034755
6UnhtSItiWD9XjFM2uFuNg,2.389056143868573
1jRqB4K4z2NMlTfwO9qvoF,2.3901211476707798
6pDVjCUA3B1vg9waKutAsv,2.3978681156799513
4s7zxIzxalZ2gB6FTg5aKv,2.4075706482861303
31adnbEEiHwy6DDQ82F3HP,2.427979581392108
3JJYIoJ5FyY9E0DGjr7SXF,2.4485131879159896
0oTyoTKEKMdF3rXcOLyEfN,2.4547843395803843
3dhjNA0jGA8vHBQ1VdD6vV,2.45666175813295
4jkya9yFBCcQGYDwVBHWPT,2.4632839538397553
7MmG8p0F9N3C4AXdK6o6Eb,2.4638642972075346
7MzPaOW9KfjLF9vXiZtdnj,2.470529832353741
2Ok3BkZ7qcSfFCm67HSGCM,2.475428582600533
5gW3kI83886nVV9apaFLWu,2.501664413669708
5K04MPSYbdlcp4NUdvMIZO,2.5022965005129287
4nAXbUb7LDQimB3vhImSgj,2.5108108853649034
