,0htezQjIT0FNJQoZb6EJql
0htezQjIT0FNJQoZb6EJql,0.0
6FYbr9QzRoZPh0Re8lDO9z,2.2602536697105045
1AdmqWMl7MCSRMKpwiH0yU,2.3045751479324226
2NOYO042qSc2YMCAnv7sDY,2.3314572850149737
5WtfUKzXircvW8l5aaVZWT,2.3380434263071286
0JcX9RdNmVXroQLXa7Ag6g,2.356145667576739
5bpx60gYQoDDJcP7vBygPB,2.398553026062075
6evzY9puDvuebiliXPkMWU,2.4336421266542625
62hRCJfMPzfP1qxssgPlk3,2.4336421266542625
4XLu3tTSZiPFVC9mmuR6Zp,2.464581006285142
3BKFmbdQjdzLT93JG8G8NH,2.468392388834011
0YBChynpAc8Sji0I067rzT,2.4725746844283467
1DaqwHixRNyjy5zfKWg4Rl,2.4914803520403783
1aFMbEwvxn0Qjqg5VsjlHv,2.494702145248128
4WRtWS4aFIQNczhvkA5SKI,2.50523762576429
0MQTDNaZilvayfWU08IxCA,2.509189823388962
38aPeueGAUmEneEEJoANXO,2.5107546101042746
6a3tkCh4IRkloHPVYxwtZ0,2.522356140867957
76aZ9AdCrzeQk87TMyIlpP,2.525730480562824
3s3xMd0uMOz8zUODGuAbe9,2.529742386930835
4lI73SWB2qO5KD8acPYeg9,2.5298046713287032
