,0Hte1KSGeMwNtP6v2cKY07
0Hte1KSGeMwNtP6v2cKY07,0.0
4q91GjZYQAZWICmRaOu04F,1.07865667523568
5sxW4Zl1kdGovuOxvNV9M3,1.127413565802086
6S5id3qcbr9S37IiJjv8Yv,1.1317792660305142
4K3adSK6GHMqro4wC4WWDF,1.1416018877076757
1Z9Mi4vyozlHZcY5TrjTQ6,1.2355605836866093
54LtbNBZs6menkcq9tVuUt,1.262308855974215
2PV3u7DWvl6kQDjl2L7tAt,1.2780098996686722
1V3BpCUSyBt9PDZ309652A,1.278528554855442
05KizhJc5qATFI2D7SauJ5,1.2987676319231936
7dJp4JTkzaTUrFx8WDQp4e,1.2988776931004407
7qPK7huRsW7uBsQFTLWZk8,1.2993842260170043
1cACUxDo3x7iuDT3iQifZY,1.3185254313572625
7f9I5WdyXm5q1XqnSYgQZb,1.333886004219627
7jJSoCwnZ2PFaFiqZm249w,1.3392569639700593
3jFU4rAyim28rjzJmeX49d,1.3661028707570135
7IM73yy9leN8ftZsOVmVTO,1.3740465132919222
3AySFupxPGQWjauQfFXcr0,1.3747457965742542
5fR0ckQ27WmaJRL7YoPRwj,1.3768812825977028
5P3tgUmG2grkksgIC2vTLw,1.3877104696441143
5cjvx5wTNakWdg9qE4rs4P,1.3965354763861038
