,0Hthpa5QeGayFaG0KwBMLM
0Hthpa5QeGayFaG0KwBMLM,0.0
7BdW2EOVrjzaygWj7alZIu,1.8496548901053413
4Y7JbqUz5JTkj1WETJgEnE,1.8643288845440653
0a0AbyQETJZI7DqoJ36Iru,1.8879623052314585
6mPJvjjx7pcfZuI57Dh95o,1.8897283074337956
2gZUPNdnz5Y45eiGxpHGSc,1.8914372175309058
3NzSS7EAYotFUe1QGxIub6,1.9308586616854124
6tiPzU5dAJBqhw8L4rSJDQ,1.9436633699595822
3setQxCpVJpNVSnFaNwtfz,1.9500454873299145
5erqMzqPDSzRWDAKlYF6Bz,1.9567664647335665
0vxmBkeL8EuDpJvIb2dhRJ,1.9692576955671923
53Dk65hpOjbhvIIIvc33F6,1.972719830105235
5pdXjLZqAr9XfMJgiD5hAx,1.9740925973382755
1hRkFLmWNAQVfcr79KBlPd,1.9789333429171996
0fqsKxf7u2jYxTwf06DnUg,1.9871598166093336
1Skmy7igdy3HorzoG6zaqL,1.9876044699311453
33yMYketIcAicQ9bEgryw1,1.9887917018030303
41X9To0bQ4fpoSRri4NHiI,1.9939993830807323
2Nq9T0nShSmuBggNE1ZK19,1.997868714172882
3Mqv1LywTrUu97DPGT1ezm,1.9984917690628246
5F5hhx63QBhlTpM71bvRvY,2.011906411031491
