,0hTKUGNqKaGKZbI8PWAvQ1
0hTKUGNqKaGKZbI8PWAvQ1,0.0
6AhlUyXpCsQgaXMOnWYQbo,1.9171099854785478
5TGeKKpj5efItMXwOeU5Kp,1.933027062869647
2flnYutr2WlFzi6ZpXz8ci,1.9557312410884464
0BP2o4rGe7nkQea1JOWMbl,1.990244094172979
55MtyKhso3SCzJLtDxnQKI,1.9936388644450929
3RciEQxS7PxtLqMs7OwRsU,2.0070067833550493
36pdWF4Ry6VhvtCruYnrOE,2.009921311950584
0nFbsNITb2BHdeweQhiYKI,2.011565457912366
6CslDj0QtrjM27epCh7xVo,2.0168993537278572
2mUFodFEiKVMINyXAYKqAb,2.0183801837900623
5nxuah08yYECil4UZuEE8N,2.031655038110264
6OrkFMSh8cfiJrXFsFT9uX,2.0418494410733823
6ITJjNgTcFtoYmC4xfDDRY,2.0475508667005418
0cOb8Li1O6cvWZIghOKJjH,2.0530687658466467
0QnQZOelJIQEWC9Tt7syOf,2.056549270335689
49tqZFkI8JJXAoYWPxiHdb,2.0618382172354384
0d7nYK2zg5ZnvWfneBZvqJ,2.062460474818768
4kc7i8om3PU8Wi5Mopi3TN,2.0631680032007633
2ZVRlKRF5u3oEmD3JduyTD,2.0637655078410324
5Ix7eNDeGdS2y2n3OSTCr5,2.069402907351792
