,0HtldLZZT66XP5Mmwv7TCa
0HtldLZZT66XP5Mmwv7TCa,0.0
1QjlUew4He1Q07YT0Ap1YL,1.2006847256070439
3qpFX3sEc1lnYAfjcgxAxA,1.2307917368602301
1mpkTTUxWTB3FlO2OlRIB4,1.253465446402298
6lUsKcgJ5LXcP0UVMQ38x8,1.2717432675638967
7KdX3mlfBLz9M6OW9gVwEL,1.3945816407148501
4e5IPJxSGVWPsaxQzdRseN,1.397621556746727
7IS1gW5MZP6UcewmrduYM0,1.4060451107816325
2U5kKnrp1bxa8c3E4f2Gi7,1.4078638314137817
2wjIVGSX2PDrCEOFiXZ7aS,1.4329845182499283
4UwG5N2eU5EtQs9mhFLmO0,1.4431491175874385
2eIfNoVHmo3LGI5IZB5Nv2,1.4516053057341123
7dF728JK2G2T84Wr5vBoz0,1.4588994769029242
2VUA9RXQluo3013YNhDeez,1.4766365476836119
4Ie80M4dnYqeEeK1wle9jF,1.4907038906406167
6x83H7s6fVMcUFLXau9EBr,1.4907342652408746
1jDRuj1WTn6HeAdWx0No7T,1.507274637314705
2Coi7K1eKrsctfXGklyZhz,1.5246455629548963
7qpjTz3TKWWsloGnU4vml1,1.5276620270750212
7MH7TkjQ4RA1vG454dciw0,1.5294038480649006
7wVA3zxbi89DJ5Jfw7fWO4,1.5371699852112228
