,0hvsJMEdkYhmbNwR8fh3QM
0hvsJMEdkYhmbNwR8fh3QM,0.0
63rpWH4fcjeZFKiGJcMR80,1.949875397340994
4mXpV4NsejEy4MGSVNESrd,2.0841355456834374
2oG793j2f1XoHkxURBtHyc,2.097866533605666
4CJmayor49yggBz5Y0nABW,2.11555350849826
5t3Vk8bRKylx4fjj7qlbib,2.1159374514170195
3oG793h89G42Pmf3APLQy4,2.1558599583874143
21glyDZgmAOLyKMWZVf1hw,2.168346396974286
48tuP1XVA7V1hjmRbGveRi,2.2032840580511612
2a2MbiJN2skOxohykOVcss,2.206330198745177
76tXVbmQtOOAfqRyeMV0Ug,2.2125886086850026
4DWFSrNnZXow1aB96gByho,2.2127598704889717
4nNZ4ra9sJnsdixXELkfW5,2.213786334579952
1Uf1wYxIbhy2U4Y5bgunNi,2.216189396060595
1vkXc8Tz3dZGNZoU2WF3la,2.261036439082366
3fJ2gS2uZiUx6cuNXktj1Y,2.2671993715507424
6qERU5OSRXZVE3WPFc04x9,2.268258351331123
7EOzfH8P0K4pKZpXE8JMmT,2.2716396854487635
4mJkwdrAJgyQt8k9aFwnek,2.275772401795367
5FTwW1JWpcoeuia7cjlkmG,2.278054384103127
5y3QjURtPq4V186jTPMA8Y,2.279820479443043
