,0HVzIz7N0OMXQ5sSxpbeu3
0HVzIz7N0OMXQ5sSxpbeu3,0.0
0IYRevdNDK32aVtJZhQBNY,1.445970708581907
7fhSCRaJZoykFmW0g4eWbU,1.5874972810407093
3VRU7TSes3mBzp749xDU3V,1.5953261968007324
0It6VJoMAare1zdV2wxqZq,1.6058307923671125
1GqfuGDmnaeoAYA35Knwgh,1.6170822927140507
44Gke80KttYib3M9VqX9Kr,1.640101402368333
1oqMPCtRiO1QQLP8NjuB9Z,1.659562672428488
1Q3xOjQ4G5bgzBV4Ep03F0,1.6847780569929514
0yEvYqy7OqICWhPnCuRRWO,1.7019419089529564
1y2wHOXeaLMP2wU0ZaRmdL,1.7029898077252499
0P5hXzcV0CDrH0E73M4zbO,1.7092682518810158
03b9zENbNuruQGuVChsSgo,1.7100575537666414
7cAx1FqlYHRoxJmnNNjbnI,1.7131534861616573
1r1Y2hq7wMKe0CRYRkdWFw,1.7146758833233564
7A1YPbTpBwFMVqn09hv3rl,1.7152924374821406
3jnrt2gEadlTy3BvRzYJMO,1.717713313482156
7Kq5gz7mHuXvVPA2PirnpP,1.7257655435284827
2wegPppAY5NVEZkQ26HmPo,1.726165126021049
5AOVMgO0kIIhmybU53gAvX,1.7325712402451416
3YoEn3rcm6Yt2vjN508CnO,1.734417460583913
