,0hwRGzoOpW6CZPBbGcVzub
0hwRGzoOpW6CZPBbGcVzub,0.0
0GR7iJLhj80KD5LkA14ZRn,1.8789164468642088
5em6auotB8rsJgWfpO3wND,1.8947891137916584
2uCncSbMLOMF6rlA2ThdGO,1.937083140729598
0sMZD2KXYkkR0xDZiBoI7g,1.9757570093091397
5vRE2lyh7sE5Mn1dMF2Mps,2.023191369317974
0OAyZn9pGuuL2FJih1PM58,2.0315887531763432
1Bb4sybDwAcshSp6QgQ1Sn,2.037423036067175
0NWqNXBJTpXbkI5rPWNy3p,2.1060865479081623
1wWRtPIKD7ZNvtsrzLyTev,2.1368442673303703
6eBrlbv2HMYcldwjoMWIrC,2.1372154935992502
0qCJuVo2eL3wMBVqL3oTjD,2.1538386385770365
1vc2YF7ZvUtwr45HNpdGch,2.162537146294468
1Pw6RYNuB40ihP2SQkCGF1,2.1780386238633374
2wj0P6nrq1EEA0azma9lVm,2.18397677491098
5YP6yKgGGsXKukqxXypVAf,2.1849667489519122
74hpFi8WyIwFIPBUv0idC3,2.1947185260900706
4BP0An7SXctTY4kF41JxIQ,2.2089504570758116
5W9QCBJ6Em0XWX333YrNhc,2.2225156572484015
7puXQU8klq1pVgxShCMwvT,2.2243384999039506
4ujX9kC3UUp26MG0tPhUCz,2.2331429027821676
