,0i0wnv9UoFdZ5MfuFGQzMy
0i0wnv9UoFdZ5MfuFGQzMy,0.0
0MWnFXte9zokisZDWZG0gR,2.0663803237824507
0kHMgkYiUgKfh0gY8gTIan,2.067480220766566
2nMZx7QHerfo4Wv37xNUEC,2.141149126387714
4O6QuRikgDfcmPJGdzxKsX,2.151014722053449
4FuzqtTPlQAaO3ay8qcwXi,2.16894299597097
619A7U0RtsSEvqJeJdazJ3,2.172263125726892
6atVS7UZBxoyJkkteM62u5,2.209906300011321
5iA3x3XYbVeVa3ZOt87mHC,2.2125323474487524
6yXwzAdml0MyRURctW038w,2.219218805923401
5ZVRMi7k8TFucwDU7fNRa3,2.242493865504501
5YXr4AGfUQpLSxtFSsKUh6,2.2462208795817493
1aauOIvm1eaLxf8cizgw30,2.2823325584277256
3guLAXM1jE3iqBhNFTIKHA,2.286030473424876
2mSrVZsSKn2Ye5f0YuAbMh,2.292905016267556
6xwsfXjIXJgJjumbxdJiLi,2.29887455453362
05aOhqraGCEElAG5vvAtN5,2.3016542732268803
5VAyBXMEouggNcNuSiWADF,2.304237346722411
50IkVoRydHjbi21LKFoX3y,2.313075632395436
3M2PHpiMb7np41m7dOCnQD,2.3138119030376494
4eZzrQbvC8tKwkrf8bz3V8,2.3152263238836013
