,0I1gCF6gz7VRBeqVPjWZWX
0I1gCF6gz7VRBeqVPjWZWX,0.0
08r5ou7k9ZaLiHN8TX5RWo,2.0196654230536315
15k2nBQJ0teDmPZHrOXL2N,2.0847891515462966
6i1onnDeqXHKmjesFRLGha,2.1070023830792626
0jtTK6XjYj2L3Ge6jyK2sr,2.114925937128059
6UFeA6103PHhOZRfe2WtJU,2.1151592070299152
4atJ40xfasjdM9ZF3p07BV,2.1193536993557185
0CjJqkWOpIUXdem5hUcxAk,2.121618740132229
6JwpKFSRQu18Do9rK5tAbU,2.1217462259120383
78YBucPLVsqh0ZCmbglDpt,2.1383455467974812
2rz6VejmNOpW1alXsDERp1,2.1552751587975827
29vxkoDeEXaW7cFcNn0Ikh,2.1583900298232708
57L5jOSygoue8lpHmX10NP,2.1589750289649103
7AKlMIlKI0Wn1ebbZeaSem,2.166007989220585
56xPWlaD9Lb5cYVX1zn3kU,2.170955139371795
41GKe1Q2JojWTcCflcZLzA,2.1712187505687726
14AApZa6FvYYmRhPUSpPsF,2.1737877068204767
54IyOVj9rcARHbWHIJjrWE,2.1768524752460188
3HhAZV8ngUOOt4eUHovhud,2.1858884499829356
5paFScPOaRDDlQu6gzHzeL,2.187355532473072
7IrwyFnqRmPnygZb7VvxoF,2.1917355500174414
