,0i1WAtrcEnxqDh3VrrjWlk
0i1WAtrcEnxqDh3VrrjWlk,0.0
7FTybly21IrpotgmIq1h0S,1.520549211753657
20S8wTmjhGuapgIJwfT2LQ,1.6135082048724612
7BJY63uiq54TqNBfq5614G,1.6299062096492496
52CWzR3JR9BjYvPIhTRcjW,1.6364444854920466
4G2sIwFtCuEB3AZLboFilf,1.6368943342661957
0JJM039uYLSCtOiYGSLcmh,1.637844920639069
2DS4xpPos8uCYNO7zdxkPH,1.6451350582029909
2vAts2sr7wl8NJwd8qmUEo,1.6546300390759074
2sGHMN1O8lI7HLUcavRvzW,1.665077206983515
0YzK2H5AQSWynXqJNRZ3DE,1.6687737783161274
4wVA1OlDoVKILzGmAJMSH4,1.6700759215260206
470GRgn0wzQWq5EBTqEQ9R,1.6744290712985326
3vvNrBIq8xVh1BnXX5OgP0,1.6793736264384054
6q0wu4qjc9XVyqqRv7vlMZ,1.6820674958199655
3h6REaoQnSAn0tQleNo3Qp,1.6860280228715456
4n7XIt64KNrCeNgSzumGJC,1.686160680008506
6MEVI1jiimXCYqBfWa2yHq,1.688508912490059
3muVioaAqv7qDAqUrmpIqh,1.6924495374175994
2wegPppAY5NVEZkQ26HmPo,1.6928705340840364
3V0ak0F8fLXmp3hYAEQKZH,1.6937664793487524
