,0i3HsQG1RfmewBjDRFBCCi
0i3HsQG1RfmewBjDRFBCCi,0.0
5RXsUlAXIzrFtfzH77L6iN,2.4632112536980104
2HatzmU2P4RehpC0GYyfUQ,2.639147897241053
5GmIWkHQr1ZLKDT2gRuYHt,2.730104913418369
4MkUJZWnjxDg9JgA1Kdp87,2.735807650385524
7z8xfYmvhyX5IpMF99auq5,2.754334092701995
7C6BBckTcK7sOz1XLKYg68,2.7872007419074767
024v6TtQuwzaudtdWFEOuM,2.800825701117089
35K0XZBhldfx1PCJ7xKJJb,2.803656454733201
4XUmBPJJMTIrvRntz5ROqH,2.826611310668739
5zDVyVBJoE0NVUmYcyvTny,2.8342605839671053
4SSnFejRGlZikf02HLewEF,2.8357029971305954
3ZAbzT3EIBAM4pDB6pD8V6,2.842133369441318
1nthU17QN7I8mxJR3jPyuE,2.852011775863451
6Gj3oHBAFYHlcLBHOXZ3oz,2.8634911276267774
4K0M12PIWJjA4H0NAP142y,2.8636342759207074
1AY7xcMNSEoX1GQJcKb6kV,2.867806227489741
038dB4x8tAfC8EGzyYMD8n,2.8823529391107785
3VwZqgfrM3xb1usuLprkTu,2.884194066380023
2qcLYz7LVCiPTLeNYbiBsL,2.9073350343290536
6M1M6cRtVkm5d0qTzkSEuK,2.908433868107873
