,0I6KfNwbKnTTFsTHRygzvZ
0I6KfNwbKnTTFsTHRygzvZ,0.0
7eKbFpX6jvCSW9CUwzMJsE,2.131013323226971
7qEKqBCD2vE5vIBsrUitpD,2.1537649024959173
5KSI3kzHfvUVMkU7fzLTpf,2.1582983607505266
6SmV1Oo24nCZBPzIYkL4HZ,2.188882806785319
4AFCIlX2ZHorqRQEJwqZHf,2.196507960568143
5xJr9Tps06QYUzI6Psw0Xs,2.2017678878191975
4JH8GF15zuGIfInwEGUaE4,2.207547954332595
1BKyLZtjWz9QfHrTgYtg9r,2.223120975152799
7qSHJzQeuxXNlSVninLrAy,2.2337385898541693
7HZx6xnAjZjKpbFn9AcmQA,2.236180101052686
2Lk37qFIc6R9jFOGUxJUZT,2.2380100021964475
2aHaV4XNKx4K00Lw8GBFBT,2.2492086850719777
57IT5XRc5ImuTqxwrFZFdd,2.2562112954469633
2djUvMKV5x0sUAPdbk4HlJ,2.2642583238514113
45ou2UBThJA4WtFGIiYLI3,2.2743144229538417
7hi776S56F8a17xzXANdsj,2.2751318935874862
4KxlWBiUWmV0vwsQuqLgNy,2.28255477212453
5Rxa51j0MHgHvauEvglo1R,2.285947851120725
6aN93mUFUGpt2GriQMJgdG,2.2872616916969775
5Vy8PKv7gS5WDR1EUuk0Bf,2.2924063483357386
