,0i6MCc5dqsdj3z7xELIS4s
0i6MCc5dqsdj3z7xELIS4s,0.0
3FThhn6RWj7ZEr6q8TRtCr,1.498950060456986
7xKCjef6aDiohuW9FTALjh,1.5698445734807673
5cWwYS6vIAv0DRbRJ4P8f4,1.5814226687956028
6Ind1AWnuYb1pSKwnJgRWh,1.583290331842308
4QThPJn14lPoMqDgsFO23Q,1.5904703468452732
7pgpmLLYcMPVpWjePMQvfY,1.6163284614867905
5k5HdCqAUbPweoXV18HZKV,1.6174875815503198
6r3tsJ746xXDzVVsWahGvD,1.6186089564425723
1TnUURhehaoMWKAqQtirm6,1.6308367060189448
45n7uujqwmMyBMjBu9SwRu,1.646334882636435
6C6Wo9w3I2pfDleW1ktfAP,1.662066374687167
0JzLcxaETEOha4njGktAJl,1.6647569701014573
5z3MGkL2m3SZF6XGohGlm5,1.6690644990992378
5zLaH3gC26RVIa38eHRoFp,1.669298311729747
3WqqUS0FcemJ8Xom0YwHb7,1.6713497461085218
1u0lFRxxwIqigbkFCRprpV,1.6754283353481614
21w2VjNut2RpKJ2t3TnVmQ,1.685320307531891
1lf4YLmeJ5Q8hhOZOI4mbr,1.6914450777527945
0uNicj3qxwGhHWQ4QnNfC2,1.691852532023825
7fcgisGFCr4mfbfNSztr84,1.7028885179323454
