,0i74hCilU2AmXjYSbr2N6B
0i74hCilU2AmXjYSbr2N6B,0.0
5ltBz3a5wh9IWwdhBaHu4j,2.0831633960479756
3T2Sa3CjxSYphyw1V9BNu7,2.0981926192644877
1alqVpvDH6ogtLQtsjHBKu,2.1730145718152203
7qSeh2DAHZZ3V4fjnt0EeP,2.1826845701915483
0MYmRatiWIQ2Pxcgu4Nvxx,2.1893435062855726
1SH9WY0eACGHxtrmW3QAn1,2.192383904022334
6kr7K5zl9SWAHooMnw8tN0,2.1939640585513542
2ykYcXI2NSRnic4kMIaDXz,2.2018588210317023
0VH8cpnwWzUVclNrZv8V6f,2.2019036680872275
6PQ30208LWUAx5R5cYeIJ6,2.2271179125067784
3SktMqZmo3M9zbB7oKMIF7,2.238699727695681
24LS4lQShWyixJ0ZrJXfJ5,2.2486432819546645
373q2bp4ZvyJ9kFZcpJSMs,2.248855225889881
01qYEGYCRYzMSNOj8idCmk,2.2528458283605475
5vMdBQmGHEWOEql9lUwYKx,2.2633149498797955
13t71Q1HgBZDI40H6BCnDF,2.264645847741353
7jGpa7ynADyaSmcprXgO7I,2.266985866028367
4eHbdreAnSOrDDsFfc4Fpm,2.279834843372712
5q6Ue2SuMhMBxFPDP2VWXm,2.290169760595571
2bP1W2vAebhRQLMAYhquWg,2.290944430879176
