,0I74hVw1WxIayHNGxnBqQn
0I74hVw1WxIayHNGxnBqQn,0.0
5WAD7GRAHPQUy9Il1hM7wL,2.352523550864127
0KF29IOTs4orod2nJ6YvpK,2.3601167421716602
5IklCIP5ImjFG3VoykD09A,2.364697543331202
5Laqq7kRySpn9vhkZczjNk,2.3705734717818734
4e8HF8QcD4HlfgRT6TGDlO,2.4055140828048263
3K1MREIEM0lgCmlucNDkjx,2.4101929655585934
7rwb4OxyLyQgEK6t3tX3aY,2.42909994475471
2huG0XFBlsiFYJVzGkPNvR,2.4402547913065407
7klL6qvAu4ZzthaUzLvtIN,2.4429398924430523
36WrhG8YOYoO8flFh5ol24,2.462700925749102
7eKl9sSHQDPKJueLy3Ofuu,2.4638457114779664
7n2Q46UVKsCubWADEN9Sio,2.468172425795858
024VOzOBCmiBeMZQHNVXUW,2.4727590290505086
6465KnsDLxiKq3mNPxXF41,2.4727590290505086
1oR9TXVjjTgQn7eYnuZr4I,2.4817887155168528
1fzDfKzIctuKpQA1u2Xz67,2.4858220863169325
6FWT1W4zFkx8shuLMweCqV,2.490679265270002
6DEaND0SHv3sC11xobZLiy,2.4999279688808116
3xhg9Aq50p2KPjHACAVR95,2.5047600033200306
57EQle4bJl5Szg74hrE3Py,2.5064340293750274
