,0IBdwZSuSEHlRmuXa79jMn
0IBdwZSuSEHlRmuXa79jMn,0.0
2uBhGx3m5iJrtsql8Qk00j,2.366343124910298
6uWA92SmIMDE3VwiipWixC,2.4147049904610776
7soCzpKbEzoNPSElsvflL7,2.439806766062097
3XDJTsLFvaWCRM5GlVSaPd,2.446225512625252
3rKYiySCDMUKTw5kGVVhaa,2.4501859774197547
3F7Kz8rY3QcLaUdpEYRbpK,2.4531645162139792
6fDK6B5ZhbEfnuQ2nb7guI,2.4562414950141136
28b6NdHnnmkJFZ2n0AiHdH,2.461291875919823
2kAhIoQG2eXcUZIgK4ViaB,2.499159393400017
1DPz356PzDOvqvjCnQu7Lo,2.5230048138037158
5RjbFGeWVsCpw8EcE8OrvZ,2.523855765643096
26m0Pr6sXcJBtrSWdn1oGH,2.5291550930745665
2BG26v6582CXhQHAXwByFX,2.5320499869580266
6oeak3iHg8pYvMtXtoXXmc,2.5372347483991504
6VcY6v3DvMQfRulp2rP2VO,2.5409473280450308
3MOUUE92JOO8UdVTszYaJ0,2.5460158703382705
21k9IKVk5c3OxEUtSXwFkY,2.5478631149632243
7dbJd5HlkGsMoZ2oNvd2XG,2.54909488845309
1jY7v9jG7kuUOGT9vVR6vs,2.555875334024233
1PKNKessUE10zYclDWNRfE,2.5614355765734573
