i,j,survey_track,rec_track,rating,similarity,rankvalue
0,1,1au9q3wiWxIwXTazIjHdfF,5vPVxHRFg8cUwRr8j7yqXf,5,0.7361148135350473,3.680574067675236
0,2,1au9q3wiWxIwXTazIjHdfF,732iQF09gPlc32IlBGoXvv,5,0.7229127113026799,3.6145635565133993
0,3,1au9q3wiWxIwXTazIjHdfF,0JXXNGljqupsJaZsgSbMZV,5,0.7145535274180737,3.5727676370903683
0,4,1au9q3wiWxIwXTazIjHdfF,43kmmgGCdJAMn5oOqOY2kd,5,0.6722234865720462,3.3611174328602313
0,5,1au9q3wiWxIwXTazIjHdfF,4CszVFNslX9JLvjVPTeqaW,5,0.6696014379838958,3.348007189919479
0,6,1au9q3wiWxIwXTazIjHdfF,5FjhLFw4Zs9wQWIiiQRpgo,5,0.6680190821584637,3.3400954107923186
0,7,1au9q3wiWxIwXTazIjHdfF,24Yy3FTpcOkcAbpzRKIFjw,5,0.6592534439111584,3.2962672195557916
0,8,1au9q3wiWxIwXTazIjHdfF,2NxIp9jbmsnaIiAExWOEo0,5,0.6548800744632537,3.2744003723162685
0,9,1au9q3wiWxIwXTazIjHdfF,74sb4Gib0cL3TQeCjYF8vh,5,0.6452757248826824,3.226378624413412
0,10,1au9q3wiWxIwXTazIjHdfF,60wtmXbcX9SBhdOe0koasN,5,0.6351415565899443,3.1757077829497216
0,11,1au9q3wiWxIwXTazIjHdfF,0jDzF53LecgvsnlWmmU2kX,5,0.6345163974680186,3.172581987340093
0,12,1au9q3wiWxIwXTazIjHdfF,6mfUwnHd7OTYPEWmOsvJsn,5,0.6276751342345119,3.1383756711725597
0,13,1au9q3wiWxIwXTazIjHdfF,2Ua5Nq3gQRPAJqnK8Nb8AQ,5,0.626278095236293,3.1313904761814646
0,14,1au9q3wiWxIwXTazIjHdfF,5Y4KPoGudwsnrNWtWXrcSi,5,0.6136711005593068,3.068355502796534
0,15,1au9q3wiWxIwXTazIjHdfF,4T2qnyKCo9UISjERbIeJQg,5,0.6013146406482502,3.0065732032412513
0,16,1au9q3wiWxIwXTazIjHdfF,3sC62j1Cjeea5tAhcyGcs8,5,0.5933892675233698,2.9669463376168492
0,17,1au9q3wiWxIwXTazIjHdfF,5eP4WD4hvS9sYpQukzX3QG,5,0.5931817696308496,2.965908848154248
0,18,1au9q3wiWxIwXTazIjHdfF,4EWCNWgDS8707fNSZ1oaA5,5,0.5902693356534308,2.9513466782671536
0,19,1au9q3wiWxIwXTazIjHdfF,5E30LdtzQTGqRvNd7l6kG5,5,0.5873303244596313,2.9366516222981565
0,20,1au9q3wiWxIwXTazIjHdfF,4JOP8ELK6AaeySe7sKe996,5,0.587001260454224,2.9350063022711197
1,1,1ExfPZEiahqhLyajhybFeS,4piX3WwKpTInJ4KNiAqTI6,5,0.6950247076839409,3.4751235384197043
1,2,1ExfPZEiahqhLyajhybFeS,6HojDglE8E3EA7SbTLE8VF,5,0.6934884349154478,3.467442174577239
1,3,1ExfPZEiahqhLyajhybFeS,2SEXsl9UShqKSc3inzSpIX,5,0.6836087155863043,3.4180435779315217
1,4,1ExfPZEiahqhLyajhybFeS,5U0tKveVl4lw0DaWvb1Tex,5,0.6767693864879603,3.383846932439801
1,5,1ExfPZEiahqhLyajhybFeS,1LisgLkjosfSP1WxYXjqKE,5,0.6714530205888676,3.357265102944338
1,6,1ExfPZEiahqhLyajhybFeS,6JUnflvdkYvbzsp6zWpaCZ,5,0.6698709749170791,3.3493548745853956
1,7,1ExfPZEiahqhLyajhybFeS,7EzdQnopwog0YWUoRBEowX,5,0.6674229878196472,3.3371149390982358
1,8,1ExfPZEiahqhLyajhybFeS,2UOytD96KzsV0PyDI9uPTu,5,0.6638081594214641,3.3190407971073204
1,9,1ExfPZEiahqhLyajhybFeS,0kOgBaBHZMxtFonNgTpFOT,5,0.6629604563193149,3.3148022815965743
1,10,1ExfPZEiahqhLyajhybFeS,6PS9AdyOKTPwlDPfLzJ7Ow,5,0.6621800416422579,3.3109002082112893
1,11,1ExfPZEiahqhLyajhybFeS,3VPfc6jUrM7IvgOs9z2jqT,5,0.6621703760518416,3.310851880259208
1,12,1ExfPZEiahqhLyajhybFeS,5mZEmChvCko8MIEP5lLcqP,5,0.6578227118886667,3.2891135594433334
1,13,1ExfPZEiahqhLyajhybFeS,0Tb10YKWaSfZBTVM8DjARU,5,0.6577210399629291,3.2886051998146453
1,14,1ExfPZEiahqhLyajhybFeS,20sACDEb4IftthrYsPqDCa,5,0.6571953046357255,3.2859765231786273
1,15,1ExfPZEiahqhLyajhybFeS,5ut3LWywhxxSLUWOS7Rlrc,5,0.6544982366361307,3.2724911831806534
1,16,1ExfPZEiahqhLyajhybFeS,6kbRL1WkHrKxHsBrV3ComC,5,0.6543853821793908,3.271926910896954
1,17,1ExfPZEiahqhLyajhybFeS,7Ks4VCY1wFebnOdJrM13t6,5,0.6507559691178206,3.2537798455891034
1,18,1ExfPZEiahqhLyajhybFeS,51z0HjEJ8LvJ9doL1qI14j,5,0.6490309681810299,3.2451548409051494
1,19,1ExfPZEiahqhLyajhybFeS,0AHJWgA2mLYz2iFVwbCeod,5,0.6435684457611093,3.217842228805546
1,20,1ExfPZEiahqhLyajhybFeS,2mSjj1apg5WDRw28PttSjs,5,0.6396915725253578,3.198457862626789
2,1,1fLlRApgzxWweF1JTf8yM5,5fSgXNTAh3ImNGfh9jsE9N,5,0.7431439304376541,3.7157196521882705
2,2,1fLlRApgzxWweF1JTf8yM5,63qgyQv5K7EgD4DiwoqeQ0,5,0.7411374067128791,3.7056870335643954
2,3,1fLlRApgzxWweF1JTf8yM5,5m9uiFH9sK5wxRZdfN62n9,5,0.7180972825874561,3.59048641293728
2,4,1fLlRApgzxWweF1JTf8yM5,7MbII8jWqFiTFYU3MPYEfW,5,0.7112998032289343,3.5564990161446715
2,5,1fLlRApgzxWweF1JTf8yM5,3MgDUrtEiddcZ1Fz9piMhp,5,0.7075871684519475,3.5379358422597376
2,6,1fLlRApgzxWweF1JTf8yM5,2LE8DiTLvygUSU5VLFPbi9,5,0.7030573179410529,3.5152865897052643
2,7,1fLlRApgzxWweF1JTf8yM5,7oQv46c5kSygEcYZ2alEGv,5,0.699948894280485,3.4997444714024253
2,8,1fLlRApgzxWweF1JTf8yM5,4UVyvjXmq9DKWLfhsL3SMS,5,0.6966937905849497,3.4834689529247487
2,9,1fLlRApgzxWweF1JTf8yM5,6wDVNn4STCopwfQ9lFO2iR,5,0.6942122741008107,3.4710613705040534
2,10,1fLlRApgzxWweF1JTf8yM5,1XSJ3mgsnkT9DnhbXl29uf,5,0.6909580610921661,3.4547903054608304
2,11,1fLlRApgzxWweF1JTf8yM5,5Gfrwqe12AAmQjCVuSBktn,5,0.6877885298432531,3.4389426492162656
2,12,1fLlRApgzxWweF1JTf8yM5,7w21gSRNmF17ikI4ovMe6C,5,0.6818179853252888,3.409089926626444
2,13,1fLlRApgzxWweF1JTf8yM5,7BxQJTzBjhfpx8PVT1qASg,5,0.6774247855175992,3.387123927587996
2,14,1fLlRApgzxWweF1JTf8yM5,6QHX9Nk5NOTsxrCb7HaA7D,5,0.6676135628859972,3.338067814429986
2,15,1fLlRApgzxWweF1JTf8yM5,6mCjOSXkABONouTVa6PQOy,5,0.6660910999718107,3.3304554998590534
2,16,1fLlRApgzxWweF1JTf8yM5,16fyms9ErePYphYe6baPVF,5,0.66096267177221,3.30481335886105
2,17,1fLlRApgzxWweF1JTf8yM5,79oQb66jALYYKX1hn4qs4p,5,0.6609349992353841,3.304674996176921
2,18,1fLlRApgzxWweF1JTf8yM5,6cAx41vDIMSjtXLZEowJLa,5,0.6597067146497717,3.2985335732488585
2,19,1fLlRApgzxWweF1JTf8yM5,55cz2QhGxrZoiUtddTi0w2,5,0.657164584113913,3.285822920569565
2,20,1fLlRApgzxWweF1JTf8yM5,5zV1ayoFVbabKpQq0Lqzrg,5,0.6566617677568327,3.283308838784164
3,1,1pSIQWMFbkJ5XvwgzKfeBv,0X5REyeiMlUl1YJqsjXW3w,5,0.6041856982329725,3.0209284911648626
3,2,1pSIQWMFbkJ5XvwgzKfeBv,0mDC5smPSHZGEu3h6WBNeV,5,0.6018160914256264,3.009080457128132
3,3,1pSIQWMFbkJ5XvwgzKfeBv,6IEc8l3p6Z5OBLMFg6Z2V1,5,0.5978174321533907,2.989087160766953
3,4,1pSIQWMFbkJ5XvwgzKfeBv,6sMtVUI236JPomVwbp0fSB,5,0.591251766512004,2.9562588325600196
3,5,1pSIQWMFbkJ5XvwgzKfeBv,1yHT3W5EKcrSuh2MZ89Aor,5,0.5831628424612549,2.915814212306275
3,6,1pSIQWMFbkJ5XvwgzKfeBv,3y34Ro7gOFpYEv41RbBLHt,5,0.5724238298051559,2.8621191490257796
3,7,1pSIQWMFbkJ5XvwgzKfeBv,5vTAFtqBBWKQjmzhMcdTiy,5,0.5635387145301598,2.817693572650799
3,8,1pSIQWMFbkJ5XvwgzKfeBv,1Hle8Xb0v0CE4xJR8Ezr89,5,0.5606118088945049,2.8030590444725245
3,9,1pSIQWMFbkJ5XvwgzKfeBv,3bJ2sQrc2PPHkhAOu2Lx3S,5,0.5555179765975324,2.7775898829876624
3,10,1pSIQWMFbkJ5XvwgzKfeBv,1iUcKIj6Bto9W6Ifa13SaY,5,0.5537851950128776,2.7689259750643878
3,11,1pSIQWMFbkJ5XvwgzKfeBv,3GnPPHzsyJcuIkXNMFg8CV,5,0.5535104928277875,2.7675524641389377
3,12,1pSIQWMFbkJ5XvwgzKfeBv,1SH9WY0eACGHxtrmW3QAn1,5,0.553420779544971,2.767103897724855
3,13,1pSIQWMFbkJ5XvwgzKfeBv,07KoMN1XZRWx6kmHPwFGxo,5,0.5531425390242534,2.765712695121267
3,14,1pSIQWMFbkJ5XvwgzKfeBv,6mvUEZjOYQ5QbXlWv9KQ4Y,5,0.5519952704802387,2.7599763524011935
3,15,1pSIQWMFbkJ5XvwgzKfeBv,64Tp4KN5U5rtqrasP5a7FH,5,0.550469354728923,2.752346773644615
3,16,1pSIQWMFbkJ5XvwgzKfeBv,6RQy8j94xIPJX8IC1QLF8j,5,0.546700810712285,2.7335040535614255
3,17,1pSIQWMFbkJ5XvwgzKfeBv,41sjzdjScVwnxnxADElts6,5,0.5451703980577238,2.725851990288619
3,18,1pSIQWMFbkJ5XvwgzKfeBv,7HPrIdcw3ZbqOVCZnr0zIs,5,0.5414151402415438,2.707075701207719
3,19,1pSIQWMFbkJ5XvwgzKfeBv,4nym6VwN5oH6YXYwIiNgJA,5,0.5405072143994782,2.7025360719973914
3,20,1pSIQWMFbkJ5XvwgzKfeBv,2G6HrgZpsMhPPv0dS6wYZ8,5,0.5404526849500328,2.7022634247501642
4,1,1UMJ5XcJPmH6ZbIRsCLY5F,6IeoP4qHTVbygPaIGNLNQt,5,0.6148001597533443,3.074000798766722
4,2,1UMJ5XcJPmH6ZbIRsCLY5F,1FV0GhHQdhZsWiuBKGMplw,5,0.5818383552637187,2.9091917763185937
4,3,1UMJ5XcJPmH6ZbIRsCLY5F,3x4bEEBmXEZUtFiTpXAygx,5,0.5600956427694151,2.8004782138470756
4,4,1UMJ5XcJPmH6ZbIRsCLY5F,14Zkkd1eYP3pcNPwLAZikf,5,0.5416990140030692,2.708495070015346
4,5,1UMJ5XcJPmH6ZbIRsCLY5F,75Ec5QN7QaEPWDy6Rd2xE1,5,0.5237630685848902,2.618815342924451
4,6,1UMJ5XcJPmH6ZbIRsCLY5F,4B208pKDVh0ScvZpAdkH8X,5,0.5116543236627953,2.5582716183139764
4,7,1UMJ5XcJPmH6ZbIRsCLY5F,6MZSOZ9YGuKilDeGNnqjGy,5,0.5027012154169023,2.5135060770845112
4,8,1UMJ5XcJPmH6ZbIRsCLY5F,2gxqozTaq2NYylvS8jd57G,5,0.49523299119227215,2.4761649559613605
4,9,1UMJ5XcJPmH6ZbIRsCLY5F,3y79WWh3FyK0bW7xEGNmGa,5,0.49461126913754994,2.4730563456877497
4,10,1UMJ5XcJPmH6ZbIRsCLY5F,2e2ODYnQs9b5WHzAfx7fmz,5,0.49408908144439145,2.4704454072219573
4,11,1UMJ5XcJPmH6ZbIRsCLY5F,3pWgMi7462TIWqnNTAqpNc,5,0.47874970766005065,2.3937485383002532
4,12,1UMJ5XcJPmH6ZbIRsCLY5F,72gqIretiKRMTWBbWwWVXR,5,0.4776992134596586,2.388496067298293
4,13,1UMJ5XcJPmH6ZbIRsCLY5F,5cepAtqnEQ6yVG6088zMMu,5,0.4766362252860259,2.3831811264301295
4,14,1UMJ5XcJPmH6ZbIRsCLY5F,41tlnwdeEb2S5ufTu7FQm9,5,0.47052504711930276,2.3526252355965136
4,15,1UMJ5XcJPmH6ZbIRsCLY5F,0wzPHTgOtFIDhk2rD3Au4x,5,0.47023628582698473,2.3511814291349236
4,16,1UMJ5XcJPmH6ZbIRsCLY5F,1uqukhK8JUrjBnbxB9KlS2,5,0.470096103291637,2.350480516458185
4,17,1UMJ5XcJPmH6ZbIRsCLY5F,15stquSTzv5rORSpjhq9ve,5,0.46648620151865317,2.3324310075932657
4,18,1UMJ5XcJPmH6ZbIRsCLY5F,7MzPaOW9KfjLF9vXiZtdnj,5,0.46602328107764557,2.3301164053882277
4,19,1UMJ5XcJPmH6ZbIRsCLY5F,4FMxywpaDTmFPhEYarTFOg,5,0.4597004288188443,2.2985021440942215
4,20,1UMJ5XcJPmH6ZbIRsCLY5F,3z3AsD4yljn1qwvSOvRRMh,5,0.45708438886827374,2.2854219443413686
5,1,2W2eaLVKv9NObcLXlYRZZo,6WNB8NvbbhCPhk9Qlr31VX,2,0.6920538655000263,1.3841077310000527
5,2,2W2eaLVKv9NObcLXlYRZZo,0ZORsRVhyIg7XlzgN6dVcV,2,0.6569304085574958,1.3138608171149917
5,3,2W2eaLVKv9NObcLXlYRZZo,5qAaYMahTumxvF9LuelRtc,2,0.656045708986121,1.312091417972242
5,4,2W2eaLVKv9NObcLXlYRZZo,4wh0E9OwMCxcaIKTg0Mts9,2,0.6545664948347667,1.3091329896695334
5,5,2W2eaLVKv9NObcLXlYRZZo,19mR38avjtoRssdk70QlJM,2,0.6504835673354722,1.3009671346709444
5,6,2W2eaLVKv9NObcLXlYRZZo,237RDWxnOvuZ79af6lSZi4,2,0.637932715976627,1.275865431953254
5,7,2W2eaLVKv9NObcLXlYRZZo,1FaRPrUhpdI0yRITecTbLc,2,0.6365073985556748,1.2730147971113497
5,8,2W2eaLVKv9NObcLXlYRZZo,4tj6uekOEtNOqJJ8BpBP74,2,0.6341329770528131,1.2682659541056263
5,9,2W2eaLVKv9NObcLXlYRZZo,4olNBNSYB0jknut4nO3GvY,2,0.6328230757909075,1.265646151581815
5,10,2W2eaLVKv9NObcLXlYRZZo,6G7URf5rGe6MvNoiTtNEP7,2,0.6279697780946796,1.2559395561893592
5,11,2W2eaLVKv9NObcLXlYRZZo,2Du2E8WxSbBNEU0jd9sCCO,2,0.6267672592030835,1.253534518406167
5,12,2W2eaLVKv9NObcLXlYRZZo,4zVqWUET8JgoDHwmWrYP45,2,0.6229766246143325,1.245953249228665
5,13,2W2eaLVKv9NObcLXlYRZZo,5talhpNE8YKyjR2NyBnDqM,2,0.6226619301327485,1.245323860265497
5,14,2W2eaLVKv9NObcLXlYRZZo,6WEsbAAKeg9LjqmYkdFXtc,2,0.6197656214927159,1.2395312429854317
5,15,2W2eaLVKv9NObcLXlYRZZo,7pDHM9huHHpRc9CrxZElsW,2,0.6180372815975311,1.2360745631950623
5,16,2W2eaLVKv9NObcLXlYRZZo,2QXBh408EhthzKXKO8Lbqk,2,0.6165232570965088,1.2330465141930176
5,17,2W2eaLVKv9NObcLXlYRZZo,0cGM5N57Jm8RxnWqrf8VWE,2,0.6154767525440499,1.2309535050880998
5,18,2W2eaLVKv9NObcLXlYRZZo,5noQJkpVfHt2D4df2GXieV,2,0.6137842352560011,1.2275684705120022
5,19,2W2eaLVKv9NObcLXlYRZZo,7ubIeT81utrNEkEy9Iaeqo,2,0.6097159467783413,1.2194318935566826
5,20,2W2eaLVKv9NObcLXlYRZZo,5uARhdcnGgFIC2uijiEhXn,2,0.6090152863004452,1.2180305726008904
6,1,3S0OXQeoh0w6AY8WQVckRW,1EzrEOXmMH3G43AXT1y7pA,5,0.9999970413032422,4.999985206516211
6,2,3S0OXQeoh0w6AY8WQVckRW,732iQF09gPlc32IlBGoXvv,5,0.7059347252875832,3.5296736264379156
6,3,3S0OXQeoh0w6AY8WQVckRW,5KsLlcmWDoHUoJFzRw14wD,5,0.7056255467175749,3.5281277335878745
6,4,3S0OXQeoh0w6AY8WQVckRW,5Y4KPoGudwsnrNWtWXrcSi,5,0.7030292844377469,3.5151464221887347
6,5,3S0OXQeoh0w6AY8WQVckRW,1nBpOzhk48RP7WNT2OOw9W,5,0.69078553019803,3.45392765099015
6,6,3S0OXQeoh0w6AY8WQVckRW,60wtmXbcX9SBhdOe0koasN,5,0.680402756671423,3.4020137833571154
6,7,3S0OXQeoh0w6AY8WQVckRW,4CszVFNslX9JLvjVPTeqaW,5,0.6780538937086686,3.390269468543343
6,8,3S0OXQeoh0w6AY8WQVckRW,24Yy3FTpcOkcAbpzRKIFjw,5,0.6745305798673027,3.3726528993365132
6,9,3S0OXQeoh0w6AY8WQVckRW,6i7ZCerJICjhpbisBz1Lw4,5,0.6314176949182819,3.1570884745914096
6,10,3S0OXQeoh0w6AY8WQVckRW,37AgQTDcQzUYPGVmwvAjdC,5,0.6278547881760638,3.1392739408803187
6,11,3S0OXQeoh0w6AY8WQVckRW,6b6liLOZhXdOfFBFVN5KNK,5,0.627784670382455,3.138923351912275
6,12,3S0OXQeoh0w6AY8WQVckRW,2PrZtwwm4jY8mtGLoEmvGY,5,0.6237245849543983,3.1186229247719917
6,13,3S0OXQeoh0w6AY8WQVckRW,5jyyPsIGM2yqkZN9R3TmvN,5,0.6210409467759476,3.105204733879738
6,14,3S0OXQeoh0w6AY8WQVckRW,5J6OJUHDoj76LWL1N7j3dj,5,0.6139237860320077,3.0696189301600385
6,15,3S0OXQeoh0w6AY8WQVckRW,2MMaZgDipxi3ijWeGgVgAR,5,0.6133744898332003,3.0668724491660013
6,16,3S0OXQeoh0w6AY8WQVckRW,1LM6t24SjQr2bJHqeGIR4U,5,0.609814863037552,3.0490743151877595
6,17,3S0OXQeoh0w6AY8WQVckRW,5C8tnqzEmG6g6axX4KoKYO,5,0.6090103318098207,3.0450516590491032
6,18,3S0OXQeoh0w6AY8WQVckRW,5P1vipFCNi7SiOEVGqCc3s,5,0.6076409606520303,3.0382048032601516
6,19,3S0OXQeoh0w6AY8WQVckRW,41CgzGD7xlgnJe14R4cqkL,5,0.606055586806571,3.030277934032855
6,20,3S0OXQeoh0w6AY8WQVckRW,1wwCsgg0Uv6hsSUEL2jFwL,5,0.6048375706941467,3.0241878534707336
7,1,3wF0zyjQ6FKLK4vFxcMojP,4tOmFSoQA9ji8lTxAbbvq1,3,0.5870390067428769,1.7611170202286308
7,2,3wF0zyjQ6FKLK4vFxcMojP,51Bpjq1BdQlS3V852vJCw7,3,0.5801042406795649,1.7403127220386947
7,3,3wF0zyjQ6FKLK4vFxcMojP,6tsOcBnaKgzK22yEiqRh8P,3,0.5748095168042577,1.7244285504127732
7,4,3wF0zyjQ6FKLK4vFxcMojP,2LTsMWvkzisfOjwlWo8KZE,3,0.5711130226180609,1.7133390678541827
7,5,3wF0zyjQ6FKLK4vFxcMojP,7bdYxWPCs46dQ0XLwySOyv,3,0.567965446837481,1.703896340512443
7,6,3wF0zyjQ6FKLK4vFxcMojP,6xgqL1OGWgeWkVDmUDv3fR,3,0.5420110422160012,1.6260331266480035
7,7,3wF0zyjQ6FKLK4vFxcMojP,5dHMrmmUy4CoarORtGkNCh,3,0.5349135084988528,1.6047405254965583
7,8,3wF0zyjQ6FKLK4vFxcMojP,3z3AsD4yljn1qwvSOvRRMh,3,0.5314528258023065,1.5943584774069195
7,9,3wF0zyjQ6FKLK4vFxcMojP,7jYeTVaSlUNwpSoEEzMLXf,3,0.5310414584927419,1.5931243754782256
7,10,3wF0zyjQ6FKLK4vFxcMojP,3vzT5SNVL3vaDeAgnG9QhF,3,0.5209038952574299,1.5627116857722896
7,11,3wF0zyjQ6FKLK4vFxcMojP,3pWgMi7462TIWqnNTAqpNc,3,0.5195573268540783,1.5586719805622349
7,12,3wF0zyjQ6FKLK4vFxcMojP,3lFWMQjk403WVbstfxtscV,3,0.5083888432953465,1.5251665298860395
7,13,3wF0zyjQ6FKLK4vFxcMojP,7hMKblQ8PFmACSulYElau6,3,0.5029413306725671,1.5088239920177013
7,14,3wF0zyjQ6FKLK4vFxcMojP,7eCKCUTLW3SFgv8wEE3PaZ,3,0.5016292168944787,1.504887650683436
7,15,3wF0zyjQ6FKLK4vFxcMojP,0u2lumqwdITUiJFZuygCYL,3,0.46348274846475657,1.3904482453942697
7,16,3wF0zyjQ6FKLK4vFxcMojP,5PtoBDWcwPahPDflHJFV6J,3,0.46051226343721874,1.3815367903116562
7,17,3wF0zyjQ6FKLK4vFxcMojP,6IeoP4qHTVbygPaIGNLNQt,3,0.448182404803551,1.344547214410653
7,18,3wF0zyjQ6FKLK4vFxcMojP,3RWbvxdbGwXFaHQOn6mBl1,3,0.44579186225409617,1.3373755867622885
7,19,3wF0zyjQ6FKLK4vFxcMojP,6r7ayTQwslXYqolO4Zvi6p,3,0.43607268616029427,1.308218058480883
7,20,3wF0zyjQ6FKLK4vFxcMojP,1mrPG8snf4maJMoM4Ec8Ag,3,0.4348847327091957,1.304654198127587
8,1,4FCb4CUbFCMNRkI6lYc1zI,6M4gZoCXQKlxZVBKu3JAcQ,3,0.7417468814068252,2.2252406442204755
8,2,4FCb4CUbFCMNRkI6lYc1zI,2jAu8NfpemA0BMYRP0WGbx,3,0.6813089460482588,2.043926838144776
8,3,4FCb4CUbFCMNRkI6lYc1zI,5wtQLRo9oz9ifiUuc7HWIo,3,0.6776356941402263,2.032907082420679
8,4,4FCb4CUbFCMNRkI6lYc1zI,1RywwImkBFUEVcRTBmw7vL,3,0.6449180292832011,1.9347540878496032
8,5,4FCb4CUbFCMNRkI6lYc1zI,5JxJdTFH4pw6Ajn2oN31NT,3,0.6385681669078673,1.915704500723602
8,6,4FCb4CUbFCMNRkI6lYc1zI,7E0Vsj8rinTQl50BAsFewF,3,0.6378492684793096,1.9135478054379287
8,7,4FCb4CUbFCMNRkI6lYc1zI,0NnigMS2Kr2eHTVI7QeMlS,3,0.6351639148568399,1.9054917445705195
8,8,4FCb4CUbFCMNRkI6lYc1zI,7bhGiUNiNSbtzdrPNtCsmV,3,0.6346328318333709,1.9038984955001128
8,9,4FCb4CUbFCMNRkI6lYc1zI,3mxAHm4zB7RFprLKdgKhI3,3,0.6334721264358105,1.9004163793074316
8,10,4FCb4CUbFCMNRkI6lYc1zI,5x28HAIx9KwasQ7vojHvZ0,3,0.6308404878265067,1.89252146347952
8,11,4FCb4CUbFCMNRkI6lYc1zI,3dpVSZnUl5iz4ZJJPtN5km,3,0.6308166804493899,1.8924500413481695
8,12,4FCb4CUbFCMNRkI6lYc1zI,4jrqZ6Ow3eJkabXqwipN0B,3,0.628074943425212,1.884224830275636
8,13,4FCb4CUbFCMNRkI6lYc1zI,3HvxAXWaHkbbAzEhJiUDz4,3,0.6280041666757699,1.8840125000273096
8,14,4FCb4CUbFCMNRkI6lYc1zI,2xdlISXeaGfWKE8eBEFyUh,3,0.6204873240513529,1.8614619721540586
8,15,4FCb4CUbFCMNRkI6lYc1zI,3dQtowkCSVxACYPkd2waXq,3,0.6179942702771933,1.85398281083158
8,16,4FCb4CUbFCMNRkI6lYc1zI,4xFfDqhvO8Xkl60MmlvzaC,3,0.6158703735271335,1.8476111205814005
8,17,4FCb4CUbFCMNRkI6lYc1zI,1lGwSKgdYCWXU2LH0P2SZ4,3,0.6142400195992663,1.842720058797799
8,18,4FCb4CUbFCMNRkI6lYc1zI,2vApTiwyucqeHtHV8y6EAK,3,0.6134060442488929,1.8402181327466787
8,19,4FCb4CUbFCMNRkI6lYc1zI,3WobFokfH5oz1u1o28dVQm,3,0.611802104099562,1.8354063122986861
8,20,4FCb4CUbFCMNRkI6lYc1zI,0pxNyJJiL2zZZ5GgJ4JhsQ,3,0.6101155831541338,1.8303467494624015
9,1,4RL77hMWUq35NYnPLXBpih,5E5MqaS6eOsbaJibl3YeMZ,5,0.5986287642737619,2.9931438213688093
9,2,4RL77hMWUq35NYnPLXBpih,0aSgzAUObtmSSwh1yO6shv,5,0.5543349589270773,2.7716747946353864
9,3,4RL77hMWUq35NYnPLXBpih,6FqfwpC2pxpRDyhOy3aVwZ,5,0.5144951534546501,2.5724757672732506
9,4,4RL77hMWUq35NYnPLXBpih,0ZxutHFiw5KFv6mNpIbqLf,5,0.47058873582218275,2.352943679110914
9,5,4RL77hMWUq35NYnPLXBpih,3jTAdOh5XLVoSHykKtFc5t,5,0.40084226323432526,2.0042113161716264
9,6,4RL77hMWUq35NYnPLXBpih,6PBVYvYHKmqlkTgrMcZu19,5,0.39493625665036036,1.974681283251802
9,7,4RL77hMWUq35NYnPLXBpih,41TN32U3P4hw4dN0dH6LOo,5,0.39174096860560914,1.9587048430280456
9,8,4RL77hMWUq35NYnPLXBpih,6OMvX7ieloQ1qdSwKb5BRD,5,0.31737882266687656,1.5868941133343828
9,9,4RL77hMWUq35NYnPLXBpih,5HDwpB4ZQznZOE9cRlrrJ7,5,0.2852948020596844,1.426474010298422
9,10,4RL77hMWUq35NYnPLXBpih,55do1f4mkLfM314tQDlyfw,5,0.2850213995732941,1.4251069978664703
9,11,4RL77hMWUq35NYnPLXBpih,2jVLwzrzKVhcI8UmVonVas,5,0.2832156474862043,1.4160782374310217
9,12,4RL77hMWUq35NYnPLXBpih,6MJruJh9t1U7kx2C4cNAvr,5,0.27857285040509916,1.392864252025496
9,13,4RL77hMWUq35NYnPLXBpih,50YQFbfIVk2XMnVFKAuuib,5,0.2713058156792959,1.3565290783964796
9,14,4RL77hMWUq35NYnPLXBpih,4tOmFSoQA9ji8lTxAbbvq1,5,0.271045033944568,1.3552251697228401
9,15,4RL77hMWUq35NYnPLXBpih,2LTsMWvkzisfOjwlWo8KZE,5,0.27099941294045105,1.3549970647022551
9,16,4RL77hMWUq35NYnPLXBpih,3gDUdpPr7IxAgS31lEhHxU,5,0.26989169529939905,1.3494584764969952
9,17,4RL77hMWUq35NYnPLXBpih,2cfmV1hKK1xlfjW3smgphE,5,0.2549141672622526,1.274570836311263
9,18,4RL77hMWUq35NYnPLXBpih,51Bpjq1BdQlS3V852vJCw7,5,0.2545556242300343,1.2727781211501714
9,19,4RL77hMWUq35NYnPLXBpih,67kXYrMTQbS7MVbXyGyxHm,5,0.2544955294967951,1.2724776474839756
9,20,4RL77hMWUq35NYnPLXBpih,3u5bTqHMM1P34ZkbwzdckV,5,0.2528653159262313,1.2643265796311565
10,1,52UWtKlYjZO3dHoRlWuz9S,5MxJfJ0ljPIXQATV0S6F5W,1,0.6714289319258349,0.6714289319258349
10,2,52UWtKlYjZO3dHoRlWuz9S,2c9CoAhbkfxZNThJ1itf3d,1,0.623498753391357,0.623498753391357
10,3,52UWtKlYjZO3dHoRlWuz9S,1c4dnjYylnfd8bsZfY9Ugt,1,0.607656452440916,0.607656452440916
10,4,52UWtKlYjZO3dHoRlWuz9S,4WocC6NtlTJQzezxWiwgDj,1,0.6030255750790094,0.6030255750790094
10,5,52UWtKlYjZO3dHoRlWuz9S,4vtB5TaZa1APUogh7ZsyCw,1,0.5886131773937424,0.5886131773937424
10,6,52UWtKlYjZO3dHoRlWuz9S,0CiyUD4UpIdztjBQZoGC6e,1,0.5852873875613667,0.5852873875613667
10,7,52UWtKlYjZO3dHoRlWuz9S,4sSutqK9JRIqWDRBQ9zP9o,1,0.5763028730992361,0.5763028730992361
10,8,52UWtKlYjZO3dHoRlWuz9S,6ND1JpAm104i6GWI2DmX0F,1,0.573549910929827,0.573549910929827
10,9,52UWtKlYjZO3dHoRlWuz9S,56GFlp1dkt7dw56pQdTwqW,1,0.5724015689313863,0.5724015689313863
10,10,52UWtKlYjZO3dHoRlWuz9S,738bixQtdt3aj2gLWOdWvI,1,0.57220371225111,0.57220371225111
10,11,52UWtKlYjZO3dHoRlWuz9S,3f5cAVQCYdotACCXu1u7Wc,1,0.5706186464996682,0.5706186464996682
10,12,52UWtKlYjZO3dHoRlWuz9S,6ybuqDYA1Y4qa45NmRLUME,1,0.5656382339953578,0.5656382339953578
10,13,52UWtKlYjZO3dHoRlWuz9S,4S85DkBldeNBKoQheZX4ja,1,0.5628209650935283,0.5628209650935283
10,14,52UWtKlYjZO3dHoRlWuz9S,7E95A6ryI0Op41X79FLmDq,1,0.5585782796664207,0.5585782796664207
10,15,52UWtKlYjZO3dHoRlWuz9S,7JELSkAZUWvWAvyGJPy7SW,1,0.5540356079968511,0.5540356079968511
10,16,52UWtKlYjZO3dHoRlWuz9S,2Ok4AZWlxep9lNoB7F8uf7,1,0.553192037153464,0.553192037153464
10,17,52UWtKlYjZO3dHoRlWuz9S,5qAaYMahTumxvF9LuelRtc,1,0.5470283028491392,0.5470283028491392
10,18,52UWtKlYjZO3dHoRlWuz9S,5tsh8fpTyyLodw4iaja48Y,1,0.5454653907406897,0.5454653907406897
10,19,52UWtKlYjZO3dHoRlWuz9S,264rBv7x62Yhd0fmiwdrhH,1,0.5444687537035073,0.5444687537035073
10,20,52UWtKlYjZO3dHoRlWuz9S,4tj6uekOEtNOqJJ8BpBP74,1,0.5438845988263713,0.5438845988263713
11,1,5b88tNINg4Q4nrRbrCXUmg,5SrSCFXjjn76bK13engFQr,2,0.7310832584677553,1.4621665169355107
11,2,5b88tNINg4Q4nrRbrCXUmg,40tlsTEclnd2cBglk2QSOY,2,0.7123695803307897,1.4247391606615794
11,3,5b88tNINg4Q4nrRbrCXUmg,7E5PRdbZq6m5PcKskAhPJV,2,0.6944492261575002,1.3888984523150003
11,4,5b88tNINg4Q4nrRbrCXUmg,7wFH1msd9BVQMc8SJXqEmf,2,0.6754111663018647,1.3508223326037294
11,5,5b88tNINg4Q4nrRbrCXUmg,39LqN754wuVEI5NmRtUS8i,2,0.664967588804186,1.329935177608372
11,6,5b88tNINg4Q4nrRbrCXUmg,5yF33pmtR39xmPI2yHeOgW,2,0.6625066092102665,1.325013218420533
11,7,5b88tNINg4Q4nrRbrCXUmg,3VMXthb167x6pQOQe42m6f,2,0.652564154656877,1.305128309313754
11,8,5b88tNINg4Q4nrRbrCXUmg,3VdJ3at38FXnoQX6yyuDJc,2,0.6506472348002585,1.301294469600517
11,9,5b88tNINg4Q4nrRbrCXUmg,4vQH6TCMMWk7lO3kPFDZZf,2,0.6471092831402749,1.2942185662805499
11,10,5b88tNINg4Q4nrRbrCXUmg,7B2SMMslfm3Ocf7ZnTa5dS,2,0.6443498137570683,1.2886996275141367
11,11,5b88tNINg4Q4nrRbrCXUmg,1g1RmSl6D0I6m6MEtDvxYn,2,0.635927887420044,1.271855774840088
11,12,5b88tNINg4Q4nrRbrCXUmg,6dUk3McgXlI5zublTmqYEp,2,0.6357331000059667,1.2714662000119334
11,13,5b88tNINg4Q4nrRbrCXUmg,45ou2UBThJA4WtFGIiYLI3,2,0.6354997966139626,1.2709995932279252
11,14,5b88tNINg4Q4nrRbrCXUmg,4CME3Tezpe79zKGfHElok8,2,0.634887031612189,1.269774063224378
11,15,5b88tNINg4Q4nrRbrCXUmg,7aSvPfoqiM0zwPqupLGaHd,2,0.6345681930309897,1.2691363860619793
11,16,5b88tNINg4Q4nrRbrCXUmg,0tOpMcr2I01zrr4lyVUHJk,2,0.6281861364747547,1.2563722729495095
11,17,5b88tNINg4Q4nrRbrCXUmg,44kgtDJyAFv4Z01z7bIxco,2,0.6269676406552649,1.2539352813105298
11,18,5b88tNINg4Q4nrRbrCXUmg,2oeySdF5FtALXQxYNBvq78,2,0.6200641330243645,1.240128266048729
11,19,5b88tNINg4Q4nrRbrCXUmg,2dRvMEW4EwySxRUtEamSfG,2,0.6182981114807948,1.2365962229615897
11,20,5b88tNINg4Q4nrRbrCXUmg,6pI1TqgmpEjMJs9LMzAkc8,2,0.6179798181781049,1.2359596363562098
12,1,5E5MqaS6eOsbaJibl3YeMZ,6FqfwpC2pxpRDyhOy3aVwZ,1,0.602846892532263,0.602846892532263
12,2,5E5MqaS6eOsbaJibl3YeMZ,4RL77hMWUq35NYnPLXBpih,1,0.5986287642737619,0.5986287642737619
12,3,5E5MqaS6eOsbaJibl3YeMZ,0ZxutHFiw5KFv6mNpIbqLf,1,0.4880650714224618,0.4880650714224618
12,4,5E5MqaS6eOsbaJibl3YeMZ,41TN32U3P4hw4dN0dH6LOo,1,0.4774032075896578,0.4774032075896578
12,5,5E5MqaS6eOsbaJibl3YeMZ,3gDUdpPr7IxAgS31lEhHxU,1,0.43086124982457674,0.43086124982457674
12,6,5E5MqaS6eOsbaJibl3YeMZ,51Bpjq1BdQlS3V852vJCw7,1,0.40820929803925743,0.40820929803925743
12,7,5E5MqaS6eOsbaJibl3YeMZ,0aSgzAUObtmSSwh1yO6shv,1,0.38850942722243564,0.38850942722243564
12,8,5E5MqaS6eOsbaJibl3YeMZ,5fvETjmhp6xoCQKVAjklVE,1,0.3823316351800302,0.3823316351800302
12,9,5E5MqaS6eOsbaJibl3YeMZ,6PBVYvYHKmqlkTgrMcZu19,1,0.37236275472070346,0.37236275472070346
12,10,5E5MqaS6eOsbaJibl3YeMZ,6MJruJh9t1U7kx2C4cNAvr,1,0.36745999300572463,0.36745999300572463
12,11,5E5MqaS6eOsbaJibl3YeMZ,26nXtAXEGkdPfBlrFj2rDg,1,0.36653678265111855,0.36653678265111855
12,12,5E5MqaS6eOsbaJibl3YeMZ,6OMvX7ieloQ1qdSwKb5BRD,1,0.36543960820555044,0.36543960820555044
12,13,5E5MqaS6eOsbaJibl3YeMZ,1wu5Nyfu06lLsl5mSyOo0p,1,0.3634639635868344,0.3634639635868344
12,14,5E5MqaS6eOsbaJibl3YeMZ,6koowTu9pFHPEcZnACLKbK,1,0.36005821310547337,0.36005821310547337
12,15,5E5MqaS6eOsbaJibl3YeMZ,2jVLwzrzKVhcI8UmVonVas,1,0.3581491772881381,0.3581491772881381
12,16,5E5MqaS6eOsbaJibl3YeMZ,4tOmFSoQA9ji8lTxAbbvq1,1,0.35616814053046963,0.35616814053046963
12,17,5E5MqaS6eOsbaJibl3YeMZ,6X1DiQL7uRQwLXlWSWSN2w,1,0.35238940928371976,0.35238940928371976
12,18,5E5MqaS6eOsbaJibl3YeMZ,65RAoLmj9ImbRNZHPSJiH0,1,0.35122950413911913,0.35122950413911913
12,19,5E5MqaS6eOsbaJibl3YeMZ,3RWbvxdbGwXFaHQOn6mBl1,1,0.34312525701417684,0.34312525701417684
12,20,5E5MqaS6eOsbaJibl3YeMZ,3u5bTqHMM1P34ZkbwzdckV,1,0.3427524398199513,0.3427524398199513
13,1,5uCax9HTNlzGybIStD3vDh,3EDTEI2CNZ3ApCAq45wnkC,3,0.7677550293476418,2.3032650880429255
13,2,5uCax9HTNlzGybIStD3vDh,2vApTiwyucqeHtHV8y6EAK,3,0.7481286300293626,2.244385890088088
13,3,5uCax9HTNlzGybIStD3vDh,113wHUmXRiuXq1iK2QDoMq,3,0.7368420301064762,2.2105260903194286
13,4,5uCax9HTNlzGybIStD3vDh,4BV9SrdzikztIBOi2dVAtL,3,0.6753342412409413,2.026002723722824
13,5,5uCax9HTNlzGybIStD3vDh,6CGf2aPvKj7497cZ6JMmGT,3,0.6573783130552577,1.9721349391657732
13,6,5uCax9HTNlzGybIStD3vDh,3dpVSZnUl5iz4ZJJPtN5km,3,0.6560049482966783,1.968014844890035
13,7,5uCax9HTNlzGybIStD3vDh,7d3cx47aWj0XbW7mLXXT9u,3,0.6535719229235274,1.9607157687705823
13,8,5uCax9HTNlzGybIStD3vDh,3leWYnzsmyiqNoRePTFvhV,3,0.6508896738831078,1.9526690216493234
13,9,5uCax9HTNlzGybIStD3vDh,0DqKMbPXhUIXcgDOVmohiM,3,0.6444873187190907,1.9334619561572721
13,10,5uCax9HTNlzGybIStD3vDh,2GlsXuQV0YOOwPy3XKFIS9,3,0.6327915230751011,1.8983745692253033
13,11,5uCax9HTNlzGybIStD3vDh,67gzYAhpsyc0FHluUxvLbl,3,0.6210252558055607,1.863075767416682
13,12,5uCax9HTNlzGybIStD3vDh,5FPnjikbwlDMULCCCa6ZCJ,3,0.6204834217241597,1.8614502651724791
13,13,5uCax9HTNlzGybIStD3vDh,0BP2o4rGe7nkQea1JOWMbl,3,0.6191022302801363,1.857306690840409
13,14,5uCax9HTNlzGybIStD3vDh,2p2xmm9GmHZ31BuI6qNiAl,3,0.6154037926404012,1.8462113779212037
13,15,5uCax9HTNlzGybIStD3vDh,482bSlBQGKcWoLavrSxCGW,3,0.6139889314943252,1.8419667944829756
13,16,5uCax9HTNlzGybIStD3vDh,5oAOK7xCJD8hzp9PuxjULL,3,0.6090466675706615,1.8271400027119844
13,17,5uCax9HTNlzGybIStD3vDh,3d7pK1CqZaj5xbIGPy85rD,3,0.6069021938113521,1.8207065814340564
13,18,5uCax9HTNlzGybIStD3vDh,64H3kZaBMnTErYa4n8UQai,3,0.6005791528449159,1.8017374585347476
13,19,5uCax9HTNlzGybIStD3vDh,7GyDcM22nxCJHcQa11fbYk,3,0.5981100984457788,1.7943302953373363
13,20,5uCax9HTNlzGybIStD3vDh,2wSJEsk3c0E1ZXYRwgNQoR,3,0.5905564312388796,1.7716692937166387
14,1,5WLSak7DN3LY1K71oWYuoN,4FMxywpaDTmFPhEYarTFOg,2,0.552307529624251,1.104615059248502
14,2,5WLSak7DN3LY1K71oWYuoN,0xun1Olh7EtEef4wIg9l3l,2,0.4752136191079701,0.9504272382159402
14,3,5WLSak7DN3LY1K71oWYuoN,2aay5Exr9xPNdvLztiWl35,2,0.4707289126236438,0.9414578252472876
14,4,5WLSak7DN3LY1K71oWYuoN,6r5rICHmvC48TC6vY9JEYL,2,0.4522752301717403,0.9045504603434806
14,5,5WLSak7DN3LY1K71oWYuoN,0wLeCwA3SG4OGahS8CJNM6,2,0.44760232748064355,0.8952046549612871
14,6,5WLSak7DN3LY1K71oWYuoN,7nYw37hFYh1BufGA2HT0Ol,2,0.427571968435399,0.855143936870798
14,7,5WLSak7DN3LY1K71oWYuoN,14Zkkd1eYP3pcNPwLAZikf,2,0.4093866960452358,0.8187733920904716
14,8,5WLSak7DN3LY1K71oWYuoN,7LQqZ05ph3crG0Tg33fNb9,2,0.4061976150591632,0.8123952301183264
14,9,5WLSak7DN3LY1K71oWYuoN,66vHRB1BRlnhJ4v8e6tpaB,2,0.40471753168659097,0.8094350633731819
14,10,5WLSak7DN3LY1K71oWYuoN,79JXD0Avn3iqfbKBjbHdbR,2,0.40044259139214744,0.8008851827842949
14,11,5WLSak7DN3LY1K71oWYuoN,3GpWADl5hikd23jYTOFqzg,2,0.39915111201976816,0.7983022240395363
14,12,5WLSak7DN3LY1K71oWYuoN,0z9SEBuysqrbbMmgHjbgPl,2,0.39888856474549883,0.7977771294909977
14,13,5WLSak7DN3LY1K71oWYuoN,211LaT5hzPOKolVtgzwWnq,2,0.3982514764065703,0.7965029528131407
14,14,5WLSak7DN3LY1K71oWYuoN,0ZxutHFiw5KFv6mNpIbqLf,2,0.39117945855782965,0.7823589171156593
14,15,5WLSak7DN3LY1K71oWYuoN,1PWnAEQcbwQwK759otUbta,2,0.3897495034218872,0.7794990068437744
14,16,5WLSak7DN3LY1K71oWYuoN,3rkAqA4V0niRSLaDd65rQD,2,0.37976256765877503,0.7595251353175501
14,17,5WLSak7DN3LY1K71oWYuoN,6aJlabqT4DO0hP4e7uFiRU,2,0.3735946521319288,0.7471893042638575
14,18,5WLSak7DN3LY1K71oWYuoN,3gDUdpPr7IxAgS31lEhHxU,2,0.369661706327543,0.739323412655086
14,19,5WLSak7DN3LY1K71oWYuoN,0u2lumqwdITUiJFZuygCYL,2,0.3510517341036028,0.7021034682072056
14,20,5WLSak7DN3LY1K71oWYuoN,3iFYuSmn6o6TZXtK8eu2wq,2,0.34434161734255675,0.6886832346851135
15,1,6G7URf5rGe6MvNoiTtNEP7,1LDNoleOzLl8LdHH7L9e5t,1,0.741627352416254,0.741627352416254
15,2,6G7URf5rGe6MvNoiTtNEP7,2QXBh408EhthzKXKO8Lbqk,1,0.7377247933998512,0.7377247933998512
15,3,6G7URf5rGe6MvNoiTtNEP7,5uARhdcnGgFIC2uijiEhXn,1,0.7327413064809403,0.7327413064809403
15,4,6G7URf5rGe6MvNoiTtNEP7,5x7dU3Eq7vWRNrgCPnpctF,1,0.7245514298158315,0.7245514298158315
15,5,6G7URf5rGe6MvNoiTtNEP7,6QHX9Nk5NOTsxrCb7HaA7D,1,0.7171431123940517,0.7171431123940517
15,6,6G7URf5rGe6MvNoiTtNEP7,19mR38avjtoRssdk70QlJM,1,0.70997974303348,0.70997974303348
15,7,6G7URf5rGe6MvNoiTtNEP7,7vrtXD8xPBC2E69eOCrkhj,1,0.7018968770828241,0.7018968770828241
15,8,6G7URf5rGe6MvNoiTtNEP7,6yXwzAdml0MyRURctW038w,1,0.70107046247668,0.70107046247668
15,9,6G7URf5rGe6MvNoiTtNEP7,3xXKwkmkrpZmGpIof83xbE,1,0.7006301118056819,0.7006301118056819
15,10,6G7URf5rGe6MvNoiTtNEP7,4zVqWUET8JgoDHwmWrYP45,1,0.7000013150855565,0.7000013150855565
15,11,6G7URf5rGe6MvNoiTtNEP7,4N2yjWLIxZjOXDrCu2VlJe,1,0.6860828945835881,0.6860828945835881
15,12,6G7URf5rGe6MvNoiTtNEP7,6GohV1Vq26R2MwHZBuiTsc,1,0.685806366607367,0.685806366607367
15,13,6G7URf5rGe6MvNoiTtNEP7,4481FMe9L5gn9HNYkkgJ69,1,0.6854354238096219,0.6854354238096219
15,14,6G7URf5rGe6MvNoiTtNEP7,6WNB8NvbbhCPhk9Qlr31VX,1,0.6815062887073523,0.6815062887073523
15,15,6G7URf5rGe6MvNoiTtNEP7,2I5s8aZVfXa2wq7c1RzoXw,1,0.6813201812134069,0.6813201812134069
15,16,6G7URf5rGe6MvNoiTtNEP7,5nFskY47OoXlr6uFb1wiqP,1,0.6800448584567378,0.6800448584567378
15,17,6G7URf5rGe6MvNoiTtNEP7,4olNBNSYB0jknut4nO3GvY,1,0.6733100101331058,0.6733100101331058
15,18,6G7URf5rGe6MvNoiTtNEP7,6cAx41vDIMSjtXLZEowJLa,1,0.6678375769760533,0.6678375769760533
15,19,6G7URf5rGe6MvNoiTtNEP7,2D9BrlpeyjXF0vli2dYQ5V,1,0.6675647873266821,0.6675647873266821
15,20,6G7URf5rGe6MvNoiTtNEP7,7pDHM9huHHpRc9CrxZElsW,1,0.6635425005783365,0.6635425005783365
16,1,6QPKYGnAW9QozVz2dSWqRg,4CQb9KyKREQ2u9BjszeqZA,3,0.5890141836019538,1.7670425508058614
16,2,6QPKYGnAW9QozVz2dSWqRg,65GkbnLAYZWfUfj0A7trf7,3,0.5862430753362751,1.7587292260088252
16,3,6QPKYGnAW9QozVz2dSWqRg,2flnYutr2WlFzi6ZpXz8ci,3,0.5790471384420945,1.7371414153262836
16,4,6QPKYGnAW9QozVz2dSWqRg,4Z32X8Mf0vdUgj9PPbojWf,3,0.5747007285210572,1.7241021855631717
16,5,6QPKYGnAW9QozVz2dSWqRg,6oz0TkxZqdcyHYp5UOjvri,3,0.5697015351513214,1.7091046054539643
16,6,6QPKYGnAW9QozVz2dSWqRg,3t40W5kFgs4jQKtdRMxUwK,3,0.5485826244204366,1.6457478732613098
16,7,6QPKYGnAW9QozVz2dSWqRg,5VlstKgCJPHDIMCQO4jHcQ,3,0.5256478306145287,1.576943491843586
16,8,6QPKYGnAW9QozVz2dSWqRg,7jLog11XbKla3c7KjIwsVY,3,0.511832440916099,1.535497322748297
16,9,6QPKYGnAW9QozVz2dSWqRg,6zo52JP3T62BJWN1Fd802D,3,0.5080774546212248,1.5242323638636743
16,10,6QPKYGnAW9QozVz2dSWqRg,2Y3zcR4Zk0XyNtscjr7qvN,3,0.5046472913388125,1.5139418740164374
16,11,6QPKYGnAW9QozVz2dSWqRg,6bejpQb8hrDT8vs12EegMQ,3,0.5039940880580912,1.5119822641742737
16,12,6QPKYGnAW9QozVz2dSWqRg,4MAxq4eEuuyE97wodPnisY,3,0.5019572746950764,1.5058718240852293
16,13,6QPKYGnAW9QozVz2dSWqRg,6pqNafE84udPaoFLGffd7E,3,0.5004600287834613,1.501380086350384
16,14,6QPKYGnAW9QozVz2dSWqRg,178jAWwuJ9M3DXImTdaLOL,3,0.49864648520345856,1.4959394556103756
16,15,6QPKYGnAW9QozVz2dSWqRg,3lLyNLrIesR0k07gRIMQfm,3,0.4898590484702351,1.4695771454107054
16,16,6QPKYGnAW9QozVz2dSWqRg,6JTzWoKg61bEaUg9tYO6WN,3,0.4850808810173445,1.4552426430520335
16,17,6QPKYGnAW9QozVz2dSWqRg,6NaTklchYJQzaPdWiinSim,3,0.480277111564435,1.4408313346933048
16,18,6QPKYGnAW9QozVz2dSWqRg,7pxCM5qnV9SDnnv24rbeFR,3,0.48005126229594586,1.4401537868878376
16,19,6QPKYGnAW9QozVz2dSWqRg,3LELTbDh9YCJrJIUERcj9p,3,0.47926056752918544,1.4377817025875563
16,20,6QPKYGnAW9QozVz2dSWqRg,3mxAHm4zB7RFprLKdgKhI3,3,0.4716396827119368,1.4149190481358103
17,1,6rUp7v3l8yC4TKxAAR5Bmx,3hP3pq682TWU6gZChsUCTV,1,0.7166905426471725,0.7166905426471725
17,2,6rUp7v3l8yC4TKxAAR5Bmx,0ugjtsLHei2JESMrmlJF7a,1,0.7069819526309409,0.7069819526309409
17,3,6rUp7v3l8yC4TKxAAR5Bmx,7HZOCMa0XEXNFklxUG5kKb,1,0.6943567205770089,0.6943567205770089
17,4,6rUp7v3l8yC4TKxAAR5Bmx,4StqwQ3RBkz8unUqwpcNuy,1,0.6741041267986965,0.6741041267986965
17,5,6rUp7v3l8yC4TKxAAR5Bmx,7H7NI75DdeaOW7c70oYtjM,1,0.6705564422058121,0.6705564422058121
17,6,6rUp7v3l8yC4TKxAAR5Bmx,0BxqHzvd8c2IpRwdYusH2D,1,0.6673575502231321,0.6673575502231321
17,7,6rUp7v3l8yC4TKxAAR5Bmx,1rv6n0m0RwMTAdQeMquLgM,1,0.6523674006343179,0.6523674006343179
17,8,6rUp7v3l8yC4TKxAAR5Bmx,4USmv48xjR66HcOc3Fh5Tg,1,0.6518337267939548,0.6518337267939548
17,9,6rUp7v3l8yC4TKxAAR5Bmx,76ZDwA8uTyMys4LIS3pBUX,1,0.6516839001788861,0.6516839001788861
17,10,6rUp7v3l8yC4TKxAAR5Bmx,5LJlhNN4MwtkEB2iEhClYs,1,0.6458870581360348,0.6458870581360348
17,11,6rUp7v3l8yC4TKxAAR5Bmx,07GmMxHsUMR3qFOCLmYuzN,1,0.6399516856232939,0.6399516856232939
17,12,6rUp7v3l8yC4TKxAAR5Bmx,3aAxoOoSVn9whm56JV99Si,1,0.6396491636788447,0.6396491636788447
17,13,6rUp7v3l8yC4TKxAAR5Bmx,6EV76vSlBo2VNgvePRYoCu,1,0.6341382395060051,0.6341382395060051
17,14,6rUp7v3l8yC4TKxAAR5Bmx,2Nq9T0nShSmuBggNE1ZK19,1,0.6339481073831503,0.6339481073831503
17,15,6rUp7v3l8yC4TKxAAR5Bmx,7yPMbbgTaSO2I1aA09tzz3,1,0.633727219571682,0.633727219571682
17,16,6rUp7v3l8yC4TKxAAR5Bmx,2vM2x66y8JcDARNarbrw9F,1,0.6311724870810177,0.6311724870810177
17,17,6rUp7v3l8yC4TKxAAR5Bmx,0smKH3Kxqq5RJUKPVIdOmL,1,0.6309111734519608,0.6309111734519608
17,18,6rUp7v3l8yC4TKxAAR5Bmx,2BT3luyOePuRIR1aZ6aEDK,1,0.6304310977033443,0.6304310977033443
17,19,6rUp7v3l8yC4TKxAAR5Bmx,1aSrkCqgVnpRxa5Uy9QV1w,1,0.6259175422434573,0.6259175422434573
17,20,6rUp7v3l8yC4TKxAAR5Bmx,7tFyWSNsfnkWQsPpAC3uST,1,0.6254637185268528,0.6254637185268528
18,1,7qjbpdk0IYijcSuSYWlXO6,6HvGBgyevPFMrU3KPSHeRV,1,0.7468786362315496,0.7468786362315496
18,2,7qjbpdk0IYijcSuSYWlXO6,3qT2p6ds3k7CjqiAjl6yeV,1,0.737243162152251,0.737243162152251
18,3,7qjbpdk0IYijcSuSYWlXO6,3hWwK2kBwWlnApnSuqxdQb,1,0.7309912855389464,0.7309912855389464
18,4,7qjbpdk0IYijcSuSYWlXO6,3NU0MFGJ7ZhDPuYWXpB2xd,1,0.7186395491438177,0.7186395491438177
18,5,7qjbpdk0IYijcSuSYWlXO6,1Dl5JUWYg3tGJYUA4dFQcl,1,0.7163498206671941,0.7163498206671941
18,6,7qjbpdk0IYijcSuSYWlXO6,6abblHanwpcdv4NnMZVAF0,1,0.7112341754078968,0.7112341754078968
18,7,7qjbpdk0IYijcSuSYWlXO6,1PGrlexMIHKwInhS6eH08H,1,0.7082591982666944,0.7082591982666944
18,8,7qjbpdk0IYijcSuSYWlXO6,3koOoLN69AAiw5JCQNaZMe,1,0.707294091318812,0.707294091318812
18,9,7qjbpdk0IYijcSuSYWlXO6,57UeXVfGuRB5vs6b0hRD3y,1,0.7007660960987528,0.7007660960987528
18,10,7qjbpdk0IYijcSuSYWlXO6,0aHWzIvtnkG3FVcBoFQ6BG,1,0.6979645696006052,0.6979645696006052
18,11,7qjbpdk0IYijcSuSYWlXO6,2Nut5wxGFEwdbjuEe32syQ,1,0.6936862321930686,0.6936862321930686
18,12,7qjbpdk0IYijcSuSYWlXO6,2LE8DiTLvygUSU5VLFPbi9,1,0.6856880988079193,0.6856880988079193
18,13,7qjbpdk0IYijcSuSYWlXO6,1GCrBvm2LVf0uf2uWAJAhx,1,0.6849617343471198,0.6849617343471198
18,14,7qjbpdk0IYijcSuSYWlXO6,7xQxjMokrYnY8n9w19FZqr,1,0.682690146904342,0.682690146904342
18,15,7qjbpdk0IYijcSuSYWlXO6,7MbII8jWqFiTFYU3MPYEfW,1,0.6822922779448264,0.6822922779448264
18,16,7qjbpdk0IYijcSuSYWlXO6,7oQv46c5kSygEcYZ2alEGv,1,0.6817402412714886,0.6817402412714886
18,17,7qjbpdk0IYijcSuSYWlXO6,6GppkUSxmGY6vehPgl0hI1,1,0.6806015283261881,0.6806015283261881
18,18,7qjbpdk0IYijcSuSYWlXO6,0m5OloQN7f6QehvwgqECn3,1,0.6781169747400394,0.6781169747400394
18,19,7qjbpdk0IYijcSuSYWlXO6,21N2YK2VhdEqHoY433WPQF,1,0.6764602264709663,0.6764602264709663
18,20,7qjbpdk0IYijcSuSYWlXO6,38tg9DeoBXsgbNv9YfKTcP,1,0.6734751344291763,0.6734751344291763
19,1,7uRznL3LcuazKpwCTpDltz,1tPgFvReGeVugnooLZDcxP,2,0.7260386816265525,1.452077363253105
19,2,7uRznL3LcuazKpwCTpDltz,3EermXPNw0ZRp2u4prbnAm,2,0.7053453243227839,1.4106906486455677
19,3,7uRznL3LcuazKpwCTpDltz,4QEVErTxEByWRe8haofjnP,2,0.6994863095062632,1.3989726190125265
19,4,7uRznL3LcuazKpwCTpDltz,5gPvJIm1lXEKiefB0pFmxs,2,0.6994531006328437,1.3989062012656874
19,5,7uRznL3LcuazKpwCTpDltz,5Z3u3g9VTJIIUlOguL3PCh,2,0.6867130395005852,1.3734260790011703
19,6,7uRznL3LcuazKpwCTpDltz,55HgyfEki0BiJVPZo2Z2qY,2,0.6850532484335272,1.3701064968670544
19,7,7uRznL3LcuazKpwCTpDltz,6GEa0LYWeQa8L61QNSWRh2,2,0.6769703625666836,1.3539407251333673
19,8,7uRznL3LcuazKpwCTpDltz,3FfHZSYwGrvfTzagBedIK6,2,0.6756249743933065,1.351249948786613
19,9,7uRznL3LcuazKpwCTpDltz,4L6zBUIPLIqvPacWAjjaDN,2,0.6748970014864317,1.3497940029728634
19,10,7uRznL3LcuazKpwCTpDltz,4toeIDt20W3pA6hoce1P8W,2,0.6702232343594287,1.3404464687188573
19,11,7uRznL3LcuazKpwCTpDltz,4YOJEll0Ycd3HjKqzWdmgR,2,0.6673708043800759,1.3347416087601518
19,12,7uRznL3LcuazKpwCTpDltz,01k24g94i1JvkFLQmVEdCd,2,0.6652264447644871,1.3304528895289742
19,13,7uRznL3LcuazKpwCTpDltz,6XNui7ZUhCAZq3oKHUmDeA,2,0.6648590063088691,1.3297180126177381
19,14,7uRznL3LcuazKpwCTpDltz,1R40rTjGvNnYXgS63BOjGl,2,0.6635173484096124,1.3270346968192248
19,15,7uRznL3LcuazKpwCTpDltz,53omHAZC5Onf7gLzSOOtMP,2,0.6628580877784371,1.3257161755568743
19,16,7uRznL3LcuazKpwCTpDltz,53sUsXn5f1K0GfWEuCCTUd,2,0.6584298024112956,1.3168596048225911
19,17,7uRznL3LcuazKpwCTpDltz,23gBv22PzANoNi0up9Qots,2,0.6538021891979812,1.3076043783959623
19,18,7uRznL3LcuazKpwCTpDltz,2kGflpDFBexojT5vIu6tmr,2,0.6513080168335437,1.3026160336670873
19,19,7uRznL3LcuazKpwCTpDltz,1NcGrbn2dbx6VQOPQeKhjl,2,0.6507237598706161,1.3014475197412323
19,20,7uRznL3LcuazKpwCTpDltz,03HycZUV9vzoo4XrbgCzsj,2,0.6494085898410863,1.2988171796821726
