i,j,survey_track,rec_track,rankvalue_a,rankvalue_l,rankvalue
0,1,1au9q3wiWxIwXTazIjHdfF,5vPVxHRFg8cUwRr8j7yqXf,2.9444592541401886,2.9824774851252482,2.9634683696327184
0,2,1au9q3wiWxIwXTazIjHdfF,732iQF09gPlc32IlBGoXvv,2.8916508452107195,2.9569335557047487,2.9242922004577343
0,3,1au9q3wiWxIwXTazIjHdfF,0JXXNGljqupsJaZsgSbMZV,2.8582141096722946,2.9557312564568403,2.9069726830645672
0,4,1au9q3wiWxIwXTazIjHdfF,43kmmgGCdJAMn5oOqOY2kd,2.688893946288185,2.953030207355221,2.820962076821703
0,5,1au9q3wiWxIwXTazIjHdfF,4CszVFNslX9JLvjVPTeqaW,2.6784057519355837,2.9490175856282503,2.813711668781917
0,6,1au9q3wiWxIwXTazIjHdfF,5FjhLFw4Zs9wQWIiiQRpgo,2.672076328633855,2.939120038814792,2.8055981837243236
0,7,1au9q3wiWxIwXTazIjHdfF,24Yy3FTpcOkcAbpzRKIFjw,2.637013775644633,2.9322253821944666,2.78461957891955
0,8,1au9q3wiWxIwXTazIjHdfF,2NxIp9jbmsnaIiAExWOEo0,2.6195202978530148,2.9320462302911063,2.7757832640720608
0,9,1au9q3wiWxIwXTazIjHdfF,74sb4Gib0cL3TQeCjYF8vh,2.581102899530729,2.9300129817911498,2.7555579406609394
0,10,1au9q3wiWxIwXTazIjHdfF,60wtmXbcX9SBhdOe0koasN,2.540566226359777,2.9237551681044174,2.7321606972320973
0,11,1au9q3wiWxIwXTazIjHdfF,0jDzF53LecgvsnlWmmU2kX,2.5380655898720743,2.9145106320807797,2.726288110976427
0,12,1au9q3wiWxIwXTazIjHdfF,6mfUwnHd7OTYPEWmOsvJsn,2.510700536938048,2.9133592925909357,2.712029914764492
0,13,1au9q3wiWxIwXTazIjHdfF,2Ua5Nq3gQRPAJqnK8Nb8AQ,2.505112380945172,2.9133534867722566,2.709232933858714
0,14,1au9q3wiWxIwXTazIjHdfF,5Y4KPoGudwsnrNWtWXrcSi,2.4546844022372274,2.9125350347665018,2.683609718501865
0,15,1au9q3wiWxIwXTazIjHdfF,4T2qnyKCo9UISjERbIeJQg,2.405258562593001,2.9104114187476267,2.657834990670314
0,16,1au9q3wiWxIwXTazIjHdfF,3sC62j1Cjeea5tAhcyGcs8,2.3735570700934794,2.9104114187476267,2.641984244420553
0,17,1au9q3wiWxIwXTazIjHdfF,5eP4WD4hvS9sYpQukzX3QG,2.3727270785233983,2.910210012324933,2.6414685454241655
0,18,1au9q3wiWxIwXTazIjHdfF,4EWCNWgDS8707fNSZ1oaA5,2.3610773426137235,2.908573024522913,2.634825183568318
0,19,1au9q3wiWxIwXTazIjHdfF,5E30LdtzQTGqRvNd7l6kG5,2.3493212978385247,2.908078100939768,2.6286996993891463
0,20,1au9q3wiWxIwXTazIjHdfF,4JOP8ELK6AaeySe7sKe996,2.348005041816896,2.9076714423270995,2.6278382420719977
1,1,1ExfPZEiahqhLyajhybFeS,4piX3WwKpTInJ4KNiAqTI6,3.4751235384197043,4.1454026298677285,3.8102630841437164
1,2,1ExfPZEiahqhLyajhybFeS,6HojDglE8E3EA7SbTLE8VF,3.4674421745772386,4.104798618943539,3.7861203967603885
1,3,1ExfPZEiahqhLyajhybFeS,2SEXsl9UShqKSc3inzSpIX,3.4180435779315217,4.084348992072112,3.751196285001817
1,4,1ExfPZEiahqhLyajhybFeS,5U0tKveVl4lw0DaWvb1Tex,3.383846932439801,4.069702250704671,3.726774591572236
1,5,1ExfPZEiahqhLyajhybFeS,1LisgLkjosfSP1WxYXjqKE,3.357265102944338,4.069096992864098,3.713181047904218
1,6,1ExfPZEiahqhLyajhybFeS,6JUnflvdkYvbzsp6zWpaCZ,3.349354874585396,4.046761587057716,3.698058230821556
1,7,1ExfPZEiahqhLyajhybFeS,7EzdQnopwog0YWUoRBEowX,3.337114939098236,4.0330170567940895,3.685065997946163
1,8,1ExfPZEiahqhLyajhybFeS,2UOytD96KzsV0PyDI9uPTu,3.3190407971073204,4.029561225193602,3.674301011150461
1,9,1ExfPZEiahqhLyajhybFeS,0kOgBaBHZMxtFonNgTpFOT,3.3148022815965743,4.028817927460622,3.671810104528598
1,10,1ExfPZEiahqhLyajhybFeS,6PS9AdyOKTPwlDPfLzJ7Ow,3.3109002082112893,4.025402374959191,3.6681512915852403
1,11,1ExfPZEiahqhLyajhybFeS,3VPfc6jUrM7IvgOs9z2jqT,3.310851880259208,4.023339152488498,3.6670955163738532
1,12,1ExfPZEiahqhLyajhybFeS,5mZEmChvCko8MIEP5lLcqP,3.2891135594433334,4.017095863749809,3.653104711596571
1,13,1ExfPZEiahqhLyajhybFeS,0Tb10YKWaSfZBTVM8DjARU,3.2886051998146453,4.012581438942285,3.650593319378465
1,14,1ExfPZEiahqhLyajhybFeS,20sACDEb4IftthrYsPqDCa,3.2859765231786278,4.01229771103494,3.6491371171067835
1,15,1ExfPZEiahqhLyajhybFeS,5ut3LWywhxxSLUWOS7Rlrc,3.2724911831806534,4.007917066121964,3.6402041246513086
1,16,1ExfPZEiahqhLyajhybFeS,6kbRL1WkHrKxHsBrV3ComC,3.2719269108969535,4.006948123531895,3.639437517214424
1,17,1ExfPZEiahqhLyajhybFeS,7Ks4VCY1wFebnOdJrM13t6,3.2537798455891034,4.005762608786581,3.629771227187842
1,18,1ExfPZEiahqhLyajhybFeS,51z0HjEJ8LvJ9doL1qI14j,3.2451548409051494,4.0000682350983565,3.622611538001753
1,19,1ExfPZEiahqhLyajhybFeS,0AHJWgA2mLYz2iFVwbCeod,3.217842228805546,4.0000331337283255,3.608937681266936
1,20,1ExfPZEiahqhLyajhybFeS,2mSjj1apg5WDRw28PttSjs,3.1984578626267886,3.9985340502023465,3.5984959564145678
2,1,1fLlRApgzxWweF1JTf8yM5,5fSgXNTAh3ImNGfh9jsE9N,0.7431439304376541,0.8011553800549389,0.7721496552462965
2,2,1fLlRApgzxWweF1JTf8yM5,63qgyQv5K7EgD4DiwoqeQ0,0.7411374067128791,0.7977312196137378,0.7694343131633085
2,3,1fLlRApgzxWweF1JTf8yM5,5m9uiFH9sK5wxRZdfN62n9,0.7180972825874561,0.7971496043323874,0.7576234434599217
2,4,1fLlRApgzxWweF1JTf8yM5,7MbII8jWqFiTFYU3MPYEfW,0.7112998032289343,0.7936279558500118,0.752463879539473
2,5,1fLlRApgzxWweF1JTf8yM5,3MgDUrtEiddcZ1Fz9piMhp,0.7075871684519475,0.7935800729503042,0.7505836207011258
2,6,1fLlRApgzxWweF1JTf8yM5,2LE8DiTLvygUSU5VLFPbi9,0.7030573179410529,0.7926664372508468,0.7478618775959498
2,7,1fLlRApgzxWweF1JTf8yM5,7oQv46c5kSygEcYZ2alEGv,0.6999488942804849,0.7915719784234394,0.7457604363519621
2,8,1fLlRApgzxWweF1JTf8yM5,4UVyvjXmq9DKWLfhsL3SMS,0.6966937905849497,0.7874230780356279,0.7420584343102888
2,9,1fLlRApgzxWweF1JTf8yM5,6wDVNn4STCopwfQ9lFO2iR,0.6942122741008107,0.7865575802644168,0.7403849271826137
2,10,1fLlRApgzxWweF1JTf8yM5,1XSJ3mgsnkT9DnhbXl29uf,0.6909580610921661,0.786259879699083,0.7386089703956245
2,11,1fLlRApgzxWweF1JTf8yM5,5Gfrwqe12AAmQjCVuSBktn,0.6877885298432531,0.7849468854432226,0.7363677076432378
2,12,1fLlRApgzxWweF1JTf8yM5,7w21gSRNmF17ikI4ovMe6C,0.6818179853252888,0.7846169877936172,0.733217486559453
2,13,1fLlRApgzxWweF1JTf8yM5,7BxQJTzBjhfpx8PVT1qASg,0.6774247855175992,0.7842101044256491,0.7308174449716242
2,14,1fLlRApgzxWweF1JTf8yM5,6QHX9Nk5NOTsxrCb7HaA7D,0.6676135628859972,0.7841571442768186,0.7258853535814078
2,15,1fLlRApgzxWweF1JTf8yM5,6mCjOSXkABONouTVa6PQOy,0.6660910999718107,0.7838820489888291,0.7249865744803199
2,16,1fLlRApgzxWweF1JTf8yM5,16fyms9ErePYphYe6baPVF,0.6609626717722099,0.7833697179272612,0.7221661948497355
2,17,1fLlRApgzxWweF1JTf8yM5,79oQb66jALYYKX1hn4qs4p,0.6609349992353841,0.7829573765731451,0.7219461879042646
2,18,1fLlRApgzxWweF1JTf8yM5,6cAx41vDIMSjtXLZEowJLa,0.6597067146497717,0.7825794767101848,0.7211430956799783
2,19,1fLlRApgzxWweF1JTf8yM5,55cz2QhGxrZoiUtddTi0w2,0.657164584113913,0.7824044694279221,0.7197845267709175
2,20,1fLlRApgzxWweF1JTf8yM5,5zV1ayoFVbabKpQq0Lqzrg,0.6566617677568327,0.78205938898041,0.7193605783686214
3,1,1pSIQWMFbkJ5XvwgzKfeBv,0X5REyeiMlUl1YJqsjXW3w,1.208371396465945,1.5943447064142082,1.4013580514400767
3,2,1pSIQWMFbkJ5XvwgzKfeBv,0mDC5smPSHZGEu3h6WBNeV,1.2036321828512528,1.593991631463489,1.3988119071573708
3,3,1pSIQWMFbkJ5XvwgzKfeBv,6IEc8l3p6Z5OBLMFg6Z2V1,1.1956348643067811,1.5907398481301194,1.3931873562184502
3,4,1pSIQWMFbkJ5XvwgzKfeBv,6sMtVUI236JPomVwbp0fSB,1.1825035330240081,1.5859039862729674,1.3842037596484877
3,5,1pSIQWMFbkJ5XvwgzKfeBv,1yHT3W5EKcrSuh2MZ89Aor,1.16632568492251,1.5847170122878793,1.3755213486051947
3,6,1pSIQWMFbkJ5XvwgzKfeBv,3y34Ro7gOFpYEv41RbBLHt,1.144847659610312,1.5830354641540447,1.3639415618821784
3,7,1pSIQWMFbkJ5XvwgzKfeBv,5vTAFtqBBWKQjmzhMcdTiy,1.1270774290603196,1.5797356918231722,1.353406560441746
3,8,1pSIQWMFbkJ5XvwgzKfeBv,1Hle8Xb0v0CE4xJR8Ezr89,1.1212236177890098,1.5787004344506244,1.349962026119817
3,9,1pSIQWMFbkJ5XvwgzKfeBv,3bJ2sQrc2PPHkhAOu2Lx3S,1.1110359531950649,1.5784983577438072,1.344767155469436
3,10,1pSIQWMFbkJ5XvwgzKfeBv,1iUcKIj6Bto9W6Ifa13SaY,1.1075703900257552,1.5784636858416057,1.3430170379336803
3,11,1pSIQWMFbkJ5XvwgzKfeBv,3GnPPHzsyJcuIkXNMFg8CV,1.107020985655575,1.5769274156664543,1.3419742006610147
3,12,1pSIQWMFbkJ5XvwgzKfeBv,1SH9WY0eACGHxtrmW3QAn1,1.106841559089942,1.5707292587107318,1.3387854089003368
3,13,1pSIQWMFbkJ5XvwgzKfeBv,07KoMN1XZRWx6kmHPwFGxo,1.1062850780485067,1.5679720632098009,1.3371285706291538
3,14,1pSIQWMFbkJ5XvwgzKfeBv,6mvUEZjOYQ5QbXlWv9KQ4Y,1.103990540960477,1.566634164557614,1.3353123527590456
3,15,1pSIQWMFbkJ5XvwgzKfeBv,64Tp4KN5U5rtqrasP5a7FH,1.100938709457846,1.5640488790911966,1.3324937942745212
3,16,1pSIQWMFbkJ5XvwgzKfeBv,6RQy8j94xIPJX8IC1QLF8j,1.0934016214245699,1.5637249806411844,1.3285633010328772
3,17,1pSIQWMFbkJ5XvwgzKfeBv,41sjzdjScVwnxnxADElts6,1.0903407961154477,1.5635720241292246,1.3269564101223361
3,18,1pSIQWMFbkJ5XvwgzKfeBv,7HPrIdcw3ZbqOVCZnr0zIs,1.0828302804830876,1.5634621460578204,1.3231462132704541
3,19,1pSIQWMFbkJ5XvwgzKfeBv,4nym6VwN5oH6YXYwIiNgJA,1.0810144287989565,1.563094144904249,1.3220542868516028
3,20,1pSIQWMFbkJ5XvwgzKfeBv,2G6HrgZpsMhPPv0dS6wYZ8,1.0809053699000657,1.5625979280787503,1.321751648989408
4,1,1UMJ5XcJPmH6ZbIRsCLY5F,6IeoP4qHTVbygPaIGNLNQt,2.4592006390133774,3.232077667998337,2.845639153505857
4,2,1UMJ5XcJPmH6ZbIRsCLY5F,1FV0GhHQdhZsWiuBKGMplw,2.327353421054875,3.226188111957549,2.7767707665062122
4,3,1UMJ5XcJPmH6ZbIRsCLY5F,3x4bEEBmXEZUtFiTpXAygx,2.2403825710776606,3.2212826570021806,2.7308326140399206
4,4,1UMJ5XcJPmH6ZbIRsCLY5F,14Zkkd1eYP3pcNPwLAZikf,2.1667960560122768,3.2044095818375737,2.6856028189249255
4,5,1UMJ5XcJPmH6ZbIRsCLY5F,75Ec5QN7QaEPWDy6Rd2xE1,2.0950522743395608,3.2019844330120075,2.648518353675784
4,6,1UMJ5XcJPmH6ZbIRsCLY5F,4B208pKDVh0ScvZpAdkH8X,2.0466172946511807,3.1972638307733257,2.621940562712253
4,7,1UMJ5XcJPmH6ZbIRsCLY5F,6MZSOZ9YGuKilDeGNnqjGy,2.010804861667609,3.195542455156148,2.6031736584118788
4,8,1UMJ5XcJPmH6ZbIRsCLY5F,2gxqozTaq2NYylvS8jd57G,1.9809319647690888,3.191704671818537,2.586318318293813
4,9,1UMJ5XcJPmH6ZbIRsCLY5F,3y79WWh3FyK0bW7xEGNmGa,1.9784450765502,3.19051812695957,2.584481601754885
4,10,1UMJ5XcJPmH6ZbIRsCLY5F,2e2ODYnQs9b5WHzAfx7fmz,1.9763563257775656,3.1886894128284164,2.582522869302991
4,11,1UMJ5XcJPmH6ZbIRsCLY5F,3pWgMi7462TIWqnNTAqpNc,1.9149988306402024,3.186304232493514,2.5506515315668583
4,12,1UMJ5XcJPmH6ZbIRsCLY5F,72gqIretiKRMTWBbWwWVXR,1.9107968538386344,3.1791890540974395,2.5449929539680367
4,13,1UMJ5XcJPmH6ZbIRsCLY5F,5cepAtqnEQ6yVG6088zMMu,1.906544901144104,3.176268948248,2.541406924696052
4,14,1UMJ5XcJPmH6ZbIRsCLY5F,41tlnwdeEb2S5ufTu7FQm9,1.882100188477211,3.1760933438165684,2.52909676614689
4,15,1UMJ5XcJPmH6ZbIRsCLY5F,0wzPHTgOtFIDhk2rD3Au4x,1.880945143307939,3.173167126062439,2.527056134685189
4,16,1UMJ5XcJPmH6ZbIRsCLY5F,1uqukhK8JUrjBnbxB9KlS2,1.880384413166548,3.1720407837540066,2.526212598460277
4,17,1UMJ5XcJPmH6ZbIRsCLY5F,15stquSTzv5rORSpjhq9ve,1.8659448060746129,3.1697356249511257,2.5178402155128694
4,18,1UMJ5XcJPmH6ZbIRsCLY5F,7MzPaOW9KfjLF9vXiZtdnj,1.8640931243105825,3.1689192398307604,2.5165061820706716
4,19,1UMJ5XcJPmH6ZbIRsCLY5F,4FMxywpaDTmFPhEYarTFOg,1.8388017152753773,3.1672031072066598,2.5030024112410185
4,20,1UMJ5XcJPmH6ZbIRsCLY5F,3z3AsD4yljn1qwvSOvRRMh,1.828337555473095,3.1640486194011888,2.496193087437142
5,1,2W2eaLVKv9NObcLXlYRZZo,6WNB8NvbbhCPhk9Qlr31VX,0.6920538655000263,0.8351450321482985,0.7635994488241624
5,2,2W2eaLVKv9NObcLXlYRZZo,0ZORsRVhyIg7XlzgN6dVcV,0.6569304085574958,0.8317373713616283,0.7443338899595621
5,3,2W2eaLVKv9NObcLXlYRZZo,5qAaYMahTumxvF9LuelRtc,0.656045708986121,0.8315960862283934,0.7438208976072572
5,4,2W2eaLVKv9NObcLXlYRZZo,4wh0E9OwMCxcaIKTg0Mts9,0.6545664948347667,0.8261935153321257,0.7403800050834461
5,5,2W2eaLVKv9NObcLXlYRZZo,19mR38avjtoRssdk70QlJM,0.6504835673354722,0.8234486646085546,0.7369661159720133
5,6,2W2eaLVKv9NObcLXlYRZZo,237RDWxnOvuZ79af6lSZi4,0.6379327159766272,0.8216502396757788,0.7297914778262029
5,7,2W2eaLVKv9NObcLXlYRZZo,1FaRPrUhpdI0yRITecTbLc,0.6365073985556748,0.8212381196045415,0.7288727590801082
5,8,2W2eaLVKv9NObcLXlYRZZo,4tj6uekOEtNOqJJ8BpBP74,0.6341329770528131,0.8211890333591676,0.7276610052059904
5,9,2W2eaLVKv9NObcLXlYRZZo,4olNBNSYB0jknut4nO3GvY,0.6328230757909075,0.8210791680504107,0.726951121920659
5,10,2W2eaLVKv9NObcLXlYRZZo,6G7URf5rGe6MvNoiTtNEP7,0.6279697780946796,0.8209389070450659,0.7244543425698727
5,11,2W2eaLVKv9NObcLXlYRZZo,2Du2E8WxSbBNEU0jd9sCCO,0.6267672592030835,0.820800395223655,0.7237838272133692
5,12,2W2eaLVKv9NObcLXlYRZZo,4zVqWUET8JgoDHwmWrYP45,0.6229766246143325,0.8207205851894639,0.7218486049018982
5,13,2W2eaLVKv9NObcLXlYRZZo,5talhpNE8YKyjR2NyBnDqM,0.6226619301327485,0.8201532752300837,0.7214076026814161
5,14,2W2eaLVKv9NObcLXlYRZZo,6WEsbAAKeg9LjqmYkdFXtc,0.6197656214927159,0.8195862455384837,0.7196759335155998
5,15,2W2eaLVKv9NObcLXlYRZZo,7pDHM9huHHpRc9CrxZElsW,0.6180372815975311,0.8191939999031631,0.7186156407503471
5,16,2W2eaLVKv9NObcLXlYRZZo,2QXBh408EhthzKXKO8Lbqk,0.6165232570965088,0.8184349235587141,0.7174790903276114
5,17,2W2eaLVKv9NObcLXlYRZZo,0cGM5N57Jm8RxnWqrf8VWE,0.6154767525440499,0.8175887552756821,0.716532753909866
5,18,2W2eaLVKv9NObcLXlYRZZo,5noQJkpVfHt2D4df2GXieV,0.6137842352560011,0.8166169360745403,0.7152005856652708
5,19,2W2eaLVKv9NObcLXlYRZZo,7ubIeT81utrNEkEy9Iaeqo,0.6097159467783413,0.8160717815345093,0.7128938641564253
5,20,2W2eaLVKv9NObcLXlYRZZo,5uARhdcnGgFIC2uijiEhXn,0.6090152863004452,0.8160676951631252,0.7125414907317852
6,1,3S0OXQeoh0w6AY8WQVckRW,1EzrEOXmMH3G43AXT1y7pA,4.999985206516211,3.9902128905961294,4.49509904855617
6,2,3S0OXQeoh0w6AY8WQVckRW,732iQF09gPlc32IlBGoXvv,3.529673626437916,3.9417113116010407,3.7356924690194786
6,3,3S0OXQeoh0w6AY8WQVckRW,5KsLlcmWDoHUoJFzRw14wD,3.5281277335878745,3.9356169483687413,3.731872340978308
6,4,3S0OXQeoh0w6AY8WQVckRW,5Y4KPoGudwsnrNWtWXrcSi,3.5151464221887347,3.9303829771689496,3.722764699678842
6,5,3S0OXQeoh0w6AY8WQVckRW,1nBpOzhk48RP7WNT2OOw9W,3.45392765099015,3.925016502582212,3.6894720767861813
6,6,3S0OXQeoh0w6AY8WQVckRW,60wtmXbcX9SBhdOe0koasN,3.402013783357116,3.9224833470109437,3.6622485651840297
6,7,3S0OXQeoh0w6AY8WQVckRW,4CszVFNslX9JLvjVPTeqaW,3.3902694685433437,3.9186632730229305,3.654466370783137
6,8,3S0OXQeoh0w6AY8WQVckRW,24Yy3FTpcOkcAbpzRKIFjw,3.372652899336513,3.9099770210720406,3.6413149602042765
6,9,3S0OXQeoh0w6AY8WQVckRW,6i7ZCerJICjhpbisBz1Lw4,3.1570884745914096,3.9091788477413965,3.533133661166403
6,10,3S0OXQeoh0w6AY8WQVckRW,37AgQTDcQzUYPGVmwvAjdC,3.1392739408803187,3.902367421652433,3.520820681266376
6,11,3S0OXQeoh0w6AY8WQVckRW,6b6liLOZhXdOfFBFVN5KNK,3.138923351912275,3.9012051748415555,3.5200642633769155
6,12,3S0OXQeoh0w6AY8WQVckRW,2PrZtwwm4jY8mtGLoEmvGY,3.118622924771992,3.8988140594766962,3.508718492124344
6,13,3S0OXQeoh0w6AY8WQVckRW,5jyyPsIGM2yqkZN9R3TmvN,3.1052047338797384,3.8944281027803385,3.499816418330038
6,14,3S0OXQeoh0w6AY8WQVckRW,5J6OJUHDoj76LWL1N7j3dj,3.0696189301600385,3.894117585334656,3.4818682577473474
6,15,3S0OXQeoh0w6AY8WQVckRW,2MMaZgDipxi3ijWeGgVgAR,3.0668724491660013,3.889946661973724,3.4784095555698626
6,16,3S0OXQeoh0w6AY8WQVckRW,1LM6t24SjQr2bJHqeGIR4U,3.0490743151877595,3.8875137870907177,3.468294051139239
6,17,3S0OXQeoh0w6AY8WQVckRW,5C8tnqzEmG6g6axX4KoKYO,3.0450516590491032,3.8869636458193173,3.46600765243421
6,18,3S0OXQeoh0w6AY8WQVckRW,5P1vipFCNi7SiOEVGqCc3s,3.038204803260152,3.8840757216452646,3.4611402624527083
6,19,3S0OXQeoh0w6AY8WQVckRW,41CgzGD7xlgnJe14R4cqkL,3.030277934032855,3.88396217005404,3.4571200520434475
6,20,3S0OXQeoh0w6AY8WQVckRW,1wwCsgg0Uv6hsSUEL2jFwL,3.0241878534707336,3.8817032205850817,3.4529455370279076
7,1,3wF0zyjQ6FKLK4vFxcMojP,4tOmFSoQA9ji8lTxAbbvq1,0.5870390067428769,0.8112939526026441,0.6991664796727606
7,2,3wF0zyjQ6FKLK4vFxcMojP,51Bpjq1BdQlS3V852vJCw7,0.5801042406795649,0.7910958028204296,0.6856000217499972
7,3,3wF0zyjQ6FKLK4vFxcMojP,6tsOcBnaKgzK22yEiqRh8P,0.5748095168042577,0.7808263988011521,0.6778179578027049
7,4,3wF0zyjQ6FKLK4vFxcMojP,2LTsMWvkzisfOjwlWo8KZE,0.5711130226180609,0.7798251868529045,0.6754691047354826
7,5,3wF0zyjQ6FKLK4vFxcMojP,7bdYxWPCs46dQ0XLwySOyv,0.567965446837481,0.7797143715449042,0.6738399091911926
7,6,3wF0zyjQ6FKLK4vFxcMojP,6xgqL1OGWgeWkVDmUDv3fR,0.5420110422160012,0.7791972462291308,0.660604144222566
7,7,3wF0zyjQ6FKLK4vFxcMojP,5dHMrmmUy4CoarORtGkNCh,0.5349135084988528,0.779089634873581,0.6570015716862169
7,8,3wF0zyjQ6FKLK4vFxcMojP,3z3AsD4yljn1qwvSOvRRMh,0.5314528258023065,0.7789210435476117,0.655186934674959
7,9,3wF0zyjQ6FKLK4vFxcMojP,7jYeTVaSlUNwpSoEEzMLXf,0.5310414584927419,0.776857975464373,0.6539497169785574
7,10,3wF0zyjQ6FKLK4vFxcMojP,3vzT5SNVL3vaDeAgnG9QhF,0.5209038952574299,0.7752683565724485,0.6480861259149392
7,11,3wF0zyjQ6FKLK4vFxcMojP,3pWgMi7462TIWqnNTAqpNc,0.5195573268540783,0.7750885711076858,0.647322948980882
7,12,3wF0zyjQ6FKLK4vFxcMojP,3lFWMQjk403WVbstfxtscV,0.5083888432953465,0.7748111997567152,0.6416000215260309
7,13,3wF0zyjQ6FKLK4vFxcMojP,7hMKblQ8PFmACSulYElau6,0.5029413306725671,0.7747638957425029,0.638852613207535
7,14,3wF0zyjQ6FKLK4vFxcMojP,7eCKCUTLW3SFgv8wEE3PaZ,0.5016292168944787,0.7734601380196537,0.6375446774570662
7,15,3wF0zyjQ6FKLK4vFxcMojP,0u2lumqwdITUiJFZuygCYL,0.4634827484647566,0.7733794158474787,0.6184310821561176
7,16,3wF0zyjQ6FKLK4vFxcMojP,5PtoBDWcwPahPDflHJFV6J,0.4605122634372187,0.7733222723356546,0.6169172678864366
7,17,3wF0zyjQ6FKLK4vFxcMojP,6IeoP4qHTVbygPaIGNLNQt,0.448182404803551,0.7732184180954293,0.6107004114494902
7,18,3wF0zyjQ6FKLK4vFxcMojP,3RWbvxdbGwXFaHQOn6mBl1,0.44579186225409617,0.7732184180954293,0.6095051401747628
7,19,3wF0zyjQ6FKLK4vFxcMojP,6r7ayTQwslXYqolO4Zvi6p,0.4360726861602943,0.7728003587564531,0.6044365224583738
7,20,3wF0zyjQ6FKLK4vFxcMojP,1mrPG8snf4maJMoM4Ec8Ag,0.4348847327091957,0.7717092471146532,0.6032969899119245
8,1,4FCb4CUbFCMNRkI6lYc1zI,6M4gZoCXQKlxZVBKu3JAcQ,0.7417468814068252,0.7628818381012383,0.7523143597540318
8,2,4FCb4CUbFCMNRkI6lYc1zI,2jAu8NfpemA0BMYRP0WGbx,0.6813089460482588,0.7569095553745491,0.7191092507114039
8,3,4FCb4CUbFCMNRkI6lYc1zI,5wtQLRo9oz9ifiUuc7HWIo,0.6776356941402263,0.753115592402955,0.7153756432715906
8,4,4FCb4CUbFCMNRkI6lYc1zI,1RywwImkBFUEVcRTBmw7vL,0.6449180292832011,0.7479021689847236,0.6964100991339623
8,5,4FCb4CUbFCMNRkI6lYc1zI,5JxJdTFH4pw6Ajn2oN31NT,0.6385681669078673,0.7472970092035155,0.6929325880556914
8,6,4FCb4CUbFCMNRkI6lYc1zI,7E0Vsj8rinTQl50BAsFewF,0.6378492684793096,0.7440800143467163,0.690964641413013
8,7,4FCb4CUbFCMNRkI6lYc1zI,0NnigMS2Kr2eHTVI7QeMlS,0.6351639148568399,0.7414428573806058,0.6883033861187229
8,8,4FCb4CUbFCMNRkI6lYc1zI,7bhGiUNiNSbtzdrPNtCsmV,0.6346328318333709,0.741060414424918,0.6878466231291445
8,9,4FCb4CUbFCMNRkI6lYc1zI,3mxAHm4zB7RFprLKdgKhI3,0.6334721264358105,0.7403174342198204,0.6868947803278155
8,10,4FCb4CUbFCMNRkI6lYc1zI,5x28HAIx9KwasQ7vojHvZ0,0.6308404878265067,0.7401837337535994,0.685512110790053
8,11,4FCb4CUbFCMNRkI6lYc1zI,3dpVSZnUl5iz4ZJJPtN5km,0.6308166804493899,0.7399733060228989,0.6853949932361444
8,12,4FCb4CUbFCMNRkI6lYc1zI,4jrqZ6Ow3eJkabXqwipN0B,0.6280749434252121,0.7375576684270907,0.6828163059261514
8,13,4FCb4CUbFCMNRkI6lYc1zI,3HvxAXWaHkbbAzEhJiUDz4,0.6280041666757699,0.7368039964784026,0.6824040815770862
8,14,4FCb4CUbFCMNRkI6lYc1zI,2xdlISXeaGfWKE8eBEFyUh,0.6204873240513529,0.7365801819708903,0.6785337530111215
8,15,4FCb4CUbFCMNRkI6lYc1zI,3dQtowkCSVxACYPkd2waXq,0.6179942702771933,0.7352207164589284,0.6766074933680608
8,16,4FCb4CUbFCMNRkI6lYc1zI,4xFfDqhvO8Xkl60MmlvzaC,0.6158703735271335,0.7344839901375162,0.6751771818323249
8,17,4FCb4CUbFCMNRkI6lYc1zI,1lGwSKgdYCWXU2LH0P2SZ4,0.6142400195992663,0.7341325795727242,0.6741862995859953
8,18,4FCb4CUbFCMNRkI6lYc1zI,2vApTiwyucqeHtHV8y6EAK,0.6134060442488929,0.7340201104146841,0.6737130773317885
8,19,4FCb4CUbFCMNRkI6lYc1zI,3WobFokfH5oz1u1o28dVQm,0.611802104099562,0.7325204906699274,0.6721612973847447
8,20,4FCb4CUbFCMNRkI6lYc1zI,0pxNyJJiL2zZZ5GgJ4JhsQ,0.6101155831541338,0.7324236356606719,0.6712696094074029
9,1,4RL77hMWUq35NYnPLXBpih,5E5MqaS6eOsbaJibl3YeMZ,1.7958862928212858,2.4793424085901816,2.137614350705734
9,2,4RL77hMWUq35NYnPLXBpih,0aSgzAUObtmSSwh1yO6shv,1.663004876781232,2.4791584060136165,2.0710816413974245
9,3,4RL77hMWUq35NYnPLXBpih,6FqfwpC2pxpRDyhOy3aVwZ,1.5434854603639503,2.471940536655775,2.0077129985098625
9,4,4RL77hMWUq35NYnPLXBpih,0ZxutHFiw5KFv6mNpIbqLf,1.4117662074665482,2.4682466323358008,1.9400064199011746
9,5,4RL77hMWUq35NYnPLXBpih,3jTAdOh5XLVoSHykKtFc5t,1.2025267897029757,2.4662415934013198,1.8343841915521477
9,6,4RL77hMWUq35NYnPLXBpih,6PBVYvYHKmqlkTgrMcZu19,1.1848087699510812,2.4648908384306356,1.8248498041908583
9,7,4RL77hMWUq35NYnPLXBpih,41TN32U3P4hw4dN0dH6LOo,1.1752229058168275,2.464878172494085,1.8200505391554562
9,8,4RL77hMWUq35NYnPLXBpih,6OMvX7ieloQ1qdSwKb5BRD,0.9521364680006296,2.4625986485965887,1.7073675582986092
9,9,4RL77hMWUq35NYnPLXBpih,5HDwpB4ZQznZOE9cRlrrJ7,0.8558844061790531,2.4609903312952675,1.6584373687371603
9,10,4RL77hMWUq35NYnPLXBpih,55do1f4mkLfM314tQDlyfw,0.8550641987198823,2.457693378196716,1.6563787884582992
9,11,4RL77hMWUq35NYnPLXBpih,2jVLwzrzKVhcI8UmVonVas,0.8496469424586129,2.4544504282458033,1.652048685352208
9,12,4RL77hMWUq35NYnPLXBpih,6MJruJh9t1U7kx2C4cNAvr,0.8357185512152975,2.4483111311039214,1.6420148411596094
9,13,4RL77hMWUq35NYnPLXBpih,50YQFbfIVk2XMnVFKAuuib,0.8139174470378877,2.448090082331356,1.6310037646846218
9,14,4RL77hMWUq35NYnPLXBpih,4tOmFSoQA9ji8lTxAbbvq1,0.8131351018337041,2.4464135370308284,1.6297743194322662
9,15,4RL77hMWUq35NYnPLXBpih,2LTsMWvkzisfOjwlWo8KZE,0.8129982388213531,2.445503577553166,1.6292509081872597
9,16,4RL77hMWUq35NYnPLXBpih,3gDUdpPr7IxAgS31lEhHxU,0.8096750858981971,2.4433579263671317,1.6265165061326643
9,17,4RL77hMWUq35NYnPLXBpih,2cfmV1hKK1xlfjW3smgphE,0.7647425017867577,2.4423597968612136,1.6035511493239856
9,18,4RL77hMWUq35NYnPLXBpih,51Bpjq1BdQlS3V852vJCw7,0.7636668726901029,2.440035279907803,1.601851076298953
9,19,4RL77hMWUq35NYnPLXBpih,67kXYrMTQbS7MVbXyGyxHm,0.7634865884903853,2.4400050809825125,1.6017458347364488
9,20,4RL77hMWUq35NYnPLXBpih,3u5bTqHMM1P34ZkbwzdckV,0.7585959477786939,2.439812135443123,1.5992040416109083
10,1,52UWtKlYjZO3dHoRlWuz9S,5MxJfJ0ljPIXQATV0S6F5W,0.6714289319258349,0.8196443879340474,0.7455366599299411
10,2,52UWtKlYjZO3dHoRlWuz9S,2c9CoAhbkfxZNThJ1itf3d,0.6234987533913571,0.801010229275687,0.712254491333522
10,3,52UWtKlYjZO3dHoRlWuz9S,1c4dnjYylnfd8bsZfY9Ugt,0.607656452440916,0.7915180456757891,0.6995872490583526
10,4,52UWtKlYjZO3dHoRlWuz9S,4WocC6NtlTJQzezxWiwgDj,0.6030255750790094,0.7913872912849994,0.6972064331820045
10,5,52UWtKlYjZO3dHoRlWuz9S,4vtB5TaZa1APUogh7ZsyCw,0.5886131773937424,0.7905908895916172,0.6896020334926798
10,6,52UWtKlYjZO3dHoRlWuz9S,0CiyUD4UpIdztjBQZoGC6e,0.5852873875613667,0.7875464267815531,0.6864169071714599
10,7,52UWtKlYjZO3dHoRlWuz9S,4sSutqK9JRIqWDRBQ9zP9o,0.5763028730992361,0.7864321913416715,0.6813675322204538
10,8,52UWtKlYjZO3dHoRlWuz9S,6ND1JpAm104i6GWI2DmX0F,0.573549910929827,0.7827030352912399,0.6781264731105334
10,9,52UWtKlYjZO3dHoRlWuz9S,56GFlp1dkt7dw56pQdTwqW,0.5724015689313863,0.7800139487149238,0.676207758823155
10,10,52UWtKlYjZO3dHoRlWuz9S,738bixQtdt3aj2gLWOdWvI,0.57220371225111,0.7786859382087992,0.6754448252299545
10,11,52UWtKlYjZO3dHoRlWuz9S,3f5cAVQCYdotACCXu1u7Wc,0.5706186464996682,0.7780142513285029,0.6743164489140856
10,12,52UWtKlYjZO3dHoRlWuz9S,6ybuqDYA1Y4qa45NmRLUME,0.5656382339953578,0.7766517214666746,0.6711449777310162
10,13,52UWtKlYjZO3dHoRlWuz9S,4S85DkBldeNBKoQheZX4ja,0.5628209650935283,0.7765003791589085,0.6696606721262184
10,14,52UWtKlYjZO3dHoRlWuz9S,7E95A6ryI0Op41X79FLmDq,0.5585782796664207,0.7763170367824161,0.6674476582244184
10,15,52UWtKlYjZO3dHoRlWuz9S,7JELSkAZUWvWAvyGJPy7SW,0.5540356079968511,0.775648039082523,0.6648418235396871
10,16,52UWtKlYjZO3dHoRlWuz9S,2Ok4AZWlxep9lNoB7F8uf7,0.553192037153464,0.7756267291944593,0.6644093831739617
10,17,52UWtKlYjZO3dHoRlWuz9S,5qAaYMahTumxvF9LuelRtc,0.5470283028491392,0.7755739450032795,0.6613011239262093
10,18,52UWtKlYjZO3dHoRlWuz9S,5tsh8fpTyyLodw4iaja48Y,0.5454653907406897,0.7755135805264598,0.6604894856335748
10,19,52UWtKlYjZO3dHoRlWuz9S,264rBv7x62Yhd0fmiwdrhH,0.5444687537035073,0.7752690844027543,0.6598689190531308
10,20,52UWtKlYjZO3dHoRlWuz9S,4tj6uekOEtNOqJJ8BpBP74,0.5438845988263713,0.774881185562298,0.6593828921943347
11,1,5b88tNINg4Q4nrRbrCXUmg,5SrSCFXjjn76bK13engFQr,0.7310832584677553,0.7707237151702786,0.750903486819017
11,2,5b88tNINg4Q4nrRbrCXUmg,40tlsTEclnd2cBglk2QSOY,0.7123695803307897,0.7587988486170482,0.7355842144739189
11,3,5b88tNINg4Q4nrRbrCXUmg,7E5PRdbZq6m5PcKskAhPJV,0.6944492261575002,0.7574305768718811,0.7259399015146906
11,4,5b88tNINg4Q4nrRbrCXUmg,7wFH1msd9BVQMc8SJXqEmf,0.6754111663018647,0.7561760025285517,0.7157935844152081
11,5,5b88tNINg4Q4nrRbrCXUmg,39LqN754wuVEI5NmRtUS8i,0.664967588804186,0.7549383994427866,0.7099529941234863
11,6,5b88tNINg4Q4nrRbrCXUmg,5yF33pmtR39xmPI2yHeOgW,0.6625066092102665,0.7548387942824272,0.7086727017463468
11,7,5b88tNINg4Q4nrRbrCXUmg,3VMXthb167x6pQOQe42m6f,0.6525641546568771,0.7539884678950404,0.7032763112759588
11,8,5b88tNINg4Q4nrRbrCXUmg,3VdJ3at38FXnoQX6yyuDJc,0.6506472348002585,0.7539601069916132,0.7023036708959358
11,9,5b88tNINg4Q4nrRbrCXUmg,4vQH6TCMMWk7lO3kPFDZZf,0.6471092831402749,0.7528878830193373,0.6999985830798061
11,10,5b88tNINg4Q4nrRbrCXUmg,7B2SMMslfm3Ocf7ZnTa5dS,0.6443498137570683,0.7524165667992971,0.6983831902781827
11,11,5b88tNINg4Q4nrRbrCXUmg,1g1RmSl6D0I6m6MEtDvxYn,0.6359278874200439,0.7522649230029438,0.6940964052114938
11,12,5b88tNINg4Q4nrRbrCXUmg,6dUk3McgXlI5zublTmqYEp,0.6357331000059667,0.7506798000309675,0.6932064500184671
11,13,5b88tNINg4Q4nrRbrCXUmg,45ou2UBThJA4WtFGIiYLI3,0.6354997966139626,0.7505071423446226,0.6930034694792926
11,14,5b88tNINg4Q4nrRbrCXUmg,4CME3Tezpe79zKGfHElok8,0.634887031612189,0.7495392103237346,0.6922131209679618
11,15,5b88tNINg4Q4nrRbrCXUmg,7aSvPfoqiM0zwPqupLGaHd,0.6345681930309897,0.7491110941775514,0.6918396436042705
11,16,5b88tNINg4Q4nrRbrCXUmg,0tOpMcr2I01zrr4lyVUHJk,0.6281861364747547,0.7486597239825308,0.6884229302286428
11,17,5b88tNINg4Q4nrRbrCXUmg,44kgtDJyAFv4Z01z7bIxco,0.6269676406552649,0.7470872800396908,0.6870274603474779
11,18,5b88tNINg4Q4nrRbrCXUmg,2oeySdF5FtALXQxYNBvq78,0.6200641330243645,0.7468645291705144,0.6834643310974394
11,19,5b88tNINg4Q4nrRbrCXUmg,2dRvMEW4EwySxRUtEamSfG,0.6182981114807948,0.7464332279623079,0.6823656697215514
11,20,5b88tNINg4Q4nrRbrCXUmg,6pI1TqgmpEjMJs9LMzAkc8,0.6179798181781049,0.7454196290212942,0.6816997235996995
12,1,5E5MqaS6eOsbaJibl3YeMZ,6FqfwpC2pxpRDyhOy3aVwZ,1.808540677596789,2.320811881171987,2.064676279384388
12,2,5E5MqaS6eOsbaJibl3YeMZ,4RL77hMWUq35NYnPLXBpih,1.7958862928212858,2.318966065959969,2.057426179390627
12,3,5E5MqaS6eOsbaJibl3YeMZ,0ZxutHFiw5KFv6mNpIbqLf,1.4641952142673853,2.311730048462844,1.8879626313651146
12,4,5E5MqaS6eOsbaJibl3YeMZ,41TN32U3P4hw4dN0dH6LOo,1.4322096227689736,2.308741770675513,1.8704756967222433
12,5,5E5MqaS6eOsbaJibl3YeMZ,3gDUdpPr7IxAgS31lEhHxU,1.2925837494737302,2.2932569385112784,1.7929203439925043
12,6,5E5MqaS6eOsbaJibl3YeMZ,51Bpjq1BdQlS3V852vJCw7,1.2246278941177722,2.2918508794702723,1.7582393867940223
12,7,5E5MqaS6eOsbaJibl3YeMZ,0aSgzAUObtmSSwh1yO6shv,1.1655282816673072,2.2918508794702723,1.7286895805687896
12,8,5E5MqaS6eOsbaJibl3YeMZ,5fvETjmhp6xoCQKVAjklVE,1.1469949055400908,2.2822937902713587,1.7146443479057247
12,9,5E5MqaS6eOsbaJibl3YeMZ,6PBVYvYHKmqlkTgrMcZu19,1.1170882641621105,2.2817978658941294,1.6994430650281198
12,10,5E5MqaS6eOsbaJibl3YeMZ,6MJruJh9t1U7kx2C4cNAvr,1.102379979017174,2.2813889848340554,1.6918844819256147
12,11,5E5MqaS6eOsbaJibl3YeMZ,26nXtAXEGkdPfBlrFj2rDg,1.0996103479533557,2.2796527100640125,1.689631529008684
12,12,5E5MqaS6eOsbaJibl3YeMZ,6OMvX7ieloQ1qdSwKb5BRD,1.0963188246166513,2.2724391034216747,1.6843789640191629
12,13,5E5MqaS6eOsbaJibl3YeMZ,1wu5Nyfu06lLsl5mSyOo0p,1.0903918907605032,2.2678173605867267,1.6791046256736148
12,14,5E5MqaS6eOsbaJibl3YeMZ,6koowTu9pFHPEcZnACLKbK,1.0801746393164202,2.263801912049802,1.671988275683111
12,15,5E5MqaS6eOsbaJibl3YeMZ,2jVLwzrzKVhcI8UmVonVas,1.0744475318644144,2.2615220053031253,1.6679847685837699
12,16,5E5MqaS6eOsbaJibl3YeMZ,4tOmFSoQA9ji8lTxAbbvq1,1.0685044215914088,2.2603864442388066,1.6644454329151077
12,17,5E5MqaS6eOsbaJibl3YeMZ,6X1DiQL7uRQwLXlWSWSN2w,1.0571682278511592,2.258822233658869,1.657995230755014
12,18,5E5MqaS6eOsbaJibl3YeMZ,65RAoLmj9ImbRNZHPSJiH0,1.0536885124173574,2.2585874476300525,1.656137980023705
12,19,5E5MqaS6eOsbaJibl3YeMZ,3RWbvxdbGwXFaHQOn6mBl1,1.0293757710425306,2.256828144524837,1.6431019577836838
12,20,5E5MqaS6eOsbaJibl3YeMZ,3u5bTqHMM1P34ZkbwzdckV,1.028257319459854,2.2566427537012927,1.6424500365805734
13,1,5uCax9HTNlzGybIStD3vDh,3EDTEI2CNZ3ApCAq45wnkC,3.071020117390568,3.1690814487598904,3.120050783075229
13,2,5uCax9HTNlzGybIStD3vDh,2vApTiwyucqeHtHV8y6EAK,2.9925145201174503,3.102897020961908,3.047705770539679
13,3,5uCax9HTNlzGybIStD3vDh,113wHUmXRiuXq1iK2QDoMq,2.947368120425905,3.086282813959348,3.0168254671926267
13,4,5uCax9HTNlzGybIStD3vDh,4BV9SrdzikztIBOi2dVAtL,2.7013369649637653,3.084371316699228,2.8928541408314965
13,5,5uCax9HTNlzGybIStD3vDh,6CGf2aPvKj7497cZ6JMmGT,2.629513252221031,3.035857919116405,2.8326855856687176
13,6,5uCax9HTNlzGybIStD3vDh,3dpVSZnUl5iz4ZJJPtN5km,2.6240197931867133,3.0287144459842525,2.826367119585483
13,7,5uCax9HTNlzGybIStD3vDh,7d3cx47aWj0XbW7mLXXT9u,2.6142876916941096,3.0281794342060264,2.821233562950068
13,8,5uCax9HTNlzGybIStD3vDh,3leWYnzsmyiqNoRePTFvhV,2.6035586955324312,3.015439661610232,2.8094991785713317
13,9,5uCax9HTNlzGybIStD3vDh,0DqKMbPXhUIXcgDOVmohiM,2.5779492748763633,3.0114315595672565,2.79469041722181
13,10,5uCax9HTNlzGybIStD3vDh,2GlsXuQV0YOOwPy3XKFIS9,2.5311660923004045,3.011285475167672,2.771225783734038
13,11,5uCax9HTNlzGybIStD3vDh,67gzYAhpsyc0FHluUxvLbl,2.4841010232222427,3.0036299523143484,2.7438654877682955
13,12,5uCax9HTNlzGybIStD3vDh,5FPnjikbwlDMULCCCa6ZCJ,2.4819336868966393,2.9971117411858152,2.739522714041227
13,13,5uCax9HTNlzGybIStD3vDh,0BP2o4rGe7nkQea1JOWMbl,2.4764089211205453,2.990150277190689,2.733279599155617
13,14,5uCax9HTNlzGybIStD3vDh,2p2xmm9GmHZ31BuI6qNiAl,2.461615170561605,2.9895654864481234,2.725590328504864
13,15,5uCax9HTNlzGybIStD3vDh,482bSlBQGKcWoLavrSxCGW,2.455955725977301,2.9894644128384087,2.7227100694078548
13,16,5uCax9HTNlzGybIStD3vDh,5oAOK7xCJD8hzp9PuxjULL,2.436186670282646,2.9890320602013456,2.712609365241996
13,17,5uCax9HTNlzGybIStD3vDh,3d7pK1CqZaj5xbIGPy85rD,2.4276087752454085,2.9846389627207017,2.706123868983055
13,18,5uCax9HTNlzGybIStD3vDh,64H3kZaBMnTErYa4n8UQai,2.402316611379664,2.984104192523234,2.693210401951449
13,19,5uCax9HTNlzGybIStD3vDh,7GyDcM22nxCJHcQa11fbYk,2.392440393783115,2.981037534644304,2.68673896421371
13,20,5uCax9HTNlzGybIStD3vDh,2wSJEsk3c0E1ZXYRwgNQoR,2.3622257249555183,2.9799267065759283,2.6710762157657233
14,1,5WLSak7DN3LY1K71oWYuoN,4FMxywpaDTmFPhEYarTFOg,1.104615059248502,1.6432521149960566,1.3739335871222793
14,2,5WLSak7DN3LY1K71oWYuoN,0xun1Olh7EtEef4wIg9l3l,0.9504272382159402,1.6134552941612812,1.2819412661886107
14,3,5WLSak7DN3LY1K71oWYuoN,2aay5Exr9xPNdvLztiWl35,0.9414578252472876,1.6102495304545252,1.2758536778509064
14,4,5WLSak7DN3LY1K71oWYuoN,6r5rICHmvC48TC6vY9JEYL,0.9045504603434806,1.6047236339929167,1.2546370471681987
14,5,5WLSak7DN3LY1K71oWYuoN,0wLeCwA3SG4OGahS8CJNM6,0.8952046549612871,1.602474782463931,1.248839718712609
14,6,5WLSak7DN3LY1K71oWYuoN,7nYw37hFYh1BufGA2HT0Ol,0.855143936870798,1.5994809361216502,1.227312436496224
14,7,5WLSak7DN3LY1K71oWYuoN,14Zkkd1eYP3pcNPwLAZikf,0.8187733920904716,1.5911968238719674,1.2049851079812195
14,8,5WLSak7DN3LY1K71oWYuoN,7LQqZ05ph3crG0Tg33fNb9,0.8123952301183264,1.586926216287684,1.1996607232030052
14,9,5WLSak7DN3LY1K71oWYuoN,66vHRB1BRlnhJ4v8e6tpaB,0.8094350633731819,1.5866025098975527,1.1980187866353673
14,10,5WLSak7DN3LY1K71oWYuoN,79JXD0Avn3iqfbKBjbHdbR,0.8008851827842949,1.5811210147879504,1.1910030987861226
14,11,5WLSak7DN3LY1K71oWYuoN,3GpWADl5hikd23jYTOFqzg,0.7983022240395363,1.581012838926462,1.1896575314829991
14,12,5WLSak7DN3LY1K71oWYuoN,0z9SEBuysqrbbMmgHjbgPl,0.7977771294909977,1.5779307590895786,1.1878539442902882
14,13,5WLSak7DN3LY1K71oWYuoN,211LaT5hzPOKolVtgzwWnq,0.7965029528131407,1.5777385077110553,1.187120730262098
14,14,5WLSak7DN3LY1K71oWYuoN,0ZxutHFiw5KFv6mNpIbqLf,0.7823589171156593,1.5774598183496529,1.1799093677326562
14,15,5WLSak7DN3LY1K71oWYuoN,1PWnAEQcbwQwK759otUbta,0.7794990068437744,1.5754609121232468,1.1774799594835106
14,16,5WLSak7DN3LY1K71oWYuoN,3rkAqA4V0niRSLaDd65rQD,0.7595251353175501,1.5734872189176188,1.1665061771175844
14,17,5WLSak7DN3LY1K71oWYuoN,6aJlabqT4DO0hP4e7uFiRU,0.7471893042638575,1.5724662413564268,1.159827772810142
14,18,5WLSak7DN3LY1K71oWYuoN,3gDUdpPr7IxAgS31lEhHxU,0.7393234126550859,1.5722169786911069,1.1557701956730964
14,19,5WLSak7DN3LY1K71oWYuoN,0u2lumqwdITUiJFZuygCYL,0.7021034682072056,1.5701991702770777,1.1361513192421415
14,20,5WLSak7DN3LY1K71oWYuoN,3iFYuSmn6o6TZXtK8eu2wq,0.6886832346851135,1.569933666503004,1.1293084505940587
15,1,6G7URf5rGe6MvNoiTtNEP7,1LDNoleOzLl8LdHH7L9e5t,0.741627352416254,0.7976295317398925,0.7696284420780732
15,2,6G7URf5rGe6MvNoiTtNEP7,2QXBh408EhthzKXKO8Lbqk,0.7377247933998512,0.7769970794525801,0.7573609364262157
15,3,6G7URf5rGe6MvNoiTtNEP7,5uARhdcnGgFIC2uijiEhXn,0.7327413064809403,0.7762178129673974,0.7544795597241689
15,4,6G7URf5rGe6MvNoiTtNEP7,5x7dU3Eq7vWRNrgCPnpctF,0.7245514298158315,0.7750885711076858,0.7498200004617587
15,5,6G7URf5rGe6MvNoiTtNEP7,6QHX9Nk5NOTsxrCb7HaA7D,0.7171431123940517,0.7750118643387798,0.7460774883664157
15,6,6G7URf5rGe6MvNoiTtNEP7,19mR38avjtoRssdk70QlJM,0.70997974303348,0.7738774357525425,0.7419285893930112
15,7,6G7URf5rGe6MvNoiTtNEP7,7vrtXD8xPBC2E69eOCrkhj,0.7018968770828241,0.7721693038819591,0.7370330904823916
15,8,6G7URf5rGe6MvNoiTtNEP7,6yXwzAdml0MyRURctW038w,0.70107046247668,0.7717236792697079,0.736397070873194
15,9,6G7URf5rGe6MvNoiTtNEP7,3xXKwkmkrpZmGpIof83xbE,0.7006301118056819,0.7708500603701859,0.735740086087934
15,10,6G7URf5rGe6MvNoiTtNEP7,4zVqWUET8JgoDHwmWrYP45,0.7000013150855565,0.7677444385926991,0.7338728768391278
15,11,6G7URf5rGe6MvNoiTtNEP7,4N2yjWLIxZjOXDrCu2VlJe,0.6860828945835881,0.7668870817686619,0.7264849881761251
15,12,6G7URf5rGe6MvNoiTtNEP7,6GohV1Vq26R2MwHZBuiTsc,0.685806366607367,0.7660993783200951,0.7259528724637311
15,13,6G7URf5rGe6MvNoiTtNEP7,4481FMe9L5gn9HNYkkgJ69,0.6854354238096219,0.7660383231553192,0.7257368734824705
15,14,6G7URf5rGe6MvNoiTtNEP7,6WNB8NvbbhCPhk9Qlr31VX,0.6815062887073523,0.7660064711149341,0.7237563799111433
15,15,6G7URf5rGe6MvNoiTtNEP7,2I5s8aZVfXa2wq7c1RzoXw,0.6813201812134069,0.7653208301006594,0.7233205056570331
15,16,6G7URf5rGe6MvNoiTtNEP7,5nFskY47OoXlr6uFb1wiqP,0.6800448584567378,0.7651735893350311,0.7226092238958844
15,17,6G7URf5rGe6MvNoiTtNEP7,4olNBNSYB0jknut4nO3GvY,0.6733100101331058,0.7651266923024936,0.7192183512177996
15,18,6G7URf5rGe6MvNoiTtNEP7,6cAx41vDIMSjtXLZEowJLa,0.6678375769760533,0.7628466186236161,0.7153420977998347
15,19,6G7URf5rGe6MvNoiTtNEP7,2D9BrlpeyjXF0vli2dYQ5V,0.6675647873266821,0.7627956146442421,0.7151802009854621
15,20,6G7URf5rGe6MvNoiTtNEP7,7pDHM9huHHpRc9CrxZElsW,0.6635425005783365,0.7625347194617542,0.7130386100200454
16,1,6QPKYGnAW9QozVz2dSWqRg,4CQb9KyKREQ2u9BjszeqZA,2.356056734407815,3.266583014429962,2.8113198744188885
16,2,6QPKYGnAW9QozVz2dSWqRg,65GkbnLAYZWfUfj0A7trf7,2.3449723013451003,3.2128050408667983,2.7788886711059493
16,3,6QPKYGnAW9QozVz2dSWqRg,2flnYutr2WlFzi6ZpXz8ci,2.3161885537683777,3.1894301814382167,2.752809367603297
16,4,6QPKYGnAW9QozVz2dSWqRg,4Z32X8Mf0vdUgj9PPbojWf,2.298802914084229,3.1755553383981345,2.7371791262411818
16,5,6QPKYGnAW9QozVz2dSWqRg,6oz0TkxZqdcyHYp5UOjvri,2.278806140605285,3.154624505758552,2.7167153231819183
16,6,6QPKYGnAW9QozVz2dSWqRg,3t40W5kFgs4jQKtdRMxUwK,2.1943304976817464,3.152990761802122,2.673660629741934
16,7,6QPKYGnAW9QozVz2dSWqRg,5VlstKgCJPHDIMCQO4jHcQ,2.1025913224581148,3.152908839111236,2.6277500807846756
16,8,6QPKYGnAW9QozVz2dSWqRg,7jLog11XbKla3c7KjIwsVY,2.047329763664396,3.1356768037746536,2.5915032837195247
16,9,6QPKYGnAW9QozVz2dSWqRg,6zo52JP3T62BJWN1Fd802D,2.032309818484899,3.1286937008253943,2.5805017596551467
16,10,6QPKYGnAW9QozVz2dSWqRg,2Y3zcR4Zk0XyNtscjr7qvN,2.01858916535525,3.1223642094972472,2.5704766874262486
16,11,6QPKYGnAW9QozVz2dSWqRg,6bejpQb8hrDT8vs12EegMQ,2.015976352232365,3.1196965200447515,2.567836436138558
16,12,6QPKYGnAW9QozVz2dSWqRg,4MAxq4eEuuyE97wodPnisY,2.007829098780306,3.1141027958103957,2.560965947295351
16,13,6QPKYGnAW9QozVz2dSWqRg,6pqNafE84udPaoFLGffd7E,2.0018401151338447,3.1068117408536566,2.5543259279937507
16,14,6QPKYGnAW9QozVz2dSWqRg,178jAWwuJ9M3DXImTdaLOL,1.9945859408138344,3.1067218443207603,2.5506538925672975
16,15,6QPKYGnAW9QozVz2dSWqRg,3lLyNLrIesR0k07gRIMQfm,1.9594361938809404,3.1055709593995173,2.532503576640229
16,16,6QPKYGnAW9QozVz2dSWqRg,6JTzWoKg61bEaUg9tYO6WN,1.9403235240693781,3.104620130825908,2.522471827447643
16,17,6QPKYGnAW9QozVz2dSWqRg,6NaTklchYJQzaPdWiinSim,1.92110844625774,3.1019516635034954,2.511530054880618
16,18,6QPKYGnAW9QozVz2dSWqRg,7pxCM5qnV9SDnnv24rbeFR,1.9202050491837837,3.0978768449806564,2.50904094708222
16,19,6QPKYGnAW9QozVz2dSWqRg,3LELTbDh9YCJrJIUERcj9p,1.9170422701167416,3.0972997801599615,2.5071710251383514
16,20,6QPKYGnAW9QozVz2dSWqRg,3mxAHm4zB7RFprLKdgKhI3,1.8865587308477472,3.0960383208557922,2.4912985258517697
17,1,6rUp7v3l8yC4TKxAAR5Bmx,3hP3pq682TWU6gZChsUCTV,0.7166905426471725,0.7497486373679745,0.7332195900075735
17,2,6rUp7v3l8yC4TKxAAR5Bmx,0ugjtsLHei2JESMrmlJF7a,0.7069819526309409,0.7435161625576323,0.7252490575942866
17,3,6rUp7v3l8yC4TKxAAR5Bmx,7HZOCMa0XEXNFklxUG5kKb,0.6943567205770089,0.7392608451853291,0.716808782881169
17,4,6rUp7v3l8yC4TKxAAR5Bmx,4StqwQ3RBkz8unUqwpcNuy,0.6741041267986965,0.7384946069455641,0.7062993668721302
17,5,6rUp7v3l8yC4TKxAAR5Bmx,7H7NI75DdeaOW7c70oYtjM,0.6705564422058121,0.7361153942263942,0.7033359182161032
17,6,6rUp7v3l8yC4TKxAAR5Bmx,0BxqHzvd8c2IpRwdYusH2D,0.6673575502231321,0.7346295586339157,0.700993554428524
17,7,6rUp7v3l8yC4TKxAAR5Bmx,1rv6n0m0RwMTAdQeMquLgM,0.6523674006343179,0.7310778405612606,0.6917226205977892
17,8,6rUp7v3l8yC4TKxAAR5Bmx,4USmv48xjR66HcOc3Fh5Tg,0.6518337267939548,0.7254882446743993,0.688660985734177
17,9,6rUp7v3l8yC4TKxAAR5Bmx,76ZDwA8uTyMys4LIS3pBUX,0.6516839001788861,0.7254031410119921,0.6885435205954391
17,10,6rUp7v3l8yC4TKxAAR5Bmx,5LJlhNN4MwtkEB2iEhClYs,0.6458870581360348,0.7247100711591201,0.6852985646475774
17,11,6rUp7v3l8yC4TKxAAR5Bmx,07GmMxHsUMR3qFOCLmYuzN,0.6399516856232939,0.7242589394887018,0.6821053125559978
17,12,6rUp7v3l8yC4TKxAAR5Bmx,3aAxoOoSVn9whm56JV99Si,0.6396491636788447,0.7229200173592545,0.6812845905190497
17,13,6rUp7v3l8yC4TKxAAR5Bmx,6EV76vSlBo2VNgvePRYoCu,0.6341382395060051,0.7227759916496138,0.6784571155778094
17,14,6rUp7v3l8yC4TKxAAR5Bmx,2Nq9T0nShSmuBggNE1ZK19,0.6339481073831503,0.7224632192709032,0.6782056633270268
17,15,6rUp7v3l8yC4TKxAAR5Bmx,7yPMbbgTaSO2I1aA09tzz3,0.633727219571682,0.7224009953627769,0.6780641074672294
17,16,6rUp7v3l8yC4TKxAAR5Bmx,2vM2x66y8JcDARNarbrw9F,0.6311724870810177,0.7220523193697357,0.6766124032253766
17,17,6rUp7v3l8yC4TKxAAR5Bmx,0smKH3Kxqq5RJUKPVIdOmL,0.6309111734519608,0.7217482658577251,0.676329719654843
17,18,6rUp7v3l8yC4TKxAAR5Bmx,2BT3luyOePuRIR1aZ6aEDK,0.6304310977033443,0.7210377579509053,0.6757344278271248
17,19,6rUp7v3l8yC4TKxAAR5Bmx,1aSrkCqgVnpRxa5Uy9QV1w,0.6259175422434573,0.7210366190994696,0.6734770806714634
17,20,6rUp7v3l8yC4TKxAAR5Bmx,7tFyWSNsfnkWQsPpAC3uST,0.6254637185268528,0.7204092111683043,0.6729364648475785
18,1,7qjbpdk0IYijcSuSYWlXO6,6HvGBgyevPFMrU3KPSHeRV,0.7468786362315496,0.8094416921778452,0.7781601642046974
18,2,7qjbpdk0IYijcSuSYWlXO6,3qT2p6ds3k7CjqiAjl6yeV,0.737243162152251,0.8079760093048576,0.7726095857285543
18,3,7qjbpdk0IYijcSuSYWlXO6,3hWwK2kBwWlnApnSuqxdQb,0.7309912855389464,0.799865230843905,0.7654282581914258
18,4,7qjbpdk0IYijcSuSYWlXO6,3NU0MFGJ7ZhDPuYWXpB2xd,0.7186395491438177,0.7949624954105219,0.7568010222771697
18,5,7qjbpdk0IYijcSuSYWlXO6,1Dl5JUWYg3tGJYUA4dFQcl,0.7163498206671941,0.7935518040090965,0.7549508123381453
18,6,7qjbpdk0IYijcSuSYWlXO6,6abblHanwpcdv4NnMZVAF0,0.7112341754078968,0.7931610915519667,0.7521976334799317
18,7,7qjbpdk0IYijcSuSYWlXO6,1PGrlexMIHKwInhS6eH08H,0.7082591982666944,0.7928119144162293,0.7505355563414619
18,8,7qjbpdk0IYijcSuSYWlXO6,3koOoLN69AAiw5JCQNaZMe,0.707294091318812,0.7922575755620275,0.7497758334404198
18,9,7qjbpdk0IYijcSuSYWlXO6,57UeXVfGuRB5vs6b0hRD3y,0.7007660960987528,0.7922223410785989,0.7464942185886758
18,10,7qjbpdk0IYijcSuSYWlXO6,0aHWzIvtnkG3FVcBoFQ6BG,0.6979645696006052,0.7916950224492677,0.7448297960249364
18,11,7qjbpdk0IYijcSuSYWlXO6,2Nut5wxGFEwdbjuEe32syQ,0.6936862321930686,0.7906818833297623,0.7421840577614154
18,12,7qjbpdk0IYijcSuSYWlXO6,2LE8DiTLvygUSU5VLFPbi9,0.6856880988079193,0.7897203163523419,0.7377042075801306
18,13,7qjbpdk0IYijcSuSYWlXO6,1GCrBvm2LVf0uf2uWAJAhx,0.6849617343471198,0.7893870765599214,0.7371744054535205
18,14,7qjbpdk0IYijcSuSYWlXO6,7xQxjMokrYnY8n9w19FZqr,0.682690146904342,0.7892702923194629,0.7359802196119025
18,15,7qjbpdk0IYijcSuSYWlXO6,7MbII8jWqFiTFYU3MPYEfW,0.6822922779448264,0.7890074808781239,0.7356498794114752
18,16,7qjbpdk0IYijcSuSYWlXO6,7oQv46c5kSygEcYZ2alEGv,0.6817402412714886,0.7887698183935141,0.7352550298325014
18,17,7qjbpdk0IYijcSuSYWlXO6,6GppkUSxmGY6vehPgl0hI1,0.6806015283261881,0.7885414979565395,0.7345715131413638
18,18,7qjbpdk0IYijcSuSYWlXO6,0m5OloQN7f6QehvwgqECn3,0.6781169747400394,0.7884829492983866,0.733299962019213
18,19,7qjbpdk0IYijcSuSYWlXO6,21N2YK2VhdEqHoY433WPQF,0.6764602264709663,0.7880812541998543,0.7322707403354103
18,20,7qjbpdk0IYijcSuSYWlXO6,38tg9DeoBXsgbNv9YfKTcP,0.6734751344291763,0.7871701156629358,0.730322625046056
19,1,7uRznL3LcuazKpwCTpDltz,1tPgFvReGeVugnooLZDcxP,3.6301934081327625,3.98461238637884,3.807402897255801
19,2,7uRznL3LcuazKpwCTpDltz,3EermXPNw0ZRp2u4prbnAm,3.5267266216139195,3.9473734702142615,3.7370500459140903
19,3,7uRznL3LcuazKpwCTpDltz,4QEVErTxEByWRe8haofjnP,3.4974315475313165,3.944982254447745,3.7212069009895306
19,4,7uRznL3LcuazKpwCTpDltz,5gPvJIm1lXEKiefB0pFmxs,3.4972655031642184,3.91102436419544,3.704144933679829
19,5,7uRznL3LcuazKpwCTpDltz,5Z3u3g9VTJIIUlOguL3PCh,3.4335651975029258,3.8918179410972766,3.662691569300101
19,6,7uRznL3LcuazKpwCTpDltz,55HgyfEki0BiJVPZo2Z2qY,3.4252662421676363,3.8904668322470246,3.6578665372073305
19,7,7uRznL3LcuazKpwCTpDltz,6GEa0LYWeQa8L61QNSWRh2,3.384851812833418,3.882751002187266,3.633801407510342
19,8,7uRznL3LcuazKpwCTpDltz,3FfHZSYwGrvfTzagBedIK6,3.3781248719665324,3.8792033982433534,3.628664135104943
19,9,7uRznL3LcuazKpwCTpDltz,4L6zBUIPLIqvPacWAjjaDN,3.3744850074321584,3.8774480468513537,3.625966527141756
19,10,7uRznL3LcuazKpwCTpDltz,4toeIDt20W3pA6hoce1P8W,3.3511161717971434,3.876463157942173,3.613789664869658
19,11,7uRznL3LcuazKpwCTpDltz,4YOJEll0Ycd3HjKqzWdmgR,3.3368540219003795,3.8716483708095177,3.604251196354949
19,12,7uRznL3LcuazKpwCTpDltz,01k24g94i1JvkFLQmVEdCd,3.326132223822436,3.8681658855354937,3.597149054678965
19,13,7uRznL3LcuazKpwCTpDltz,6XNui7ZUhCAZq3oKHUmDeA,3.324295031544345,3.8620971668264295,3.5931960991853873
19,14,7uRznL3LcuazKpwCTpDltz,1R40rTjGvNnYXgS63BOjGl,3.317586742048062,3.860199597591445,3.5888931698197535
19,15,7uRznL3LcuazKpwCTpDltz,53omHAZC5Onf7gLzSOOtMP,3.314290438892185,3.856760204498327,3.585525321695256
19,16,7uRznL3LcuazKpwCTpDltz,53sUsXn5f1K0GfWEuCCTUd,3.2921490120564783,3.85566338464453,3.573906198350504
19,17,7uRznL3LcuazKpwCTpDltz,23gBv22PzANoNi0up9Qots,3.2690109459899057,3.8555746074524904,3.562292776721198
19,18,7uRznL3LcuazKpwCTpDltz,2kGflpDFBexojT5vIu6tmr,3.2565400841677183,3.8538251501648815,3.5551826171662997
19,19,7uRznL3LcuazKpwCTpDltz,1NcGrbn2dbx6VQOPQeKhjl,3.253618799353081,3.8460259078898607,3.5498223536214706
19,20,7uRznL3LcuazKpwCTpDltz,03HycZUV9vzoo4XrbgCzsj,3.247042949205432,3.8454785999357317,3.546260774570582
